gene_id	lr	df	pvalue	adj_pvalue
ENSG00000004059.11	3.42811027559219	3	0.33020636481812	0.703755270047036
ENSG00000003056.8	7.24219441394962	6	0.299028921717282	0.670753491978203
ENSG00000173153.16	7.90436874511943	9	0.54381161400617	0.886699959441765
ENSG00000004478.8	0.109461253101472	3	0.990678354587642	0.999999882499827
ENSG00000003137.8	2.74125241370712	6	0.840550819373086	0.999999882499827
ENSG00000003509.16	19.956536852209	15	0.173606336905075	0.498008301545157
ENSG00000003249.14	20.6942691245567	6	0.00208160779420319	0.0255799584370373
ENSG00000001617.12	4.74472146146763	6	0.576946330997925	0.908278111306901
ENSG00000001630.17	0.636119990580482	3	0.888115993136338	0.999999882499827
ENSG00000048028.11	21.5701483017274	15	0.119580402233597	0.396394410800839
ENSG00000001460.18	13.516524851344	12	0.332640509028473	0.706424711422333
ENSG00000001461.17		6	1	
ENSG00000003989.18		3	1	
ENSG00000005801.18	69.760621097601	30	5.22642729130776e-05	0.00135650808340086
ENSG00000004799.8	8.11978668222128	3	0.0435998714711381	0.207051652402354
ENSG00000006611.16		9	1	
ENSG00000006451.8	21.1867287046043	6	0.00169812064256022	0.0219203402481965
ENSG00000075790.11	30.5877704493832	15	0.00996990587900757	0.0758941587154718
ENSG00000006453.14		3	1	
ENSG00000006118.15	14.599889765268	12	0.264049637218421	0.627533782655339
ENSG00000004975.12	7.18669324669099	6	0.303926618552097	0.676927026039504
ENSG00000006625.18	0.0575219577876851	3	0.996393489656228	0.999999882499827
ENSG00000005175.10	19.9672455419495	12	0.0677081094793064	0.273391160228394
ENSG00000006652.15	56.4521838165456	15	1.01620700489734e-06	5.34738704023495e-05
ENSG00000007038.11	5.63183962090989	15	0.98529083499854	0.999999882499827
ENSG00000005073.6	1.72774667385784	3	0.630782795713554	0.937443877115345
ENSG00000186654.21	38.0987869706569	24	0.0338733480221447	0.174627577046017
ENSG00000007255.10	12.6293352597659	9	0.180108072925784	0.507533101014565
ENSG00000006282.21	38.4491332767429	18	0.00337646522324711	0.035431101197493
ENSG00000005486.17	2.3221525848785	3	0.508290348924218	0.860788269628899
ENSG00000007376.8	15.5431294741866	12	0.213068616729667	0.559899223990877
ENSG00000007520.4	2.76372329640435	3	0.429506575926231	0.798049488591153
ENSG00000006025.12		9	1	
ENSG00000004777.18	6.31662085153721	12	0.899287699638844	0.999999882499827
ENSG00000005882.12	11.1815019995047	15	0.739625063508446	0.985578928364237
ENSG00000005884.18	7.48920663229728	6	0.277961958472053	0.646480160326207
ENSG00000010626.15	29.7813595018251	15	0.0127347750045144	0.0895073086226579
ENSG00000010072.16	1.57243143049982	9	0.9965729108597	0.999999882499827
ENSG00000008405.12	15.7438568956859	9	0.0724270549325384	0.286044366283546
ENSG00000010270.13	7.41398696216493	6	0.284251489374934	0.654402048787446
ENSG00000010278.14	3.18858357399586	9	0.956346325392471	0.999999882499827
ENSG00000010219.13	13.8756722568942	12	0.308718032841609	0.682058920142262
ENSG00000009780.16	10.8235327006678	9	0.287999146414413	0.658062203197905
ENSG00000008324.12	0.854408651226549	3	0.836413721387686	0.999999882499827
ENSG00000048707.15		18	1	
ENSG00000011105.14		6	1	
ENSG00000011478.12	5.47804855145296	6	0.484113796818035	0.84260148798773
ENSG00000239672.8	0.206864588661119	3	0.976473584134702	0.999999882499827
ENSG00000012963.15	6.8185016027328	3	0.0779133364379709	0.301673218244043
ENSG00000012983.11	10.7120591145904	6	0.0976937871575208	0.35051237826112
ENSG00000012061.16	13.4163249627527	12	0.339520194337903	0.71216473049003
ENSG00000011198.10	11.7557452644878	9	0.227432096403639	0.580279213818354
ENSG00000013588.9	26.1395743399407	9	0.00193825979389861	0.0241268843477761
ENSG00000013563.14	8.44084469108202	9	0.490400957915306	0.846407769267098
ENSG00000014919.13	0.189064722713738	3	0.979335016648906	0.999999882499827
ENSG00000015532.10	13.1237112872332	6	0.0411129292747363	0.198396808454957
ENSG00000068438.15	6.89197895255347	9	0.648364959982502	0.946051160990578
ENSG00000017797.13	14.0895256349431	6	0.0286519446963371	0.154739528661624
ENSG00000019549.13	0.189836253494832	3	0.97921315348878	0.999999882499827
ENSG00000078668.14	4.8793797409453	3	0.180845644666761	0.507968518960884
ENSG00000022277.13	13.1727635693096	6	0.0403730249002291	0.195681302697371
ENSG00000022567.10	15.9414078716161	9	0.0681152719627224	0.27411832539555
ENSG00000023287.13	2.50774928057399	3	0.473892242566645	0.835087467534831
ENSG00000023734.11	0.902999994636048	3	0.824703781524674	0.999999882499827
ENSG00000007541.17	12.4639131561053	6	0.0523844760746552	0.232372773642073
ENSG00000026297.16	3.21550982478584	6	0.781352478598928	0.999999882499827
ENSG00000027847.14	0.0616257116598717	3	0.996005644026849	0.999999882499827
ENSG00000029364.12	7.93629273205261	6	0.242807928748986	0.599282391669539
ENSG00000031003.10	0.627697531751437	3	0.890063403192933	0.999999882499827
ENSG00000031823.14	28.541065744761	12	0.0046069034163975	0.0439479671951351
ENSG00000033100.16	5.72768321475814	3	0.125637387270358	0.409185643859195
ENSG00000035141.8	0.447994651927729	3	0.930158842565234	0.999999882499827
ENSG00000035681.9	13.5124887940428	12	0.332915906050803	0.706424711422333
ENSG00000052841.15	31.3441515737577	12	0.00174535542541734	0.0223529181058371
ENSG00000037757.14	4.89836645725154	12	0.961287624820898	0.999999882499827
ENSG00000038219.13	0.326473022490973	3	0.954975100542099	0.999999882499827
ENSG00000059588.10	16.4881360641848	12	0.169887106654516	0.491637850038135
ENSG00000039523.20	4.24151465312752	3	0.236538209284131	0.591921378027268
ENSG00000041357.16	4.90648602240253	9	0.842382695292874	0.999999882499827
ENSG00000042317.17	9.1229640634964	6	0.166779845737497	0.486432909310292
ENSG00000040531.16	27.2392078671983	21	0.163074991005457	0.47964089209358
ENSG00000030582.18	1.31383883481612	3	0.725849560669238	0.979204570441124
ENSG00000041988.15	7.78636215733059	9	0.555811029305394	0.892718866851768
ENSG00000049245.13	2.61056913624634	3	0.455639652924834	0.819984129763935
ENSG00000049541.11	4.00952441295522	6	0.675387429491247	0.960611098028189
ENSG00000049769.14	7.42336280092786	9	0.593130110899236	0.917040043134608
ENSG00000050344.9	3.58836103669091	3	0.309481517146084	0.682350281325902
ENSG00000052723.12	16.228430765419	9	0.0622618980297961	0.258889587930456
ENSG00000054965.10	0.316876555042654	3	0.956823828374263	0.999999882499827
ENSG00000054967.13	4.91343206841248	6	0.554963200145667	0.892532279205926
ENSG00000004897.12	3.12938796917297	6	0.792440900784102	0.999999882499827
ENSG00000057294.15	33.2189298026824	9	0.000122322540172628	0.00275014908020773
ENSG00000196083.10	8.65051122428145	6	0.194207931851996	0.529011460938005
ENSG00000058799.15	27.3099926762206	12	0.00697076670737341	0.0584430518017673
ENSG00000040933.16	4.87966443070354	9	0.844669467226739	0.999999882499827
ENSG00000059804.16	6.02231863404813	3	0.110529409563007	0.379228325483433
ENSG00000060069.17	11.3871802359827	12	0.496060680714593	0.850217684791745
ENSG00000088256.9	8.29401562395833	3	0.0403104779073556	0.195521845873699
ENSG00000060642.11	4.69303511479211	12	0.967454142352119	0.999999882499827
ENSG00000061273.18	14.9079998933157	15	0.458064275205102	0.821585969808232
ENSG00000026950.17		15	1	
ENSG00000062725.10	6.97459245142727	6	0.323203273536447	0.696598400723964
ENSG00000063177.13	2.45231369696558	3	0.483970738439686	0.842575551937169
ENSG00000063180.9	6.94725486310563	6	0.325752618729056	0.699300441305952
ENSG00000063241.8	1.33929834325681	6	0.969446594844169	0.999999882499827
ENSG00000063245.15	5.15297086436476	6	0.524348666795761	0.871938962791056
ENSG00000069998.12	0.976730872425833	3	0.806882147520574	0.999999882499827
ENSG00000053918.18	15.6692814404564	6	0.0156435553221946	0.102735838754574
ENSG00000071575.11	1.7077423346143	3	0.635213871416481	0.93885243764052
ENSG00000068308.13	29.5606660663761	12	0.00325028602957008	0.0343657002844794
ENSG00000021776.11	7.88826118083671	9	0.545444940488493	0.887840483874862
ENSG00000071655.18	18.1988887622501	12	0.109783673614646	0.377796793862764
ENSG00000071282.12	2.33703697409078	6	0.886241468766514	0.999999882499827
ENSG00000013275.8	16.7986422041868	12	0.157329994551731	0.46811985653076
ENSG00000004660.15	18.8135872719749	6	0.00449031674347317	0.0429617657838771
ENSG00000071859.15	3.32461200380931	3	0.344231776111528	0.715518190217765
ENSG00000072818.12	6.32732461437627	9	0.706763721044387	0.973417026750243
ENSG00000072849.11	12.115408614176	12	0.436456127680897	0.804566556486188
ENSG00000074855.11	3.36124296585876	3	0.339209318455756	0.711901879313919
ENSG00000127663.15	2.74698525417352	3	0.432301603202184	0.800081802702468
ENSG00000076662.10	2.50253316588532	9	0.98081528875707	0.999999882499827
ENSG00000076826.10		3	1	
ENSG00000077063.11	6.83675763779229	3	0.0772869366481935	0.299897898508835
ENSG00000079432.7	3.8976410357609	15	0.998053572384485	0.999999882499827
ENSG00000079616.13	2.7230228890985	6	0.842720436361838	0.999999882499827
ENSG00000047188.16	2.71968793620908	6	0.843116354490205	0.999999882499827
ENSG00000064545.15	16.5742447105731	12	0.166326642818601	0.48571735348111
ENSG00000050820.17	25.0077032386034	9	0.0029626710444914	0.0325960616946918
ENSG00000065970.9	6.04938774879975	3	0.109231971271687	0.376809758798301
ENSG00000066455.13	2.28523104930355	3	0.51535614891016	0.865147767710347
ENSG00000067365.15		18	1	
ENSG00000008300.17		6	1	
ENSG00000068971.14	9.08491910548037	6	0.168858305783389	0.490054420858496
ENSG00000069399.15	18.040049073461	9	0.0347117321033249	0.177542868761189
ENSG00000069424.15	12.4977805205417	12	0.40657430776528	0.777534522728076
ENSG00000069943.10	5.00170456983506	9	0.834159643232181	0.999999882499827
ENSG00000067840.12	2.3057540720165	6	0.889542095760483	0.999999882499827
ENSG00000185864.16	8.21213150492258	15	0.914996585420803	0.999999882499827
ENSG00000068615.19	3.1922092899872	3	0.362929043180064	0.73420906558753
ENSG00000070404.10	0.228662506735418	6	0.999771329212238	0.999999882499827
ENSG00000071539.14	30.4772700507601	6	3.18902406240509e-05	0.000909990813596821
ENSG00000072682.18	10.3967001673955	9	0.319334468302698	0.693608964203433
ENSG00000071246.11	1.18708810476971	3	0.756102754211456	0.993007003026969
ENSG00000071994.11	7.78884409596503	21	0.995976037012582	0.999999882499827
ENSG00000073350.14	66.3391933516396	27	3.67407041251564e-05	0.00101861514646989
ENSG00000074964.17	13.0240266624114	12	0.367296742657453	0.738652373735847
ENSG00000073849.15	11.9327516251892	6	0.0634859579012135	0.26119707553033
ENSG00000075336.12	17.1397206340334	12	0.144416648965871	0.44482325169372
ENSG00000079313.15	17.6048739389225	12	0.128225186094502	0.413532581327247
ENSG00000075975.16	0.0140671439148719	3	0.999558128842549	0.999999882499827
ENSG00000076650.7	10.1735267511071	6	0.117532082149419	0.393633399730214
ENSG00000077238.14		9	1	
ENSG00000079999.14	6.43848885145599	6	0.375901887182529	0.74622183014937
ENSG00000079308.19	20.6662132494657	12	0.0554871408479961	0.240987542294434
ENSG00000065320.9	4.0431682344506	3	0.256840311726885	0.617974507431624
ENSG00000067082.15	12.745480578159	9	0.174465216922688	0.498619675424651
ENSG00000070444.15	10.6397597381947	12	0.560017171645217	0.895788817912747
ENSG00000070718.12	3.51968853949347	6	0.741348405163774	0.985918117063406
ENSG00000070669.17	13.4866502620353	12	0.334682398601883	0.708083094083944
ENSG00000072135.13	12.4385596500579	12	0.411131496383284	0.781355989156737
ENSG00000072210.19	56.4164346036851	21	4.38258914371839e-05	0.00116538657911574
ENSG00000072786.13	5.7582509003023	6	0.450808592452528	0.815920076732979
ENSG00000074071.15	5.36841641453793	6	0.497500798699671	0.851325669736996
ENSG00000137764.20	12.1412418856326	6	0.0588910348397533	0.249985910831297
ENSG00000078237.7	2.60460565439098	6	0.856581844105902	0.999999882499827
ENSG00000065809.13	12.1012604674361	9	0.207660749252094	0.55099544642501
ENSG00000065883.16	33.074829670988	21	0.0453939277099116	0.2130173003075
ENSG00000064763.11		3	1	
ENSG00000068097.15	34.9863976518354	18	0.00948972923504929	0.0733238140960405
ENSG00000068912.14	0.428267014300218	3	0.934343237860585	0.999999882499827
ENSG00000075568.17	11.4179389160172	6	0.0762870575958551	0.297338567029999
ENSG00000072954.7	0.512532064749394	3	0.916129670637451	0.999999882499827
ENSG00000073008.15	2.53250642091007	12	0.998040573041972	0.999999882499827
ENSG00000159885.14	3.75276113309178	3	0.289428823890035	0.660028571141575
ENSG00000075089.9	20.7173011972191	12	0.0546765742236748	0.239063032190342
ENSG00000075415.13	4.87806901498698	6	0.559544280550511	0.895766508184455
ENSG00000077150.20	37.7457007929152	9	1.93607486506258e-05	0.000603647112081334
ENSG00000079156.17		9	1	
ENSG00000064205.10	0.745746888685972	3	0.862394639935292	0.999999882499827
ENSG00000134461.16	8.88126737835682	9	0.448305770370473	0.814259447802986
ENSG00000081087.15	9.74659507908291	6	0.135737107213822	0.428969698607413
ENSG00000072110.14	6.13031970432348	6	0.408751182208595	0.779312124948373
ENSG00000249437.8	23.4744297841071	9	0.00521431962062473	0.0476465778817198
ENSG00000081791.9	15.5049112897832	15	0.415695406709968	0.786043688060952
ENSG00000081870.11	7.15886784410395	6	0.306404880430258	0.679018800295689
ENSG00000082146.13	12.0975716267667	9	0.207864421236195	0.551385943692316
ENSG00000082269.16	17.755590846019	15	0.275732823629353	0.643892896218947
ENSG00000082458.12	5.87049692135042	12	0.922468854433205	0.999999882499827
ENSG00000083544.15	39.843313087953	15	0.000478861196026916	0.00842019173338139
ENSG00000083720.13	1.20571048140118	3	0.751635030684567	0.990039987103616
ENSG00000083812.12	6.98748693072184	6	0.322005952682639	0.695767203369539
ENSG00000084444.14	8.24426826521403	3	0.0412241645641138	0.198768093864222
ENSG00000085721.13	6.71900099745471	6	0.347617267598458	0.718728159850286
ENSG00000085872.15	13.0090575578615	9	0.162196845485701	0.477922407939298
ENSG00000086189.10	5.42608094774914	9	0.795697540708641	0.999999882499827
ENSG00000086232.13	3.92956623638747	6	0.686207595685068	0.965187500575446
ENSG00000086289.12	3.3321117457308	3	0.343198236479736	0.714463483496644
ENSG00000086504.17	45.8031333185791	6	3.24009881819113e-08	2.65715330812834e-06
ENSG00000086589.12	11.3398861775422	9	0.253128908655211	0.613050714412647
ENSG00000086827.9	0.875048292455176	3	0.831444668952046	0.999999882499827
ENSG00000087074.8	8.87147934648601	3	0.0310493529994526	0.164233407003609
ENSG00000073670.14		6	1	
ENSG00000005893.16	13.0927104182738	9	0.158455894074692	0.470307503124974
ENSG00000197208.6	3.29395219415892	3	0.348485274101583	0.719310337662437
ENSG00000131037.15	16.0125349832178	18	0.591672484735543	0.916237984534142
ENSG00000197183.14	56.0389816682127	12	1.17777786679657e-07	8.45142220740271e-06
ENSG00000088305.18	1.71203616246839	3	0.63426120488039	0.93885243764052
ENSG00000088367.23	8.58521990936424	21	0.992119139532862	0.999999882499827
ENSG00000188559.15	3.47164615873328	3	0.324458180925659	0.698057184226963
ENSG00000089009.15	4.15963569702581	3	0.244734315975215	0.602057521956672
ENSG00000089048.14		3	1	
ENSG00000089060.11	16.7777925947485	12	0.158148920664689	0.469539189767782
ENSG00000089063.15	6.73279133307369	9	0.66491702169153	0.95523755955716
ENSG00000089163.4	2.34861496109966	3	0.503271596576657	0.856993109578014
ENSG00000089195.15	20.1714625153381	6	0.00258131423338796	0.0294632112323194
ENSG00000249115.9	11.1015994029585	9	0.268809078762318	0.633343264037051
ENSG00000010256.11	0.0578251214465126	3	0.996365269999938	0.999999882499827
ENSG00000089639.11	11.5930066601768	12	0.478893862369508	0.839133688719748
ENSG00000089692.9	6.64012696411112	3	0.0842970665957003	0.316405797272092
ENSG00000089693.10	5.48834768950474	6	0.482866162427751	0.842232507441005
ENSG00000090006.18		24	1	
ENSG00000090447.12	2.52525454596707	3	0.47074430568423	0.831792492228579
ENSG00000090470.15		3	1	
ENSG00000090487.11	0.866611861056299	3	0.833476728192574	0.999999882499827
ENSG00000090539.15	35.6761802092342	24	0.0589846817377912	0.250274569164828
ENSG00000090554.13	12.1479053938622	9	0.205098979470949	0.546874573949998
ENSG00000090581.10	3.34539265616331	3	0.341374637137056	0.713129620127638
ENSG00000090615.15		15	1	
ENSG00000090863.12	24.8139990321943	15	0.0524978376327081	0.232769830739481
ENSG00000090924.15	19.9334372147505	18	0.336579575397545	0.709414755217176
ENSG00000090932.11	0.488550967938409	3	0.92139941771144	0.999999882499827
ENSG00000090971.5	11.9748024594883	6	0.0625332970324283	0.259465325569502
ENSG00000157426.14	35.0223032556432	9	5.90460037474543e-05	0.00149670117031534
ENSG00000091140.14	32.155330345413	15	0.00613182748918084	0.0533337829473403
ENSG00000091640.8	7.17433321166755	6	0.305025579055264	0.677621407022257
ENSG00000091947.10	1.12084718874394	3	0.772044021879248	0.999999882499827
ENSG00000091986.16	7.70179810451009	9	0.564454498754873	0.898761862187764
ENSG00000092010.15	4.02984955423744	3	0.258258904687029	0.620164530226553
ENSG00000092036.18	11.921623075461	12	0.451994590718932	0.816854668671492
ENSG00000092094.11	26.0896735780734	24	0.348630521208584	0.719310337662437
ENSG00000092140.16	10.3233643341027	9	0.324946858272664	0.698548952000221
ENSG00000092295.12	12.0529104379134	12	0.441439743767372	0.808712307006904
ENSG00000093010.14	0.891133960336447	6	0.989404682183351	0.999999882499827
ENSG00000093217.11	14.4565902886604	9	0.106985221834848	0.372615553135719
ENSG00000094804.12	1.3946983514179	3	0.706777936457166	0.973417026750243
ENSG00000094914.14	12.4405545733607	6	0.0528320387135418	0.233297676835047
ENSG00000094916.16	123.988201743639	9	2.0356148888388e-22	1.10364253889877e-19
ENSG00000076321.11	13.3355527838485	9	0.148001333040093	0.451075892922633
ENSG00000095059.16	8.11390025087894	6	0.229876917248747	0.583164252076614
ENSG00000167964.13	10.6208003806678	6	0.10082720915537	0.358016046767473
ENSG00000119314.16	7.78789025251945	6	0.254058563637731	0.614158415293689
ENSG00000095261.14		9	1	
ENSG00000156711.17	1.04290959212034	3	0.79087065137916	0.999999882499827
ENSG00000204463.12	18.4814262094442	18	0.424386901381161	0.793864629208118
ENSG00000204314.12	23.5820022990683	12	0.0231721842524308	0.134126539809888
ENSG00000096654.15	1.31894623638982	3	0.724639097329699	0.978518465592989
ENSG00000035403.18	1.06210258858482	3	0.786229632237191	0.999999882499827
ENSG00000096717.12	11.0304218449246	6	0.0874407467209603	0.324955920506417
ENSG00000099203.7	3.13889783338527	6	0.791222693657154	0.999999882499827
ENSG00000099219.14	0.159366499916359	3	0.983865871016479	0.999999882499827
ENSG00000099326.9	35.8561681494157	12	0.000341695645279433	0.00633955855947145
ENSG00000099330.9	21.1698465948575	24	0.628686284103546	0.935694593040491
ENSG00000099341.11	5.68705428618705	3	0.127869050440902	0.413358891838525
ENSG00000099365.11	7.08828213592662	3	0.0691365229413334	0.277199394981295
ENSG00000099385.11	1.13139235165363	3	0.769501755449986	0.999144176614744
ENSG00000099624.8	6.05888256581966	6	0.416626472605439	0.786889441872747
ENSG00000099625.13	15.3172033745032	12	0.22454617133767	0.575609689016107
ENSG00000099785.10	8.77610738900876	12	0.721925539495716	0.977699696067769
ENSG00000099800.8	5.38899756342289	3	0.145430607179287	0.446598842927515
ENSG00000099804.9	8.14924793198588	6	0.227371719058206	0.580279213818354
ENSG00000099817.12	6.62559675768716	9	0.676035440681221	0.960611098028189
ENSG00000099860.9	27.3340275572627	9	0.00123139823709146	0.0173158723282069
ENSG00000188130.14	22.0707694944722	18	0.228858348906028	0.582110277513446
ENSG00000099940.12	15.5823144023343	6	0.0161803868532169	0.104989624534936
ENSG00000184436.12	5.85321231325361	9	0.754514828069536	0.991958804678782
ENSG00000099992.16	2.95033856862437	3	0.399345539516541	0.771177041448787
ENSG00000099995.19	22.967470003452	12	0.0280033843977359	0.152896777458679
ENSG00000099999.15		6	1	
ENSG00000100028.12	2.46546628748183	6	0.872312341346439	0.999999882499827
ENSG00000100030.15	1.92648746936902	3	0.587803799357082	0.914352816293909
ENSG00000133422.14	34.9754646615329	21	0.0284106357500178	0.154042627086868
ENSG00000100075.10	3.08979095108225	6	0.797495707477846	0.999999882499827
ENSG00000241360.2	1.9249909597529	3	0.58812011404191	0.914364217450215
ENSG00000100104.13	10.11573409025	6	0.119862055909254	0.396994121887298
ENSG00000100105.18	16.8029984958866	12	0.157159324863278	0.467882199920905
ENSG00000100124.15	0.387439657541108	3	0.94282476989209	0.999999882499827
ENSG00000100138.15	6.34485943173058	6	0.385687431367942	0.755209754447052
ENSG00000100139.13	8.20327439634593	12	0.769050219940827	0.998823675326394
ENSG00000100162.15	10.6771444444967	9	0.298489694897443	0.670262524736343
ENSG00000100196.11	0.0834693064898602	3	0.993744530602033	0.999999882499827
ENSG00000100201.22	16.5542709158326	6	0.0110688005523651	0.0810964148577563
ENSG00000100209.11	7.69471517387683	12	0.808509281674327	0.999999882499827
ENSG00000100211.10	2.66524181247769	6	0.849535454179106	0.999999882499827
ENSG00000100216.6	0.289499495316704	3	0.961991091346649	0.999999882499827
ENSG00000100221.10	21.3554225424996	6	0.00158338843525344	0.0209949561679869
ENSG00000100226.16	4.30516340135728	6	0.635454113758402	0.938894276482701
ENSG00000100239.16	25.6987866557538	18	0.10684719318788	0.37253367571294
ENSG00000100246.13	0.568337321665695	3	0.90364099019687	0.999999882499827
ENSG00000100258.18	2.64820488739497	6	0.851526414471425	0.999999882499827
ENSG00000183741.12	0.518605998067869	3	0.914785148380385	0.999999882499827
ENSG00000100263.14	7.49266321053074	9	0.585966281880497	0.913197851304977
ENSG00000100281.14	13.493934213885	12	0.334183820860433	0.707593818133427
ENSG00000100297.16	1.22647674787731	3	0.746661348363104	0.988424864171939
ENSG00000100299.18	10.3633110970059	15	0.796285856648235	0.999999882499827
ENSG00000100307.13	0.268453118967727	3	0.965848130109216	0.999999882499827
ENSG00000100316.16	2.24791224859655	3	0.522572907952418	0.871124582188683
ENSG00000100321.15	15.7337192073828	12	0.203738856725238	0.544587100186689
ENSG00000100324.14		3	1	
ENSG00000100344.11	2.64014482891889	9	0.976873918464947	0.999999882499827
ENSG00000100348.10	3.17251764857792	3	0.365783515960779	0.737401443288076
ENSG00000100350.14	23.335535520102	12	0.0250087089407374	0.141566119810125
ENSG00000239900.13	1.39259591858718	6	0.966307269776024	0.999999882499827
ENSG00000100376.12	14.9458815743192	9	0.0924332838888085	0.338829832905281
ENSG00000100380.14	2.4662129280332	6	0.872229647923431	0.999999882499827
ENSG00000100412.16	3.27406739024445	3	0.351268320636404	0.721841975382326
ENSG00000100417.12	5.85450289876826	3	0.118907580660234	0.395731383876082
ENSG00000100422.14	3.50813141020262	3	0.319709034510875	0.693959178779276
ENSG00000100425.18	16.2616116371028	9	0.061615396789666	0.257518054505503
ENSG00000100429.18	45.4312442299852	36	0.134777929638184	0.427322227205665
ENSG00000090060.18	21.4166090936706	9	0.0109236954215125	0.0804561083913511
ENSG00000075413.18	26.235711743393	21	0.197603585374689	0.534927431254254
ENSG00000092201.10	56.0151853357675	6	2.89045531403555e-10	4.4774529221703e-08
ENSG00000100439.10	7.67644230122824	6	0.262779065405393	0.6263949436471
ENSG00000100442.11	17.0703203383891	3	0.000683592671122916	0.0110683515738108
ENSG00000100462.16	9.02009612078837	9	0.435421209586026	0.802810425911586
ENSG00000100478.15	17.736513693364	9	0.0383564630086632	0.189337745321975
ENSG00000100479.13	62.0076105481785	12	9.69496448351816e-09	9.27579984261311e-07
ENSG00000100485.12	0.41093814279634	3	0.937973776353513	0.999999882499827
ENSG00000100490.9	11.5230924108337	12	0.484699176971378	0.842868722035581
ENSG00000100504.17	4.57896993675968	6	0.598829144405768	0.920890895092325
ENSG00000100522.10	9.11397105358992	9	0.426820928467587	0.796128715771249
ENSG00000100526.20	22.2744390544831	9	0.00804872368977844	0.0648616800070584
ENSG00000100528.12	8.65898162094527	9	0.469329639126359	0.830654430176651
ENSG00000100532.12	9.89571595366397	18	0.935256917475192	0.999999882499827
ENSG00000100554.12	1.06001223755447	3	0.78673498309335	0.999999882499827
ENSG00000100558.9		6	1	
ENSG00000100564.9	14.1616661864355	9	0.116689543428985	0.391734865608348
ENSG00000100567.13	1.00379199284362	3	0.80033440674285	0.999999882499827
ENSG00000100568.11	6.06365508486488	9	0.733530896943986	0.982220322277297
ENSG00000100575.14	12.8622713139412	9	0.168938014919046	0.490090989178053
ENSG00000100577.19	4.73476085992661	3	0.192281914615397	0.526066499784599
ENSG00000100591.8	6.21189972892171	6	0.399876591392083	0.771177041448787
ENSG00000100596.7	32.1620834214327	9	0.000186680840114406	0.00381932561567399
ENSG00000100601.10	3.43861300513981	6	0.75211824781784	0.990042318290862
ENSG00000100612.14	6.95375883801899	12	0.860654167370285	0.999999882499827
ENSG00000100625.9	7.57456847473441	6	0.2709566792385	0.636512891170641
ENSG00000100629.17	0.449895571655361	3	0.929752882664839	0.999999882499827
ENSG00000100664.11	12.0965806459135	15	0.671704400216659	0.959035265473801
ENSG00000100711.14	8.81590046479141	12	0.718569371743512	0.975924508114625
ENSG00000100767.17	3.12812323887715	3	0.37228982491346	0.743132829071477
ENSG00000100823.12	3.91535084368661	9	0.91689499214579	0.999999882499827
ENSG00000100836.10	10.0293279646867	9	0.348116168002713	0.719310337662437
ENSG00000100852.13	20.9847804843776	12	0.0506037618667717	0.22674109828183
ENSG00000100865.15	3.33173897465167	6	0.766204605556189	0.997994626661868
ENSG00000100889.12	2.64676733511442	6	0.851694015520808	0.999999882499827
ENSG00000100906.11	4.66726601574555	9	0.862295899892821	0.999999882499827
ENSG00000100908.14	16.3570153036562	12	0.175425779690173	0.499945688407211
ENSG00000100911.16	1.45717475318816	3	0.692189048420299	0.96857759502224
ENSG00000100916.14		9	1	
ENSG00000100941.9	4.19260966556612	9	0.898284035938739	0.999999882499827
ENSG00000100949.14	7.85357252896574	12	0.796465949572085	0.999999882499827
ENSG00000132670.20	3.61364903557296	6	0.728792903603362	0.980329420574115
ENSG00000088833.17	5.65889967264957	12	0.932291553009601	0.999999882499827
ENSG00000020256.20	3.81369543172968	9	0.923241040513685	0.999999882499827
ENSG00000100994.12	6.65265472165083	3	0.0838327316282963	0.315269220794044
ENSG00000101057.16	3.43437818638631	3	0.329373310097405	0.703259183198248
ENSG00000101104.13	11.5137276792848	21	0.951825654242823	0.999999882499827
ENSG00000101115.13	0.700125342161812	3	0.873174466922254	0.999999882499827
ENSG00000101138.12	14.401721250324	12	0.275793862710851	0.643892896218947
ENSG00000101150.18	3.52083178242901	3	0.318070342163853	0.692347305374354
ENSG00000101187.16	19.4669390685704	9	0.0215026989252334	0.127565251557053
ENSG00000101190.13	2.31933914377805	3	0.508826167940776	0.861042929241206
ENSG00000101197.13	4.09127834260983	3	0.251774911325917	0.611668249845563
ENSG00000185019.17	1.39975405220753	3	0.705592383751774	0.973417026750243
ENSG00000101210.13	4.55933954822831	9	0.870907900614329	0.999999882499827
ENSG00000101266.19	19.270774839606	15	0.201724887863574	0.541577216137721
ENSG00000101311.16	7.99616328973752	3	0.0460910655090185	0.214805495846472
ENSG00000101337.16	14.3612302042529	3	0.0024525010234734	0.0284148400519291
ENSG00000101417.12	6.86864373838716	6	0.333166070150434	0.706665437643574
ENSG00000101473.17	14.7279100681189	9	0.0986861115491744	0.353163829339345
ENSG00000091164.13	0.329262017286965	3	0.954434332605521	0.999999882499827
ENSG00000101608.13	238.27223733245	6	1.31276913011887e-48	4.27043798027667e-45
ENSG00000101751.10	40.1085639669709	21	0.00721391539984589	0.060222925908551
ENSG00000067829.19	1.02781538624549	3	0.794521875725039	0.999999882499827
ENSG00000077713.19	4.53284450164301	6	0.604962017619809	0.92374479025253
ENSG00000101843.19	0.413967543645413	3	0.937342251337245	0.999999882499827
ENSG00000101846.8	1.41978791589645	3	0.700902959654396	0.972573863680827
ENSG00000101888.11	1.38966471019148	3	0.707959159118618	0.973417026750243
ENSG00000101940.18	29.0379387421854	15	0.0159046310155513	0.103891093762225
ENSG00000101972.19	6.34252058215316	9	0.705207997554458	0.973417026750243
ENSG00000101986.12	0.735088739318599	3	0.864921311545104	0.999999882499827
ENSG00000085185.15	1.45217853269401	3	0.693350646217913	0.96857759502224
ENSG00000102078.16	28.7662528532364	15	0.0172360977296391	0.110083166062532
ENSG00000102081.15	22.9084745522996	21	0.3488777411455	0.719657128691382
ENSG00000102103.17	40.6766659065907	15	0.000358165128287915	0.00661994978591243
ENSG00000086758.16	33.6416954893793	18	0.0139413145270722	0.0949429786948346
ENSG00000102226.10	11.4671536938404	12	0.489363442284562	0.845705300735795
ENSG00000102241.12	5.32173479424091	6	0.50325868504131	0.856993109578014
ENSG00000102265.12	0.581428937846795	3	0.900670319184689	0.999999882499827
ENSG00000102309.15	10.1760586687888	6	0.117430935247859	0.393546873998577
ENSG00000102316.17	8.64172020634578	18	0.967473758012562	0.999999882499827
ENSG00000102393.13	5.9096806416419	6	0.433383493798949	0.801476125826028
ENSG00000102471.14	36.4968927477403	6	2.20664464733069e-06	9.96974310800937e-05
ENSG00000102575.13		3	1	
ENSG00000102606.18	6.98903892868475	15	0.957953193021268	0.999999882499827
ENSG00000102796.11		6	1	
ENSG00000065057.9	1.09616490032204	3	0.777999971737149	0.999999882499827
ENSG00000006194.10	23.0525569912679	15	0.0830303421504494	0.313776367161029
ENSG00000177200.17		27	1	
ENSG00000122386.11	8.14846857069006	9	0.519256286747461	0.867857869903831
ENSG00000091651.9	5.90202358856186	3	0.116475516001603	0.391392507775137
ENSG00000125149.12	5.34908890630959	6	0.499880621336137	0.854301623044401
ENSG00000102897.10	10.5531356620668	15	0.783581063436683	0.999999882499827
ENSG00000102898.12	2.34024201650755	6	0.885901208529622	0.999999882499827
ENSG00000102934.10	73.144684744515	6	9.24373738473856e-14	2.48320108881252e-11
ENSG00000102967.12	1.13008324986367	6	0.980197237295361	0.999999882499827
ENSG00000102977.17	10.3065862416115	9	0.326240260373739	0.6998854036024
ENSG00000102978.13	2.66388192221348	6	0.849694687236345	0.999999882499827
ENSG00000102981.9	0.664629163405607	3	0.881490272946794	0.999999882499827
ENSG00000103005.12	24.0208432049549	9	0.00426847950035253	0.0415729455528347
ENSG00000103021.9	2.25276763154125	3	0.521629710758462	0.870482959523227
ENSG00000103024.7	24.8489094316137	12	0.0155552969548346	0.102362874566575
ENSG00000103035.11	0.910832822322845	3	0.82281284391253	0.999999882499827
ENSG00000103037.12	40.4936205484701	21	0.00647297474481697	0.0554607203991825
ENSG00000103042.9	9.82061923225046	6	0.132412236461489	0.421877576110896
ENSG00000103044.11	1.97912290699583	3	0.576751111243113	0.908264336714787
ENSG00000103056.12	0.860628271280916	3	0.834917184516647	0.999999882499827
ENSG00000103064.15	43.623139649193	21	0.00261534644327524	0.0297126495226112
ENSG00000103066.13	5.96189122150463	12	0.917990884793623	0.999999882499827
ENSG00000103089.9	6.7069989818142	3	0.0818468679208639	0.310682558965687
ENSG00000103121.9	12.8965966813266	12	0.376601108772434	0.746719814767779
ENSG00000103160.12	7.58076228776008	6	0.270453827634708	0.635863520867887
ENSG00000103175.11	0.671523451906978	3	0.879880588615159	0.999999882499827
ENSG00000103194.16	0.864422543621913	3	0.834003851140703	0.999999882499827
ENSG00000103197.18	28.6618011883438	18	0.0526722456186996	0.232802737768519
ENSG00000103199.14	16.5631831496294	9	0.0560124013479522	0.242541173481671
ENSG00000242612.7	9.51508242981799	9	0.391146896681653	0.762139158575883
ENSG00000103254.10	20.393959436813	15	0.15733508857679	0.46811985653076
ENSG00000103260.9	4.82767287167371	9	0.849064209505507	0.999999882499827
ENSG00000103266.11	1.53943838807754	3	0.673198335475372	0.960186663179453
ENSG00000103269.13	6.63983190625186	6	0.355442465780476	0.726899208623567
ENSG00000103326.12	18.4128635702109	9	0.0306747325635363	0.162692779938886
ENSG00000103404.14	1.17591081405089	3	0.758787500385927	0.994454936758956
ENSG00000103415.12	8.59377154729009	9	0.475584794389664	0.836408723814872
ENSG00000103485.19	9.85305576014798	6	0.130978119635108	0.419248648591496
ENSG00000103495.14	38.7128883851983	15	0.000707272305358217	0.0113898851947044
ENSG00000103507.14	2.58466561445675	3	0.460184206968242	0.823722977953608
ENSG00000103510.20	17.1166091852574	9	0.0469208965761389	0.217737056436776
ENSG00000103550.14	8.88242859584898	9	0.44819719602347	0.814213781830426
ENSG00000174197.16	24.4654987066278	9	0.00362297271994682	0.0371783288895489
ENSG00000103653.16	1.14239657218786	3	0.766850478529028	0.997994626661868
ENSG00000103707.10	8.04852550886426	6	0.234569723048656	0.589687255855702
ENSG00000104064.17	14.6820532074926	9	0.100047890428274	0.356468551547837
ENSG00000104129.10	12.3429617981019	6	0.0547407707372358	0.239125555669098
ENSG00000104147.9	0.523030503602058	3	0.913803348258732	0.999999882499827
ENSG00000104164.12	3.8119712614498	6	0.702104155362245	0.973295851760876
ENSG00000012232.9		6	1	
ENSG00000079459.13	2.59823171840981	6	0.857316048824167	0.999999882499827
ENSG00000123908.12	39.9715602196761	9	7.68920640489495e-06	0.000289725734769768
ENSG00000104221.13	1.15068828372205	3	0.764853927922145	0.997335253990522
ENSG00000104231.11	40.0335629011461	12	7.0992244078835e-05	0.00173203327491338
ENSG00000104312.8	2.70227396229529	6	0.845178634450929	0.999999882499827
ENSG00000104325.7	0.233735115652962	3	0.971967886020231	0.999999882499827
ENSG00000104368.18	24.8284230956465	9	0.0031669559046885	0.03381435741122
ENSG00000104381.14		6	1	
ENSG00000129292.21	27.6209320652542	21	0.15123316228205	0.457402210262372
ENSG00000104408.10	6.64953823486576	6	0.354476395388117	0.726140877958152
ENSG00000104412.8	1.01089051681629	6	0.985196108480221	0.999999882499827
ENSG00000104447.13	3.0640890890171	3	0.381849064712952	0.751821020566153
ENSG00000104472.10	9.30742166511482	9	0.409394073615695	0.779870537656757
ENSG00000104490.18	22.5829070350183	6	0.000948911404380631	0.0142249253384802
ENSG00000104517.13	15.9663041784515	15	0.384294646434133	0.753987023431987
ENSG00000104524.14	3.64570403277321	6	0.724494228828597	0.978458231267406
ENSG00000104643.10		6	1	
ENSG00000104689.10		3	1	
ENSG00000104756.16	6.7924020680839	6	0.340473272387771	0.71253108989867
ENSG00000051128.19	9.67296891282604	6	0.139116861997225	0.434700466186804
ENSG00000088038.19	5.09978261719516	12	0.95456277340328	0.999999882499827
ENSG00000032444.17	11.9435691988838	9	0.21650933615122	0.56454696682934
ENSG00000011422.12	6.38680605977424	9	0.700667284423387	0.972506954721697
ENSG00000076944.16	7.18639003512362	6	0.303953541833231	0.676927026039504
ENSG00000256087.7	13.3133709601543	6	0.0383208739323332	0.189337745321975
ENSG00000167384.10	13.568503815382	6	0.0348457101193484	0.177974229586611
ENSG00000128000.17		6	1	
ENSG00000104774.13	4.18305793653417	3	0.24236359015231	0.598488430236942
ENSG00000104808.8	3.97036387880166	3	0.264682129439509	0.627676953930529
ENSG00000104823.9	0.495808939071139	3	0.919811200017832	0.999999882499827
ENSG00000104824.17	4.35838327876991	6	0.628298492947909	0.935402744878511
ENSG00000104835.15	9.2185878887758	15	0.865813496899603	0.999999882499827
ENSG00000104852.15	10.1538486068894	9	0.338174555318891	0.710475393310098
ENSG00000104859.15	16.427910571183	15	0.354196319045839	0.726117130400827
ENSG00000104863.12	17.9830868216945	9	0.0353702700516851	0.18000732666885
ENSG00000104866.11	4.46318850342504	6	0.614254683945444	0.928230328371569
ENSG00000104883.8		6	1	
ENSG00000104897.10	19.0602983447607	6	0.00406300122324872	0.0401994937961856
ENSG00000104899.8	7.45069943762428	6	0.281168068590204	0.650526121709767
ENSG00000104907.12	16.4486344163015	12	0.171540762890008	0.495233206290448
ENSG00000104946.13	16.9057342145024	18	0.529594918056498	0.877473141818907
ENSG00000104957.14	29.468214582761	15	0.0139903203653492	0.0952102764612574
ENSG00000104964.15	0.330758978263475	3	0.954143446210759	0.999999882499827
ENSG00000104979.9	10.9207399733132	6	0.0908571659474499	0.334342037134677
ENSG00000179943.8	8.63531182248426	9	0.471595669827183	0.83254750146716
ENSG00000105072.9	0.475648654234647	3	0.924207784885608	0.999999882499827
ENSG00000105136.21	36.2800137005943	21	0.0203331474056606	0.122476784901227
ENSG00000105171.10	17.216696713891	15	0.306076193320572	0.678708832223463
ENSG00000105202.9	1.95685148285702	6	0.923623852627972	0.999999882499827
ENSG00000105254.12	4.55985846745898	3	0.207012790349178	0.550002351868055
ENSG00000105255.11	6.73899885559513	6	0.345660312967729	0.717113456669006
ENSG00000105258.9	2.76594382396434	6	0.837597649384274	0.999999882499827
ENSG00000105290.13	6.77220024342387	9	0.660822979229016	0.953566679623831
ENSG00000105298.14	10.2706684069371	9	0.329020836112962	0.702914697816636
ENSG00000105321.14	8.73965924238746	9	0.461644800595007	0.825126668316241
ENSG00000105341.19	33.2082312345265	15	0.00439221277878294	0.0424392123842997
ENSG00000105355.9	0.865037995710736	3	0.833855677534796	0.999999882499827
ENSG00000105372.8	9.73551171366125	3	0.0209535002628661	0.125067406156153
ENSG00000105376.5	1.5161004608708	9	0.997025555225692	0.999999882499827
ENSG00000105401.9	3.84148862335132	3	0.279097049901119	0.647730822826401
ENSG00000105516.11	2.76507012420188	6	0.837702427247826	0.999999882499827
ENSG00000187266.14	6.17016575270554	9	0.722773976856416	0.977699696067769
ENSG00000105538.10	1.73491276489222	3	0.629199986048697	0.935888227991042
ENSG00000105607.13	9.72811109003669	9	0.372941303460484	0.743619341967224
ENSG00000105612.9	0.509068097278941	3	0.916894721228419	0.999999882499827
ENSG00000105643.10	4.32878943105061	6	0.632275706626246	0.938315742252177
ENSG00000105649.10	4.52867877902918	3	0.209746426382596	0.553919441708407
ENSG00000205155.8	1.54248284720234	6	0.956622788011802	0.999999882499827
ENSG00000105677.12	0.667242889408954	3	0.880880342831454	0.999999882499827
ENSG00000105698.16	4.96481878118357	6	0.548333253716591	0.888887028209187
ENSG00000105701.16	1.76653569107293	3	0.622244076355538	0.931953089259732
ENSG00000105722.10	13.7275622277484	9	0.132351743523715	0.421822555534923
ENSG00000105723.12	6.19986749454984	6	0.40117748864199	0.772145231581547
ENSG00000105738.11	5.17055865034808	6	0.52213136769426	0.870873357943647
ENSG00000105767.3	2.27761857174937	3	0.516822149178993	0.866311809316008
ENSG00000091136.14	9.0031879060698	6	0.173398864685626	0.497852168422191
ENSG00000078967.13	8.24336941675938	12	0.765834396471249	0.997967402211633
ENSG00000128510.12		6	1	
ENSG00000105793.16	17.1557071462157	12	0.143833412044659	0.44377814358009
ENSG00000105829.13	3.44809002144393	3	0.327557340603523	0.701346914180902
ENSG00000105835.12	9.41017827717224	3	0.0243063637865242	0.138798012985775
ENSG00000105849.6	5.2344318983578	3	0.155414038024475	0.464813238455671
ENSG00000105854.13	14.973851955845	6	0.0204610658261049	0.122879717782743
ENSG00000105856.14	18.0081869168716	15	0.262235394197302	0.625710320775421
ENSG00000105866.15	13.9139695058839	9	0.12541857745695	0.408939711784267
ENSG00000105879.12		12	1	
ENSG00000105926.15	14.4646066328205	15	0.490623704097724	0.846534075015856
ENSG00000105953.15	1.9514767160581	3	0.582538722959989	0.911495173539608
ENSG00000105968.19	84.6244992236025	15	9.86938742810314e-12	2.09381199806214e-09
ENSG00000105971.15	14.0646793179731	6	0.0289219460477929	0.155594967740028
ENSG00000106003.13	3.14486218483762	6	0.790457851636775	0.999999882499827
ENSG00000106006.6	1.22977306398849	3	0.745872713104092	0.988424864171939
ENSG00000106025.9	3.99441668470172	6	0.677432035249279	0.961228763255115
ENSG00000106069.23	1.09731713694919	3	0.777721776628765	0.999999882499827
ENSG00000106077.18	13.4808697411645	12	0.335078402566932	0.708339986412518
ENSG00000106080.11	24.7980257088129	9	0.00320291651628433	0.0340122549319029
ENSG00000106089.12	29.5822729954598	21	0.100709178887086	0.357910006103087
ENSG00000106100.11	14.0641097579055	12	0.296633094878936	0.667783707710157
ENSG00000106245.11	6.86530488179415	6	0.333483658164738	0.707031722795933
ENSG00000106266.11	19.4323396287145	9	0.0217577027917259	0.128531126842889
ENSG00000106327.13	6.62661541843636	12	0.881270598635053	0.999999882499827
ENSG00000106330.12	12.6738948748171	9	0.177925791316898	0.504147602952065
ENSG00000106333.13	1.70722101838328	3	0.635329593009324	0.93885243764052
ENSG00000106344.8	6.61097777570831	12	0.882215641713126	0.999999882499827
ENSG00000106355.10	28.6445972432848	9	0.000743788571019269	0.0117643965390228
ENSG00000106392.11	12.7420452278529	6	0.0473201601919435	0.21869618273742
ENSG00000106397.12	9.4945190246217	6	0.147616873105314	0.450466874494922
ENSG00000106399.11	0.755448837328004	6	0.993215350244427	0.999999882499827
ENSG00000214253.9	0.117506730020978	3	0.989656806506327	0.999999882499827
ENSG00000106415.13		12	1	
ENSG00000106459.15	13.7151217924784	12	0.319268836336817	0.693608964203433
ENSG00000106477.20	35.4289414098439	21	0.0253208794500828	0.142202159169379
ENSG00000106479.11	15.7097893532168	12	0.204892704247847	0.546473872849068
ENSG00000106538.10	4.90958683396366	9	0.842117474984158	0.999999882499827
ENSG00000241127.8	13.8462333966818	6	0.0314017890231844	0.165469794318173
ENSG00000106588.11	1.76446248590946	3	0.62269865898004	0.931979940512927
ENSG00000106603.19	2.3760938430496	6	0.882068855087853	0.999999882499827
ENSG00000106628.10	0.598854013020173	3	0.896694670720978	0.999999882499827
ENSG00000106635.8	3.77050155506367	9	0.925857871533834	0.999999882499827
ENSG00000106636.8	6.08884410277824	6	0.413311720427065	0.783205646533539
ENSG00000106665.16	0.578378191432876	3	0.901363855771933	0.999999882499827
ENSG00000095303.17	16.1176089490618	9	0.0644658554980394	0.264115148532899
ENSG00000081386.12	0.656560290582775	3	0.883370641125677	0.999999882499827
ENSG00000229809.8	13.2813868559651	9	0.15028167416002	0.455890226337469
ENSG00000086065.14	0.633838762616506	3	0.888643920817046	0.999999882499827
ENSG00000106692.15		9	1	
ENSG00000106804.8	1.9096853028459	3	0.591361765929613	0.916192962963501
ENSG00000106948.17	1.6814500598814	3	0.641065716221005	0.942520537638341
ENSG00000106992.19	7.86102943622973	9	0.54820963097766	0.888848278569693
ENSG00000107020.10	4.43403399458475	3	0.218250318424831	0.567671870337935
ENSG00000107021.16	7.49995613749888	3	0.0575595789985711	0.247237645883387
ENSG00000107223.13	0.401372403139249	3	0.939958842759845	0.999999882499827
ENSG00000107290.14	10.6389886109355	9	0.301268041540472	0.673508118501092
ENSG00000107669.17	26.0886574824663	15	0.037101067358502	0.185486330098167
ENSG00000107771.17		6	1	
ENSG00000107796.13	7.49789894990045	6	0.277242199879578	0.645676915574797
ENSG00000107819.13	13.1358425102826	9	0.156555259371073	0.466720213415997
ENSG00000107872.12	2.10236335882837	3	0.551434787741828	0.890526575140244
ENSG00000107960.11	0.930205915718034	6	0.9881201926828	0.999999882499827
ENSG00000108176.15	0.894557115440875	3	0.826741099955298	0.999999882499827
ENSG00000108179.14	12.700679775764	6	0.0480432288483358	0.220119187948783
ENSG00000005100.13	8.62280765363084	6	0.19592853698827	0.531868315012107
ENSG00000013306.16	2.30154577482608	6	0.889983247585964	0.999999882499827
ENSG00000083454.22	7.37964722684592	12	0.831539579294905	0.999999882499827
ENSG00000108256.9	17.6900242893171	3	0.000509574171855703	0.00881725947365213
ENSG00000108262.16	6.38569114930942	6	0.381398889707223	0.751821020566153
ENSG00000108298.11	0.925909710116684	3	0.819171122706924	0.999999882499827
ENSG00000108342.13		3	1	
ENSG00000213246.7	2.13779478265496	9	0.989096279596016	0.999999882499827
ENSG00000108433.17	16.8095822461946	21	0.722582469652255	0.977699696067769
ENSG00000108439.11	2.64846540196413	9	0.976620544991571	0.999999882499827
ENSG00000175106.16	24.5759639191369	9	0.00347785146962495	0.0362998422375079
ENSG00000108443.14		9	1	
ENSG00000108468.15	0.426525444287108	3	0.93471006233981	0.999999882499827
ENSG00000108474.17	25.9894821165071	12	0.0107707290156671	0.0797507924612257
ENSG00000108479.12	4.05566840447136	6	0.669142999914977	0.958027755220697
ENSG00000108511.10	6.1076288807526	6	0.411242154692293	0.781355989156737
ENSG00000108518.8	0.656910721212626	3	0.883289058239038	0.999999882499827
ENSG00000108528.14	1.94973731247592	3	0.582904171626462	0.911684745363059
ENSG00000108559.12	13.8160147456365	18	0.741003812195583	0.985813146004245
ENSG00000108587.16	27.8791334045436	12	0.00576170111617597	0.0511167647206921
ENSG00000108588.14	3.16131502330245	6	0.788344811176039	0.999999882499827
ENSG00000108590.11	21.9798002314019	9	0.00894321711253475	0.0700456306590904
ENSG00000108591.10	6.83418123035517	9	0.654378702543926	0.950027039292796
ENSG00000108599.15	3.09832781880323	6	0.796408357992422	0.999999882499827
ENSG00000108602.18	2.47947374674641	9	0.98143041918761	0.999999882499827
ENSG00000108604.16	3.00786525827789	6	0.807859011293867	0.999999882499827
ENSG00000108639.7	9.82254440915131	6	0.132326732911222	0.421822555534923
ENSG00000108654.15	35.9368753837189	15	0.00180524952532119	0.0229309886053038
ENSG00000108666.10	15.1825823182735	18	0.649394477494299	0.946740116214088
ENSG00000108733.11		3	1	
ENSG00000108773.11	3.65158523349965	6	0.723704794614862	0.977996800255245
ENSG00000108784.10	5.70917975875636	6	0.456543366530598	0.820582555538941
ENSG00000108786.11	21.2445698821603	9	0.0116076635577968	0.0840350064247322
ENSG00000108821.14	11.7725854634809	6	0.0672387380378994	0.272388063309199
ENSG00000108840.15	27.8595579915364	12	0.00579974043398036	0.0514075085333463
ENSG00000108861.9	3.05474606510688	3	0.383261188971116	0.753170749732002
ENSG00000108961.14	17.2175253004752	12	0.141596328164379	0.43937633276826
ENSG00000109079.10	1.30561033546837	3	0.727801279600539	0.980088240613297
ENSG00000109107.14	0.561849225930928	3	0.905107813696491	0.999999882499827
ENSG00000002549.12	5.94562614941242	3	0.114285807050639	0.387473163728313
ENSG00000077684.16	17.2604465437598	15	0.303534820431922	0.676454969763674
ENSG00000018189.13	52.7437808806226	15	4.25307957693127e-06	0.000174394132736438
ENSG00000109270.13	1.48799322559171	6	0.960288135019695	0.999999882499827
ENSG00000109320.13	9.99177949800924	6	0.12499862979296	0.408253556944275
ENSG00000109466.14	11.5334534711387	9	0.240906203045922	0.596692752938102
ENSG00000109501.14	30.1590446371847	6	3.66639660153158e-05	0.00101861514646989
ENSG00000109534.17	17.4199591474535	6	0.0078576479351639	0.0637959951740969
ENSG00000109794.13		3	1	
ENSG00000064199.7		6	1	
ENSG00000085117.12	15.5678780515373	9	0.0764724188791686	0.297803007119636
ENSG00000134333.14	6.94893836253323	6	0.325595196999871	0.699116287683552
ENSG00000109846.9		6	1	
ENSG00000109861.16	1.95430391473928	6	0.923852890681052	0.999999882499827
ENSG00000109917.11	17.1873208368124	12	0.142685759260614	0.441444034773665
ENSG00000109944.11	0.395706980627324	3	0.941127897555847	0.999999882499827
ENSG00000110060.9	2.43948605206242	6	0.875177715982816	0.999999882499827
ENSG00000110080.19	7.38460169607788	6	0.286738365518307	0.657149712561243
ENSG00000168066.20	4.86350078607939	6	0.561435782881265	0.896456209130102
ENSG00000110092.4	5.49437075718743	3	0.138975696375274	0.434542913532841
ENSG00000110108.10	1.39452661191172	3	0.706818224001535	0.973417026750243
ENSG00000110200.8	7.97177476160869	12	0.787332187668076	0.999999882499827
ENSG00000110330.8		6	1	
ENSG00000110435.12	4.24585831432341	6	0.643443726116531	0.942753559823542
ENSG00000062282.15	0.706565021014285	3	0.871658714248533	0.999999882499827
ENSG00000110696.10	8.51340083710966	9	0.483346284869308	0.842426581809709
ENSG00000060138.13	7.55980650766287	9	0.579040966787609	0.91025463835056
ENSG00000013573.17	38.2251093086306	12	0.000141073700650271	0.00305263468879378
ENSG00000075856.12		12	1	
ENSG00000090612.22	5.92958341068606	6	0.43112431314507	0.79911532231391
ENSG00000089157.16	1.16153438668698	3	0.762243952334715	0.995948417570557
ENSG00000089159.16	26.8673318972105	15	0.0298360558603382	0.15928340762639
ENSG00000002016.18		21	1	
ENSG00000110841.14	47.6339283996349	18	0.000170624483727984	0.00358863003599438
ENSG00000110851.12	1.2272655266097	3	0.746472613101754	0.988424864171939
ENSG00000110881.12	13.5763963680402	9	0.138211590804252	0.433471779565422
ENSG00000110906.13	1.15551072357266	6	0.979025132187923	0.999999882499827
ENSG00000110917.8	2.94958806030627	3	0.399463191022151	0.771177041448787
ENSG00000110921.14	6.69902708542577	12	0.876845528592604	0.999999882499827
ENSG00000110925.7	2.30050505340114	6	0.890092239936467	0.999999882499827
ENSG00000110944.9	6.3558675265362	3	0.0955233725433839	0.346161378630109
ENSG00000111012.10		9	1	
ENSG00000111087.10	15.2120427447339	6	0.0186700853992754	0.11566089747109
ENSG00000111144.10	0.858351541857701	3	0.835465090384711	0.999999882499827
ENSG00000111145.8	1.60821479019546	3	0.657528608871534	0.952347832742076
ENSG00000111203.13	18.4589919402679	9	0.0302067724599893	0.160910421635937
ENSG00000111215.12	15.6765442559072	6	0.0155995044202174	0.102515531068621
ENSG00000111229.16	0.631555496365763	3	0.889171971987143	0.999999882499827
ENSG00000111231.9	3.47506559384055	3	0.324010457883271	0.697709192074767
ENSG00000111247.14	14.244813027326	15	0.507048868532797	0.860116567381666
ENSG00000111266.9	6.82429209981638	9	0.655407266771517	0.950907886143345
ENSG00000111269.3	2.34515191580795	3	0.503926224810256	0.857509333552448
ENSG00000111325.16		18	1	
ENSG00000111331.13	2.86466889226904	6	0.825630627706722	0.999999882499827
ENSG00000111341.10		6	1	
ENSG00000111358.14	14.988888028467	15	0.452217927256542	0.817106971319495
ENSG00000111581.10	5.16451247673103	12	0.952257034683248	0.999999882499827
ENSG00000111596.13	14.8374082716327	18	0.673099415642338	0.960186663179453
ENSG00000111602.12	11.791489500647	6	0.0667853823592965	0.271452955620314
ENSG00000111615.14	29.1286856027873	12	0.00377025957850838	0.038137355108833
ENSG00000111639.8	13.5298019671463	6	0.0353530253637852	0.18000732666885
ENSG00000111652.10	17.9695036695339	18	0.45766333123941	0.821168679824491
ENSG00000111664.11	3.10125937406497	3	0.376274934537923	0.74669979106269
ENSG00000111665.11	57.1582084132533	18	5.84125212023308e-06	0.000228019117765418
ENSG00000111666.11	8.25385070903576	6	0.220089255329649	0.571085095124181
ENSG00000111667.13	3.4621036703611	6	0.749004622659651	0.989450382812016
ENSG00000111674.9	15.3256885434721	9	0.0823696300069115	0.312172900674738
ENSG00000111678.11	311.029472474096	9	1.19175042518255e-61	1.16302923993565e-57
ENSG00000111711.10	13.537290814711	6	0.0352543187858337	0.17965895406316
ENSG00000111725.11	8.47923374291349	12	0.746648831868113	0.988424864171939
ENSG00000111727.12	13.2319524210452	9	0.152388473648463	0.459283234816353
ENSG00000111737.12	7.19240609513145	3	0.0660115329375805	0.268979770328955
ENSG00000257218.6	4.15675467420078	6	0.655472625277824	0.950907886143345
ENSG00000111790.14	2.74878049083054	9	0.973428166517535	0.999999882499827
ENSG00000065029.15	42.7690506189774	12	2.47056904736737e-05	0.000735069613818846
ENSG00000232774.8	0.245706513466985	3	0.969893750912127	0.999999882499827
ENSG00000010810.17	14.537558956421	18	0.693436472817395	0.96857759502224
ENSG00000111850.11	0.936044781541568	6	0.987920912945782	0.999999882499827
ENSG00000111875.8	2.36055242963266	3	0.501020013376578	0.855200908502684
ENSG00000111912.20	4.90558923729259	6	0.555977911496881	0.892839960226766
ENSG00000112029.10	2.47845203119687	3	0.479197873474245	0.839133688719748
ENSG00000112062.11	1.14791260656421	3	0.76552216155734	0.997693746612992
ENSG00000112118.20	2.92874827842752	6	0.817735108754339	0.999999882499827
ENSG00000112130.17	4.50837314763521	6	0.608222584521479	0.925463738182057
ENSG00000112167.10	10.8173096547657	6	0.0941894831994414	0.343077323496966
ENSG00000112186.12	3.92923251645334	9	0.916008168836304	0.999999882499827
ENSG00000112234.9	3.85660298405946	3	0.277370547692996	0.645676915574797
ENSG00000112293.15	1.42362698305033	3	0.700005900703208	0.972506954721697
ENSG00000112304.11	1.39608974852308	3	0.706451571426818	0.973417026750243
ENSG00000112312.10	0.859910019877134	3	0.835090046163016	0.999999882499827
ENSG00000112335.15	1.33813507764717	3	0.720098055348963	0.976575447769667
ENSG00000112367.12	10.3253535871995	9	0.324793740507552	0.698548952000221
ENSG00000112561.18	93.2717820449088	12	1.14491598681891e-14	3.38582882283811e-12
ENSG00000112578.10	1.57900680648163	3	0.664159197486155	0.954644006156745
ENSG00000112592.14	1.8506124280666	6	0.932912123715329	0.999999882499827
ENSG00000112640.16	1.17807233874555	3	0.758268130886937	0.994348117350929
ENSG00000112651.12	16.2887535722839	12	0.178365681798237	0.50483488650493
ENSG00000112655.16		12	1	
ENSG00000112667.13	4.05814290000126	3	0.255253806063951	0.615979696681033
ENSG00000112685.14	0.07985455699054	3	0.994140129597237	0.999999882499827
ENSG00000112715.24	7.26627275158535	30	0.999993397900965	0.999999882499827
ENSG00000112812.16	15.2879831416394	15	0.430879094528118	0.798964294793825
ENSG00000039123.16	18.1699046803042	6	0.00582133061511313	0.0514586643776169
ENSG00000112855.17	12.0632558245852	6	0.0605724309612282	0.255125746115937
ENSG00000112874.10	3.2015219324112	6	0.783161816500118	0.999999882499827
ENSG00000112941.14	6.77168429056474	6	0.342478863091559	0.713700009923652
ENSG00000112983.18	43.2906073139457	21	0.00288564644028811	0.0320011631940587
ENSG00000112996.11	14.4623658796627	3	0.00233880874395683	0.0276144349070597
ENSG00000113083.14	11.688433890341	9	0.231449159716649	0.585461987992425
ENSG00000113140.11		15	1	
ENSG00000113272.14	6.73602994853172	6	0.345950343266289	0.717113456669006
ENSG00000113312.11	0.770456367186853	3	0.85651963343023	0.999999882499827
ENSG00000082196.20	1.96207600820856	3	0.580315163265074	0.910497697476505
ENSG00000113441.16	137.065230863591	6	4.1696561321673e-27	2.71277827958805e-24
ENSG00000113569.16	41.5350790974189	12	3.98676660345143e-05	0.00108532596731333
ENSG00000113575.10	1.86050416936632	6	0.932070394943848	0.999999882499827
ENSG00000113580.15	16.624865259857	6	0.0107654439353938	0.0797507924612257
ENSG00000113597.18	26.3017770402839	12	0.00972624157603957	0.0746213769973036
ENSG00000113734.18	2.08369328256595	3	0.555218761319564	0.892649076065506
ENSG00000076242.16	18.4020024120873	15	0.242121073826645	0.598343772973976
ENSG00000113790.11	4.17700958447028	6	0.652736065357171	0.949336998781018
ENSG00000113851.14	35.7495934769941	18	0.00759569075729601	0.0622387456762819
ENSG00000113916.18		12	1	
ENSG00000114023.15	2.89199827279663	6	0.822275051478998	0.999999882499827
ENSG00000114268.12	11.3135153378921	12	0.502258587608314	0.856314038516691
ENSG00000114315.4	3.6038439971835	3	0.307541539341409	0.680720771701704
ENSG00000114346.13	9.78058697375309	9	0.368538353711537	0.740062552542555
ENSG00000114383.10	4.3912607117818	3	0.222197091545516	0.573656459363147
ENSG00000114388.14	6.99224919165135	9	0.637926419011763	0.940079541210666
ENSG00000114395.11	6.98513590935181	9	0.6386670488654	0.940650728928077
ENSG00000114450.11	11.6953843056799	12	0.470443401692712	0.831787148854672
ENSG00000114491.14	43.3320392891837	15	0.000139806787715988	0.00303194320293405
ENSG00000114626.18	8.1088568309051	9	0.523214448144676	0.871488274354649
ENSG00000114648.12	12.6706824011671	6	0.0485740300536267	0.221052853165337
ENSG00000114735.10	24.1364483831785	6	0.000492919042266216	0.00859325862682463
ENSG00000114853.14	6.42733547058151	3	0.0925726873371413	0.339120441337523
ENSG00000114857.18	32.9107072175921	15	0.00482918397785461	0.0451417686205777
ENSG00000114904.13	8.53538258115441	12	0.742018646476357	0.986292559379293
ENSG00000011638.10	6.79692165021152	12	0.8707367906817	0.999999882499827
ENSG00000085449.15	4.91451733233498	9	0.841695396362278	0.999999882499827
ENSG00000055332.18	24.2565396809387	9	0.00391363156367212	0.0392933440636586
ENSG00000021826.17	21.8924051214708	6	0.00126644673676737	0.017597072569222
ENSG00000071626.17	5.8443568807561	9	0.755389031827617	0.992788185149033
ENSG00000079785.15	5.82145680885878	3	0.120627322774888	0.398317566526448
ENSG00000079150.18	14.636724453796	15	0.477887065517167	0.838467659827545
ENSG00000008869.12	3.21461335445383	3	0.35970476923288	0.73193470453371
ENSG00000014641.21	1.07865228201263	6	0.982454205921872	0.999999882499827
ENSG00000084764.12	2.8692662875219	6	0.825067400990477	0.999999882499827
ENSG00000095002.15	0.333195411003544	3	0.953669061910701	0.999999882499827
ENSG00000071051.14		6	1	
ENSG00000023228.14	33.1144290892116	15	0.00452574468196494	0.0432159905589979
ENSG00000114993.17	17.1143404249015	12	0.145346593864606	0.446598842927515
ENSG00000114999.8	0.404844541193597	6	0.998811421463484	0.999999882499827
ENSG00000115042.10	17.1044281791874	12	0.145711118762116	0.446724106262183
ENSG00000115128.7	0.692534692119807	3	0.874958444641308	0.999999882499827
ENSG00000115163.15	4.82677105411131	6	0.566215474913364	0.899950622097641
ENSG00000115194.11	0.206849089171783	3	0.976476120104082	0.999999882499827
ENSG00000115204.15	4.69200408286997	6	0.58387791988839	0.912023805232484
ENSG00000115216.14	0.844802691157383	3	0.838723492115929	0.999999882499827
ENSG00000115234.11	10.4715977640444	6	0.106145865278821	0.371056633592447
ENSG00000115255.11	0.200777886839205	3	0.977463622624323	0.999999882499827
ENSG00000115271.11		6	1	
ENSG00000239779.7	13.3694632283296	15	0.573784045926792	0.906389441050141
ENSG00000115282.21	32.1611262607785	12	0.00130671906213811	0.0181140217718833
ENSG00000115289.14	37.4429335447785	12	0.000189297392121307	0.00385668736891823
ENSG00000115325.13		9	1	
ENSG00000115350.12	13.2410587056802	6	0.0393636853826936	0.192363648297299
ENSG00000115363.14	28.3726178931861	3	3.033354486812e-06	0.000130984541755745
ENSG00000115365.12	5.15282128396939	6	0.524367543244618	0.871938962791056
ENSG00000115392.12	17.1051582550426	9	0.0470944503506639	0.218231121069387
ENSG00000115486.12	4.0509998225898	9	0.908023860040004	0.999999882499827
ENSG00000115540.15	1.75762138026039	3	0.62420012572563	0.932430587319214
ENSG00000115685.15	10.0691605264146	15	0.815367112939071	0.999999882499827
ENSG00000115687.14	19.3828936704149	15	0.196904312517227	0.533330331905529
ENSG00000115738.10	3.25192242213234	3	0.354390397796817	0.726117130400827
ENSG00000115762.16	5.27611832100956	12	0.94811476634756	0.999999882499827
ENSG00000196208.14	1.69170228624785	3	0.638780140496541	0.940675326860683
ENSG00000115816.15	2.15755562444974	3	0.540356900619757	0.883899261338956
ENSG00000115825.11	2.02759384223464	6	0.917143374975405	0.999999882499827
ENSG00000115844.11	1.93566748183093	3	0.585865928087843	0.91318728513165
ENSG00000115902.11	0.264769268433156	3	0.966512264712377	0.999999882499827
ENSG00000115942.9	6.66791758108229	3	0.0832703509820552	0.314001296458221
ENSG00000115944.15	0.852175071515376	3	0.836950963797892	0.999999882499827
ENSG00000196415.10	4.13372630960095	3	0.247381466157309	0.605061586022351
ENSG00000116039.13		3	1	
ENSG00000116062.17	3.90624027068407	3	0.271768095293616	0.63765731233651
ENSG00000116095.11	5.49714068756248	6	0.481802358894587	0.841549280244387
ENSG00000116096.6	3.96206046852603	3	0.265590164544496	0.628642836718346
ENSG00000097046.13	1.103815529852	3	0.776153080275848	0.999999882499827
ENSG00000097096.9	1.68253210718262	3	0.640824265542233	0.942520537638341
ENSG00000031698.13	2.26976689646835	3	0.518337496406658	0.866916131522292
ENSG00000116128.11	8.91149670718596	6	0.178616956300543	0.505253007691883
ENSG00000116205.14	9.61850287664424	6	0.141664484215702	0.439448093280687
ENSG00000116209.12	2.5711211298476	12	0.997888674410903	0.999999882499827
ENSG00000116251.11	0.594960662303492	3	0.897585039487027	0.999999882499827
ENSG00000116455.14	11.0408488963949	3	0.0115070284220274	0.0835543827161945
ENSG00000116514.16	1.08547256143856	6	0.982163656484835	0.999999882499827
ENSG00000231607.12	31.788861742627	12	0.00149145221937689	0.0202435079400544
ENSG00000116667.15	5.02473777054001	9	0.832146493949379	0.999999882499827
ENSG00000116670.15	0.0633327008399647	3	0.995840661628392	0.999999882499827
ENSG00000116688.18	14.2892384826846	9	0.112402038712998	0.383676633718135
ENSG00000116691.11	14.2883755029507	6	0.0265755996102763	0.147442454006075
ENSG00000116731.22	1.00884379551508	6	0.985274845210079	0.999999882499827
ENSG00000116874.12	13.7602044675568	9	0.1311145481608	0.419248648591496
ENSG00000116885.18	0.601915214867859	3	0.895993789004749	0.999999882499827
ENSG00000117139.18	17.479603207722	15	0.291010856328786	0.661690341778336
ENSG00000117280.13	2.15403908453482	9	0.988790724501066	0.999999882499827
ENSG00000117362.13	0.923543976765359	3	0.819742707477591	0.999999882499827
ENSG00000117385.16	34.3707934250051	12	0.000589425684788431	0.00983644107542459
ENSG00000117479.15	2.70101352869096	3	0.440055083254493	0.807966274988395
ENSG00000117533.15	13.5383331705289	9	0.139721310077145	0.435581439463152
ENSG00000117614.10	4.15107830647685	3	0.245605743822796	0.602833615182762
ENSG00000117682.17	37.3771287502459	24	0.0401110069301814	0.195039021739731
ENSG00000117751.18	3.21225237913677	6	0.781774108457799	0.999999882499827
ENSG00000117984.14	11.1723391220439	3	0.0108295566017318	0.0800648809668943
ENSG00000118007.13	10.6394805524228	6	0.100178524360622	0.356763182832566
ENSG00000118200.14	7.2504951737219	6	0.298301624228255	0.669994373036487
ENSG00000114942.14	3.75832477048971	6	0.709342602299315	0.973417026750243
ENSG00000138363.15		9	1	
ENSG00000118246.14	13.5611924609002	9	0.13881296430734	0.434259004819713
ENSG00000118276.11	1.76012736077178	3	0.623649862568566	0.932036601654921
ENSG00000083097.14	0.96305662515806	6	0.986974058926838	0.999999882499827
ENSG00000118412.13	22.6545174087978	9	0.00702065266089809	0.0587603338916848
ENSG00000118420.17		3	1	
ENSG00000028839.10	3.55034348374466	6	0.737260115142835	0.984475029894256
ENSG00000189007.16	3.17785155746151	6	0.786216369861445	0.999999882499827
ENSG00000118503.15	11.7250044794964	12	0.468010021280528	0.829685201436224
ENSG00000118515.11	20.2641345077427	9	0.016350495508549	0.105809272333155
ENSG00000118557.16	0.566889614296088	3	0.903968603436982	0.999999882499827
ENSG00000118579.13	6.26253243121391	6	0.394432849221619	0.765871503293629
ENSG00000239305.7	2.65119911682268	3	0.448584295447076	0.814613721486418
ENSG00000118690.13	3.4905212373144	3	0.321993566993914	0.695767203369539
ENSG00000118705.17	0.21724351728335	3	0.974758742657718	0.999999882499827
ENSG00000118762.8		3	1	
ENSG00000118777.12	0.949982027959436	3	0.813352254025352	0.999999882499827
ENSG00000118873.16	16.4086360961464	12	0.173228309293982	0.497625855668089
ENSG00000118961.15	31.5553545110924	18	0.0248053624474621	0.140741588444641
ENSG00000118985.16	18.8788264491468	9	0.0262431480016805	0.145680819879636
ENSG00000173221.14	4.04046713685966	3	0.257127435503086	0.618512852618836
ENSG00000119013.9	0.077431324403733	3	0.994400776756943	0.999999882499827
ENSG00000107372.13	6.31477661128156	9	0.708047407264247	0.973417026750243
ENSG00000119125.17	17.7771532928891	12	0.122626352012353	0.401985411249094
ENSG00000134308.14	0.473203694215044	3	0.924737747954574	0.999999882499827
ENSG00000119185.13	14.2436932205455	15	0.50713297763235	0.860116567381666
ENSG00000119203.14	5.9727464757234	3	0.112943723018595	0.384802791836663
ENSG00000119227.8	1.72965151630694	3	0.630361830139004	0.937437120760729
ENSG00000111364.16	49.9611489019153	12	1.41923840601401e-06	7.03063330167042e-05
ENSG00000119242.8	3.15839613588651	9	0.957682344351665	0.999999882499827
ENSG00000116977.19	92.4339221916962	24	5.68010374162143e-10	8.3336955786504e-08
ENSG00000119321.9		6	1	
ENSG00000119397.16	7.97056379237768	6	0.240267822208217	0.59623275968837
ENSG00000119431.9	9.89393164748617	6	0.129190442620495	0.415738851528547
ENSG00000119523.10	3.36952124108211	6	0.761240550904329	0.995071128790791
ENSG00000063761.16	10.2652017625696	9	0.329445434862239	0.703259183198248
ENSG00000119630.14	2.80188813104496	3	0.423189191377985	0.79283995366822
ENSG00000119632.4	0.552305142933619	3	0.907258771002986	0.999999882499827
ENSG00000119638.13	9.19855871551408	12	0.685883826413605	0.965043290364817
ENSG00000119640.9	3.84005493373843	9	0.921620660872141	0.999999882499827
ENSG00000119650.12	2.69426847247814	6	0.846123819246761	0.999999882499827
ENSG00000119655.11	1.00743653671816	3	0.799452540985521	0.999999882499827
ENSG00000119673.14	11.1707486363994	9	0.264186383692812	0.627533782655339
ENSG00000119686.10		6	1	
ENSG00000119689.15	0.17387625027186	3	0.981692123047742	0.999999882499827
ENSG00000119703.15	2.34083030305919	3	0.504744062603898	0.857882743574647
ENSG00000115421.13	5.51003072834783	9	0.787776724055664	0.999999882499827
ENSG00000115129.14	16.3122929062811	12	0.177347495576455	0.503120409689135
ENSG00000119729.12	17.0402064415903	9	0.0480900576379622	0.220230348422746
ENSG00000119778.15	3.54186805930294	3	0.315372434160687	0.689607794078902
ENSG00000119812.19	6.77982426576637	3	0.0792566565368199	0.304529936159918
ENSG00000119820.11	15.8213888797327	6	0.0147454380126233	0.0989595269025003
ENSG00000119844.15	12.629522797788	9	0.180098842803849	0.507533101014565
ENSG00000119862.13	5.68651494575715	6	0.459206430382375	0.822596542725664
ENSG00000119878.6	0.904805407162712	3	0.824268001473257	0.999999882499827
ENSG00000138111.14	6.70651878226181	9	0.667644629456871	0.956944983081732
ENSG00000119906.13	9.07552621068317	3	0.0283033965625241	0.15396479768878
ENSG00000119950.21		18	1	
ENSG00000119969.15	16.3891351445272	18	0.56540947698148	0.899623266000984
ENSG00000120137.7	19.9212169319262	6	0.00286023773732191	0.0317916401805519
ENSG00000120149.9	0.973258064562287	3	0.807722331554591	0.999999882499827
ENSG00000120256.11	7.27483203596421	3	0.0636351686141401	0.261590400381379
ENSG00000120318.16	8.72693606665962	9	0.462852694013291	0.826226347334133
ENSG00000120327.6	3.20303603100746	3	0.361367814110388	0.732841979299015
ENSG00000120458.13	38.8474152728477	18	0.00298714591571797	0.0327545584174064
ENSG00000120509.10	6.01523639819061	6	0.421485454971857	0.791623663408459
ENSG00000120526.11	2.68175004050136	6	0.847598157253318	0.999999882499827
ENSG00000120647.10	19.8650917594605	9	0.0187634707706582	0.115833227479195
ENSG00000120662.16	16.5472180689576	15	0.346643747545083	0.717482972918706
ENSG00000242715.8		18	1	
ENSG00000120686.12	7.01087935916257	3	0.0715518175433866	0.283620709750573
ENSG00000120690.16	0.92562807169179	3	0.819239172232662	0.999999882499827
ENSG00000120699.13	22.0047349859742	6	0.00120848338261714	0.0171418449577917
ENSG00000070087.14	12.1064761612652	9	0.207373045237249	0.550681237678996
ENSG00000120742.11	11.641427590017	6	0.0704631544387131	0.281004536842196
ENSG00000120832.10	28.9405819646509	15	0.0163703496341903	0.105809272333155
ENSG00000120837.8	5.25348589658825	6	0.511736809114751	0.862270365776533
ENSG00000120860.11	10.8776075593814	9	0.284191743478483	0.654402048787446
ENSG00000104290.11	2.10404288415498	3	0.551095293451512	0.890526575140244
ENSG00000120896.13	16.5805776709422	18	0.552096695178863	0.891106862040296
ENSG00000120910.15	4.00495247490471	9	0.91108626444309	0.999999882499827
ENSG00000120925.16	28.9204964222554	15	0.0164679961938966	0.106290459561003
ENSG00000120948.18	21.0813802565681	12	0.0492013885976134	0.222800217201143
ENSG00000121039.10	5.6789476444028	12	0.931393667293882	0.999999882499827
ENSG00000108848.16	68.6787182657863	18	7.55183455938017e-08	5.66910411269162e-06
ENSG00000108813.11	15.9306495782203	12	0.194433129377059	0.52928114632935
ENSG00000121073.15	7.40418755685096	21	0.997198575135227	0.999999882499827
ENSG00000121104.8	8.99746464353086	3	0.0293246144804685	0.156810363131448
ENSG00000121152.10	10.2851755269512	15	0.801428467650734	0.999999882499827
ENSG00000121210.16	10.8706105178071	6	0.0924586376705364	0.338829832905281
ENSG00000121211.8	0.573887977127015	3	0.902383226909271	0.999999882499827
ENSG00000121350.16	27.8337440286132	9	0.00101682187612896	0.0150350980138524
ENSG00000121417.14	36.2026418148971	18	0.00664592392190589	0.0565583256841101
ENSG00000114354.15	0.87829721273738	6	0.989808170024132	0.999999882499827
ENSG00000160145.15	1.12188247926366	3	0.771794364457163	0.999999882499827
ENSG00000121579.13	25.4144914020289	12	0.0129763470981914	0.0904168390671705
ENSG00000007372.23		21	1	
ENSG00000121680.16	18.9643350746774	15	0.21535459609868	0.563443834672123
ENSG00000121690.11	4.74707133892662	3	0.191282743967411	0.524804132240079
ENSG00000121858.11	6.72539698753661	6	0.346990504294759	0.718040782742271
ENSG00000213366.13	3.75736661718111	9	0.9266441343307	0.999999882499827
ENSG00000121964.14	27.6559568309604	12	0.0062098428719092	0.0537250501657463
ENSG00000121989.15	3.25426747980555	3	0.354058647455993	0.726117130400827
ENSG00000122008.15	17.8823319700277	15	0.268902263022952	0.63340989255153
ENSG00000122035.7	11.351602016015	6	0.078098895745451	0.301967957044317
ENSG00000122068.13	10.1112805716657	12	0.606198602059464	0.92479164569303
ENSG00000122085.17	24.9015988758074	15	0.0512806517876272	0.228723894330646
ENSG00000122140.11	2.46486856289266	3	0.481673590132095	0.841506008968691
ENSG00000122218.16	31.6126548741158	21	0.0640488324775517	0.262958584833163
ENSG00000136193.17	0.720696015132489	3	0.868325577067224	0.999999882499827
ENSG00000122507.21	12.0563807321032	18	0.844312987386941	0.999999882499827
ENSG00000122547.11	23.1163067784338	9	0.00594032603143631	0.0522282092070308
ENSG00000122642.11	4.92498938385688	6	0.553469255098308	0.891106862040296
ENSG00000122678.17	12.240898455736	15	0.66071094530499	0.953566679623831
ENSG00000122687.19	8.84878547445987	9	0.451348236109035	0.816231823708768
ENSG00000122696.14	4.96655764115712	6	0.548109475388789	0.888848278569693
ENSG00000122741.16	13.2461319144977	9	0.151781656127387	0.458113494532201
ENSG00000105939.13		6	1	
ENSG00000122877.16	41.4445441971566	6	2.36663617463499e-07	1.55006727706462e-05
ENSG00000138286.15	13.2596539851947	12	0.350453866342559	0.721508539928214
ENSG00000076248.11	1.52883349050535	3	0.675631742228253	0.960611098028189
ENSG00000088986.11	0.941247552633286	3	0.815464116351503	0.999999882499827
ENSG00000122970.16	2.28512624005634	9	0.986115292368621	0.999999882499827
ENSG00000122971.9	0.425701666863461	3	0.93488342406307	0.999999882499827
ENSG00000123091.5	6.83694227979504	3	0.0772806261232571	0.299897898508835
ENSG00000123104.12	3.28033648657106	3	0.350388829829831	0.721508539928214
ENSG00000104915.15	6.92501473495213	12	0.862528831612159	0.999999882499827
ENSG00000123136.15	31.3401013861876	6	2.18266617609899e-05	0.000667547057273425
ENSG00000123143.13	38.0234204824155	6	1.11157988949927e-06	5.73963393736686e-05
ENSG00000123146.20	2.99982982390793	6	0.808868189158146	0.999999882499827
ENSG00000114796.16	25.1106104689243	15	0.0484775259891675	0.221052853165337
ENSG00000123179.14	8.03590115634142	9	0.530532334690822	0.877883972725558
ENSG00000123191.16	1.92231726192199	3	0.588685532118981	0.914927927759113
ENSG00000123200.16	8.81235348097289	12	0.718868895402525	0.975924508114625
ENSG00000123219.13	19.6883668790033	18	0.350634853603775	0.721508539928214
ENSG00000123349.14	1.80875448859297	3	0.613031716481343	0.926944870896631
ENSG00000123353.10	0.243087341659702	3	0.970350892848	0.999999882499827
ENSG00000123358.20	231.521398461249	15	7.79196375152631e-41	1.08631106073065e-37
ENSG00000123384.14	5.05318857766906	3	0.167943590043855	0.488076681131024
ENSG00000123388.4	1.73529484563369	3	0.629115661322353	0.935888227991042
ENSG00000197757.8	0.475491142663486	3	0.924241948280119	0.999999882499827
ENSG00000123415.15	9.31618738230463	9	0.408614074692377	0.779312124948373
ENSG00000117616.18	38.2302146455913	18	0.00361056124274204	0.0371783288895489
ENSG00000123595.8	4.86523778754781	6	0.561210125832178	0.896456209130102
ENSG00000080345.18	14.9198537548727	15	0.457205593922497	0.820992530403975
ENSG00000123607.15	11.0681358066495	9	0.271067483933311	0.636512891170641
ENSG00000123609.11	13.3856309262765	6	0.0373048333379281	0.186258227779269
ENSG00000123685.9	13.8090563432525	3	0.00317692423691302	0.0338762411180925
ENSG00000123737.13	15.7474266088102	9	0.0723470175799466	0.285959718332401
ENSG00000123739.11	43.567605909253	9	1.69539196921869e-06	8.03171370272097e-05
ENSG00000077312.9	5.38473302611965	6	0.495496267854635	0.850217684791745
ENSG00000123810.9	6.78065209701799	6	0.341609685805381	0.713410854648986
ENSG00000123815.12	8.40422478238907	15	0.906556740133228	0.999999882499827
ENSG00000123843.13	25.0710933439877	9	0.00289353593977312	0.0320158925581019
ENSG00000204604.12	4.62575415465472	9	0.865636751343918	0.999999882499827
ENSG00000214367.8	17.806155463275	9	0.0374902563171365	0.18666704663211
ENSG00000123989.14	6.25873632983712	6	0.394839269169519	0.766020706140479
ENSG00000185404.16	5.40877046059711	6	0.492550878467135	0.84884900359151
ENSG00000124074.12	0.779485985535303	3	0.854367158086521	0.999999882499827
ENSG00000080189.15	12.0416229474795	9	0.21097296311042	0.556305092405996
ENSG00000204070.10	11.344676527191	9	0.252820877716857	0.61268411860909
ENSG00000124116.19	5.24838297672022	3	0.154487026457944	0.463888889600946
ENSG00000124140.14	0.63584771679416	3	0.888179021611576	0.999999882499827
ENSG00000124172.10	0.827135571627878	3	0.842966155310966	0.999999882499827
ENSG00000124181.14	6.7086475669239	6	0.348633553278428	0.719310337662437
ENSG00000124193.16	17.3276452960563	6	0.00815160590461033	0.0651630571872632
ENSG00000124209.4		3	1	
ENSG00000124226.11	4.56935230571253	3	0.206187014347986	0.548576628413848
ENSG00000124224.17		18	1	
ENSG00000124357.13	15.61181214104	15	0.408309071296111	0.779312124948373
ENSG00000124370.11	3.0418194713202	3	0.385222271084859	0.754593364816768
ENSG00000124380.11	0.0610540848501842	3	0.996060417963037	0.999999882499827
ENSG00000124383.9	0.31922071057852	3	0.95637396618133	0.999999882499827
ENSG00000243137.8	18.5025254552056	18	0.423038369245692	0.792832162443105
ENSG00000151914.20	22.3039716678941	24	0.561129293640301	0.896456209130102
ENSG00000112146.16	12.5699060207044	12	0.401060426655745	0.772145231581547
ENSG00000111801.16	11.9427406717432	15	0.683357891540512	0.963294765787066
ENSG00000124574.15	35.8608364259162	15	0.00185136799930735	0.0233949439738098
ENSG00000124702.18	2.03737589961384	3	0.564685548869979	0.89898307853542
ENSG00000124733.5	0.385877836291911	3	0.943144102533059	0.999999882499827
ENSG00000124762.14	24.9590499406477	6	0.00034746734803606	0.00643440958156339
ENSG00000124783.14	7.42467771773227	9	0.592994044609192	0.917040043134608
ENSG00000124788.19	11.6004314871475	9	0.236783429736456	0.592049574890615
ENSG00000124795.17	34.55855249858	12	0.00055040637787127	0.0093103037645001
ENSG00000188428.20	4.12102785515708	6	0.660301999866797	0.953566679623831
ENSG00000124831.19	8.11057848875498	9	0.523042187976364	0.871350070409924
ENSG00000125037.12	4.60923081697547	6	0.594815260463321	0.918772099851464
ENSG00000125089.17	31.263414939649	12	0.00179572594716683	0.0228480958518919
ENSG00000167216.17	6.95280144042772	12	0.860716799062584	0.999999882499827
ENSG00000125124.13	9.82105996328028	9	0.365164837627888	0.736746671575472
ENSG00000125166.13	2.14836852031294	3	0.542189624612775	0.884672888579848
ENSG00000063176.16	19.9937259216895	12	0.0672047404618493	0.272363397909962
ENSG00000125249.7		3	1	
ENSG00000125319.14	4.56225428031758	9	0.87067849845726	0.999999882499827
ENSG00000197375.13	23.8912976981992	6	0.0005468547440179	0.00928131382064467
ENSG00000125347.14	3.1814726921275	9	0.956663224215601	0.999999882499827
ENSG00000100503.25	32.6923591571035	12	0.00108095810366677	0.0156980210322679
ENSG00000125375.16	25.6410461169471	18	0.108253033101543	0.375223061953244
ENSG00000125378.16		9	1	
ENSG00000125445.11	6.74233053378703	6	0.345335052134043	0.716742827259916
ENSG00000125449.7	5.43595008779357	6	0.489231559405037	0.845627132170344
ENSG00000125450.11	26.6875768372993	9	0.00157520701609021	0.0209433859264636
ENSG00000125457.14	19.7218141241701	12	0.0725347096346431	0.286353653448415
ENSG00000125458.7	51.3473409790749	12	8.08818974119731e-07	4.45947139459574e-05
ENSG00000125459.17	33.8324371079179	12	0.00071681817526194	0.0114623140656505
ENSG00000125505.17	16.5891417941602	12	0.165716803300452	0.484781260014722
ENSG00000115084.15	32.8460592000338	15	0.00492945412030905	0.0458120402299313
ENSG00000125629.15	31.1328928535786	12	0.00188013873077992	0.0236446828269089
ENSG00000125652.8	7.73445700387674	6	0.258210304832676	0.620164530226553
ENSG00000125656.11	5.9748682006466	9	0.742430937096086	0.986445634847687
ENSG00000125676.20	45.3560227479538	21	0.00155494912599771	0.0207612419344101
ENSG00000125691.14	0.308163573034108	3	0.95848589180759	0.999999882499827
ENSG00000266173.7	84.9647860508831	27	6.53793396017013e-08	4.98466386853908e-06
ENSG00000125730.17	25.8588474932913	9	0.0021544775532104	0.0261186912320252
ENSG00000125731.13	5.04155003553115	9	0.830671294007938	0.999999882499827
ENSG00000125744.12	3.1975068186257	3	0.362164407453344	0.732842482488808
ENSG00000125746.17	13.8573089107085	21	0.875649998635099	0.999999882499827
ENSG00000125753.14	1.02776858308789	3	0.794533198572048	0.999999882499827
ENSG00000125755.19	6.02425508113811	9	0.737488303251332	0.984475029894256
ENSG00000101224.17	18.1054585952406	9	0.0339695598548622	0.17475439261233
ENSG00000125818.18	54.3322141111348	12	2.38351568341725e-07	1.55071530363126e-05
ENSG00000125827.9	0.725151483365153	3	0.867272722378776	0.999999882499827
ENSG00000125843.11	7.35558173534446	9	0.600150599770865	0.921335790581968
ENSG00000125844.16	32.3881829902603	12	0.00120513266040081	0.0171191988833356
ENSG00000125868.16	0.299408925930038	3	0.960139607041896	0.999999882499827
ENSG00000125870.11	0.315266245175735	3	0.957132202483178	0.999999882499827
ENSG00000125898.13	11.2493754073548	3	0.0104510792199401	0.0786369175847302
ENSG00000104953.20	12.2722046093077	15	0.658319344162111	0.952347832742076
ENSG00000125912.11	0.412393798025732	3	0.937670492805801	0.999999882499827
ENSG00000131503.21	3.20388391958113	6	0.782856512325577	0.999999882499827
ENSG00000125952.20	3.11646533118255	9	0.959497775539643	0.999999882499827
ENSG00000257365.8	2.00503312435285	3	0.57136271814604	0.904933263447205
ENSG00000125962.14	2.03484294671307	9	0.990904538452642	0.999999882499827
ENSG00000125967.17	46.0646158625605	9	5.85803636189038e-07	3.32375446835397e-05
ENSG00000125970.12	6.7459802388621	9	0.663547208406434	0.954151816752086
ENSG00000126070.20	22.6448023740195	18	0.204610669911014	0.545870838617163
ENSG00000215790.7	21.2484204922175	6	0.00165524880529883	0.0216783645358064
ENSG00000126214.21	27.8050425740585	18	0.0650846584616339	0.26586905898999
ENSG00000126226.22	39.7878973636543	15	0.000488156831336236	0.00853749555019772
ENSG00000126243.9	4.6677619269642	6	0.58707458139807	0.914341021363512
ENSG00000126246.10	11.7499105652587	12	0.465968012691841	0.829183105233156
ENSG00000126247.11	6.80117615411291	6	0.339626463336469	0.71216473049003
ENSG00000126249.8	0.261865512766235	3	0.967033375976694	0.999999882499827
ENSG00000126261.13	8.20432733932103	12	0.768965947328419	0.998823675326394
ENSG00000126453.9	6.33843519420771	9	0.705626370639749	0.973417026750243
ENSG00000126458.4	7.74672577677484	3	0.0515466586494849	0.229577450843214
ENSG00000105373.19	29.6239356503938	3	1.65571907657566e-06	7.92066787661856e-05
ENSG00000068079.8	1.39743742198334	3	0.706135523586328	0.973417026750243
ENSG00000108788.11	34.7273881583278	9	6.65532573377961e-05	0.00165687050601927
ENSG00000213918.10	30.7264890965544	21	0.0783319193948329	0.30211763941106
ENSG00000126602.11	2.41111352713779	6	0.878279833786152	0.999999882499827
ENSG00000105705.16	14.0325701051479	18	0.726965608065951	0.97969640018103
ENSG00000105671.12	1.8344755932776	3	0.607461550850125	0.924983191565981
ENSG00000132581.10	1.64356090687215	3	0.649553501000311	0.946740116214088
ENSG00000126653.18	4.29756700592407	3	0.231073308741878	0.585022536177936
ENSG00000126705.15	20.1281468212155	21	0.513157747122253	0.863581040552866
ENSG00000102100.16	20.5795811052958	12	0.0568863041802368	0.245416021548339
ENSG00000126767.18	1.104046412971	3	0.776097354305386	0.999999882499827
ENSG00000126775.9	4.61900861345566	3	0.201917478406763	0.541945179255116
ENSG00000126787.13	2.02039801481078	6	0.917813066279781	0.999999882499827
ENSG00000126790.12	30.4557936616911	18	0.0332439509651496	0.172201548550369
ENSG00000126822.17	37.0765216629552	15	0.00123334549310626	0.01731830024061
ENSG00000126882.13	1.28829243137079	3	0.731915014374241	0.981822491447177
ENSG00000127022.15	12.3564655841328	9	0.193951179116492	0.528637581737204
ENSG00000127184.13	1.36068059643731	3	0.714776735635767	0.975458839752405
ENSG00000054148.18	3.67214708391111	3	0.29911190587934	0.670753491978203
ENSG00000127191.18	9.56862642095803	6	0.144033251344055	0.444113902011574
ENSG00000127328.22		21	1	
ENSG00000127337.7	5.72798272989166	6	0.454340903123196	0.818669289804149
ENSG00000127415.13	18.0442608415433	15	0.26034578600144	0.623029555073088
ENSG00000130803.15	13.4421505851969	12	0.337738536405001	0.710189695491576
ENSG00000127452.9	46.7298683992485	18	0.000231965564268804	0.00455135461539944
ENSG00000127511.9	38.3094061668489	12	0.000136658255026273	0.00299887324808031
ENSG00000127527.14	43.7876373115905	18	0.000618604621322779	0.0102148265642792
ENSG00000127528.6	7.7991538036913	3	0.0503501858460422	0.226019992489202
ENSG00000103145.11	21.8475342298043	15	0.111864501171354	0.382109088880379
ENSG00000206053.13	24.6457717434678	6	0.000397049960482533	0.00720225011960788
ENSG00000059145.19		15	1	
ENSG00000127554.13	7.42060485231195	6	0.283693731830705	0.653911672528371
ENSG00000127561.15	4.68637741498696	6	0.584619370478884	0.912550166065874
ENSG00000197562.10	21.1527620934585	9	0.0119891369425477	0.0860218047184524
ENSG00000127580.17	4.9352324168849	3	0.176601644193989	0.502265483989767
ENSG00000256223.6	3.19295436671791	6	0.784268480420877	0.999999882499827
ENSG00000103111.15	5.56862816661305	12	0.936249281125754	0.999999882499827
ENSG00000127720.8		3	1	
ENSG00000127774.7	7.35896830068668	3	0.0612950662987071	0.257059970781729
ENSG00000127824.14	23.3157323080231	9	0.00552484883355141	0.0496930873425145
ENSG00000127837.10	8.07508331732242	6	0.23265397408802	0.587139936158517
ENSG00000127838.14	5.55026380025083	3	0.135663004148943	0.428965837746436
ENSG00000006576.16		6	1	
ENSG00000127922.9	1.55339336133329	3	0.670003108922433	0.958378129864491
ENSG00000127947.16	5.3784268517029	3	0.146093582346164	0.447497573796678
ENSG00000127952.17	34.3760039741755	21	0.0330173757876126	0.171568384646922
ENSG00000127980.16	7.06334025389333	12	0.853399508290396	0.999999882499827
ENSG00000128159.12	6.22725901764898	9	0.716975386505797	0.975924508114625
ENSG00000128185.10	1.46074641959422	3	0.691359210225556	0.968531167803426
ENSG00000100116.17	6.69803645676075	9	0.668524934019088	0.957741460818009
ENSG00000100359.21	15.827369163293	12	0.199271437160515	0.537801425677397
ENSG00000128245.15	1.84423026526929	3	0.605357555905893	0.923941881151956
ENSG00000128274.17	29.7987863220806	15	0.0126680952784006	0.0892620518569756
ENSG00000128335.14	13.0965770305229	3	0.00443233932822212	0.0426579876766466
ENSG00000128346.11	5.64030489775595	3	0.130483552740622	0.418327526674025
ENSG00000128463.13	8.8187733918312	6	0.18402957980029	0.513861135699866
ENSG00000105819.14	7.39677587864571	9	0.595882373486226	0.919547135175851
ENSG00000105821.15	10.222819674309	9	0.332749809423189	0.706424711422333
ENSG00000128534.8	9.87680664171057	9	0.360550255239758	0.732349739209309
ENSG00000128564.7		3	1	
ENSG00000128578.10	6.51313997553643	6	0.368222990933981	0.739705263179235
ENSG00000128590.5	9.07458089193551	6	0.169426937057003	0.491217313945127
ENSG00000128595.17	13.6407149673323	9	0.135691929616072	0.428965837746436
ENSG00000128604.20	3.8586007574315	3	0.277143065507295	0.645676915574797
ENSG00000068903.20	1.35736300706594	3	0.715558791944301	0.975885269897334
ENSG00000128654.14	0.358438533650769	3	0.948687733326842	0.999999882499827
ENSG00000033800.14	13.5606433194898	9	0.138834726410237	0.434259004819713
ENSG00000092531.10	19.8697242769413	12	0.0695908222476173	0.278563098570343
ENSG00000137776.17	6.47340866807645	12	0.890365334487463	0.999999882499827
ENSG00000128944.13	0.309430455425172	3	0.958245218250795	0.999999882499827
ENSG00000140264.20	2.43521651579067	3	0.487112747822843	0.843944536462699
ENSG00000128989.11	40.5926679380791	12	5.73066368923743e-05	0.0014601970481271
ENSG00000129003.19	11.7285571165394	12	0.467718516585989	0.829685201436224
ENSG00000114019.14	0.0938271916129452	3	0.992567753416896	0.999999882499827
ENSG00000129071.9	39.1296244522237	12	0.000100181663224	0.00231128333665017
ENSG00000129083.13	0.494564064472797	6	0.99790402404155	0.999999882499827
ENSG00000129173.13		6	1	
ENSG00000129194.8		3	1	
ENSG00000129195.16	17.6364996437915	18	0.479829297191188	0.839636742207066
ENSG00000167840.13	14.8418030820758	9	0.0953740419389467	0.345748616375253
ENSG00000129226.14	1.93853066125268	3	0.585262398152149	0.912829749651082
ENSG00000129235.11	26.5345641743625	9	0.00166933120320468	0.0217577489035778
ENSG00000129245.12	1.58398542924988	3	0.663026443083724	0.953784648887685
ENSG00000129255.16	0.465135730162729	3	0.926481391864036	0.999999882499827
ENSG00000213339.9	7.63967963409232	9	0.570825209889705	0.904478523025431
ENSG00000129351.17	34.8762651249417	15	0.00256074898136086	0.0293570326222076
ENSG00000129354.12	6.20520240828046	9	0.719218061518637	0.975924508114625
ENSG00000104626.15	5.58080057796724	9	0.781028990299728	0.999999882499827
ENSG00000100890.16	40.1508983251515	21	0.00712872072442556	0.059562658861018
ENSG00000092208.17	22.5776301094738	12	0.031533400622022	0.165894585806099
ENSG00000100867.15	0.794744142582204	3	0.850723747876072	0.999999882499827
ENSG00000129473.10	8.20487211679028	6	0.223474866245545	0.575043761053354
ENSG00000129484.13	31.5854492351573	9	0.000234790523238846	0.00459182508274127
ENSG00000129518.9	3.90758717602876	3	0.27161750793338	0.637497657508865
ENSG00000129521.15	34.850938660632	9	6.33002005608011e-05	0.00158803767936467
ENSG00000165782.11	5.0331752242455	12	0.956861693569835	0.999999882499827
ENSG00000127314.18	3.24375272424368	6	0.77768989877785	0.999999882499827
ENSG00000129749.3	0.611134987139735	3	0.893878608338081	0.999999882499827
ENSG00000138834.14	36.7209591897445	27	0.100394835783636	0.357183085093878
ENSG00000099875.14	14.3960946266743	9	0.108916543636367	0.376418754092771
ENSG00000129911.9	6.2571969181754	3	0.0997459349551713	0.355712614148798
ENSG00000129925.11	22.6457755734464	12	0.030888223575444	0.163558423153965
ENSG00000129968.16	6.2339508542791	3	0.100766493985422	0.357983332655164
ENSG00000100722.20	21.3216428081723	18	0.26349741402946	0.627533782655339
ENSG00000075188.9	1.55656956699386	3	0.669276967314002	0.958027755220697
ENSG00000104093.14	15.9069806229272	12	0.195533768467513	0.531220996129679
ENSG00000013523.11	20.0282821910587	9	0.0177386648354778	0.111829218429863
ENSG00000020577.14	24.1101789875443	15	0.0632459237901871	0.260721926257753
ENSG00000070729.14	1.39485004231665	6	0.966170947265318	0.999999882499827
ENSG00000102543.14	2.10886902210768	6	0.909418425295187	0.999999882499827
ENSG00000103544.15	29.3531846849292	15	0.0144798763051717	0.09758047386612
ENSG00000116641.18	25.8742348381593	21	0.2112851158893	0.556331727298304
ENSG00000262246.6	11.2943333608182	9	0.256072188322067	0.617039132304952
ENSG00000099814.16	6.99105297847791	6	0.32167540804465	0.695767203369539
ENSG00000092853.14	5.72305508622594	9	0.767284156737431	0.997994626661868
ENSG00000105717.14	7.74061266073568	12	0.805057961857878	0.999999882499827
ENSG00000108406.10	1.26365637098934	3	0.737780780472441	0.984475029894256
ENSG00000104047.15	10.1171379693405	9	0.341085776211882	0.713129620127638
ENSG00000105429.13	17.8469608123392	6	0.00662624783591082	0.0565217570490266
ENSG00000065268.11	4.90794808330975	9	0.842257663337953	0.999999882499827
ENSG00000132207.18	6.83317848871957	9	0.654483003019596	0.950037130219878
ENSG00000108506.12	8.85569082074426	12	0.715204453147329	0.975769643263636
ENSG00000100441.10	12.5275375118727	9	0.185175465542602	0.515518163008848
ENSG00000090661.12	14.7893212723911	12	0.253160608574953	0.613050714412647
ENSG00000037042.9	8.00138053256887	6	0.238002181662133	0.593272871223691
ENSG00000105193.9	0.516352888196707	3	0.915284342662596	0.999999882499827
ENSG00000105613.10	8.96257075871017	9	0.440736406799852	0.807966274988395
ENSG00000105520.10	7.39492445731958	6	0.285862837000199	0.656443520649503
ENSG00000109805.10	15.9956149948121	9	0.0669732146280016	0.272054485235764
ENSG00000152061.23	10.1790587112441	9	0.336184930745702	0.709012337281993
ENSG00000117868.17		6	1	
ENSG00000132879.14	8.44384679516952	18	0.971270469402798	0.999999882499827
ENSG00000103245.14	2.46095000927198	3	0.482389644689627	0.84192004128969
ENSG00000072756.17	12.4012192638584	15	0.648441050913616	0.946051160990578
ENSG00000104213.13		3	1	
ENSG00000067248.10	1.09963720367614	3	0.777161664815675	0.999999882499827
ENSG00000114054.14	2.5226650544646	3	0.471208922439394	0.832312737391139
ENSG00000085982.13	51.4792532614702	15	6.8849525192505e-06	0.000262461920450647
ENSG00000004766.17	11.3903986019668	12	0.495790522724317	0.850217684791745
ENSG00000114520.11	9.69853267501821	3	0.0213104545211719	0.126810198580559
ENSG00000104450.13	20.2833444196074	9	0.0162420706851631	0.105249912228756
ENSG00000008853.17	5.90514452929529	9	0.749373042139184	0.989464418649208
ENSG00000132155.12	19.8894172622167	9	0.0186072495451305	0.115638909723789
ENSG00000042429.12	44.0208004445885	18	0.00057296577047575	0.00962404983489302
ENSG00000107036.12	7.59578024671464	9	0.575337506547625	0.907062799095035
ENSG00000102098.19		9	1	
ENSG00000101901.12	30.8817820402765	21	0.0756480306402449	0.296247644870847
ENSG00000100065.15	23.7975033469957	15	0.0686129876353227	0.2759183299309
ENSG00000100364.18	16.4333209428296	9	0.0583658664587425	0.248915815539791
ENSG00000101452.15	8.93445468004575	6	0.177297989364757	0.503120409689135
ENSG00000100991.12	1.47913701046491	3	0.687093800464482	0.965910169797303
ENSG00000025708.14		15	1	
ENSG00000112659.14	29.6732993265177	18	0.0407463898939865	0.196853474740304
ENSG00000106526.10		12	1	
ENSG00000113119.13	47.5207156517754	15	3.03756309526128e-05	0.000877028942208722
ENSG00000131495.9	1.03428602014901	3	0.792956542748638	0.999999882499827
ENSG00000100227.18	3.20020248279616	3	0.361775854107441	0.732842482488808
ENSG00000243156.9	26.3138120828844	15	0.0348507790490842	0.177974229586611
ENSG00000099899.15		21	1	
ENSG00000100056.12	0.821128767654955	6	0.991495140540316	0.999999882499827
ENSG00000137185.13	3.68637112258148	6	0.71903108543105	0.975924508114625
ENSG00000189298.14	2.564063095851	3	0.463824609513521	0.826902514476152
ENSG00000204516.10	14.3678429923202	9	0.109828815757088	0.377800286560951
ENSG00000133884.10	3.30505984364208	6	0.769698626728008	0.999168884656002
ENSG00000157778.9	2.18829019382247	3	0.534258519276262	0.879822627340034
ENSG00000130052.13		6	1	
ENSG00000130159.14	5.48172682115182	6	0.483668012898842	0.842426581809709
ENSG00000130177.16	61.0812942598641	12	1.43276561899795e-08	1.30676258652346e-06
ENSG00000130202.10	10.2205399277154	9	0.332928181031388	0.706424711422333
ENSG00000130204.13	6.23989496284048	9	0.715689197320957	0.975885269897334
ENSG00000130227.17	2.38274398028079	3	0.496854908522199	0.850667903906692
ENSG00000203485.14	27.3752914945871	18	0.0722204930625237	0.285575280306794
ENSG00000130244.12		12	1	
ENSG00000130305.17	34.805480721283	9	6.44784731027499e-05	0.00160932332227554
ENSG00000130304.17	11.0583010588357	12	0.52392899679438	0.871648944390205
ENSG00000130309.11	3.49971000818186	3	0.320799733719472	0.695581916845641
ENSG00000130312.6		9	1	
ENSG00000130313.7	0.697608270274941	3	0.873766363434367	0.999999882499827
ENSG00000130332.15	1.77866615180392	6	0.938888007136519	0.999999882499827
ENSG00000130363.12	2.27815327914368	3	0.516719073644074	0.866287826781054
ENSG00000130382.9	4.84489748116175	3	0.183513255100746	0.513153540552486
ENSG00000130402.12	10.67017796039	12	0.557375762238995	0.893907980885843
ENSG00000130414.12	3.76369707543927	9	0.926265744719306	0.999999882499827
ENSG00000197343.11	65.0991807622559	18	2.99249220447688e-07	1.89634619633051e-05
ENSG00000130433.7		3	1	
ENSG00000130475.14	11.9920205889985	9	0.213759520114263	0.560623261702524
ENSG00000284194.3	0.585978936731408	3	0.899634539316236	0.999999882499827
ENSG00000169951.10	2.29344678724328	6	0.890830328934394	0.999999882499827
ENSG00000169955.7	10.5451994234752	6	0.103491390749411	0.36447942342963
ENSG00000130508.11	1.91855610825587	3	0.589481533080493	0.91516867345411
ENSG00000130517.14	2.6841900935633	3	0.442920711893881	0.809230730832122
ENSG00000130520.11	1.45633508055471	3	0.692384204909819	0.96857759502224
ENSG00000130522.6	1.79500905497116	3	0.616021623235013	0.929874909092901
ENSG00000130529.16		9	1	
ENSG00000130558.20	11.4589460376883	9	0.245556637719493	0.602833615182762
ENSG00000105245.9	16.6459443579961	6	0.0106764280255045	0.0796569274471703
ENSG00000130638.17	8.13020049766055	6	0.228718873707974	0.582110277513446
ENSG00000130640.13	19.445746978643	12	0.0783241534470356	0.30211763941106
ENSG00000130675.15	7.78875186818459	6	0.253992056406713	0.614158415293689
ENSG00000130684.14	4.29060237084877	3	0.231745968113205	0.585489219902424
ENSG00000239382.10	4.37822816390326	9	0.884803866630154	0.999999882499827
ENSG00000130695.15	7.37599882919312	12	0.831799181385928	0.999999882499827
ENSG00000130699.18	0.437112524597069	3	0.932473586158827	0.999999882499827
ENSG00000130702.15	38.4830635125691	15	0.000765197251338784	0.0119672435509859
ENSG00000130706.13	1.75090627960162	3	0.625676091891105	0.933635012349433
ENSG00000130725.8	0.251805835549021	3	0.968822088628521	0.999999882499827
ENSG00000130726.12	10.4370000864146	21	0.972661392896153	0.999999882499827
ENSG00000130733.11	14.1050948948978	15	0.517573885349348	0.866520416893377
ENSG00000130741.11	8.56722889718367	3	0.0356341161610117	0.180651085514448
ENSG00000130749.10	8.85812876121236	9	0.450472019030739	0.815764786365
ENSG00000130755.13		3	1	
ENSG00000130758.8	6.06276284516844	9	0.73362065058707	0.982220322277297
ENSG00000130787.14	8.69237705278283	9	0.466141263580682	0.829183105233156
ENSG00000105364.14	0.491828132828232	3	0.920683032316238	0.999999882499827
ENSG00000130810.20	10.723878980978	12	0.55271877943407	0.891106862040296
ENSG00000130811.12	1.23568690012326	3	0.74445845324555	0.98761869871685
ENSG00000130813.18		15	1	
ENSG00000130818.12	2.96053597789637	6	0.813783448362889	0.999999882499827
ENSG00000130821.17	4.70275003457209	6	0.582462735266746	0.911495173539608
ENSG00000130844.18	13.7273014965199	12	0.318460272044173	0.692653705119827
ENSG00000130856.16		9	1	
ENSG00000130881.14	5.7034431217071	3	0.126964343926006	0.411233001119778
ENSG00000130921.8	7.39236227147194	6	0.286079956278547	0.656443520649503
ENSG00000105447.13	1.92804594844347	3	0.587474507266558	0.914352816293909
ENSG00000130935.10	17.6751086047807	12	0.12591732616503	0.409336171234021
ENSG00000130939.20	6.59761493440783	9	0.678932637694264	0.96245206760886
ENSG00000130958.13	0.414859820824859	3	0.937155983414254	0.999999882499827
ENSG00000131016.17	0.187809033656777	3	0.979532921439915	0.999999882499827
ENSG00000131051.24	256.690639628971	27	2.66721018605294e-39	3.25366302571133e-36
ENSG00000131069.20	21.4789643546519	9	0.0106854018694235	0.0796629769623404
ENSG00000131089.17	57.7992957341776	30	0.00168634996670941	0.0218844272940387
ENSG00000131143.10	2.21326360711828	6	0.899077108592856	0.999999882499827
ENSG00000131148.9	5.10324851695623	6	0.530640664008114	0.877883972725558
ENSG00000131149.19	15.8351555546251	18	0.604050737124658	0.92374479025253
ENSG00000260456.7	10.9630626331	9	0.278249311206652	0.646599768303727
ENSG00000131187.10	5.41606515801323	9	0.796636254374635	0.999999882499827
ENSG00000131196.17	1.86694507281447	6	0.931519729978579	0.999999882499827
ENSG00000131269.19	51.4245252195833	27	0.00310306065426891	0.0334616231215583
ENSG00000131351.15	7.37342309122323	6	0.287688821383399	0.657661093436541
ENSG00000131368.8	32.2684272627375	9	0.000178932200337976	0.003715317751273
ENSG00000131374.14		15	1	
ENSG00000131375.10	9.41018954313768	12	0.66755271953827	0.956944983081732
ENSG00000131381.12	1.91059631287226	3	0.591168487180364	0.916184415815972
ENSG00000131408.15	9.92749796366115	6	0.127738629629764	0.413358891838525
ENSG00000131459.13		3	1	
ENSG00000131469.15	0.977894593961537	3	0.806600597774881	0.999999882499827
ENSG00000131470.15	14.8086737788253	12	0.252066712585118	0.612072418043834
ENSG00000131504.17	4.34047594681033	6	0.630704563022371	0.937443877115345
ENSG00000131507.11	3.05404104673653	3	0.383367927168398	0.753175246009828
ENSG00000131508.16	2.3080042739748	6	0.889305929016396	0.999999882499827
ENSG00000131558.15	9.39053585121292	3	0.024524846519435	0.139718608980249
ENSG00000131626.18	9.65674211199439	12	0.646045873469636	0.944263866649387
ENSG00000059122.17	12.3314564385582	21	0.930234389891193	0.999999882499827
ENSG00000131652.14	6.21630986558012	6	0.399400474607356	0.771177041448787
ENSG00000131725.14	1.12931751698943	3	0.77000184466969	0.999394600629273
ENSG00000131732.12	22.4857821497426	15	0.0956847470580886	0.346390034437485
ENSG00000131746.13	3.97249202437774	3	0.26444985569086	0.627533782655339
ENSG00000131759.18	8.5022269515157	9	0.484429811317133	0.842868722035581
ENSG00000131791.8	7.58160073640238	6	0.270385813743156	0.635863520867887
ENSG00000089280.19	3.80467429634882	6	0.703089351886502	0.973295851760876
ENSG00000131797.12	10.2731002634137	9	0.328832070542497	0.702837475348515
ENSG00000131873.7	13.9998927651459	3	0.0029052987428823	0.0321096380880956
ENSG00000131876.17	8.65419608313823	6	0.193980036909614	0.528637581737204
ENSG00000121281.13	48.3973860038659	15	2.19370752112978e-05	0.000667547057273425
ENSG00000131931.8	2.00781849538862	3	0.570785533411224	0.904478523025431
ENSG00000131944.10		9	1	
ENSG00000131966.14	65.3451344938949	21	1.91975642915239e-06	8.88817259802182e-05
ENSG00000131979.20	5.84856639013651	3	0.119214787978113	0.395854751915073
ENSG00000131981.16	4.08280095897499	3	0.252660816200242	0.61268411860909
ENSG00000196757.8	21.2905523299603	6	0.00162658068038909	0.0213644695288252
ENSG00000132003.9	0.493853439298619	3	0.920239694286651	0.999999882499827
ENSG00000132005.9	2.74784151825361	6	0.839764359115935	0.999999882499827
ENSG00000132017.10	7.00993540104173	6	0.319929356086548	0.694211381531777
ENSG00000115884.11	0.733525584681047	3	0.865291478867493	0.999999882499827
ENSG00000132196.15	3.86260522614248	6	0.69526333852201	0.969019554503898
ENSG00000179532.13	9.66452649092412	6	0.139509096434552	0.435113222149183
ENSG00000132254.12	10.9085693639936	6	0.0912436445149402	0.335258556785129
ENSG00000132275.11	5.99340726451919	9	0.740577940851472	0.985813146004245
ENSG00000132286.12	38.4308601452103	9	1.45864401020821e-05	0.00049085885846972
ENSG00000132300.19	17.4247436691367	15	0.294113448308628	0.665180334193257
ENSG00000132305.20	5.92697670792404	9	0.74720396515741	0.988695043528133
ENSG00000132313.15	14.7023626389419	6	0.0227023734904983	0.132112380974224
ENSG00000132323.9	8.94739056482285	6	0.176558478932344	0.502265483989767
ENSG00000132330.18	19.2710311334922	18	0.375315062512083	0.745813752754593
ENSG00000132359.15	8.95211331634528	9	0.441706271443634	0.808895934523044
ENSG00000132382.15	20.211216419324	12	0.0631944705272776	0.260721926257753
ENSG00000132383.12	15.5929855005088	6	0.0161135777704359	0.104673374676209
ENSG00000132394.11	1.097453194634	3	0.777688927903272	0.999999882499827
ENSG00000132406.12	1.62987804193472	3	0.652634308824735	0.949330484397166
ENSG00000132423.12	0.0643284083089384	3	0.995743455359483	0.999999882499827
ENSG00000132429.10	34.003556620979	6	6.71676890810865e-06	0.0002580667235206
ENSG00000132434.9		6	1	
ENSG00000132463.14	8.0269273629383	9	0.531434880821941	0.877883972725558
ENSG00000132475.10	3.34865095012356	9	0.948855566933107	0.999999882499827
ENSG00000132481.7	5.68592268130306	6	0.459276140544782	0.822596542725664
ENSG00000132485.14	38.4471559256199	12	0.000129732531542854	0.00287740858028798
ENSG00000132510.10	6.88907287946768	6	0.331227695321354	0.704698294885785
ENSG00000132541.11	1.52662657364272	3	0.676138706051402	0.960611098028189
ENSG00000132561.14	5.05367136238715	12	0.956162217586867	0.999999882499827
ENSG00000132563.16	4.38477345509909	6	0.624755899063594	0.932906699006366
ENSG00000132570.15	8.68475429904493	6	0.19209880738407	0.526007929646785
ENSG00000132603.15	1.11656945325376	3	0.773075732426028	0.999999882499827
ENSG00000132604.11	18.4218120003588	9	0.030583429017597	0.16238502926155
ENSG00000132612.16	0.828028128642472	3	0.842751992338379	0.999999882499827
ENSG00000132639.13	10.2442389318462	6	0.114736279086623	0.387744799116221
ENSG00000132640.15	26.2236699679306	15	0.0357364012672629	0.180981598322376
ENSG00000132669.13		3	1	
ENSG00000132740.10	35.5613638166969	24	0.0604997952896135	0.255039957767317
ENSG00000132749.11	8.05775827133311	12	0.780600630677325	0.999999882499827
ENSG00000132768.14	22.5048737339675	15	0.0952331135699379	0.345494407185511
ENSG00000132823.11	1.50762839174422	3	0.680510823994099	0.962635478760564
ENSG00000132824.14	5.30497665342409	3	0.150779789377971	0.456751920690287
ENSG00000132846.6	1.29922024979442	6	0.971700680860568	0.999999882499827
ENSG00000132952.12	3.3993700203514	3	0.334049917948993	0.707580728186206
ENSG00000132953.16	1.99018924612938	3	0.574445458310668	0.906542901904982
ENSG00000133027.18	0.147675690124743	3	0.985558135843051	0.999999882499827
ENSG00000133028.12	7.34341119400051	3	0.0617213786521908	0.25777965918786
ENSG00000133101.10	1.98654720925362	3	0.575203571621237	0.907062799095035
ENSG00000133121.21	3.06356845003245	3	0.381927638381645	0.751821020566153
ENSG00000133131.15	5.24258322482365	6	0.513097658233892	0.863581040552866
ENSG00000141219.15		9	1	
ENSG00000133195.11	5.89047866441797	9	0.750827672692469	0.989644416235252
ENSG00000133243.10	10.2372178978731	9	0.331624746526204	0.705074305504922
ENSG00000133247.14	77.3995135406185	12	1.28991158980339e-11	2.62255150101901e-09
ENSG00000133250.14	6.90646291154553	9	0.646857446628597	0.945012248749773
ENSG00000133265.11	1.22393334184017	6	0.975686071337515	0.999999882499827
ENSG00000133275.16	9.6948918250273	9	0.375745361612578	0.746062865509084
ENSG00000176225.14	10.1561441478248	9	0.337993064120963	0.710418762170251
ENSG00000133315.12	6.34607207502995	12	0.897641860207492	0.999999882499827
ENSG00000133393.13	4.01055857007668	6	0.675247472425613	0.960611098028189
ENSG00000133460.19	11.7426006329115	12	0.466566951352959	0.829492650524855
ENSG00000133488.15	1.18037475687515	3	0.757715000955758	0.994095880224176
ENSG00000241973.11	2.83456384449164	9	0.970494159251288	0.999999882499827
ENSG00000133606.11	2.81175427063499	6	0.832075658206222	0.999999882499827
ENSG00000133627.18	15.1908401251694	9	0.0858255504949881	0.320662920092109
ENSG00000133639.6	0.871476625150535	3	0.832305121204036	0.999999882499827
ENSG00000133687.16	7.86106326990921	9	0.548206193445888	0.888848278569693
ENSG00000133703.13	2.63428425543225	3	0.451510750987109	0.8162825896412
ENSG00000133704.10	0.290784200324197	3	0.961752301951985	0.999999882499827
ENSG00000133731.10	24.4521147348478	12	0.0176434954830202	0.111445895305758
ENSG00000133740.11	14.2963152603006	12	0.282187750680609	0.651649375033616
ENSG00000133773.12	5.89877629361581	6	0.434624343102014	0.802098896432026
ENSG00000133816.16	15.3091426959037	6	0.0179838581074889	0.113049291119719
ENSG00000133812.16	29.3566923765575	15	0.0144647146236131	0.09758047386612
ENSG00000133818.14	4.87890886131027	3	0.180881827209404	0.507968518960884
ENSG00000133872.14	2.59718437542324	3	0.457983376067248	0.821585969808232
ENSG00000133943.20	0.300462617663356	3	0.959941450934876	0.999999882499827
ENSG00000213463.5	3.77974326588537	3	0.286251137171081	0.656527578766765
ENSG00000133997.12	13.4751445443344	9	0.142258413491928	0.440730113418327
ENSG00000134001.14	20.2734680521826	12	0.0620864999974299	0.258380449243035
ENSG00000134014.17	11.724870578877	12	0.468021009725014	0.829685201436224
ENSG00000134030.14	12.1321347991234	12	0.435126957116973	0.802722868526378
ENSG00000134046.12	0.0668353820292396	3	0.995495597068338	0.999999882499827
ENSG00000134049.6	2.46983339831058	3	0.48076754061494	0.840826241731398
ENSG00000134056.12	1.34918200343964	6	0.968876623151899	0.999999882499827
ENSG00000134057.15	0.539444994472433	3	0.910143884541961	0.999999882499827
ENSG00000134058.12	7.1001133755999	12	0.850927293011573	0.999999882499827
ENSG00000134072.11	3.48917669133152	6	0.745409128733389	0.987973337947731
ENSG00000134086.8	3.5017942201539	6	0.743730966888609	0.987279066667134
ENSG00000134107.5	6.28502805133394	6	0.392030133684373	0.762972546804176
ENSG00000134146.12	35.1712505021715	12	0.000439783302038983	0.00786052242600445
ENSG00000134152.11	20.7533269059131	15	0.144897470280313	0.445511787166219
ENSG00000116337.19	28.4436152075177	18	0.0556173871910776	0.241445765835287
ENSG00000134202.11	1.95477632898837	3	0.58184590011156	0.911287777112617
ENSG00000134243.12	2.08175725663205	6	0.912027826812332	0.999999882499827
ENSG00000134253.10		9	1	
ENSG00000134262.13	34.4044379362222	9	7.58541862363158e-05	0.00183232921653516
ENSG00000134283.18	42.0313255210858	15	0.000222271728812056	0.00439099150096529
ENSG00000134285.11	58.9981941320057	24	8.83430022733211e-05	0.00209766267441689
ENSG00000134287.10	133.247764979329	6	2.65999388227711e-26	1.62243001857139e-23
ENSG00000134291.12	16.6435091573512	9	0.0546001919330427	0.238994426597043
ENSG00000134294.14	3.38316638942342	3	0.336234152776008	0.709012337281993
ENSG00000134297.6	12.0281801828096	9	0.211725300516513	0.557234953543865
ENSG00000134313.16	0.265134370548367	3	0.966446593611164	0.999999882499827
ENSG00000134324.12	3.10218610206357	6	0.795916480202635	0.999999882499827
ENSG00000049759.19	12.5452995662399	18	0.817846267546847	0.999999882499827
ENSG00000134440.12	25.5983359114907	3	1.15745885652802e-05	0.000401980106080319
ENSG00000134444.15	16.9402298704899	12	0.151859530157974	0.458113494532201
ENSG00000134480.16	3.61139044562879	3	0.306599912412812	0.679252791200145
ENSG00000134508.12	4.74504629575586	6	0.576903706957352	0.908278111306901
ENSG00000134531.10	12.0129176413062	9	0.212582049751387	0.559037516444028
ENSG00000134574.12	2.58476516018709	6	0.858863087113844	0.999999882499827
ENSG00000134575.13	23.2980194409211	6	0.000702567979213651	0.0113328279490017
ENSG00000134644.16		15	1	
ENSG00000134686.18	3.97202375100642	6	0.680462527812651	0.962635478760564
ENSG00000134744.14	12.8986794373704	15	0.610123739851685	0.925516322245252
ENSG00000134748.13	2.56522691957434	6	0.861097501719994	0.999999882499827
ENSG00000134758.14		9	1	
ENSG00000134809.9	0.493309911165852	3	0.920358717507671	0.999999882499827
ENSG00000124942.14	7.83479984014048	3	0.0495521728598102	0.223879469879115
ENSG00000134824.14	1.81154444151252	6	0.936189260171923	0.999999882499827
ENSG00000134827.8	5.71448419188209	3	0.126358285477437	0.410482620542025
ENSG00000174799.11	0.795592977168553	3	0.850520842261812	0.999999882499827
ENSG00000134897.14	18.6944001107731	21	0.604736832504155	0.92374479025253
ENSG00000134905.17	17.9856906497662	3	0.000442848704893968	0.00790084188493645
ENSG00000092421.17	4.35479026677771	3	0.225614167746253	0.577437362453628
ENSG00000134982.17	3.38605311252513	6	0.759062898239314	0.994454936758956
ENSG00000134986.14	19.3155190516591	18	0.372640718396507	0.743225172865626
ENSG00000135018.14	0.697610124807397	3	0.873765927454242	0.999999882499827
ENSG00000135063.19	4.94056596234987	12	0.959934650769454	0.999999882499827
ENSG00000135083.16	24.8990879949779	12	0.0153083699699549	0.101140943706076
ENSG00000135093.13	2.68111000252156	3	0.443447002452825	0.809502300212705
ENSG00000135111.16	24.2250954763076	9	0.00395927226431913	0.0395481453710239
ENSG00000135114.12	12.7922600432694	6	0.0464560824092888	0.216063446844883
ENSG00000135119.14		18	1	
ENSG00000135148.12	1.41323217752506	3	0.702435987640809	0.973295851760876
ENSG00000135185.12	4.73855363969233	6	0.577755864770578	0.908966545912634
ENSG00000135241.17	26.6909300755815	12	0.00855855664044458	0.0676847279206634
ENSG00000135245.10	1.15289109831792	3	0.764323695086694	0.99719718453891
ENSG00000135249.8	2.13586575381851	3	0.544691022971503	0.887418980497312
ENSG00000005483.21	19.3444015390851	15	0.198549321952712	0.536351578913665
ENSG00000135314.12	14.2715721569966	12	0.283703455424236	0.653911672528371
ENSG00000135315.12	4.49714025961521	6	0.609720774876087	0.925463738182057
ENSG00000135318.12	1.33044972064317	6	0.969952153869967	0.999999882499827
ENSG00000135334.9	9.4315771180336	3	0.024070516976368	0.137935510964401
ENSG00000135336.15	1.71226610976373	6	0.944170379032947	0.999999882499827
ENSG00000037897.17	11.9781467980429	12	0.447436300518376	0.813588756616141
ENSG00000135404.12	1.12670865259133	3	0.770630733184789	0.999716578959222
ENSG00000135406.14	14.2305393693823	9	0.114357576613859	0.387505413255088
ENSG00000135414.10	0.716401555255288	3	0.869339524753418	0.999999882499827
ENSG00000135437.10	9.49920565927232	9	0.392524765900575	0.763686042747948
ENSG00000258311.5	7.89324380251992	6	0.246029365953742	0.603607422180489
ENSG00000135446.17	9.40062029790715	9	0.401144702335072	0.772145231581547
ENSG00000135451.13	3.17766052659135	6	0.786240983947832	0.999999882499827
ENSG00000135452.10	10.8315463483596	12	0.543407774557615	0.886364110297136
ENSG00000135457.10	5.96010759178353	9	0.743904170517712	0.987319570254638
ENSG00000135473.15	35.65747407054	24	0.0592292639120099	0.25109399935591
ENSG00000135476.12	29.8071020791795	12	0.00298526055212101	0.0327545584174064
ENSG00000135482.7	13.8745609037808	6	0.0310692103396309	0.164249416957994
ENSG00000135503.13	2.66472980672006	6	0.849595412622171	0.999999882499827
ENSG00000135506.16	22.4370155878278	15	0.096846661423795	0.34927072019025
ENSG00000135597.19	55.5645831801812	18	1.04383828806359e-05	0.000373143511106689
ENSG00000115317.12	18.0760127841349	12	0.113401928893015	0.385471760385558
ENSG00000135624.16	7.78316700377036	3	0.0507121324725776	0.226810128689223
ENSG00000135631.17	14.7932957383955	6	0.0219267940601321	0.129217139633351
ENSG00000135677.11	3.41367967941187	6	0.755416561704996	0.992788185149033
ENSG00000135679.25	62.5246770045778	21	5.25922492531751e-06	0.000208637301000705
ENSG00000135686.13	17.6939480570272	12	0.12530423067272	0.408841185936167
ENSG00000135698.10	1.5575929863553	3	0.669043081743233	0.958027755220697
ENSG00000205084.11	14.1632338331983	18	0.718389921367235	0.975924508114625
ENSG00000135709.12	2.12798037771245	3	0.546272915542221	0.887840483874862
ENSG00000103034.14	1.16584889682673	3	0.761206261537331	0.995071128790791
ENSG00000135720.13	12.8296402632841	6	0.0458224684225759	0.214064848892254
ENSG00000135722.9	43.3378745031969	15	0.000139514653683641	0.00303194320293405
ENSG00000135723.14	9.83174877018973	6	0.131918610103124	0.420992058860819
ENSG00000135749.19	9.30539645089038	15	0.861015470653467	0.999999882499827
ENSG00000135763.10	6.48360205252538	3	0.090311446593528	0.333087455520121
ENSG00000135801.9	18.8895521873055	9	0.0261485585419655	0.145625244363341
ENSG00000135823.14	0.995462314147517	3	0.802349942146266	0.999999882499827
ENSG00000135838.13	48.3099376560963	12	2.76035162725732e-06	0.000120260140760733
ENSG00000135862.6	7.8336432477081	3	0.0495778714173898	0.223884042496426
ENSG00000135870.12	5.94517310853354	3	0.114308355197645	0.387473163728313
ENSG00000135899.18	13.2507143425458	6	0.0392229136437289	0.192001138433231
ENSG00000135902.10	5.72687817361441	3	0.125681244296293	0.409185643859195
ENSG00000135905.19	1.69944395507036	3	0.637057424254435	0.939921376931382
ENSG00000135912.11	22.993739815618	18	0.190830809875962	0.52444885203591
ENSG00000135913.11	12.7227775890981	6	0.0476556833785106	0.219270067935354
ENSG00000135919.14	3.05371147699043	3	0.383417831968114	0.753175246009828
ENSG00000135926.15	2.36924785210613	6	0.882804337338303	0.999999882499827
ENSG00000135930.14	47.9901816198981	6	1.18696660149925e-08	1.10320067276487e-06
ENSG00000135945.10	42.3364391848227	24	0.0118292414556061	0.0851967286828486
ENSG00000135953.11		15	1	
ENSG00000135956.9	0.116679052407562	3	0.989763370347179	0.999999882499827
ENSG00000135966.13	3.39895926561667	3	0.334105133259764	0.707580728186206
ENSG00000135974.10	2.11356373766284	3	0.549173604494667	0.889289561509781
ENSG00000196912.12		18	1	
ENSG00000136044.12	12.3491313459008	6	0.0546182303376123	0.238994426597043
ENSG00000136048.14	16.9438024272513	6	0.00949201284689862	0.0733238140960405
ENSG00000136052.9		9	1	
ENSG00000136108.15	9.02212101768964	9	0.435234732906352	0.802739200746028
ENSG00000136114.17	2.91106511154953	3	0.405541413857031	0.776627457494681
ENSG00000136144.12		3	1	
ENSG00000136146.15	1.55618082531873	6	0.955675697388961	0.999999882499827
ENSG00000136169.16	0.469208256915636	3	0.925602234310089	0.999999882499827
ENSG00000106086.20	16.8099440357591	15	0.330352381148729	0.703756578832229
ENSG00000136213.10	2.50532187485806	3	0.474330069111618	0.83555724629247
ENSG00000136231.14	16.9155371488596	12	0.152802240169653	0.46038810182638
ENSG00000136235.17	21.1921261720272	6	0.00169432676885563	0.0219203402481965
ENSG00000136240.10	9.92280154651962	6	0.12794088588433	0.413435465346086
ENSG00000136243.17	11.2489856871762	12	0.507709750631047	0.860202316237042
ENSG00000136244.12	44.5646446175106	6	5.71127958456233e-08	4.4589101972595e-06
ENSG00000136261.15	2.89584066637326	6	0.821801847850796	0.999999882499827
ENSG00000136270.14	7.23086587109719	9	0.61309670184081	0.926944870896631
ENSG00000136271.10	1.91644923698914	6	0.927220040030763	0.999999882499827
ENSG00000136273.13	17.2040797322334	12	0.142080439615368	0.440318517055057
ENSG00000136280.17	4.98192458788253	6	0.546133515017417	0.887840483874862
ENSG00000136295.15	1.49698538355733	3	0.682966276841486	0.963262017038078
ENSG00000136305.11	4.63682202613927	6	0.591162469303831	0.916184415815972
ENSG00000136319.12	4.45227179258291	9	0.879209082449319	0.999999882499827
ENSG00000103740.10	2.73591459883801	3	0.434158446879329	0.801693904086163
ENSG00000136371.11	2.66788581116271	6	0.849225706392372	0.999999882499827
ENSG00000136381.13	13.2534821268364	9	0.151467897927403	0.457665887409959
ENSG00000136436.15	20.5339622740867	12	0.0576357034723692	0.247238167115099
ENSG00000136444.10	2.44854841504093	3	0.48466133508984	0.842868722035581
ENSG00000136448.12	7.26598674019624	12	0.839547056336263	0.999999882499827
ENSG00000136450.13	30.5051515538362	18	0.0328154110582543	0.170888792165157
ENSG00000136451.9	6.13247388469426	6	0.408515207734161	0.779312124948373
ENSG00000136490.9		3	1	
ENSG00000136492.9	0.907285336337281	3	0.823669343189093	0.999999882499827
ENSG00000136504.13	1.44709945910472	3	0.694532433452431	0.968698167730301
ENSG00000136521.13	10.7527028777986	6	0.0963268089455667	0.348038996112471
ENSG00000136522.14	1.49069846898783	3	0.684418776882863	0.964036572469865
ENSG00000136527.18	69.9060909450927	18	4.6876934118584e-08	3.74977049232181e-06
ENSG00000136536.15	6.23202062830751	9	0.716490828474645	0.975924508114625
ENSG00000136560.14	10.3057488156264	15	0.800079466238596	0.999999882499827
ENSG00000136603.14	35.4415000694962	12	0.000398177691407817	0.00720930629025767
ENSG00000136682.15	4.13631127417466	9	0.902213798659212	0.999999882499827
ENSG00000136710.10	17.4909108464744	12	0.132045142923006	0.421258107154501
ENSG00000136715.19	1.70522329204232	6	0.944717308620867	0.999999882499827
ENSG00000136717.15	1.5655518519925	9	0.996630621241061	0.999999882499827
ENSG00000136718.10	24.4550038849993	18	0.140678986362482	0.437643043644076
ENSG00000136731.13	19.399085807403	12	0.0793417798875163	0.304721145187828
ENSG00000157654.19	6.52589913965858	12	0.887290751532822	0.999999882499827
ENSG00000136813.14	1.90165865022209	3	0.593066501806362	0.917040043134608
ENSG00000136816.16	1.41335698540206	3	0.702406788142511	0.973295851760876
ENSG00000136828.19		12	1	
ENSG00000136848.17	1.99159892972784	3	0.574152207898931	0.906389441050141
ENSG00000136870.10	2.30691097022054	6	0.889420699513489	0.999999882499827
ENSG00000136874.11	21.0202246710605	12	0.0500850754883037	0.225287686590776
ENSG00000136933.17	4.18612893656973	6	0.651504361812105	0.948419598431548
ENSG00000136940.14	0.715025684348802	3	0.869664194725853	0.999999882499827
ENSG00000136943.11	1.07790065021072	3	0.782411453806674	0.999999882499827
ENSG00000136950.13	32.1780060063466	6	1.50842190025212e-05	0.000500703718522464
ENSG00000136986.10	4.44465303568722	6	0.616733311790362	0.929874909092901
ENSG00000136997.20	9.73283032947802	6	0.136363416873473	0.430034154645252
ENSG00000136999.5	2.73941415593526	3	0.433570772180678	0.801598980904903
ENSG00000137040.10	6.13655214741084	3	0.10515240238427	0.368864951426346
ENSG00000137075.18	24.1878873017786	6	0.000482284869070689	0.00846514035478571
ENSG00000137133.11	9.91685025289189	6	0.128197592295282	0.413532581327247
ENSG00000137171.15	7.90873391225068	12	0.79222123328141	0.999999882499827
ENSG00000137177.20	6.66659394516682	9	0.671786563662148	0.959035265473801
ENSG00000137216.19	2.62099119100094	3	0.453821398572803	0.818035284202436
ENSG00000137218.10		3	1	
ENSG00000137221.14	45.351145790326	21	0.00155725269966064	0.0207612419344101
ENSG00000137275.14	1.9672337964339	3	0.579235229088358	0.910413367800497
ENSG00000204568.12	15.3973813987395	3	0.00150670439956378	0.0203937978298793
ENSG00000137331.12	70.9072023558838	3	2.72886537383584e-15	9.51107042259427e-13
ENSG00000204540.11	1.99823246268352	3	0.572773644509566	0.906274338413434
ENSG00000213780.11	17.0796836144873	9	0.0474826634594041	0.218886779735628
ENSG00000137404.14	17.2307791434359	15	0.305256671032734	0.677621407022257
ENSG00000137434.11		3	1	
ENSG00000137492.8	8.95270928492391	6	0.176255187984755	0.501771989365001
ENSG00000137496.18	2.15118112932601	3	0.541628061931229	0.884503304728832
ENSG00000137500.9	27.6864931718592	18	0.0669891308557783	0.272054485235764
ENSG00000137502.10	27.3212553455032	6	0.000126053765656819	0.0028085815046687
ENSG00000137504.13	49.7087672834859	9	1.2219360651016e-07	8.70428763454488e-06
ENSG00000137547.9	8.73295226621849	6	0.189162988979152	0.52266183732943
ENSG00000137574.11	3.88281888326583	3	0.274398756243558	0.641402984953505
ENSG00000137575.12	10.883452187365	9	0.28378241142044	0.653939209693524
ENSG00000181381.13	17.7341089267393	6	0.00693218655773717	0.0582196287581386
ENSG00000036672.16	6.24038506137595	3	0.100483018746655	0.357366537882146
ENSG00000137692.12	8.59173847665079	9	0.475780428100866	0.836602017628172
ENSG00000255561.7	0.731020757731358	3	0.86588442215057	0.999999882499827
ENSG00000137720.8	3.36689474780724	6	0.761586217188626	0.995355550226838
ENSG00000137760.15	21.7140517944811	6	0.0013641221956475	0.0188029216205141
ENSG00000137767.14	4.52615332957521	6	0.605853092635547	0.924553609230697
ENSG00000137770.14	16.6176074255764	15	0.342232787223066	0.713700009923652
ENSG00000137801.11	1.28431918160641	3	0.732859967372813	0.98195464288378
ENSG00000137804.14	68.6489053441328	15	7.76599415714128e-09	7.65538757369109e-07
ENSG00000137806.9	1.63402676400437	6	0.950100020376425	0.999999882499827
ENSG00000137807.15	51.2866916982384	15	7.40669719071743e-06	0.000280830649015566
ENSG00000137814.12	16.8487229786115	15	0.327987934412468	0.70178343607351
ENSG00000137817.17	54.3603235711708	30	0.00419036751289009	0.0410195102902998
ENSG00000137818.12	1.34469503350556	3	0.718548140678597	0.975924508114625
ENSG00000137821.12		18	1	
ENSG00000137822.13	10.2068846443453	9	0.333997936907646	0.707580728186206
ENSG00000137824.16	0.672430654907657	3	0.879668570100982	0.999999882499827
ENSG00000137825.11	0.716285298937692	3	0.8693669616679	0.999999882499827
ENSG00000137841.12	14.1265103562462	9	0.117895639129366	0.394013320238437
ENSG00000137842.7	0.84507786841823	3	0.838657352881323	0.999999882499827
ENSG00000137845.15	39.0212424148995	18	0.00283099263851682	0.0315744653248979
ENSG00000137936.18	21.4060038731477	6	0.0015504912146497	0.0207612419344101
ENSG00000137942.16	4.02358388139919	3	0.258928732184831	0.621161626694141
ENSG00000137944.18	4.96074491318177	6	0.548857678169068	0.889012793568786
ENSG00000137996.13	3.19217459116953	6	0.784369144010841	0.999999882499827
ENSG00000011523.14	1.82595775929758	3	0.609302593548167	0.925463738182057
ENSG00000138002.16	35.0362538042009	24	0.0678650745169737	0.273588407781811
ENSG00000138018.18	11.5111676140696	6	0.0738058558701977	0.29015686113568
ENSG00000138030.13	5.41258172286507	3	0.143961701102909	0.444033578085741
ENSG00000138031.14	23.0343737426447	18	0.189272674946116	0.522816879365737
ENSG00000138035.15	2.84223751358513	3	0.416593985416854	0.786889441872747
ENSG00000138036.18	3.47314154624382	9	0.942557262473041	0.999999882499827
ENSG00000138071.14	0.495235135735129	3	0.919936977636394	0.999999882499827
ENSG00000138073.14	4.26958105366793	3	0.23378717665926	0.588391487575376
ENSG00000138078.16	11.2718586353967	6	0.0803290347645626	0.307376166640359
ENSG00000138092.11	20.6881587869793	18	0.29543671079703	0.666423263414397
ENSG00000138095.19	4.92105636857741	6	0.553977471296805	0.891534654087321
ENSG00000138162.19	39.7259939369251	15	0.000498747856485008	0.00864739981766411
ENSG00000138172.11	19.3064351492717	6	0.00367622765046604	0.0375664907387129
ENSG00000138182.14	8.12364721745962	6	0.229183872762716	0.582449326638372
ENSG00000138190.17	3.41113102770805	6	0.755753319230008	0.992918234028763
ENSG00000187164.20	7.03735907052578	6	0.317406076203087	0.691575328793463
ENSG00000068078.19	8.92164613851855	12	0.709607938687182	0.973417026750243
ENSG00000138231.13	6.31361461670895	3	0.0973101271159253	0.349601846020158
ENSG00000163781.14	23.0040235017586	12	0.0276918033550411	0.151822645472947
ENSG00000138246.17	1.77398339932461	3	0.620612737782195	0.931230060633501
ENSG00000119042.17	0.820828611269121	3	0.844478891142273	0.999999882499827
ENSG00000138376.11	3.27436664190577	3	0.351226295108714	0.721841975382326
ENSG00000138381.10	0.848285467891401	3	0.837886279765775	0.999999882499827
ENSG00000138382.15	3.59602821290173	6	0.731152817969951	0.98160962313506
ENSG00000138398.16	74.8766501087011	15	5.96005072721415e-10	8.55354927160042e-08
ENSG00000138442.10	4.70154848258244	12	0.967212053918249	0.999999882499827
ENSG00000138443.17	29.4623035715777	15	0.0140150957867015	0.095312417966843
ENSG00000138448.12	3.68558850053887	3	0.297477512777807	0.669304294473956
ENSG00000138459.9	17.014895057182	9	0.048483231381715	0.221052853165337
ENSG00000138463.9	0.719330120902669	3	0.868648165241909	0.999999882499827
ENSG00000138495.6	1.34323308913736	6	0.969220352355989	0.999999882499827
ENSG00000084463.8	1.78800875200977	3	0.617547835983174	0.930049839698829
ENSG00000171681.12		12	1	
ENSG00000070961.15	12.1700817682249	9	0.203889882051488	0.544692405951402
ENSG00000029153.14	13.1989210458833	9	0.15380994402238	0.46265073715615
ENSG00000091039.17	9.76779286049396	9	0.369608825539887	0.74093553305611
ENSG00000064102.15	3.75242662045639	3	0.289468417305661	0.660028571141575
ENSG00000060982.15	86.1136374796188	9	9.77379379786849e-15	2.98070167729371e-12
ENSG00000058272.19		12	1	
ENSG00000120802.14	1.86392370706744	3	0.601124176227006	0.92151599682679
ENSG00000059758.8	0.821906499068973	3	0.844220430344598	0.999999882499827
ENSG00000028203.18		18	1	
ENSG00000111142.14	4.5740585115127	6	0.599481342779958	0.921313137667655
ENSG00000118600.12	3.80812554914519	9	0.923581165619945	0.999999882499827
ENSG00000100578.18	53.0100292778334	27	0.00200697609074004	0.0248554310527056
ENSG00000020426.11	6.28456158349582	6	0.392079856770463	0.762972546804176
ENSG00000126814.7	0.968768627934878	3	0.808808410634757	0.999999882499827
ENSG00000047621.12	18.6624305946152	9	0.0282211660052561	0.153603100415669
ENSG00000080371.6	0.711714174343797	3	0.87044525947495	0.999999882499827
ENSG00000088451.11	0.544949884612834	3	0.908910779878207	0.999999882499827
ENSG00000053254.15	4.50045266469351	9	0.875503981925063	0.999999882499827
ENSG00000100764.14	1.52238245477201	3	0.677114189607643	0.961228763255115
ENSG00000113593.12	53.3145588027601	9	2.54769511709444e-08	2.16199623023693e-06
ENSG00000111412.6	6.07324485893787	9	0.732565837551766	0.98195464288378
ENSG00000075643.6	14.7570507842847	3	0.00203648793038321	0.0251284505270828
ENSG00000172466.16	1.55640847665745	3	0.669313785745949	0.958027755220697
ENSG00000186812.13	11.7554558173961	12	0.465513880301161	0.828551879966994
ENSG00000070018.9	7.29664659142236	3	0.0630202515031638	0.260587386925033
ENSG00000119801.13	8.88820849056356	6	0.179963448793137	0.507533101014565
ENSG00000113368.12	7.05824539328751	3	0.0700642836177446	0.280113618937145
ENSG00000064652.11	2.46529762699538	6	0.87233101850916	0.999999882499827
ENSG00000005189.19	9.02754620835549	12	0.700575835873918	0.972506954721697
ENSG00000103489.12	1.79156483863153	3	0.616772239630941	0.929874909092901
ENSG00000069248.12	16.916597613581	6	0.00959469751116792	0.0738550195233237
ENSG00000110880.11	5.66103234516049	3	0.129318139624989	0.415738851528547
ENSG00000126749.16	16.547947666666	9	0.056283973978506	0.243257441123224
ENSG00000113048.17	3.9212863435896	3	0.270090187712217	0.635441210675873
ENSG00000113163.17	10.4161943840554	15	0.792776026096232	0.999999882499827
ENSG00000049860.14	7.39344394375803	9	0.596227434395375	0.91978873415499
ENSG00000109790.16	6.60387514951435	6	0.359037493933961	0.731339366166046
ENSG00000078140.14	24.3240700588212	15	0.0597906293265892	0.252924469700123
ENSG00000121897.15	23.0022405593227	18	0.190504044970886	0.524099445799634
ENSG00000078177.14	7.20971456584766	3	0.0655055014304604	0.267117721262352
ENSG00000109787.13	4.95828773665562	3	0.174877126433767	0.499013414288634
ENSG00000065882.16	50.2644474150111	15	1.09000608441577e-05	0.000385411933978749
ENSG00000081019.13	16.0284494973789	6	0.013602079668179	0.0932181850293249
ENSG00000009307.16	8.80485200337716	9	0.455479762037133	0.819984129763935
ENSG00000065600.13	14.600178894585	3	0.00219225392617165	0.0262828084342864
ENSG00000054392.13	15.7871031557179	12	0.201182873080368	0.540717063726608
ENSG00000082512.15	11.2650788773481	6	0.08052130284732	0.307852327588975
ENSG00000092020.10	32.3190607458128	12	0.00123521982902338	0.0173196987233321
ENSG00000100902.11	1.40692087280331	3	0.703913245004039	0.973417026750243
ENSG00000129625.13	19.1935619464202	9	0.0235964663601683	0.135857177114385
ENSG00000112893.9	10.550574725572	6	0.103299890518303	0.364213586935722
ENSG00000129595.14	9.46746442864696	9	0.395288065160862	0.766298631657949
ENSG00000102780.17	10.923283337476	3	0.0121480275950084	0.0865347454742239
ENSG00000108641.19	29.9277262365358	15	0.0121847925703532	0.0867333265456435
ENSG00000128487.16	12.8728964167967	15	0.612114796494204	0.926287532793756
ENSG00000052802.13	0.828526185025112	3	0.842632478466816	0.999999882499827
ENSG00000129116.19	24.7194909225837	15	0.0538397879101862	0.236480764077602
ENSG00000128915.12	40.2821337187706	24	0.019941517802096	0.120800293128898
ENSG00000089916.18	41.3765715378904	24	0.0151397626341153	0.100304781769403
ENSG00000100603.14	15.8329384058379	9	0.0704532980749339	0.281004536842196
ENSG00000009830.12	22.8925861991702	12	0.0286518163074046	0.154739528661624
ENSG00000070269.14		15	1	
ENSG00000053770.12	20.6920892181261	12	0.0550752530049929	0.239625231420297
ENSG00000118620.13		3	1	
ENSG00000065150.21	9.45018640624767	9	0.396797057626499	0.768474396780512
ENSG00000083093.10		12	1	
ENSG00000047578.13	16.2135408772469	12	0.181650112633512	0.509256951792714
ENSG00000101577.9	3.48761192924167	3	0.32237236984376	0.695870815595057
ENSG00000079134.12	34.0377128437976	12	0.000665365959989295	0.0108221773392259
ENSG00000101557.15	20.3745846510574	12	0.0603236578378596	0.254517326778933
ENSG00000128731.18	19.865798816325	15	0.177141482010179	0.503120409689135
ENSG00000103257.9	7.68465986161027	3	0.0529988435034601	0.233505965575741
ENSG00000120805.14	8.46013542074797	9	0.488520969497839	0.844847801050756
ENSG00000006695.12	6.18009522055945	3	0.103169492546265	0.364213586935722
ENSG00000072310.17	19.1701615613274	15	0.20612631190083	0.548564678985602
ENSG00000011295.16	8.4957606836615	9	0.48505733145125	0.843262885379495
ENSG00000111450.14	11.036969524117	9	0.273183376515363	0.639634494101109
ENSG00000111452.13	0.0923863969928789	3	0.992735164294017	0.999999882499827
ENSG00000038532.16	6.0028480655883	6	0.422871113978705	0.792832162443105
ENSG00000103429.11	3.93507473683712	12	0.984579632253774	0.999999882499827
ENSG00000103381.12	0.757993523299774	3	0.859485735881808	0.999999882499827
ENSG00000061936.10	14.9003316780818	15	0.458620099955051	0.822280645868335
ENSG00000072415.9	8.3923485772666	6	0.21074448657537	0.555852822834874
ENSG00000111328.7	0.0051881060062442	3	0.999900766977606	0.999999882499827
ENSG00000073060.16	14.7331614861032	12	0.256354469290229	0.617414428875454
ENSG00000087299.12		6	1	
ENSG00000087302.9	1.31059018755332	9	0.998323216809501	0.999999882499827
ENSG00000108651.10	39.9217822206774	18	0.00213904458288151	0.0259961844138738
ENSG00000108671.11	21.4565515493159	9	0.0107704778483989	0.0797507924612257
ENSG00000108578.15	2.36582624665607	3	0.500027756002625	0.854301623044401
ENSG00000160551.11		3	1	
ENSG00000064726.10	0.995811663255154	3	0.802265410293257	0.999999882499827
ENSG00000089248.7	0.480208756460343	3	0.923217444268808	0.999999882499827
ENSG00000076513.17	15.9622198657762	15	0.384567000116926	0.754066577082797
ENSG00000122965.11	6.1809223417149	9	0.721683149324221	0.977699696067769
ENSG00000111300.10	0.507979201101989	3	0.917134951411583	0.999999882499827
ENSG00000086666.19	31.4518810370792	15	0.00763888820642247	0.0625401929584538
ENSG00000103876.13	22.0083495497656	12	0.0374263421083113	0.186508666176666
ENSG00000117899.11	0.155666061600641	3	0.984407396017937	0.999999882499827
ENSG00000103043.15	7.20059015994411	9	0.616243863999126	0.929874909092901
ENSG00000081181.8		3	1	
ENSG00000100926.15	7.11296772606875	15	0.954438781314787	0.999999882499827
ENSG00000070614.15	5.99533114915175	6	0.42371329345337	0.793364933002962
ENSG00000113712.19	8.09132313981536	15	0.92006922887367	0.999999882499827
ENSG00000113721.14	2.6349283606869	3	0.451399031925015	0.816231823708768
ENSG00000120306.11	1.2128460448439	3	0.749924977119128	0.989644416235252
ENSG00000113068.10	2.99606724031037	6	0.809340272002837	0.999999882499827
ENSG00000110801.14	5.28950371664541	12	0.947603734936245	0.999999882499827
ENSG00000089053.13	29.0208119353338	18	0.0481253036541101	0.220288385722542
ENSG00000122966.16	29.3383295283511	12	0.00350866327914942	0.0363879329874805
ENSG00000066739.12	0.379790360431343	3	0.944384952872943	0.999999882499827
ENSG00000069966.18	0.732515602585409	6	0.993762275456884	0.999999882499827
ENSG00000081014.11	12.7688762546472	3	0.00516404154116555	0.0474091076201643
ENSG00000047346.12		18	1	
ENSG00000069956.12	4.10159585777365	6	0.662929831089812	0.953784648887685
ENSG00000138593.9	7.95162964084784	3	0.0470220246192351	0.218102632252431
ENSG00000138600.10	11.4845801107585	9	0.243949021382066	0.600814181398974
ENSG00000138604.10	23.1438173431043	6	0.000749713759339515	0.0118198006096839
ENSG00000187720.14		3	1	
ENSG00000104133.15	16.4311685346038	12	0.172276031811161	0.495564344800464
ENSG00000104131.13	18.1421601847687	12	0.111441735720257	0.381443517820268
ENSG00000138613.14	4.47130521075587	3	0.214864122436307	0.562505222668858
ENSG00000103591.13	3.62428963147977	9	0.934358247795214	0.999999882499827
ENSG00000075131.10	14.7533356300155	6	0.0222644554994536	0.130176497918169
ENSG00000103671.10	0.698768014011876	3	0.873493686323761	0.999999882499827
ENSG00000138617.16	3.68347646394568	6	0.719420276922583	0.975927506600986
ENSG00000028528.15	7.76315653567144	12	0.803354223442646	0.999999882499827
ENSG00000103769.10	7.23257852214738	9	0.612918715285874	0.926944870896631
ENSG00000074621.14	6.61202613623618	9	0.677440820225453	0.961228763255115
ENSG00000103642.12	14.4905952226327	9	0.10591276397927	0.370664474214275
ENSG00000110844.13	41.5255481859622	27	0.0366348026290935	0.183908970605619
ENSG00000129315.11	2.67110195206533	3	0.445160573942642	0.811510434535049
ENSG00000067141.17	8.02071802562023	9	0.532059693245939	0.877883972725558
ENSG00000037280.16	23.0181539698688	12	0.0275722155239307	0.151337036725557
ENSG00000113269.14	6.17241710262897	6	0.404155760646223	0.77503558029996
ENSG00000113300.13	2.43283705563135	6	0.875907244612932	0.999999882499827
ENSG00000126217.21	36.2392691821224	21	0.0205497987135303	0.123109567615311
ENSG00000126216.15	8.93038003162837	12	0.708865133286829	0.973417026750243
ENSG00000119707.14	32.9800212923947	12	0.000974990947107558	0.0145488328024811
ENSG00000008294.21	19.3028516174672	18	0.373401173220566	0.744133561253727
ENSG00000166986.15	11.2727006377245	6	0.0803051856425058	0.307376166640359
ENSG00000076067.13	6.83404615344489	12	0.868382727774173	0.999999882499827
ENSG00000110958.16	0.525715151219629	3	0.913206655013952	0.999999882499827
ENSG00000078142.13	18.6638266270074	15	0.229373746589798	0.582628420866693
ENSG00000118482.12	18.6043619130551	9	0.0287751529700696	0.155147357919839
ENSG00000110911.16	31.6103005740661	15	0.00727168936595939	0.0603438916006783
ENSG00000123268.9	11.3971187519419	6	0.0768515194647485	0.298683384490833
ENSG00000050426.16	37.8092675454391	21	0.0135677965055043	0.0930549421324472
ENSG00000063046.18	17.770532159193	6	0.00683197800542871	0.0576259925280715
ENSG00000012822.16	58.1207719122394	15	5.29093973009415e-07	3.03731063682287e-05
ENSG00000111481.10	12.3874845010578	6	0.0538621630464098	0.236480764077602
ENSG00000108960.9	7.38279923067694	9	0.597330022994051	0.919890120624735
ENSG00000103852.13	41.2010894022387	24	0.0158302358386282	0.103613193527279
ENSG00000066926.12	5.66367802170862	6	0.461898784617283	0.825158555359077
ENSG00000104219.13		3	1	
ENSG00000129422.14	22.3068193521931	12	0.0342215651174108	0.175587935846904
ENSG00000104738.18	12.2339022198867	9	0.200441932238011	0.539617328747792
ENSG00000104714.14	9.71258193061203	9	0.374250510486745	0.744509730314727
ENSG00000036448.10	1.62485127344939	3	0.653768179633654	0.949999584556553
ENSG00000085415.16	5.87912044979385	9	0.75195285656127	0.990042318290862
ENSG00000101745.17	5.08222352517805	9	0.827082504752913	0.999999882499827
ENSG00000101624.11	18.749471954945	9	0.0274093790391012	0.150833925824484
ENSG00000103479.16	6.12899763985843	6	0.408896048306962	0.779378229575712
ENSG00000087253.13	18.725202967913	15	0.226457504972701	0.578988417874925
ENSG00000103494.14	18.7087809569384	12	0.0958029823673935	0.346659734862215
ENSG00000070540.13		12	1	
ENSG00000103091.15	51.1991605355652	24	0.000993904992580454	0.0147633467619371
ENSG00000066855.16	2.40125918374542	3	0.493400269095268	0.848993921486694
ENSG00000101665.9	2.73768763276848	3	0.433860622721559	0.801598980904903
ENSG00000175387.16	8.87711096342537	6	0.180608133464648	0.507794518721261
ENSG00000101654.18	15.3478733323564	9	0.0818130768160903	0.310682558965687
ENSG00000105993.15		6	1	
ENSG00000106018.14	0.641781231961886	3	0.886804372149712	0.999999882499827
ENSG00000055118.16	3.58130113821392	9	0.936751414329356	0.999999882499827
ENSG00000106615.10	0.66536354656273	3	0.881318940241637	0.999999882499827
ENSG00000082014.17	18.4312663191886	18	0.427600461227626	0.796503593650316
ENSG00000055609.19	11.8153175516486	9	0.223922214249953	0.575067173029971
ENSG00000101546.13	9.48059169430053	9	0.394143851175417	0.765462655446945
ENSG00000101544.9	0.125814883140265	3	0.988569014980898	0.999999882499827
ENSG00000104218.15	7.68744141574189	15	0.935701416007211	0.999999882499827
ENSG00000067167.8	2.06312892655842	3	0.559407970162492	0.895731206075105
ENSG00000066777.9	31.6697316662576	12	0.00155573017091317	0.0207612419344101
ENSG00000088756.13		3	1	
ENSG00000066629.18	8.8805878682615	6	0.180405939326899	0.507794518721261
ENSG00000100811.14	29.4766827240674	9	0.00053830818337612	0.00918417755518804
ENSG00000105497.8	23.6594655403178	9	0.00487343054873593	0.0455117786843196
ENSG00000105383.15	8.00285283133508	15	0.923668278861882	0.999999882499827
ENSG00000104872.11	22.9918589120352	12	0.0277951370004668	0.15213277733458
ENSG00000121064.13	1.77342636238609	6	0.939313055875018	0.999999882499827
ENSG00000062716.13	51.4320160020143	6	2.42549737861775e-09	2.75237545557333e-07
ENSG00000068489.13	2.23446788754882	3	0.525191219148526	0.872695574267063
ENSG00000108395.14	30.6759331519716	15	0.00970448087908359	0.0745130046412091
ENSG00000127564.17	15.7489697473211	15	0.398928663158227	0.770767139924992
ENSG00000095906.17	3.44800691862474	3	0.327568319995548	0.701346914180902
ENSG00000008710.20	48.7894020967942	21	0.000536311481281964	0.00917828597601828
ENSG00000090565.17	15.2938922696485	9	0.0831731777417659	0.313884126803179
ENSG00000103363.15	7.60086631239392	12	0.815492269029346	0.999999882499827
ENSG00000127586.17	13.7882031619411	15	0.541649218570083	0.884503304728832
ENSG00000007384.15	18.013946497179	9	0.0350120797600548	0.178611022675575
ENSG00000103249.18	23.6647226075147	3	2.93474608226271e-05	0.000857490629245564
ENSG00000100726.15	9.8400055444763	15	0.829681447641247	0.999999882499827
ENSG00000103126.15	0.390067506850755	3	0.942286586091399	0.999999882499827
ENSG00000005156.12	26.4762396991391	15	0.0333051156366087	0.172426855966931
ENSG00000118454.13	7.36242570125341	6	0.288626244252014	0.658878015825825
ENSG00000116729.14	8.49044747139851	9	0.485573220556187	0.843666498593007
ENSG00000145002.12	2.23161856907086	3	0.525747380039357	0.873471004733417
ENSG00000005339.15	4.1781591177114	9	0.899299895809624	0.999999882499827
ENSG00000102858.13	18.5188987211259	18	0.421993216683754	0.792119984923399
ENSG00000033011.13	22.7240136413457	9	0.00684681174362199	0.0577012399015604
ENSG00000103423.14	0.141947019197687	3	0.98636706572979	0.999999882499827
ENSG00000102921.8	20.0392937357974	12	0.066346298877909	0.270118285669384
ENSG00000109046.15	42.0605346009907	15	0.000219982390696481	0.00435458042760032
ENSG00000076604.15	15.4542701724276	12	0.217528460323466	0.566398144156003
ENSG00000108370.17	9.50784396871177	6	0.146966825007622	0.449326204652063
ENSG00000005961.19	13.7261027677464	12	0.31853979184115	0.692653705119827
ENSG00000186868.16	9.37489972658113	12	0.670619185243692	0.958501332126943
ENSG00000067596.12	1.9637341692669	6	0.923003544447873	0.999999882499827
ENSG00000120071.14		24	1	
ENSG00000103196.12	3.9699083428759	3	0.264731872361723	0.627676953930529
ENSG00000103187.8	178.014862741373	3	2.36674420181234e-38	2.56633962949851e-35
ENSG00000103150.7	0.467629146407717	3	0.92594336735076	0.999999882499827
ENSG00000165055.16	28.4230611121275	15	0.0190659729973712	0.117148069275152
ENSG00000108854.16	7.33758140177861	6	0.290752664236522	0.661273828719657
ENSG00000065325.13	9.35007456636231	6	0.154826145927122	0.464366585742451
ENSG00000006740.17	11.4868102796131	9	0.243809538151905	0.600814181398974
ENSG00000119509.13	12.8898198047236	12	0.377099704705978	0.74723506071574
ENSG00000064651.14	0.636202092601707	3	0.88809698643133	0.999999882499827
ENSG00000138829.12	0.740387466108587	3	0.863665760262429	0.999999882499827
ENSG00000108523.16	27.0662600397482	18	0.0777610647568814	0.301258527575389
ENSG00000091622.16	8.26159562919952	6	0.219557788897479	0.5701608466872
ENSG00000087258.16	12.90215365474	9	0.167083919819724	0.487174177926705
ENSG00000070915.10	22.6840864107689	9	0.00694617665742029	0.0582869630264528
ENSG00000070770.9	6.01240140629307	3	0.111008426103246	0.38038315672106
ENSG00000088682.14	30.6054849990323	3	1.02918914290038e-06	5.37104644147852e-05
ENSG00000140853.15	39.8348727495886	24	0.0222763348215331	0.130176497918169
ENSG00000080603.17	10.056202234121	9	0.345954519315266	0.717113456669006
ENSG00000099381.18	4.1246988737621	3	0.248309921767201	0.606585126303773
ENSG00000099377.14	2.91296500870112	3	0.405239834970729	0.776627457494681
ENSG00000070159.14	2.40220920590332	3	0.493223512219247	0.848993921486694
ENSG00000101310.17	11.0117411175052	12	0.527912738149048	0.875429126864326
ENSG00000090054.15	0.659448884769518	3	0.882697932471785	0.999999882499827
ENSG00000104518.11	10.740219292607	9	0.293936751214083	0.665180334193257
ENSG00000161016.17	7.42461761087179	15	0.94477888045331	0.999999882499827
ENSG00000105339.10	19.6950623776384	27	0.84330606151427	0.999999882499827
ENSG00000124120.11	0.878050106787669	3	0.830721330261069	0.999999882499827
ENSG00000109062.12		3	1	
ENSG00000126254.12	6.44268788043701	6	0.375467052698362	0.745813752754593
ENSG00000124333.16	22.2817354164927	9	0.00802769681538112	0.064745696877111
ENSG00000124333.16_PAR_Y	14.5848315260992	9	0.102989559766329	0.3641576499129
ENSG00000105173.14	15.8125567890093	9	0.0709005791722412	0.28193287113356
ENSG00000104331.9	3.24158755386634	3	0.355855662274916	0.727080031237042
ENSG00000104388.15	10.4987626798393	9	0.31163488794684	0.685582703217586
ENSG00000011201.12	0.084293520266101	3	0.993653210228262	0.999999882499827
ENSG00000078747.16	27.4315697962702	15	0.025410546922486	0.1424350927392
ENSG00000123080.12	4.09645877067669	3	0.251234940303896	0.610812601501175
ENSG00000085831.15	1.42063934829821	6	0.964590872449301	0.999999882499827
ENSG00000100813.14	14.8595103812113	18	0.671590058166628	0.959035265473801
ENSG00000129474.16	5.09976718640246	6	0.531082482642391	0.877883972725558
ENSG00000129566.13	20.5110418238919	9	0.0150076182805857	0.0999040564803791
ENSG00000077942.19	3.19112833187683	6	0.78450419319068	0.999999882499827
ENSG00000186951.16	31.1979813592893	12	0.0018375760516196	0.0232592797506559
ENSG00000075275.18	8.87396758592149	9	0.448988609818433	0.814893033888431
ENSG00000117461.15	0.724695266860181	3	0.867380570354159	0.999999882499827
ENSG00000117450.14	1.59748410061002	3	0.659960417509578	0.953566679623831
ENSG00000087157.19	52.5145200312436	18	3.11802767708848e-05	0.000894965650020779
ENSG00000129646.14	6.8080888224539	3	0.0782728104116073	0.30211763941106
ENSG00000035862.12	1.78753741280525	3	0.61765068255847	0.930049839698829
ENSG00000108679.13	2.18245362152811	3	0.535412724707769	0.880534678197358
ENSG00000073146.16	1.35087957261408	6	0.968778167789358	0.999999882499827
ENSG00000251322.9	5.83367004149531	3	0.119988992703993	0.396994121887298
ENSG00000005007.13	3.52152551383915	6	0.741103652121082	0.985813146004245
ENSG00000105656.13	1.05365049112334	3	0.788273141010654	0.999999882499827
ENSG00000105669.14	0.583639619959286	3	0.900167280625874	0.999999882499827
ENSG00000129933.21	16.5975754767424	6	0.0108817505335625	0.0802683321670719
ENSG00000105696.9	0.435731696034054	3	0.932766159847384	0.999999882499827
ENSG00000003096.14	9.55811672518121	6	0.144536789744931	0.44482325169372
ENSG00000100320.23		12	1	
ENSG00000080561.13	1.83725470787101	3	0.606861643968505	0.92492486018873
ENSG00000101935.10	2.07707969647208	3	0.556563595892011	0.893192588769962
ENSG00000183943.6	4.07961037462337	3	0.252994974311545	0.612953811893338
ENSG00000083750.13	17.8102955332997	9	0.03743933569424	0.186508666176666
ENSG00000013619.14	28.8612215902213	9	0.000683903678553943	0.0110683515738108
ENSG00000116991.11	18.5676238372794	9	0.0291308599657559	0.156379905468528
ENSG00000101347.10	8.38752750871936	6	0.211064147057583	0.556331727298304
ENSG00000170471.15	24.5316860464482	12	0.0172047949147973	0.109955202078263
ENSG00000073050.12	8.96906671253964	6	0.175325225845639	0.499853601819339
ENSG00000079462.7	17.8835124405232	9	0.0365493066406547	0.183725315496238
ENSG00000007047.15	16.5501304283862	12	0.16731763105457	0.487328377484004
ENSG00000256294.8	16.0464179930657	6	0.0135069802685519	0.0928926148279059
ENSG00000085382.12	3.38106123383818	6	0.759720799772852	0.994870893946106
ENSG00000126091.21		21	1	
ENSG00000088812.18	7.59498725644608	3	0.0551674019948731	0.239812327869918
ENSG00000166997.8	4.99823279489101	3	0.17192659348267	0.495520267512517
ENSG00000105808.18	13.6729357627364	12	0.322079719382827	0.695767203369539
ENSG00000197037.11		15	1	
ENSG00000241685.10	0.335938561125658	3	0.953133573085962	0.999999882499827
ENSG00000074842.8	1.15301120333606	3	0.764294787188865	0.99719718453891
ENSG00000126934.14	1.32719992817147	3	0.72268454084068	0.977699696067769
ENSG00000064961.19	16.641426525719	9	0.0546363936610312	0.238994426597043
ENSG00000065717.15	43.2530737450579	21	0.00291777271650446	0.0322110225569762
ENSG00000142002.17	2.49498005239366	6	0.869029054036043	0.999999882499827
ENSG00000105426.17	29.8786475321358	9	0.000460072506957383	0.00813378187571939
ENSG00000071564.17	26.1593228392594	27	0.509772117642751	0.861194903714642
ENSG00000008382.16	20.3254754115142	12	0.0611741624678294	0.256884101344039
ENSG00000105229.7	9.40421056464129	3	0.0243725399875245	0.139094513297223
ENSG00000101040.19		9	1	
ENSG00000124207.17	1.76475201977883	3	0.622635161882567	0.931979940512927
ENSG00000109445.11	1.66808826316264	3	0.64405165195576	0.942889299645404
ENSG00000109458.8	4.80739081685181	6	0.568743553801919	0.902774327305688
ENSG00000103226.18		18	1	
ENSG00000102882.12	4.48089899915794	6	0.611888599128841	0.92621457428577
ENSG00000103319.12	0.849671850457526	3	0.83755293921881	0.999999882499827
ENSG00000102362.15	6.19350286904387	6	0.401866741589805	0.772619686992692
ENSG00000181192.12	2.66245016271569	3	0.446646257272261	0.812909515986572
ENSG00000123240.17	17.1092274440452	21	0.704464030577969	0.973417026750243
ENSG00000107537.14	3.51556923781209	9	0.940316663404663	0.999999882499827
ENSG00000118507.17	0.520815384881644	3	0.914295134071853	0.999999882499827
ENSG00000107968.10	18.1844455899118	9	0.0330929529020236	0.171568384646922
ENSG00000120616.16	214.530514128604	15	2.33355459247893e-37	2.07028720618199e-34
ENSG00000107951.15	22.5346957617221	9	0.00733035570451331	0.0606245265426655
ENSG00000062650.19	8.0916955177081	3	0.0441541645961769	0.209378276139014
ENSG00000070366.14	2.81493677878871	3	0.421046956300454	0.791259833113155
ENSG00000108963.18	3.65883942831533	15	0.998657789080345	0.999999882499827
ENSG00000083457.12	33.5673114634847	6	8.15331232313371e-06	0.000306031442159469
ENSG00000129219.14	5.086929094879	6	0.532713206847247	0.878492991417321
ENSG00000127804.13	9.071739066384	9	0.430678588010882	0.798896092073408
ENSG00000083807.10	1.63951469447784	3	0.650463684038433	0.947585474329164
ENSG00000064687.13	13.260577274199	15	0.582178805024096	0.911495173539608
ENSG00000083844.10	22.536355231377	9	0.00732597846998389	0.0606245265426655
ENSG00000064666.15	0.509462222384173	3	0.916807738982052	0.999999882499827
ENSG00000100228.12	0.621005843662374	3	0.891607175293569	0.999999882499827
ENSG00000099991.18	8.82916519300125	15	0.88627903677121	0.999999882499827
ENSG00000099956.20	57.4785400887631	9	4.0918685330607e-09	4.34049402327602e-07
ENSG00000047056.16	11.1981790088632	3	0.0107011231934999	0.0796715449758342
ENSG00000121621.7	0.365570428555657	3	0.947259296946648	0.999999882499827
ENSG00000070413.20	5.26754880770386	6	0.509984119037766	0.861359470005116
ENSG00000093009.11	11.8499889509694	9	0.22189895294243	0.573629059071585
ENSG00000070010.19	4.52140003205568	9	0.873877518427989	0.999999882499827
ENSG00000099917.17	28.3980903922347	9	0.00081817014466749	0.0126406494163183
ENSG00000099889.14	8.04739679570093	12	0.781415597351793	0.999999882499827
ENSG00000100034.14	1.72669868259436	3	0.631014471289992	0.937536986228374
ENSG00000102003.11	0.325632126110179	3	0.955137840763468	0.999999882499827
ENSG00000115091.12	31.4391551532608	9	0.000248814646740956	0.00480828146048512
ENSG00000088205.13		3	1	
ENSG00000100393.14	13.3506591353421	3	0.00393650876754088	0.0393905810525259
ENSG00000100372.15	11.9483860207401	6	0.0631302037334034	0.260648176497102
ENSG00000100418.8		6	1	
ENSG00000105559.12	0.438911119342265	3	0.932092104980786	0.999999882499827
ENSG00000118242.16	0.638326872212474	3	0.887604942935946	0.999999882499827
ENSG00000042753.12	0.262660110951401	3	0.966890987027578	0.999999882499827
ENSG00000105486.14	13.0672089327927	12	0.364174640834049	0.735661419975053
ENSG00000125741.5	1.19540410936497	6	0.977111108683296	0.999999882499827
ENSG00000104812.15	6.35878049159146	6	0.3842216525394	0.753987023431987
ENSG00000090372.15	4.13748405374827	6	0.658077173958876	0.952347832742076
ENSG00000074201.9	3.64931171212811	9	0.932942973484061	0.999999882499827
ENSG00000125630.16	26.1314506197741	15	0.0366635025038387	0.183958416933142
ENSG00000141002.20	31.8210815848433	21	0.0610368434578256	0.256417802541937
ENSG00000105402.8	1.67740352962937	3	0.641969137802557	0.942526976954288
ENSG00000074266.21	21.9647120338595	15	0.108732541312071	0.376397335971727
ENSG00000105323.17	4.18396112193295	12	0.979883298440258	0.999999882499827
ENSG00000090013.11	3.81951362223481	6	0.701085640568954	0.972675871848566
ENSG00000141867.17	1.77799433457949	6	0.938942582479365	0.999999882499827
ENSG00000011451.21	12.2182271214951	15	0.662441455408775	0.953784648887685
ENSG00000105011.9	0.991090917857946	3	0.803407679639425	0.999999882499827
ENSG00000105135.16	0.942210787645308	6	0.987708390597309	0.999999882499827
ENSG00000105058.12	1.50345227416256	3	0.681473776773489	0.962804048126439
ENSG00000074181.9	5.77640855429456	3	0.12300989226892	0.402971983434841
ENSG00000105085.11	7.89411481047773	3	0.0482514787759168	0.220349172379117
ENSG00000026508.20	5.09869998056092	15	0.991257247268683	0.999999882499827
ENSG00000110442.12	7.73120441294304	9	0.561444856051151	0.896456209130102
ENSG00000113594.10	7.97210021648243	9	0.536960282668218	0.881445819774455
ENSG00000125503.13	3.55103375917679	9	0.938407251015722	0.999999882499827
ENSG00000088035.18	18.4593904400899	15	0.239284395144186	0.594797863528302
ENSG00000116675.16	1.00436530159141	3	0.800195683386082	0.999999882499827
ENSG00000120008.16	33.6900359327919	12	0.00075476090248414	0.0118610493515986
ENSG00000023445.16	4.80242840176274	3	0.186849291004449	0.518470921499125
ENSG00000110318.15	1.55023738384131	3	0.670725033004908	0.958501332126943
ENSG00000080947.15	10.9533351792011	9	0.278921148987655	0.647476568261304
ENSG00000126903.16	10.5237525450939	9	0.309769430146686	0.68255585206627
ENSG00000146963.18	1.37602431719279	6	0.967300640618859	0.999999882499827
ENSG00000059378.13	2.25858030470954	6	0.894447778117013	0.999999882499827
ENSG00000122884.12	7.39396419296827	6	0.285944194712331	0.656443520649503
ENSG00000122958.15	6.60432020175722	3	0.0856379264117088	0.320329828996499
ENSG00000084234.17	7.9971083731507	6	0.238315230108619	0.593749892935924
ENSG00000064309.14	13.9892807475476	15	0.526342260606442	0.873864260166428
ENSG00000110074.11	18.2942510976645	3	0.000382466934933148	0.00696360973509812
ENSG00000110063.10	5.83143803554958	6	0.442335139992269	0.808895934523044
ENSG00000110013.13	1.82819211270544	6	0.934802080193687	0.999999882499827
ENSG00000116017.11	10.1122972621221	6	0.1200019033402	0.396994121887298
ENSG00000085760.15	1.77244176618115	9	0.994576447893677	0.999999882499827
ENSG00000115355.17		30	1	
ENSG00000115239.24	11.2631374273315	9	0.258102599787575	0.620164530226553
ENSG00000115183.15	2.38375291238526	3	0.496666178564735	0.850493987824749
ENSG00000115170.15	6.18048124759298	6	0.403279330786946	0.774267753128036
ENSG00000110651.12	8.31802586899721	3	0.039876591926781	0.194092598809703
ENSG00000078902.16	8.05524455317936	12	0.780798437259408	0.999999882499827
ENSG00000021762.20	15.8948235987482	15	0.389076025446245	0.759702467452962
ENSG00000119865.9	2.49741682530475	6	0.868756651804324	0.999999882499827
ENSG00000115946.8	1.42917579812638	3	0.698710238042636	0.971603478634665
ENSG00000115750.17	17.2281216972042	15	0.305411211899484	0.677621407022257
ENSG00000118363.12	15.1128131918667	12	0.235324925847734	0.590520944033952
ENSG00000110237.5	36.1809623126228	15	0.00166455429232663	0.0217461651122029
ENSG00000077514.9	31.4846633795678	9	0.000244366314930784	0.00476002169143616
ENSG00000094975.14	7.42196608353379	9	0.59327464742098	0.917118213873174
ENSG00000060688.13	0.591630473922123	3	0.898345683869095	0.999999882499827
ENSG00000126698.11	2.54578999757359	6	0.86330824847484	0.999999882499827
ENSG00000116353.16	1.73814019889687	9	0.994964708560971	0.999999882499827
ENSG00000088179.9	37.752370189306	15	0.000981494001259921	0.0146235113867108
ENSG00000074054.19	4.24087441827942	12	0.978687092514993	0.999999882499827
ENSG00000115109.14	1.08715611209868	3	0.780175519199378	0.999999882499827
ENSG00000116016.14	16.9027624331866	3	0.000740041961190392	0.0117241387974952
ENSG00000078808.18	1.26352967886487	3	0.737810985383095	0.984475029894256
ENSG00000129810.15	23.7900098171158	9	0.0046459424737352	0.0442408767910938
ENSG00000109920.13	79.9954760134497	15	6.99797162544147e-11	1.26468898319784e-08
ENSG00000213619.10	2.86746852163924	6	0.825287706130032	0.999999882499827
ENSG00000110455.14	28.6345391420728	24	0.23418866976522	0.589032790783191
ENSG00000083937.9	8.76438254084496	9	0.459302035179029	0.822596542725664
ENSG00000128829.12	4.15087816390587	9	0.901204226047739	0.999999882499827
ENSG00000092470.12	6.61231915234748	9	0.677410481183228	0.961228763255115
ENSG00000092445.12	16.4483105285763	9	0.058089703980865	0.248287069233847
ENSG00000067369.14	31.7141804992389	24	0.134240090554612	0.425755295327417
ENSG00000103994.17	5.03339144595793	9	0.831387778406098	0.999999882499827
ENSG00000115840.14	6.84955326585987	6	0.334984918397798	0.708339986412518
ENSG00000117020.18	25.9090893302473	15	0.0389891595626518	0.191358735122044
ENSG00000121644.19	7.96294063000096	6	0.240830966358323	0.596692752938102
ENSG00000104427.12	10.240322008871	6	0.114889576720782	0.387960999725036
ENSG00000115561.16	16.3901628917411	6	0.0118061676226216	0.0851562378633882
ENSG00000068654.16	0.928131846526412	3	0.818634183076814	0.999999882499827
ENSG00000042493.16	25.1700712265738	6	0.000317560819572585	0.00594832253015135
ENSG00000011566.15	20.9205694425364	15	0.139386409429214	0.434929807856311
ENSG00000122481.17	15.8960671913519	12	0.196042890428328	0.53188283783432
ENSG00000115963.13	1.05560999860882	3	0.787799338863434	0.999999882499827
ENSG00000053501.13	1.84807683900726	3	0.604529173506873	0.92374479025253
ENSG00000115145.10	32.098429641731	9	0.000191475513703243	0.00388342323315687
ENSG00000115290.10		6	1	
ENSG00000115808.12	1.2170672048951	3	0.748913868793971	0.989450382812016
ENSG00000109220.11	8.86006904295209	6	0.181601977233924	0.509256951792714
ENSG00000054523.18	0.474822111575122	3	0.92438702435404	0.999999882499827
ENSG00000081320.11	9.90274586507485	3	0.0194111812140255	0.118396073417296
ENSG00000119041.11	6.06625203771364	9	0.733269624824982	0.982154579833515
ENSG00000115520.8	3.8345568694167	3	0.279892093627275	0.648650425482921
ENSG00000058056.9	3.19120027395911	6	0.784494907615132	0.999999882499827
ENSG00000121879.6	7.85795176309557	9	0.548522351906956	0.888887028209187
ENSG00000171109.19	15.2987510288476	9	0.0830499391717324	0.313776367161029
ENSG00000120656.12	1.38426401393008	3	0.709227444125329	0.973417026750243
ENSG00000117643.14	4.25051337770901	3	0.235652947569832	0.590948291962355
ENSG00000090020.11	4.90020175701375	6	0.556675373760185	0.893225085913456
ENSG00000059691.12	15.5446266254476	15	0.412943697246534	0.782902295304585
ENSG00000115504.15	21.5782167459001	15	0.119349870294243	0.395899178858434
ENSG00000103061.13	5.23501129315264	6	0.514043807060314	0.864203968133877
ENSG00000217555.13	10.2612171532237	6	0.114073910292006	0.387216448883368
ENSG00000213398.8	10.5347598945955	15	0.784823629145643	0.999999882499827
ENSG00000102974.16	20.3273580120513	9	0.015996205618683	0.104349579299951
ENSG00000118096.9		9	1	
ENSG00000110400.11	4.04608972113101	6	0.670439125175565	0.958501332126943
ENSG00000109929.10	12.0651277113793	9	0.20966257470325	0.553919441708407
ENSG00000095139.14	10.0162195448138	6	0.123970638969345	0.405438828988553
ENSG00000076706.17	5.46013222043985	3	0.141042692888551	0.43793688829124
ENSG00000006607.14	26.4322284977934	15	0.0337176519552399	0.174008760143409
ENSG00000066248.15	2.69712235307816	3	0.440716541839413	0.807966274988395
ENSG00000067066.17	27.3648487100163	21	0.159100570693308	0.471419843900956
ENSG00000077044.11	35.7178086576205	18	0.00766690714588135	0.0626644445868142
ENSG00000115468.12		3	1	
ENSG00000077232.18		18	1	
ENSG00000104833.12	4.88264498634715	3	0.180594928404351	0.507794518721261
ENSG00000090674.16	6.29680909612216	9	0.709883995169682	0.973417026750243
ENSG00000125734.15	13.5483947700777	9	0.139320880016481	0.434929807856311
ENSG00000125648.15	0.324768053123989	3	0.955304918841372	0.999999882499827
ENSG00000114956.20	14.4724454524549	9	0.106484005233288	0.371636442916236
ENSG00000091409.15	3.97955554879263	6	0.679443247622965	0.962625522463362
ENSG00000128708.13	0.260759561715531	3	0.967231292785783	0.999999882499827
ENSG00000115966.17	14.5843725735667	12	0.264956213833752	0.627751320904002
ENSG00000121957.15	45.7623422934721	24	0.00472728840966635	0.044616641769762
ENSG00000085491.17	9.65700776010817	12	0.64602263728585	0.944263866649387
ENSG00000128694.12	10.7805203664066	12	0.547815955261829	0.888845844671057
ENSG00000082258.13	14.3690690507992	9	0.10978908775436	0.377796793862764
ENSG00000115839.18	20.5431294004538	12	0.057484405894193	0.247023477376235
ENSG00000121988.18	15.4119234054187	9	0.0802249709855567	0.307266676549469
ENSG00000048991.16	20.4798154030777	12	0.058536651109296	0.24930280106703
ENSG00000115866.11	27.2422766437521	6	0.000130428936334589	0.00288629476120011
ENSG00000018510.16	11.626185412113	6	0.0708469695972016	0.28193287113356
ENSG00000115947.14	35.7884565221102	15	0.00189631789193541	0.0237015691035177
ENSG00000086619.14		3	1	
ENSG00000054267.22	16.0333358263342	12	0.189713987505475	0.523443258146998
ENSG00000075151.20	38.9598608739179	9	1.171414148937e-05	0.000405384066648091
ENSG00000128059.8	4.95520073955959	6	0.549571705710839	0.889578748719866
ENSG00000128050.9	8.69184119970305	9	0.466192341956384	0.829183105233156
ENSG00000128039.11	0.947648473154914	6	0.987519197896778	0.999999882499827
ENSG00000109265.14	5.32092168501731	3	0.149750561115447	0.454561656586516
ENSG00000051341.14	0.677660394108443	3	0.878445442289663	0.999999882499827
ENSG00000082701.16	57.6230950414174	9	3.8389356655716e-09	4.20945765846216e-07
ENSG00000113845.10	30.0116992367548	9	0.000436715396740004	0.00782198596373495
ENSG00000115514.12	14.8324490903469	9	0.0956423298450795	0.346390034437485
ENSG00000071082.11	1.63273361604661	6	0.9501953041164	0.999999882499827
ENSG00000168827.15	32.1985097926736	9	0.000183990279388944	0.00378899762182537
ENSG00000118855.21	2.94772337265022	6	0.815378941269331	0.999999882499827
ENSG00000064012.22	20.9824904235393	21	0.460013992426343	0.823569354630102
ENSG00000003393.15	2.95252093056615	6	0.814781948223087	0.999999882499827
ENSG00000055044.11	4.10260043179733	9	0.904530657940848	0.999999882499827
ENSG00000109180.14	11.2445781585993	6	0.0811052487015019	0.308940718999983
ENSG00000109171.15	14.9509181618196	6	0.0206419156699054	0.123434102342284
ENSG00000077097.15	2.43654201325262	6	0.875500928292596	0.999999882499827
ENSG00000108953.17	1.29620396485552	6	0.971866606872603	0.999999882499827
ENSG00000138640.15	33.07938536652	21	0.0453442327900753	0.212952053800936
ENSG00000138641.18	10.2467897751878	6	0.114636544412788	0.387744799116221
ENSG00000138658.15	16.3788014623124	18	0.566129064861642	0.899950622097641
ENSG00000115020.17	0.391290154326043	3	0.942035809867619	0.999999882499827
ENSG00000138663.9	0.833312635943003	3	0.841483608240828	0.999999882499827
ENSG00000138670.17	7.61443514252096	9	0.573419041639157	0.906389441050141
ENSG00000138674.17	7.48800725410547	21	0.996961616504778	0.999999882499827
ENSG00000138678.11		6	1	
ENSG00000036257.13	11.2205875826148	9	0.260891375076003	0.623748225513555
ENSG00000109756.9	23.6901372304856	18	0.165443740040924	0.484390804996351
ENSG00000115998.7	14.7028161107501	15	0.473028163718236	0.834468881006193
ENSG00000075340.23		12	1	
ENSG00000059728.11	28.9847269455814	6	6.12431576329585e-05	0.00154039168902073
ENSG00000075292.19	30.5966807230943	21	0.0806372288162241	0.307852327588975
ENSG00000014824.14	2.65665670379167	9	0.976369410448498	0.999999882499827
ENSG00000109133.13	53.7399339924305	12	3.04093584848316e-07	1.91461244808691e-05
ENSG00000093183.14	12.4374767660738	6	0.0528912760544551	0.233453624158945
ENSG00000138685.16	16.0546185624476	3	0.00110511697362656	0.0159539002154165
ENSG00000138686.10	2.12478821837431	6	0.907871362585759	0.999999882499827
ENSG00000138688.15	4.35448232615454	9	0.886572272945222	0.999999882499827
ENSG00000117222.14	0.351741544301149	3	0.950020792867786	0.999999882499827
ENSG00000114446.5	13.749021390111	9	0.131537290019587	0.420090757351683
ENSG00000151474.23	1.89052155673483	3	0.595437223072034	0.919296291719662
ENSG00000108106.14	7.15161487826845	6	0.307053370476259	0.679948682205085
ENSG00000070047.13	3.79362937859332	6	0.704580223211768	0.973417026750243
ENSG00000099864.18	33.3695228321994	18	0.0150515765613644	0.0999607196057284
ENSG00000095752.7	7.51831358943309	6	0.275557517094686	0.643649068771433
ENSG00000138698.15	49.1937684706354	21	0.000471797247863117	0.0083259843433927
ENSG00000038002.9	0.0343281023442614	3	0.998325730605192	0.999999882499827
ENSG00000124839.13	24.028489369477	12	0.0201602951836935	0.121747723204001
ENSG00000065802.12	44.3865291869552	6	6.19566630871292e-08	4.79869107196265e-06
ENSG00000114251.14	20.7755666523262	9	0.0136850876107865	0.0936555189296391
ENSG00000126351.13	2.29590720538545	9	0.985878282197895	0.999999882499827
ENSG00000108797.12	2.87909508872508	3	0.410644413359658	0.781087686330141
ENSG00000073584.20	13.4828268253477	9	0.141947895558476	0.440047494521971
ENSG00000108349.17	11.2934249929822	6	0.0797202207726293	0.305813535581796
ENSG00000033627.17	103.07612964261	12	1.38715431781351e-16	5.41489559501684e-14
ENSG00000168610.15	8.21199894270467	9	0.512931242993435	0.863497671273578
ENSG00000108306.13	24.1474503323657	9	0.00407418206608687	0.0402021666157147
ENSG00000112992.18	8.50684125570842	15	0.901861297816945	0.999999882499827
ENSG00000124275.15	16.3747279212912	12	0.174669271787228	0.498619675424651
ENSG00000124279.12	5.51031278972369	9	0.787749955572045	0.999999882499827
ENSG00000037474.15	13.5744488182827	9	0.138288500398986	0.433471779565422
ENSG00000085276.19	1.6502652893987	6	0.94889592304112	0.999999882499827
ENSG00000109775.11	33.6567430291289	12	0.000763909265568047	0.0119662769224375
ENSG00000109762.16	0.470771486847298	3	0.925264231673946	0.999999882499827
ENSG00000084774.14	3.97294256965324	3	0.264400705213892	0.627533782655339
ENSG00000119772.17	19.149100727579	12	0.0849931884301213	0.318284161891617
ENSG00000084733.11	7.23061687302834	6	0.300045583874063	0.671902788798161
ENSG00000115137.12	23.8918611829217	9	0.00447559015709201	0.0428628894436319
ENSG00000084731.15	16.7085589893736	6	0.0104161752548737	0.0786167473413088
ENSG00000075426.12	2.47930820680131	3	0.479042162687629	0.839133688719748
ENSG00000198522.14	1.39868087241484	3	0.705843971184996	0.973417026750243
ENSG00000115207.13	37.9973382410099	15	0.000903110429713329	0.0136668508851666
ENSG00000127418.15	1.08962034793149	3	0.779580345536247	0.999999882499827
ENSG00000090316.16	8.64240834373049	3	0.0344431848644307	0.176533431069754
ENSG00000087274.17	16.7145598057832	6	0.010391557106458	0.0784916453575258
ENSG00000127419.17	28.5402197214426	24	0.237915440397437	0.593272871223691
ENSG00000067113.17	2.1641513386312	6	0.903999350063251	0.999999882499827
ENSG00000062194.16	5.83817597742382	9	0.755998754465155	0.993007003026969
ENSG00000071127.17	19.2856875183788	12	0.0818632867226604	0.310682558965687
ENSG00000138735.16	4.75556405471343	3	0.190596263258828	0.524099445799634
ENSG00000138738.10	10.6926464348576	9	0.297366102922263	0.669279473804973
ENSG00000105397.14	13.5724315503685	12	0.328840650931583	0.702837475348515
ENSG00000105556.11	38.17139172924	12	0.000143959956347332	0.0030945048766379
ENSG00000095066.11	51.8247456942941	18	3.98056066904055e-05	0.00108532596731333
ENSG00000105088.8	1.81149004864528	6	0.936193769802263	0.999999882499827
ENSG00000114529.13	4.53580122501217	6	0.60456837702618	0.92374479025253
ENSG00000038210.14	3.11991027246859	3	0.373504318565011	0.744156113072362
ENSG00000109680.11	27.7195427179076	9	0.0010623921346999	0.0155440552361864
ENSG00000109819.9	13.5474747928247	6	0.0351205062511693	0.179070543628611
ENSG00000091490.11	3.28748832278507	12	0.993151476715982	0.999999882499827
ENSG00000124784.9	19.9181451452096	6	0.00286383798255258	0.0317954435400803
ENSG00000138750.15	0.748239277443645	6	0.993390248111006	0.999999882499827
ENSG00000138758.11	0.10656833748908	3	0.99103771350936	0.999999882499827
ENSG00000138760.10	8.86107423681096	9	0.45019596898267	0.815683118663746
ENSG00000113273.17	7.09433713494582	6	0.312211055359475	0.686249453659373
ENSG00000070950.10	35.4315529924243	6	3.55434689747788e-06	0.000150159616331111
ENSG00000113504.21	2.71894601306849	3	0.437017213820068	0.805050862159669
ENSG00000073578.17	9.82390297116945	9	0.36492860039736	0.736574604193969
ENSG00000249915.8	1.00159269326832	3	0.80086657183853	0.999999882499827
ENSG00000150712.11	9.83880059256171	9	0.363692274262961	0.734991282777435
ENSG00000112877.8	18.5977962307952	9	0.0288384249148271	0.155316881205187
ENSG00000066230.12	3.04640610411934	3	0.384525462107447	0.754066577082797
ENSG00000114127.10		12	1	
ENSG00000109519.13	0.716275467013475	3	0.869369282008867	0.999999882499827
ENSG00000071073.13	52.740197842757	12	4.58167806140373e-07	2.72637781714872e-05
ENSG00000114107.9	13.3157979808311	15	0.577920112746436	0.909078397855008
ENSG00000240303.8	51.4800845346126	15	6.8827805671321e-06	0.000262461920450647
ENSG00000081307.13	17.7171541322023	21	0.666826414431393	0.956431360734268
ENSG00000034533.12	7.46774048921316	6	0.279745692983059	0.648650425482921
ENSG00000091527.16	6.14145087385259	9	0.725682064314493	0.979113959027393
ENSG00000109586.12	7.64501774717246	6	0.265280467321655	0.628240387434942
ENSG00000111846.18		9	1	
ENSG00000073803.14	3.19151850487651	3	0.363028852426809	0.734258771157147
ENSG00000035499.13	2.90592588841719	3	0.406358127834072	0.777414666048519
ENSG00000049167.15	29.1437153697161	21	0.110593689345819	0.379228325483433
ENSG00000114850.7	23.1798398975225	12	0.0262373830812787	0.145680819879636
ENSG00000073111.14	10.4525067189097	3	0.015086556745316	0.100020181574415
ENSG00000075785.14	3.28939532642835	3	0.349121347208953	0.719770969796945
ENSG00000056097.16	2.16792210296262	3	0.538294321982233	0.882300014817704
ENSG00000113387.12	12.1818056288175	9	0.203252972011004	0.544033393816617
ENSG00000113389.16	20.520374720385	12	0.057860612799353	0.247767319135097
ENSG00000113318.11	8.51363072959612	9	0.483324003576271	0.842426581809709
ENSG00000113742.14	46.7791081554078	15	3.99419320773287e-05	0.00108532596731333
ENSG00000113739.10	2.43490553457741	3	0.487170044885851	0.843944536462699
ENSG00000113732.9	12.2334239621705	6	0.0569594516658457	0.245416021548339
ENSG00000072803.17	6.750907876165	15	0.964196766916081	0.999999882499827
ENSG00000037241.7	3.900988031819	9	0.917807462159791	0.999999882499827
ENSG00000082068.9	17.6503084233445	12	0.126728235072917	0.411013906971285
ENSG00000039560.14	7.91277720767357	3	0.0478491552799553	0.219706244999395
ENSG00000113407.14	1.02038989565335	3	0.796318368283522	0.999999882499827
ENSG00000079215.14	19.7681158481992	9	0.0193986296403829	0.118393512608191
ENSG00000095397.16	55.6773019741595	21	5.62835139255017e-05	0.00144165567558785
ENSG00000106078.19	4.80193255128279	6	0.569456310378931	0.903336172462286
ENSG00000113369.9	0.198111749214149	3	0.977893548928526	0.999999882499827
ENSG00000133302.13	10.0498429967047	3	0.0181471687281844	0.113743236749102
ENSG00000138778.13	14.8265209047981	6	0.021649766058022	0.128048525430447
ENSG00000138794.10	17.1748679482207	15	0.308518740487527	0.682058920142262
ENSG00000138801.9	0.848446535645053	3	0.837847554896656	0.999999882499827
ENSG00000138802.11	3.56880138394263	6	0.734794611219701	0.983164200581862
ENSG00000125885.13	15.2730473119764	9	0.0837037393448626	0.315026915644625
ENSG00000120727.13	1.66036227856239	3	0.645781818389923	0.944263866649387
ENSG00000120725.13	3.74508849436097	6	0.711126748284245	0.973938352009056
ENSG00000082515.18	0.989226312725805	9	0.999461931886281	0.999999882499827
ENSG00000114473.14	12.4728481982511	9	0.187945280486115	0.520328508443687
ENSG00000041802.11	18.6911666461965	6	0.00471827785197955	0.0446023244165286
ENSG00000081154.12	32.1300609807367	9	0.000189077987804021	0.00385668736891823
ENSG00000064225.12	15.4056603243118	6	0.0173257058278862	0.110294561757561
ENSG00000108061.12	2.81096453432474	3	0.421698138662757	0.791849975033855
ENSG00000106829.20	45.8150702246312	18	0.000315668280385639	0.00593360250976277
ENSG00000113645.15	15.6128047663551	15	0.408240791194168	0.779312124948373
ENSG00000040275.17	17.0892806060074	9	0.0473360701281861	0.21869618273742
ENSG00000106028.11	2.10686882166192	6	0.909612033072812	0.999999882499827
ENSG00000115657.14	14.9113322625781	9	0.0934004989205512	0.341384070773655
ENSG00000115425.14		12	1	
ENSG00000213585.11	2.16142318950733	6	0.904269828351678	0.999999882499827
ENSG00000006837.12		6	1	
ENSG00000119048.8	2.9025051642966	6	0.820980271120906	0.999999882499827
ENSG00000069011.16	10.98959319399	6	0.0886986002782428	0.328131023546388
ENSG00000072364.13	8.2747259431635	3	0.0406623929771853	0.19662806587422
ENSG00000112078.14	20.305855004779	6	0.00244267039737439	0.0283928616248762
ENSG00000122515.15	28.7632509020186	30	0.530057638347396	0.877643789045171
ENSG00000044090.10	5.82708297542104	12	0.924546391942789	0.999999882499827
ENSG00000124571.18	9.25723509533054	6	0.159619791755772	0.472325514780041
ENSG00000075223.14	9.92736277020276	3	0.0191937777106917	0.117510713098269
ENSG00000099250.18		9	1	
ENSG00000108100.18		6	1	
ENSG00000107242.20	2.21283776621567	3	0.529424160210187	0.877339171249993
ENSG00000064419.13	0.985654746647924	3	0.804723028292541	0.999999882499827
ENSG00000106052.13	21.5013313114396	9	0.0106011382272552	0.0794155145374235
ENSG00000106066.15	2.17318788443117	6	0.903101201309305	0.999999882499827
ENSG00000070501.12	12.3280303556603	12	0.419707674024164	0.789684416991631
ENSG00000123124.14	19.2137626068634	9	0.0234354355640246	0.135169276400305
ENSG00000104320.14		6	1	
ENSG00000004866.21	31.6361778847131	18	0.0242697502990501	0.138670077967465
ENSG00000122359.18	6.06241858570866	6	0.416234388126082	0.786605614586063
ENSG00000108219.15	3.41794619476241	9	0.945400633824127	0.999999882499827
ENSG00000126432.14	0.959379543084651	3	0.811079538829635	0.999999882499827
ENSG00000014138.9	31.621485456395	12	0.00158251675716461	0.0209949561679869
ENSG00000149541.10	0.60660526070933	3	0.894918599005405	0.999999882499827
ENSG00000085871.9	0.383122617451591	3	0.943706470954095	0.999999882499827
ENSG00000088727.12	3.34533062255832	3	0.341383135251441	0.713129620127638
ENSG00000011376.12	13.9725187883923	6	0.0299446552468517	0.159688464783621
ENSG00000067560.12	1.76769678021083	3	0.62198957871004	0.931953089259732
ENSG00000114316.13	2.87121164806013	6	0.824828921110055	0.999999882499827
ENSG00000076201.15	15.0086286559708	3	0.00180929001189506	0.0229309886053038
ENSG00000114302.16	12.0353261455866	9	0.211325106373072	0.556331727298304
ENSG00000075914.13	7.37596326916537	6	0.287472630291193	0.657320852626935
ENSG00000114650.20	3.56331246231275	9	0.937738429360123	0.999999882499827
ENSG00000003147.19	0.854636292424296	3	0.836358961131133	0.999999882499827
ENSG00000114770.17	25.2726569282895	15	0.0463993748393271	0.215932999073435
ENSG00000114859.16		15	1	
ENSG00000078070.13	20.8814469926219	9	0.0131873419269205	0.0915329088654462
ENSG00000112290.13		12	1	
ENSG00000135541.21	27.9959058883069	27	0.411184628132186	0.781355989156737
ENSG00000104691.15	5.49901455504369	6	0.481575817152092	0.841485836989662
ENSG00000124164.16	16.9376192748023	9	0.0497018606333605	0.224140692200076
ENSG00000087460.26	10.7498202985153	24	0.990687392158898	0.999999882499827
ENSG00000124225.16	3.45181872727699	6	0.750368580746724	0.989644416235252
ENSG00000004864.14	2.15936173914815	6	0.904473999759814	0.999999882499827
ENSG00000110075.14	4.96118543142438	9	0.837678605816136	0.999999882499827
ENSG00000110429.14	10.0326783933979	12	0.613093684435706	0.926944870896631
ENSG00000107331.17	18.6894065355373	18	0.411179301548156	0.781355989156737
ENSG00000165802.23	0.607899456197629	3	0.894621616176165	0.999999882499827
ENSG00000110719.10	11.1623262357898	18	0.887341649268275	0.999999882499827
ENSG00000110721.12	12.6069159731569	9	0.181214272803486	0.508473285879593
ENSG00000083168.11	6.68626310892523	6	0.350838064268667	0.721508539928214
ENSG00000105865.11	8.70520588482759	15	0.892419981479502	0.999999882499827
ENSG00000008277.14	16.4506258959136	9	0.0580471524139711	0.248239334096382
ENSG00000006634.8		15	1	
ENSG00000075142.14	6.45506670692703	12	0.891429427231734	0.999999882499827
ENSG00000127993.16	6.45965563470008	6	0.373713465435142	0.744207459601348
ENSG00000105810.10	13.664276918264	3	0.00339964404701835	0.035597774951558
ENSG00000001629.10		6	1	
ENSG00000006715.16	34.1297454396226	15	0.00326535229748048	0.034441506936539
ENSG00000011426.11	3.53067077323794	6	0.739884712712573	0.985578928364237
ENSG00000106682.14	4.3557966153021	3	0.225519232553055	0.577345800232232
ENSG00000006704.10	1.91443940320096	9	0.992749426605507	0.999999882499827
ENSG00000158856.18	9.10616829717446	9	0.42753225373288	0.796503593650316
ENSG00000104679.11	3.86527517622744	3	0.276384283409942	0.644808563661875
ENSG00000104611.12	3.60748423885161	6	0.729618798572428	0.98055392856396
ENSG00000120913.23	12.0701894684025	9	0.209381226688645	0.55375376456761
ENSG00000048405.10	3.0418580373871	3	0.38521640758907	0.754593364816768
ENSG00000075239.14	16.5299911061302	9	0.0566055860286291	0.244422923538768
ENSG00000110675.13	5.61445398857063	6	0.467732726678046	0.829685201436224
ENSG00000105963.15		3	1	
ENSG00000122512.16	9.23856792950028	12	0.682429783156836	0.963128550504879
ENSG00000002822.15		12	1	
ENSG00000239857.7	4.47168657130533	6	0.613119084090353	0.926944870896631
ENSG00000204130.14		3	1	
ENSG00000096746.17	11.38038606185	9	0.250533564261243	0.610105980074959
ENSG00000122912.15	22.7676609187074	9	0.00673974791709162	0.057052143927428
ENSG00000060339.14	24.536099174511	12	0.0171807650931285	0.109913513140354
ENSG00000104549.12	5.0275616064755	3	0.169790037295674	0.491637850038135
ENSG00000120451.10	33.8047711478566	9	9.66398051896046e-05	0.00225623889675921
ENSG00000165219.22	7.8360945132481	15	0.930185516651115	0.999999882499827
ENSG00000119487.17	21.8233259874978	18	0.239923453301094	0.595779384418671
ENSG00000110768.12	10.3097251947875	12	0.58880869956271	0.914927927759113
ENSG00000129158.11	47.5625514614731	18	0.000174828631154948	0.00365343171614805
ENSG00000011405.13	7.65680662516934	6	0.264339868326395	0.627533782655339
ENSG00000051009.11		12	1	
ENSG00000110315.7	9.99945558269974	9	0.350529287900419	0.721508539928214
ENSG00000119912.17	0.883466836819935	3	0.829415697437737	0.999999882499827
ENSG00000095564.14	3.3115174523773	6	0.768853790259286	0.998823675326394
ENSG00000119977.21		9	1	
ENSG00000204209.13	0.571951613586862	6	0.996849605860425	0.999999882499827
ENSG00000016864.18		24	1	
ENSG00000004534.15	36.7119184028416	12	0.000248741055857204	0.00480828146048512
ENSG00000114353.17	0.717169106850633	3	0.8691583639525	0.999999882499827
ENSG00000114378.17	4.63571498247256	6	0.59130889894984	0.916192962963501
ENSG00000101191.17	10.2711917680026	6	0.113686368870337	0.386304064695551
ENSG00000125520.14	35.122972197365	12	0.000447649157263723	0.00797191263820561
ENSG00000203880.12	30.7212619748789	12	0.0021721815099672	0.0262031141604079
ENSG00000100225.18	6.97972536824818	12	0.858950472302412	0.999999882499827
ENSG00000241878.11	86.4596662163531	18	6.20192886337918e-11	1.14197403354184e-08
ENSG00000119718.11	1.83115112400264	6	0.93455407272442	0.999999882499827
ENSG00000138942.16	11.1923920517238	9	0.262751689730645	0.6263949436471
ENSG00000242114.6	5.11435778666055	9	0.824227587379335	0.999999882499827
ENSG00000139112.11	1.63925367542834	6	0.949713973913681	0.999999882499827
ENSG00000087470.18	26.9065089167634	18	0.0807657998691086	0.308008378633306
ENSG00000139133.7	20.3070891671077	6	0.00244143152411877	0.0283928616248762
ENSG00000139154.16	4.52908621324241	9	0.873278370678026	0.999999882499827
ENSG00000139163.16	110.970129024543	21	3.14909307583775e-14	8.78057123631446e-12
ENSG00000139168.8	5.09974975795194	6	0.53108469491952	0.877883972725558
ENSG00000139173.10	12.1346363274279	9	0.205825156072369	0.548062127724489
ENSG00000139178.11	22.0513393543006	15	0.106464787235297	0.371636442916236
ENSG00000139180.11	2.35474058534601	6	0.884357159925931	0.999999882499827
ENSG00000139182.15	21.8158848182566	9	0.00948116701140441	0.0733238140960405
ENSG00000139187.10	6.7849236760178	6	0.341196237462237	0.713129620127638
ENSG00000139197.11	5.24411934064119	12	0.949324062910452	0.999999882499827
ENSG00000139218.18	41.5241301481728	12	4.00366173002151e-05	0.00108532596731333
ENSG00000139233.7	0.084987464844744	3	0.993576005456885	0.999999882499827
ENSG00000139266.6	4.49339265742037	6	0.610220820520045	0.925516322245252
ENSG00000139289.13	2.73401079987039	3	0.434478422768469	0.802041445473348
ENSG00000139291.14	10.9207183678991	12	0.535725110895328	0.880751576352343
ENSG00000111605.18	21.6663004406291	9	0.00999891335905797	0.076055647288423
ENSG00000072041.17	5.29581369630478	9	0.807796729870672	0.999999882499827
ENSG00000139344.8		3	1	
ENSG00000139350.12	27.5023951291132	12	0.00653727907157025	0.055864541558191
ENSG00000238105.7	6.8984907358481	12	0.864248125092205	0.999999882499827
ENSG00000139354.11	3.43013911129128	9	0.944779487436421	0.999999882499827
ENSG00000139370.12	10.7503442956522	6	0.0964056599760582	0.348066161933538
ENSG00000139372.15	28.8745056113476	9	0.000680388680474163	0.0110481083739557
ENSG00000123374.11	22.4872223720013	9	0.00745664365339032	0.0613052952092975
ENSG00000139531.13	7.87844153332298	9	0.5464413931407	0.887858492517681
ENSG00000139546.11	16.8427508880632	18	0.533940342739165	0.879595510599513
ENSG00000139579.13	6.16939546790673	9	0.722852061436846	0.977699696067769
ENSG00000139613.12	49.5203207237282	6	5.86570322614208e-09	5.90138121483717e-07
ENSG00000244754.9	30.6784374930503	18	0.0313501501851846	0.165286934444742
ENSG00000139625.13	10.8582970924326	15	0.76257323588139	0.99624527563139
ENSG00000139631.18	28.3359906553324	21	0.130876969649186	0.419248648591496
ENSG00000065361.16		6	1	
ENSG00000139636.15	73.5189159014408	33	6.43615839960723e-05	0.00160932332227554
ENSG00000139637.14	21.099012623803	6	0.00176095444926539	0.0224642542096483
ENSG00000139641.13	9.63077548047295	3	0.021980064504457	0.129374818756933
ENSG00000139644.13	11.8702842127532	12	0.456152800971581	0.820268137954977
ENSG00000139687.16		3	1	
ENSG00000184047.20	3.75937248638365	6	0.70920134541872	0.973417026750243
ENSG00000139697.14	2.20367291232697	3	0.531225284402719	0.877883972725558
ENSG00000139718.10	0.404494434979824	3	0.939312492821532	0.999999882499827
ENSG00000139719.11	23.7310637457413	12	0.0221230317380032	0.129902928237769
ENSG00000139725.8	10.0686634366393	6	0.121790076133931	0.40026604566603
ENSG00000139734.19	1.47160824696766	3	0.68883846236418	0.966969872585159
ENSG00000139746.16	11.3985406033516	6	0.0768128497211994	0.2986520320435
ENSG00000088448.14	23.1814774070735	12	0.0262241751313338	0.145680819879636
ENSG00000139880.19	5.60452288482611	6	0.468914785358064	0.830460262044727
ENSG00000139890.10	3.18098605252362	3	0.364553585759283	0.736274512298187
ENSG00000092330.18	0.881729859696861	6	0.989701167143462	0.999999882499827
ENSG00000187790.11	36.580395287212	15	0.00145679226491616	0.0198836863123312
ENSG00000139974.16	28.27165051661	21	0.132613822848878	0.422231046543258
ENSG00000140006.11	8.81570034249671	6	0.184211330426297	0.514019773312581
ENSG00000140043.11		9	1	
ENSG00000140044.13	15.4625037750084	15	0.418643405052532	0.78882482259006
ENSG00000100605.17	22.3679653787149	9	0.00778314316480412	0.0635081054726785
ENSG00000140092.14	3.50651800078413	9	0.940798657815662	0.999999882499827
ENSG00000100815.12	17.7560307213898	6	0.00687170543506845	0.0578425925263774
ENSG00000137871.20		18	1	
ENSG00000140262.18	26.0036304841779	18	0.0996749330420201	0.355712614148798
ENSG00000140263.15	15.1132701396928	12	0.235300406467206	0.590520944033952
ENSG00000140299.13	30.2404690245749	12	0.00256877629574207	0.0293888486168194
ENSG00000051180.17	25.6435187088064	12	0.0120511739999859	0.0862224391978461
ENSG00000140307.11	5.5099556624773	9	0.787783847863419	0.999999882499827
ENSG00000140319.11	3.31817520910408	3	0.345120994625391	0.716450922473769
ENSG00000128881.17	3.06220944537665	3	0.382132801245834	0.751821020566153
ENSG00000140350.15	1.7819326967583	9	0.994465482868076	0.999999882499827
ENSG00000140365.16	3.07332349015633	6	0.799589311572464	0.999999882499827
ENSG00000140367.12	8.22608704586855	6	0.222003167182633	0.573629059071585
ENSG00000140374.16	37.8258995816286	18	0.00408404664639942	0.0402181747953703
ENSG00000140391.15	2.77999834454386	6	0.835909375276339	0.999999882499827
ENSG00000140395.9	3.84826815604174	3	0.278321434399119	0.646599768303727
ENSG00000140400.17	28.8505182501394	21	0.11763678593391	0.393695951278815
ENSG00000140416.23	2.39635574072599	6	0.879882005302295	0.999999882499827
ENSG00000140451.13	20.15111624376	15	0.166212017180211	0.485647627443616
ENSG00000140455.17	42.1298600528626	15	0.00021464043093311	0.00426614249587826
ENSG00000140459.18	1.01622183876952	3	0.797326832203954	0.999999882499827
ENSG00000140463.14	11.9748731130921	15	0.680929972210463	0.96263805288133
ENSG00000140464.20	50.7656964032613	21	0.000285169117333519	0.00542488385196454
ENSG00000213614.10	5.43546582678391	9	0.794816719594012	0.999999882499827
ENSG00000140497.16	4.51792491265223	6	0.606949360041872	0.92492486018873
ENSG00000140521.16	21.6463747182279	15	0.117417161065152	0.393546873998577
ENSG00000140534.14	9.03582567802732	6	0.171573262677324	0.495233206290448
ENSG00000140543.15	16.6678695609521	6	0.0105845921938493	0.0793966450574756
ENSG00000140545.15	9.89044868917063	6	0.12934192126858	0.415738851528547
ENSG00000140548.10		6	1	
ENSG00000140564.12	13.6265866266549	6	0.0340972198063599	0.175041961120603
ENSG00000140575.13	8.34326372721989	9	0.499957616188872	0.854301623044401
ENSG00000140577.16	3.16608194263972	6	0.78773172782683	0.999999882499827
ENSG00000140598.15	1.94956616326181	3	0.582940138443026	0.911684745363059
ENSG00000140612.14	3.31366439472185	6	0.768572783982692	0.998823675326394
ENSG00000140650.12	2.1651694443899	6	0.903898331214172	0.999999882499827
ENSG00000178226.11	1.70545064687633	3	0.635722672701303	0.939148889326676
ENSG00000140691.18	4.18527737439081	6	0.651619367505229	0.948419598431548
ENSG00000140718.21	18.2258546071207	12	0.109002910038546	0.376418754092771
ENSG00000140740.11	6.59170820369036	6	0.360259762128416	0.732300566259365
ENSG00000140743.8	3.35903847358532	3	0.339509754544954	0.71216473049003
ENSG00000140807.7		3	1	
ENSG00000140829.12	3.95520467828101	6	0.682738548880842	0.963262017038078
ENSG00000140830.9	8.07688383534696	3	0.0444491869492763	0.210164542363366
ENSG00000140836.17	6.37901388264845	6	0.382097974833792	0.751821020566153
ENSG00000140876.11	16.466918631304	15	0.351716498960376	0.722458706241699
ENSG00000140939.14	14.4926295514088	21	0.847523709439178	0.999999882499827
ENSG00000140948.13	23.3101780879961	12	0.0252051171412411	0.141868916099031
ENSG00000103343.13	13.5767517360746	9	0.138197561077755	0.433471779565422
ENSG00000140990.15	0.223592963477131	3	0.973693616036887	0.999999882499827
ENSG00000140992.19	24.1514931083257	12	0.0193970110644357	0.118393512608191
ENSG00000140995.16	17.4579010301968	12	0.133169166785345	0.423183946160268
ENSG00000141013.17		9	1	
ENSG00000197912.16	33.1868438317688	15	0.00442232449175724	0.042603617685152
ENSG00000141026.6	0.988269619672792	3	0.804090332788432	0.999999882499827
ENSG00000141027.21		30	1	
ENSG00000141030.13	2.89771052209835	9	0.968212537330955	0.999999882499827
ENSG00000141034.10		6	1	
ENSG00000178773.15	24.4408049231788	12	0.0177066919667959	0.111699810539083
ENSG00000109118.14	16.9834101078959	9	0.0489764068546595	0.222307327671917
ENSG00000087111.21	11.5831713121515	6	0.0719405136474369	0.284814390541719
ENSG00000141068.14	11.3160776936338	12	0.50204254714747	0.856249236744879
ENSG00000160602.14	8.21827001267263	6	0.222544510071737	0.574249570013243
ENSG00000141098.13	13.1719334464497	9	0.154979540518006	0.464366585742451
ENSG00000141127.15	27.6650399445716	12	0.00619097283431693	0.0536093202219156
ENSG00000141179.14	37.653219524751	9	2.01134782948452e-05	0.000625119218724186
ENSG00000141258.13	11.5897130130033	12	0.479166732488814	0.839133688719748
ENSG00000141298.19	19.8205558732961	9	0.0190526932384361	0.117148069275152
ENSG00000108852.15	3.90529970603257	6	0.689490284399196	0.967467388274874
ENSG00000141349.8	2.01067972864257	3	0.57019304847613	0.904064006511544
ENSG00000141367.12	10.4967726281029	12	0.572464273596256	0.906045871882235
ENSG00000141380.14	9.29849470937188	9	0.41018929152187	0.780583759500108
ENSG00000170558.10	2.52049943709551	3	0.471597764946251	0.83254750146716
ENSG00000141384.13	1.14828167868075	3	0.765433301929198	0.997693746612992
ENSG00000141385.10	2.19465962251707	3	0.533001024918738	0.878492991417321
ENSG00000141401.12	5.9203473374364	6	0.432171801221955	0.800081802702468
ENSG00000141404.16	3.51904709443625	6	0.741433862191652	0.985918117063406
ENSG00000141424.13	6.48692673846381	6	0.370906897575713	0.741889816241317
ENSG00000141428.17	5.77712002344561	9	0.762001207358463	0.995764566498559
ENSG00000141429.13	29.0251193933109	9	0.000641749225503642	0.0105049893892034
ENSG00000141446.11	2.39658732391626	6	0.879856924327194	0.999999882499827
ENSG00000053747.16	17.8773163040305	9	0.0366238623108918	0.183908970605619
ENSG00000141449.14	10.2985659330425	9	0.326859767448963	0.700603129214917
ENSG00000141452.10	31.7164975869891	12	0.00153018405278246	0.0206497484596371
ENSG00000141458.13	10.4667151077665	9	0.31403858472686	0.688087354131992
ENSG00000133026.13	6.97484275042007	6	0.323180000572741	0.696598400723964
ENSG00000141480.18	12.2507812943149	9	0.199537857108246	0.538074039104553
ENSG00000141504.12	20.5770723820533	12	0.0569272882382143	0.245416021548339
ENSG00000141510.18	41.7200036450922	9	3.69734975947485e-06	0.000154860241642554
ENSG00000141519.15		21	1	
ENSG00000141522.12	6.55945939884987	6	0.363513572554935	0.734934525494844
ENSG00000141542.11	3.98075066585761	9	0.912674892221312	0.999999882499827
ENSG00000141551.14	2.59328371509037	12	0.997797577393083	0.999999882499827
ENSG00000141560.15		3	1	
ENSG00000141569.12	3.41868684576002	3	0.33146229755096	0.704890076661541
ENSG00000141570.11	2.86947919172599	3	0.412189744295761	0.781873182564456
ENSG00000141574.8	10.0964078972975	6	0.120650346003912	0.398317566526448
ENSG00000141577.14	18.7862233793494	15	0.223585173137677	0.575043761053354
ENSG00000141582.15	14.4050247049017	6	0.0254249340661632	0.1424350927392
ENSG00000173894.11	4.65122409107062	6	0.589258515561643	0.914967995762303
ENSG00000141627.14	12.119770786383	9	0.206641127804114	0.549485222408813
ENSG00000141642.9	7.24394130812652	6	0.298875749668478	0.670753491978203
ENSG00000141644.17	49.2486942525648	30	0.0148248871072187	0.0992912115671645
ENSG00000141664.10	8.89093850148902	9	0.447401924085753	0.813588756616141
ENSG00000141682.12	10.9978276119582	3	0.0117376283041039	0.0847872054920429
ENSG00000141736.13	26.85890859147	12	0.00809672885535146	0.0649802441606702
ENSG00000186395.8	2.31860397581477	3	0.508966251147291	0.861062771274723
ENSG00000141759.15	5.46689257098478	9	0.791858526651895	0.999999882499827
ENSG00000105127.9	19.6623331400606	6	0.00317969431951765	0.0338762411180925
ENSG00000141854.9	10.2489780396427	6	0.114551047879098	0.387744799116221
ENSG00000141858.12	2.60177455662779	3	0.45717852911162	0.820992530403975
ENSG00000141934.10	6.15937625034712	6	0.405575703807342	0.776627457494681
ENSG00000175221.15	8.23175166143847	3	0.0414572134968984	0.199399185074535
ENSG00000198131.14	36.5618574751716	18	0.00597365177262131	0.0522841862322972
ENSG00000141956.14		12	1	
ENSG00000105676.14	1.54193391217268	6	0.956660527915218	0.999999882499827
ENSG00000142039.4	6.72200412012717	3	0.081306583848761	0.309111479762911
ENSG00000124459.12	4.52742810907193	9	0.873407728535505	0.999999882499827
ENSG00000204920.11	2.72039118436146	3	0.436773141317527	0.804846881819817
ENSG00000130511.16	19.304018893723	9	0.0227284570371394	0.13218534697583
ENSG00000105771.14	41.8570792970568	12	3.52005556331064e-05	0.000989977586234828
ENSG00000142166.13	3.92068536305305	12	0.98482541108047	0.999999882499827
ENSG00000142178.9	3.78053854701284	6	0.706346675277151	0.973417026750243
ENSG00000142186.17	19.3379172268687	12	0.0806933347650986	0.307852327588975
ENSG00000142197.12	2.41538884729152	3	0.490776422580994	0.846647888981424
ENSG00000185800.12	8.31326179649841	12	0.760195947961483	0.994870893946106
ENSG00000142230.13	4.17181655739114	9	0.899744211317345	0.999999882499827
ENSG00000187244.12	3.04213633191102	3	0.385174098581838	0.754593364816768
ENSG00000142235.11	11.6633369942774	9	0.232960871583131	0.587306935101982
ENSG00000142252.11	4.76530401194032	9	0.854268592545124	0.999999882499827
ENSG00000075702.18	2.71938301500359	6	0.843152538565357	0.999999882499827
ENSG00000142303.14	83.2961062822869	30	6.56392871727741e-07	3.68145864091438e-05
ENSG00000142319.18	4.78926282534292	3	0.187894921693275	0.520328508443687
ENSG00000142327.13	9.95469388873607	9	0.354165455142237	0.726117130400827
ENSG00000142330.20	11.6640349705795	15	0.704260303770313	0.973417026750243
ENSG00000242779.7	1.85105937211938	9	0.993609777570577	0.999999882499827
ENSG00000180257.14	3.75886344571506	6	0.709269976732409	0.973417026750243
ENSG00000142459.8	0.795293996950022	3	0.850592313091894	0.999999882499827
ENSG00000104980.8	3.75368770847854	3	0.289319178401734	0.659996695189931
ENSG00000142494.13	16.9528188653821	6	0.0094582149898821	0.0732561270525868
ENSG00000104731.14	23.7542965270586	12	0.0219635422954739	0.129355587967127
ENSG00000142528.16	5.02833706243428	6	0.540183849644091	0.883764323332218
ENSG00000142556.19	0.464979726665888	3	0.926515028443733	0.999999882499827
ENSG00000116213.16	7.22354217397151	12	0.84249418903129	0.999999882499827
ENSG00000142632.17	20.2818402969042	12	0.0619388162636161	0.258096032415299
ENSG00000142657.21	1.94115724330186	3	0.584709108352281	0.912550166065874
ENSG00000142686.8	1.58524184923226	3	0.662740741853058	0.953784648887685
ENSG00000142694.6	1.11624449438568	3	0.773154115995111	0.999999882499827
ENSG00000142731.11	42.5468688519068	18	0.000927008874395571	0.0139825032538275
ENSG00000142856.17	6.76038269727724	9	0.662050966354281	0.953784648887685
ENSG00000142961.14	1.18297890673398	6	0.977717087429008	0.999999882499827
ENSG00000143079.15	4.86207097311853	3	0.182180115875352	0.510449540863496
ENSG00000143106.13	4.42835540435044	6	0.618914590584104	0.930413316319045
ENSG00000143126.8	2.8461302028818	6	0.827896572938876	0.999999882499827
ENSG00000143147.14	13.5326583434444	15	0.56122695790467	0.896456209130102
ENSG00000213064.10	20.5490162769192	6	0.00221007094942047	0.0264314735237676
ENSG00000143190.23		3	1	
ENSG00000143228.13	2.99897737052379	6	0.808975170552577	0.999999882499827
ENSG00000117143.13	6.6202906766739	9	0.676585006069677	0.961105250980201
ENSG00000143337.18	2.25064933436443	3	0.522041050573997	0.870871557701135
ENSG00000143363.17	10.5504606075046	9	0.307784321460689	0.680949261649255
ENSG00000143375.15	8.20429225172211	6	0.223515204538849	0.575043761053354
ENSG00000143379.12	10.3547481156857	15	0.796851973968981	0.999999882499827
ENSG00000143382.15	1.79141893059568	6	0.937847693699375	0.999999882499827
ENSG00000143418.20	1.01333124181838	3	0.798026234117318	0.999999882499827
ENSG00000143420.19	3.66900889721001	3	0.299494642664958	0.670975256604068
ENSG00000143442.22		18	1	
ENSG00000143457.11	11.6231441057453	6	0.0709237830344185	0.28193287113356
ENSG00000143494.15	2.77141000502297	6	0.836941658322505	0.999999882499827
ENSG00000143537.14	3.72185206790164	3	0.293107835709223	0.664151467614065
ENSG00000143543.15	16.348857465724	3	0.000961710083154852	0.0143946759225586
ENSG00000143549.21	7.65674885606859	6	0.264344471099269	0.627533782655339
ENSG00000143554.14	33.163224287453	21	0.0444382509450884	0.210164542363366
ENSG00000143569.19	13.7595805332821	12	0.316323853624428	0.690759563106018
ENSG00000116580.18	8.0925221328107	9	0.524849818873748	0.872480621086434
ENSG00000143578.16	46.7230828936226	24	0.00362028177193923	0.0371783288895489
ENSG00000143727.16	6.7094233079406	12	0.876203649526059	0.999999882499827
ENSG00000143772.9	19.7726881668232	6	0.00303947523013425	0.0330454103458747
ENSG00000143793.13	13.7196538950884	9	0.132652975581681	0.422231046543258
ENSG00000143815.15	9.92052582095494	6	0.128038994471281	0.413496445389583
ENSG00000143819.12	4.0679750443087	6	0.667477872345217	0.956944983081732
ENSG00000143842.15	8.35265315403467	6	0.213388517462194	0.560252499842224
ENSG00000143847.15		12	1	
ENSG00000143882.12	0.757569907828497	6	0.993163375793046	0.999999882499827
ENSG00000143889.16	25.8809666187372	12	0.0111578410797418	0.0816262152152926
ENSG00000143891.17		6	1	
ENSG00000122026.10	2.67698250664398	6	0.848158457601929	0.999999882499827
ENSG00000143933.19	0.445255609578453	3	0.93074295531778	0.999999882499827
ENSG00000143947.14	4.74039903189987	6	0.577513613979954	0.908731918547302
ENSG00000143951.16	14.1312413920225	6	0.0282039935425781	0.153595297423002
ENSG00000143952.20	11.1681150634113	6	0.0833175384058377	0.314057882310765
ENSG00000143971.9	1.86643410164652	3	0.600585914081134	0.921335790581968
ENSG00000143977.14	0.735937848687172	3	0.864720192004768	0.999999882499827
ENSG00000143995.20	20.3026811841364	12	0.0615725481333719	0.257449227606502
ENSG00000144021.3	3.70955119443534	6	0.715912798912167	0.975924508114625
ENSG00000144029.12	29.0215670812031	9	0.000642635379173525	0.0105049893892034
ENSG00000144034.16	10.068145054116	9	0.344996717389074	0.716345311702122
ENSG00000144040.13	19.145181473461	18	0.382934913235923	0.752832759522435
ENSG00000144043.12	1.53751521735103	3	0.673639293628242	0.960275469839032
ENSG00000144118.14	1.37047260156942	6	0.967629953163586	0.999999882499827
ENSG00000144120.13	1.72803039414794	6	0.942936821177158	0.999999882499827
ENSG00000144152.13	9.53514834540965	9	0.389409604250403	0.76020170591712
ENSG00000144161.13	35.9557821443377	12	0.000329338105944662	0.00613360796930145
ENSG00000144199.12	11.5775748886499	9	0.23818422192407	0.593575031092186
ENSG00000144224.17	4.93497959299566	9	0.839939001055911	0.999999882499827
ENSG00000144231.11	13.8089788476264	9	0.129284312714374	0.415738851528547
ENSG00000144306.15	30.3795271380241	18	0.0339160664346878	0.174663267723545
ENSG00000115935.17	16.2402876971319	12	0.180476671769474	0.507794518721261
ENSG00000144320.14	8.9948198342554	6	0.173869609449364	0.49838323528601
ENSG00000144357.17	7.05724202490183	6	0.315585936612778	0.689820057656196
ENSG00000144401.14	16.7013919179699	18	0.543717382627275	0.886699959441765
ENSG00000144451.19	2.97526313215349	6	0.811945110728172	0.999999882499827
ENSG00000144455.14	10.5908980276217	6	0.101873486127536	0.360734162234624
ENSG00000144476.6	4.96082848976585	3	0.1746880490088	0.498619675424651
ENSG00000184182.19		18	1	
ENSG00000144485.11	7.65916871231639	9	0.568824606886226	0.902774327305688
ENSG00000144504.15	21.862310681603	15	0.11146543342219	0.381443517820268
ENSG00000144535.20	25.3084424295994	15	0.0459513458460963	0.214359074623353
ENSG00000144559.10	3.26568688217049	6	0.77483708619563	0.999999882499827
ENSG00000144560.15	17.6781569814175	12	0.125817952096663	0.409285798170446
ENSG00000144566.11	8.02452170845936	3	0.0455076250802922	0.213308795945519
ENSG00000144567.11	12.957170823327	9	0.164553833232477	0.482246504058782
ENSG00000144579.7	16.4566769537341	6	0.0115017770355338	0.0835543827161945
ENSG00000114923.17	3.7648869619992	6	0.708457786128211	0.973417026750243
ENSG00000144580.14	8.63052682198031	9	0.472054381735474	0.833052208201897
ENSG00000123992.19	34.0046596248067	21	0.0361977145602432	0.182414953734373
ENSG00000144635.9	0.0212665131766698	3	0.999180414726423	0.999999882499827
ENSG00000144655.15	1.1265885769426	3	0.770659680654804	0.999716578959222
ENSG00000144677.15		12	1	
ENSG00000144681.10	17.201118041301	9	0.0456580729033213	0.213632097503611
ENSG00000144711.16	2.45305289736143	9	0.982119494553064	0.999999882499827
ENSG00000144713.13	2.61575291398913	6	0.855294795113574	0.999999882499827
ENSG00000144749.14	5.48760992218831	3	0.139381562182282	0.434929807856311
ENSG00000257727.6	16.6680106972926	12	0.162518107833777	0.478435660437353
ENSG00000144791.10	7.31591160838161	6	0.292617216032935	0.663796236928268
ENSG00000144815.16	29.1893761029787	15	0.015204656134865	0.100619692906982
ENSG00000144827.9	18.12954975916	9	0.0336999363955457	0.174008760143409
ENSG00000144840.10	27.145183345041	12	0.00736369806810395	0.060797233034371
ENSG00000144857.14	1.49667242890285	3	0.683038544718055	0.963262017038078
ENSG00000144895.12	4.85926050359558	15	0.99325241580092	0.999999882499827
ENSG00000114125.14	1.07645314231922	9	0.99924016109436	0.999999882499827
ENSG00000144935.15	7.25472739040492	6	0.297931325526899	0.669577714302488
ENSG00000240682.10	15.4232934038773	9	0.0799459417412726	0.306438509604509
ENSG00000167996.16	0.13295362982899	6	0.999953415376308	0.999999882499827
ENSG00000145016.16	11.0936198653685	12	0.520912959818054	0.869733032483214
ENSG00000248487.9	1.65702476625302	6	0.948390572148085	0.999999882499827
ENSG00000145029.14	9.85053527829768	12	0.629071286447226	0.935888227991042
ENSG00000145088.9	2.3300272487736	3	0.506792902402472	0.859856926053208
ENSG00000145107.16	13.7103266506589	6	0.033044775981598	0.171568384646922
ENSG00000145214.14		6	1	
ENSG00000145241.11	17.0549027940397	12	0.147543696276136	0.450425119360023
ENSG00000145244.12	4.38402743731308	3	0.22287099241591	0.574636199468129
ENSG00000145246.14	0.428304234407506	6	0.998604788812912	0.999999882499827
ENSG00000145247.12	6.83623476343928	9	0.654165099725386	0.949999584556553
ENSG00000145293.16	2.74486649073515	6	0.840119598255652	0.999999882499827
ENSG00000145331.14	5.915846347345	9	0.748310334101753	0.989244047655617
ENSG00000145332.14	4.40289934571365	6	0.622325055104537	0.931953089259732
ENSG00000145348.17		12	1	
ENSG00000145354.12	8.30400858991197	9	0.503823574951097	0.857509333552448
ENSG00000138660.12	16.5468440704062	12	0.167453052299897	0.487522177027056
ENSG00000145375.9	4.61151754516084	3	0.202556271984437	0.543211502691981
ENSG00000145390.11		9	1	
ENSG00000145391.13	22.0205492005589	9	0.00881407886676866	0.069145173360768
ENSG00000145414.9	8.11719144475137	6	0.229642709871187	0.582856490411681
ENSG00000145495.16	62.2802090983605	21	5.73466439108446e-06	0.000224757388725274
ENSG00000145506.14	7.89747876174442	9	0.544510083831566	0.887418980497312
ENSG00000145545.12	3.78674215840147	6	0.705509652764374	0.973417026750243
ENSG00000145555.15	18.9710844007059	6	0.00421274670773808	0.0411779569142326
ENSG00000145592.14	3.92980021797121	6	0.686175939621509	0.965187500575446
ENSG00000145604.16	4.51040106686014	9	0.87473270787267	0.999999882499827
ENSG00000145623.13	0.436344827903667	3	0.932636280010108	0.999999882499827
ENSG00000145632.15	24.558703232382	3	1.9094141141374e-05	0.000599163097744917
ENSG00000152684.11	12.1956815403519	3	0.0067420328577855	0.057052143927428
ENSG00000145703.16	0.759856041242983	3	0.859042830025191	0.999999882499827
ENSG00000145715.15		6	1	
ENSG00000145736.14	2.95361400501133	6	0.814645858277718	0.999999882499827
ENSG00000145779.8	6.52176553101162	6	0.367342801853375	0.738652373735847
ENSG00000145781.9	11.8552450366187	6	0.0652771241546723	0.26643222694498
ENSG00000145817.17	19.1666991565726	9	0.0238122115389437	0.136857109781243
ENSG00000145819.18	4.96423090676512	9	0.837415122554113	0.999999882499827
ENSG00000145860.12	18.1066955099996	6	0.00597101689461869	0.0522841862322972
ENSG00000133706.19	12.3422263030225	12	0.418601095213289	0.78882482259006
ENSG00000145882.11	7.04622016379381	6	0.3165939411814	0.691040096620282
ENSG00000145908.12	6.68806079411115	9	0.669560002941271	0.958239634653742
ENSG00000145912.9	1.93157896911725	3	0.586728470331322	0.913947827927115
ENSG00000145982.13	0.337941722620599	3	0.952741617791777	0.999999882499827
ENSG00000145996.11	3.90006300053392	6	0.690198569003195	0.968043666987954
ENSG00000146007.11	0.760186891784542	3	0.85896414025464	0.999999882499827
ENSG00000124532.15	4.77206453868348	6	0.573362273224122	0.906389441050141
ENSG00000146054.18	1.85734828293425	6	0.932339464738386	0.999999882499827
ENSG00000146083.12	28.8987134529343	12	0.00407870748693959	0.0402061680454985
ENSG00000240370.6	7.40766906061936	12	0.829540091119198	0.999999882499827
ENSG00000146112.12	4.64055041930624	12	0.968920999088924	0.999999882499827
ENSG00000146143.19	16.1839154415393	9	0.0631388758314529	0.260648176497102
ENSG00000146232.17	20.6671132066365	6	0.00210505665148515	0.0257434183732375
ENSG00000146247.14	3.47871727608663	3	0.323532927235848	0.696834658330311
ENSG00000118418.14	1.67051946975698	3	0.643507757180782	0.942753559823542
ENSG00000146263.11	23.7729089163486	15	0.0690516016659094	0.276972700640201
ENSG00000135535.17	0.1628272744274	3	0.983354610219401	0.999999882499827
ENSG00000146409.12	0.578051298591163	3	0.90143812387276	0.999999882499827
ENSG00000146416.19	19.7528855272285	12	0.0719073253753793	0.284798534228217
ENSG00000146426.18	0.348214739529794	3	0.950719530981957	0.999999882499827
ENSG00000112531.17	7.13232831152163	9	0.623344257985428	0.931979940512927
ENSG00000146530.14		3	1	
ENSG00000146535.14	0.0400702980168717	3	0.997892158488608	0.999999882499827
ENSG00000146670.10	0.684261784503178	3	0.876899344346804	0.999999882499827
ENSG00000146674.15	3.08904022161732	6	0.797591263502273	0.999999882499827
ENSG00000243335.9		9	1	
ENSG00000146700.9	0.720661368967285	3	0.868333760635102	0.999999882499827
ENSG00000146707.14	10.3269692167273	6	0.111540896836832	0.381443517820268
ENSG00000146731.11	4.73354767484125	3	0.192380644765525	0.526189100971626
ENSG00000146733.14	9.94771896414022	15	0.823015583418476	0.999999882499827
ENSG00000129103.19	5.94628807521076	6	0.429233788917746	0.797883239193166
ENSG00000086730.17	3.89641609650886	3	0.272868746958755	0.639051140285695
ENSG00000146830.10	4.42002415958996	6	0.620030314333696	0.931124627072958
ENSG00000146856.14	8.6546882086252	6	0.193949617848932	0.528637581737204
ENSG00000146909.8	8.62614563872376	15	0.896240179824823	0.999999882499827
ENSG00000186787.8		9	1	
ENSG00000102225.16	31.3892154778005	12	0.00171783685334147	0.0220918291393641
ENSG00000147123.11	0.511163356713951	3	0.91643211457963	0.999999882499827
ENSG00000147133.16	34.65275119137	18	0.010449666827046	0.0786369175847302
ENSG00000147140.16	6.48026232031407	6	0.37159140675725	0.74234606725568
ENSG00000147155.11	5.25824609276606	6	0.511143205396289	0.862270365776533
ENSG00000147164.12	1.0800755618402	3	0.781885968371655	0.999999882499827
ENSG00000125351.12	0.684523891177378	3	0.876837907791678	0.999999882499827
ENSG00000147251.15	7.14933284271552	3	0.0672873106450228	0.272471728043476
ENSG00000169551.13	0.732315081346769	3	0.865578063427714	0.999999882499827
ENSG00000147324.11	6.58542089334969	6	0.360892520509502	0.732518741192227
ENSG00000147364.17	1.52803441764524	3	0.675815279624589	0.960611098028189
ENSG00000147437.10	1.78924179573721	3	0.617278835426097	0.930049839698829
ENSG00000147439.13	6.86588119393855	9	0.651080808305304	0.948201404007082
ENSG00000120889.13	53.4347220731434	6	9.5903890907331e-10	1.26476496130357e-07
ENSG00000147459.18	7.41092224007934	9	0.594417698247595	0.918303358745969
ENSG00000147509.14	24.2271639801111	12	0.0189409230519775	0.116621115497948
ENSG00000147526.20		9	1	
ENSG00000147536.12	16.8119666149869	9	0.0517432848129312	0.230156206239469
ENSG00000104442.10	6.06338703499569	3	0.1085667049495	0.375976747197364
ENSG00000147586.10	2.1437649102154	6	0.906012924786386	0.999999882499827
ENSG00000147592.9	13.7486450013603	3	0.00326804338797368	0.034441506936539
ENSG00000147601.14	8.03325753976969	6	0.235676888238291	0.590948291962355
ENSG00000147642.17	32.4660730962132	12	0.00117207936793817	0.0167700836032494
ENSG00000147650.11	5.19827140020971	3	0.157841290554088	0.468838859776167
ENSG00000147677.11	5.43406412444892	9	0.794948352669447	0.999999882499827
ENSG00000147687.19	4.44519659204525	6	0.616660592392215	0.929874909092901
ENSG00000189376.12	11.5026836797915	6	0.0740285449339922	0.290722160970153
ENSG00000147697.9	0.723665576619055	3	0.867623951120454	0.999999882499827
ENSG00000170631.15	2.33376562929016	3	0.506083188488818	0.859381561938815
ENSG00000147804.10	1.1318025822402	6	0.980119157242892	0.999999882499827
ENSG00000147854.17	35.4039107201461	15	0.00215327189257461	0.0261186912320252
ENSG00000147883.12	18.1466614269993	6	0.00587594497613698	0.0518006748167306
ENSG00000147912.13		3	1	
ENSG00000147955.17	0.575939316593576	3	0.901917739548335	0.999999882499827
ENSG00000148019.14		24	1	
ENSG00000083223.18	4.64519058227052	12	0.968793084998882	0.999999882499827
ENSG00000048828.17	2.48210239031323	6	0.870465291223541	0.999999882499827
ENSG00000148120.16	7.04893159426138	12	0.854363063028877	0.999999882499827
ENSG00000148331.12	1.85854064007981	3	0.602279433328407	0.922272868327619
ENSG00000148334.15	3.59284705566824	3	0.308918313832178	0.682058920142262
ENSG00000148337.21	17.9358598095641	15	0.266052623673256	0.629273867546592
ENSG00000148396.18	16.7047865257919	15	0.336816391578301	0.709414755217176
ENSG00000148399.13	75.9911742398836	24	2.61302029128863e-07	1.66669706030626e-05
ENSG00000148411.8		3	1	
ENSG00000148426.13	12.1378536900593	9	0.205648891984054	0.547891765457925
ENSG00000148429.14	6.70935953045455	6	0.348563599335489	0.719310337662437
ENSG00000148481.14	9.44037176009442	9	0.397655736667827	0.769330889660433
ENSG00000216937.13	2.29257223812681	3	0.513945362285517	0.864203968133877
ENSG00000148572.16	3.72836400449705	3	0.292329274416736	0.66345148582161
ENSG00000108187.16	6.44719572093982	9	0.694459934954769	0.968698167730301
ENSG00000148634.15	13.8734254159135	12	0.308864077429032	0.682058920142262
ENSG00000148688.14	26.5058163302674	15	0.0330304651083516	0.171568384646922
ENSG00000099204.20	0.388710247701965	3	0.942564691736701	0.999999882499827
ENSG00000148700.15	6.38659430134521	6	0.381304399924547	0.751821020566153
ENSG00000148737.17	13.2034821080224	18	0.77934560378548	0.999999882499827
ENSG00000095637.22	1.77554868026115	3	0.620270216656238	0.931124627072958
ENSG00000148803.12	6.87138031068753	12	0.865994868128987	0.999999882499827
ENSG00000148840.11	20.0910468437232	12	0.0653831452957086	0.266753392533788
ENSG00000148841.17	0.102018077341199	3	0.991594151799612	0.999999882499827
ENSG00000107949.17	2.61631025075621	6	0.855230345601271	0.999999882499827
ENSG00000148925.11	15.384506698927	6	0.0174679485505617	0.110906557014752
ENSG00000148926.10	33.4220565343276	9	0.000112736510475832	0.0025467490873464
ENSG00000148950.11	1.39039542054525	6	0.966440071974021	0.999999882499827
ENSG00000110619.18	36.4976717144164	9	3.23423392215347e-05	0.000917525838555107
ENSG00000148985.20	45.96480943184	24	0.00447031790169968	0.0428618135124606
ENSG00000149016.16	8.34409566256909	9	0.499875815869031	0.854301623044401
ENSG00000121236.21	0.156084842659823	3	0.984346380824353	0.999999882499827
ENSG00000149050.10	2.04104476540005	3	0.563931561638695	0.898465952578654
ENSG00000149054.16	0.253590322067907	3	0.968506696179503	0.999999882499827
ENSG00000149084.13	0.357634873497773	3	0.948848131551839	0.999999882499827
ENSG00000149131.16		6	1	
ENSG00000213593.10	0.799527036055224	3	0.849580156792111	0.999999882499827
ENSG00000149150.9	12.5279038739077	6	0.0511764168390404	0.228494646791118
ENSG00000149179.14	11.08078018163	6	0.0859116788136953	0.320861872768026
ENSG00000149196.16	6.82192898239009	6	0.337629639812677	0.710189695491576
ENSG00000149231.15	62.0987056535614	24	3.21001094977165e-05	0.000913308946321327
ENSG00000078124.12	9.85708601549413	9	0.362178429454198	0.732842482488808
ENSG00000149269.10	28.2685310025481	21	0.13269850104644	0.422238236619565
ENSG00000149273.15	33.625561372377	9	0.000103874248694212	0.00237865754808089
ENSG00000149308.17	25.4039055457197	6	0.000287378340402864	0.00544568004658554
ENSG00000149311.19	48.2490471024903	18	0.000138247647439892	0.00301209152586533
ENSG00000149313.11	7.2516393219521	6	0.298201482073993	0.66992363341623
ENSG00000101333.16	5.1238810400373	15	0.991024563418435	0.999999882499827
ENSG00000088876.13	3.49416947132522	6	0.744745259795471	0.98761869871685
ENSG00000088826.18	17.7103072773098	12	0.124773882968667	0.407655950415541
ENSG00000149480.7	0.0415071279130643	3	0.997778729984804	0.999999882499827
ENSG00000149483.12	32.6922700195646	15	0.00517599876515416	0.04747422175671
ENSG00000221968.9	3.86766980161337	6	0.694578719510209	0.968698167730301
ENSG00000149489.9	1.04473662825876	6	0.983859406153414	0.999999882499827
ENSG00000149499.12	33.5208416802489	18	0.0144245769865518	0.0975533241938731
ENSG00000149503.13		6	1	
ENSG00000133316.15	5.30656171828741	6	0.505137431256511	0.858223570966625
ENSG00000101004.15		9	1	
ENSG00000168000.14	13.9201010823308	15	0.531597308721345	0.877883972725558
ENSG00000149547.15	1.24377958003606	6	0.974667107991453	0.999999882499827
ENSG00000149554.13	45.2336957477601	21	0.00161372556847512	0.0212241884403621
ENSG00000149564.12	9.87063440645125	6	0.130206666184917	0.417577014557542
ENSG00000110274.16	17.7036227873159	21	0.667674801701354	0.956944983081732
ENSG00000149577.16	3.08398607634263	3	0.37885656834424	0.749799482959125
ENSG00000149591.17	68.0447691514769	12	7.42255740481121e-10	1.0202357424444e-07
ENSG00000149600.11	2.64954675441732	3	0.448869494248487	0.81486621969975
ENSG00000101335.10	0.457389406641596	3	0.928147931809734	0.999999882499827
ENSG00000124155.18	0.0284942183061503	3	0.998731634306412	0.999999882499827
ENSG00000125991.20	2.22356103017228	3	0.527322505235806	0.874819426016255
ENSG00000149657.20	2.57390296866652	6	0.860106790753622	0.999999882499827
ENSG00000110711.10	0.06778889632551	3	0.9954001711606	0.999999882499827
ENSG00000149716.13	22.2378406036132	15	0.101717499875701	0.360574312127484
ENSG00000149761.9	13.8098233190613	12	0.313017197312092	0.687229432748864
ENSG00000149782.12	4.08459130628398	6	0.665229916403747	0.955405261837258
ENSG00000149792.9	2.38661831584614	3	0.496130480025923	0.850217684791745
ENSG00000014216.16	7.17879674154392	6	0.304628368824877	0.677621407022257
ENSG00000149806.11	0.0464666052721441	3	0.997372853989504	0.999999882499827
ENSG00000149809.16	9.00543259948972	15	0.877233226090347	0.999999882499827
ENSG00000149823.9	10.9571024885227	9	0.27866081539963	0.647026147391148
ENSG00000149923.14	22.2641454826662	9	0.00807847760740212	0.0648871300169854
ENSG00000149929.16	3.72942515143586	9	0.928301930617035	0.999999882499827
ENSG00000149930.18	19.0312271925995	9	0.0249286825119372	0.141277010821135
ENSG00000149932.17	4.56624074673164	12	0.970923034319307	0.999999882499827
ENSG00000150316.12	8.86036229651654	9	0.45026268422441	0.815683118663746
ENSG00000150347.16	11.5002117687432	3	0.00930688529141386	0.0723712299274167
ENSG00000111647.13	10.6181164503701	9	0.302795560936882	0.675578847549847
ENSG00000150433.9	10.6312298718894	12	0.560758313078534	0.896456209130102
ENSG00000150477.15		9	1	
ENSG00000150510.17	6.38595062767308	9	0.70075508818557	0.972506954721697
ENSG00000150527.17	10.4426751264946	15	0.791009809972988	0.999999882499827
ENSG00000144228.9		3	1	
ENSG00000150593.18	35.0164697111759	18	0.00940739210968181	0.0730363879064318
ENSG00000150687.12	28.1250952927112	3	3.41894048843892e-06	0.000146339650116998
ENSG00000150753.12	1.08962423773482	3	0.779579406100188	0.999999882499827
ENSG00000150756.14	22.7618794325026	12	0.0298168916355375	0.159268224122173
ENSG00000150760.13	8.34279779216558	6	0.214049216117916	0.561107333565076
ENSG00000150768.16	7.90730588715815	6	0.244973299265794	0.602341755488758
ENSG00000150773.10		9	1	
ENSG00000150776.18	36.0153609514637	12	0.000322156639137175	0.00602284797191512
ENSG00000150782.12	11.6492436892149	9	0.233813114952076	0.588391487575376
ENSG00000150787.8	9.21503480090178	6	0.16184093542398	0.477450329142267
ENSG00000135655.16	8.67067357480119	15	0.894097874920658	0.999999882499827
ENSG00000150938.10	2.89091537939385	3	0.408751456502197	0.779312124948373
ENSG00000150961.15	4.9695097455874	3	0.174043453822597	0.49838323528601
ENSG00000150967.18	70.9914553989565	30	3.57168518148766e-05	0.000998741423671578
ENSG00000090975.12		9	1	
ENSG00000151006.7	7.422698933211	6	0.283517419209221	0.653911672528371
ENSG00000151065.14	0.652926395538998	3	0.88421619643066	0.999999882499827
ENSG00000151092.18	13.1411496793789	9	0.156322715268882	0.46646290252733
ENSG00000151093.8	6.57528789551725	3	0.0867401574919571	0.32309053319237
ENSG00000151131.11	2.62150825448043	3	0.45373134291892	0.818024048687555
ENSG00000151135.10	8.03432246833108	9	0.530691074717984	0.877883972725558
ENSG00000151176.8	5.36986973243438	3	0.146632362011824	0.448725374999496
ENSG00000151233.11	6.38728430302126	3	0.0942153117093829	0.343077323496966
ENSG00000151247.12	20.2575140872868	12	0.0623687915217899	0.25922361007715
ENSG00000038274.17	0.241734523369814	3	0.970586282066517	0.999999882499827
ENSG00000151327.12	3.51268851356872	6	0.742280785690124	0.986445634847687
ENSG00000151353.15	17.4970733410664	12	0.131836180659184	0.420866629719654
ENSG00000151366.13	1.26969123189338	6	0.973302633942779	0.999999882499827
ENSG00000137513.10	6.65027286504119	9	0.673478605334907	0.960186663179453
ENSG00000151422.13	60.6132953311644	12	1.74462166491498e-08	1.57645952110234e-06
ENSG00000151465.14	8.36895360823837	3	0.0389713153010009	0.191358735122044
ENSG00000151466.12	3.65975771963349	12	0.988823416094003	0.999999882499827
ENSG00000151470.13	32.9471766671213	9	0.000136409734753498	0.00299887324808031
ENSG00000151491.14	5.44638554764379	6	0.48796027952827	0.844327015588011
ENSG00000151498.12	19.6368580453182	9	0.0202906165300132	0.122458952823994
ENSG00000151502.11	2.56039146506555	6	0.861648617472424	0.999999882499827
ENSG00000151552.12	1.09845770156971	6	0.981603089809443	0.999999882499827
ENSG00000151576.10		9	1	
ENSG00000151665.13	27.6689429148973	12	0.00618288126276184	0.0535894962765073
ENSG00000162869.16	6.09851948776941	9	0.730018981537286	0.98055392856396
ENSG00000118965.15	10.7993835093184	15	0.766681749029841	0.997994626661868
ENSG00000151690.15	27.0927678292937	15	0.0279895387063708	0.152896777458679
ENSG00000151693.11	5.72184139944966	6	0.455059575972396	0.819661572889372
ENSG00000151725.12	24.7912344213573	9	0.0032110044799073	0.0340610790428427
ENSG00000151726.14	13.2922505253964	6	0.0386227314122833	0.189883746021397
ENSG00000151729.11	0.83034858832616	3	0.842195121267609	0.999999882499827
ENSG00000151743.11	8.23879826493612	15	0.913852342439739	0.999999882499827
ENSG00000102763.18	3.89338715649683	6	0.691101433398518	0.968531167803426
ENSG00000151779.13	7.29947170248124	9	0.605971046678034	0.924589031352553
ENSG00000151806.14	1.39379461040608	6	0.966234812329328	0.999999882499827
ENSG00000151876.13	11.0181276545673	12	0.527365783712842	0.874819426016255
ENSG00000151883.19	57.6630898669391	27	0.000529498410519358	0.00908150261556839
ENSG00000143748.18	10.3749637902984	9	0.320990991951716	0.695581916845641
ENSG00000109670.16	25.1997452592805	15	0.0473243463534546	0.21869618273742
ENSG00000144445.17	0.150937243049839	3	0.985091530656056	0.999999882499827
ENSG00000152127.9	3.61044129747052	9	0.935134478029924	0.999999882499827
ENSG00000123066.9	9.66044434688411	15	0.840537994487014	0.999999882499827
ENSG00000152133.16	7.70541084080332	9	0.564084526227012	0.898465952578654
ENSG00000152147.11	0.715444001565629	3	0.869565492064922	0.999999882499827
ENSG00000152219.5		6	1	
ENSG00000152223.15	4.00347399225609	3	0.261089245816168	0.624043583130049
ENSG00000152234.16	0.651535287266597	3	0.884539672009136	0.999999882499827
ENSG00000152253.9	4.16492498080697	3	0.244197104890998	0.601038977712798
ENSG00000152256.14	3.23242405851124	6	0.77916049622685	0.999999882499827
ENSG00000152291.14	0.791791536103119	3	0.851429365651431	0.999999882499827
ENSG00000152332.16	2.46187767814627	3	0.482220052383624	0.84192004128969
ENSG00000152348.16	22.189439046555	9	0.00829759258796439	0.0659952779673549
ENSG00000152377.14	2.00000679407071	6	0.91969797807781	0.999999882499827
ENSG00000152380.10	0.32941377852822	3	0.954404862820139	0.999999882499827
ENSG00000152413.15		3	1	
ENSG00000152422.16	9.08731403174716	9	0.429253719469065	0.797883239193166
ENSG00000065413.20	0.768209765230495	3	0.857054733207542	0.999999882499827
ENSG00000152433.15	1.16826568566756	3	0.760625133870993	0.995032262928555
ENSG00000152484.14	8.05584196588916	3	0.0448716087206032	0.211546874156699
ENSG00000152495.11	10.6540017532267	6	0.0996768686304563	0.355712614148798
ENSG00000152503.10	9.79620562546711	3	0.0203803160447833	0.12252578724809
ENSG00000251201.8	2.34959913318744	3	0.503085674740697	0.856993109578014
ENSG00000138032.21	4.12429987339237	6	0.659859588293148	0.953566679623831
ENSG00000137693.14	34.2483380980884	15	0.00314220298433714	0.03363393310457
ENSG00000152582.14	0.476833823521304	3	0.923950633165081	0.999999882499827
ENSG00000152601.17	56.0289464391844	18	8.81913965815685e-06	0.000326007514863457
ENSG00000152620.13		9	1	
ENSG00000164190.19	15.6379555971798	12	0.208386615711642	0.552328040868366
ENSG00000152642.11	2.72621231625089	6	0.842341504969061	0.999999882499827
ENSG00000087338.5	8.86485342466131	3	0.0311427591723405	0.164460057772116
ENSG00000152669.9	1.64236971778791	3	0.649821380562001	0.946791109720001
ENSG00000116001.17	53.7451095607685	30	0.00490746776071609	0.0457420992137806
ENSG00000152683.14	15.1921607516761	12	0.231095591450553	0.585022536177936
ENSG00000213949.10	5.17731782811325	6	0.521280406213909	0.870129999242275
ENSG00000043143.20	6.65147694081679	12	0.87976036605937	0.999999882499827
ENSG00000099290.17	17.1479652957896	12	0.144115615792863	0.444227509324874
ENSG00000152804.11	12.7421210055609	6	0.0473188449848067	0.21869618273742
ENSG00000152904.11	4.44634407707053	6	0.616507083221059	0.929874909092901
ENSG00000123094.15	3.45295982730386	6	0.750217305997718	0.989644416235252
ENSG00000152942.19	28.5732669921072	15	0.0182439800141882	0.11422427971958
ENSG00000152944.9	8.80204251809482	6	0.185020948364788	0.515449453351975
ENSG00000152952.12	2.60686059278305	6	0.856321800136521	0.999999882499827
ENSG00000152990.14	19.0691613137024	9	0.0246112115888587	0.139883991785482
ENSG00000153029.14	21.8453837350262	9	0.00938212971541597	0.0728982515069621
ENSG00000153037.15	7.02528089587577	9	0.634487185975352	0.93885243764052
ENSG00000153044.10	0.884778576095414	3	0.829099448530098	0.999999882499827
ENSG00000103274.11	0.537916402543488	3	0.910485780717457	0.999999882499827
ENSG00000153066.12	2.3452738017495	3	0.503903173356801	0.857509333552448
ENSG00000183889.12		18	1	
ENSG00000058729.11	27.1644358458252	12	0.00731673371107329	0.060614604657355
ENSG00000153140.9	12.086962422567	12	0.438721100886814	0.806760735548223
ENSG00000153147.6	0.236089307116345	3	0.971563129865219	0.999999882499827
ENSG00000115652.15	2.34424282831606	3	0.504098179720257	0.85761172026164
ENSG00000153187.20	6.57349330058787	12	0.88446556032914	0.999999882499827
ENSG00000153214.11	8.84074171357406	6	0.182734735963423	0.511562905412234
ENSG00000144848.11	2.49064716645808	3	0.476983721356194	0.83797549009628
ENSG00000153339.14	10.5886454913489	9	0.304961645247088	0.677621407022257
ENSG00000153391.16	12.9623326813671	9	0.16431808910049	0.481924783917129
ENSG00000153395.10	1.58613137484645	6	0.953569263570035	0.999999882499827
ENSG00000153404.14	3.70462568216624	3	0.29517636475338	0.666194760321053
ENSG00000153406.13	11.5788501157222	12	0.48006713174446	0.839751772485066
ENSG00000188818.12	17.0531515095909	15	0.315696946528243	0.689853672451663
ENSG00000153443.13	13.5042705641827	12	0.333477116783887	0.707031722795933
ENSG00000153485.6	0.0411332071053039	3	0.997808432811065	0.999999882499827
ENSG00000153558.16	35.0312358839674	21	0.0280130585199424	0.152896777458679
ENSG00000153560.12	14.876794875614	9	0.0943762809574131	0.343279212025119
ENSG00000153767.10	13.3284859171108	6	0.0381062127462652	0.188770827508022
ENSG00000153790.12	1.75000334883953	6	0.941196011601202	0.999999882499827
ENSG00000253293.5	2.51197475385197	9	0.980559714522856	0.999999882499827
ENSG00000153814.13	7.69875824445262	3	0.0526655260610741	0.232802737768519
ENSG00000153827.14	33.1350988384838	15	0.00449599240938793	0.0429739372411526
ENSG00000013375.16	51.8172610507463	24	0.000826465817243304	0.0127215771458634
ENSG00000153879.9	18.7018295547005	3	0.000315083433526269	0.00593360250976277
ENSG00000153885.14	9.94784014935613	9	0.354724353061852	0.72617165333522
ENSG00000153898.13	8.81127154418027	6	0.184473533159604	0.514364917172735
ENSG00000153904.21	4.99889940724279	3	0.171877752847229	0.495520267512517
ENSG00000112851.14	5.9300366820753	6	0.431072946879079	0.79911532231391
ENSG00000153914.16	38.0684459535296	18	0.00379337750340281	0.0383225373247495
ENSG00000153922.11	45.3684623796398	15	6.6964881964873e-05	0.00166287603841017
ENSG00000153933.10	4.49921192243528	6	0.609444395609523	0.925463738182057
ENSG00000153944.12	34.8274476211518	12	0.000498871410733159	0.00864739981766411
ENSG00000153976.3	8.33017967945773	3	0.0396587026842663	0.193321318429448
ENSG00000153982.11	9.41643867673838	6	0.151476669365116	0.457665887409959
ENSG00000154059.11	17.9110650475377	12	0.118417696826489	0.39482005580106
ENSG00000154102.11	9.58638157026326	9	0.384994896013776	0.754593364816768
ENSG00000154114.12	4.72180966345695	6	0.579955486171425	0.910497697476505
ENSG00000154118.13	1.53470002541508	6	0.957156322643828	0.999999882499827
ENSG00000154122.14	4.78186172523419	6	0.572079999718563	0.905731459645271
ENSG00000154124.5	23.7090911982596	12	0.0222748594272132	0.130176497918169
ENSG00000154144.13	30.7223606613334	15	0.0095673906430406	0.0737505255019219
ENSG00000154146.13	1.04836220023208	3	0.789551947154709	0.999999882499827
ENSG00000154174.8	0.630140502245922	3	0.889499041542872	0.999999882499827
ENSG00000154222.14	18.1843935288362	9	0.0330935237039348	0.171568384646922
ENSG00000154229.12	1.23238593650422	3	0.745247762374067	0.987893631215501
ENSG00000154309.9	18.385646989409	27	0.891291198409686	0.999999882499827
ENSG00000154328.16	12.4266387237044	12	0.412052059941151	0.781873182564456
ENSG00000154358.21	20.1750822785507	18	0.323049409154002	0.696598400723964
ENSG00000154370.16	13.0613096099296	6	0.0420726111483979	0.201465462314629
ENSG00000154380.17	4.92416899636737	9	0.840867881283495	0.999999882499827
ENSG00000154429.11		3	1	
ENSG00000089876.12	20.382995515025	6	0.00236640379209676	0.0278573396949003
ENSG00000138430.16	3.14036203501746	6	0.79103498865717	0.999999882499827
ENSG00000154518.9	1.96142902795691	6	0.923211544676733	0.999999882499827
ENSG00000154553.16	13.5508792617638	12	0.330302220733404	0.703756578832229
ENSG00000154556.18	29.5379588254182	15	0.0137010650192212	0.0936683051057228
ENSG00000154582.17	8.89383142336737	9	0.447131737052788	0.813489675969082
ENSG00000154639.19	9.34125283350295	6	0.155276204681002	0.464543372618606
ENSG00000154642.11	8.16005014728535	3	0.0428172066114402	0.204429119041607
ENSG00000154710.18	15.3855634409665	12	0.221025146635529	0.572752099313894
ENSG00000154723.12	4.1675989489886	3	0.243925931350043	0.600814181398974
ENSG00000154734.15		6	1	
ENSG00000154743.18	46.262459256508	18	0.000271606185899997	0.00521772592164974
ENSG00000154767.15	1.87400625574446	3	0.5989642435132	0.920953529611677
ENSG00000154803.13		15	1	
ENSG00000154813.10	1.5108034308214	9	0.997065827152381	0.999999882499827
ENSG00000154814.14	12.9980778775043	18	0.791687209261173	0.999999882499827
ENSG00000167315.18	0.618659830914112	3	0.892147659008627	0.999999882499827
ENSG00000154832.15	41.2970237738118	27	0.0385559539996856	0.189841568160377
ENSG00000154839.10	2.91849496366831	6	0.819004892863281	0.999999882499827
ENSG00000154845.15	8.81530244207352	12	0.718619876544977	0.975924508114625
ENSG00000154874.15	20.0431126880361	6	0.00272088247520201	0.0305911199026456
ENSG00000154914.17	2.15799794447275	6	0.904608974997158	0.999999882499827
ENSG00000154917.11	4.024201661392	6	0.673401117330221	0.960186663179453
ENSG00000108846.16	10.2903592319071	15	0.80108891310177	0.999999882499827
ENSG00000239789.6	3.04797873176722	3	0.38428679284646	0.753987023431987
ENSG00000155085.15	11.5967600044112	9	0.237008013387081	0.592307606311018
ENSG00000163161.14	1.79372788182081	3	0.616300769321459	0.929874909092901
ENSG00000155099.8	5.91541794753857	9	0.748352895010702	0.989244047655617
ENSG00000155100.11		9	1	
ENSG00000155189.12	22.3173828212748	6	0.00106050666436609	0.0155397665728958
ENSG00000013288.9	13.7356744613753	6	0.0327323060286929	0.170775716604334
ENSG00000155254.13	1.83895390823818	3	0.606495037223176	0.924810166915778
ENSG00000155313.15	0.692768919756418	3	0.874903440136649	0.999999882499827
ENSG00000155324.10	14.4062672796572	12	0.275520400009894	0.643649068771433
ENSG00000155330.10	18.4073881323129	9	0.0307307251188064	0.162812783080582
ENSG00000155366.17	19.9307421073027	6	0.00284910194468672	0.0317188089279664
ENSG00000102910.14	13.8064706496225	9	0.129377896515237	0.415738851528547
ENSG00000155438.12	11.7533868903702	6	0.0677020620184146	0.273391160228394
ENSG00000155463.14	2.4044765062572	3	0.492801866479481	0.84884900359151
ENSG00000155508.13	11.9491825417936	9	0.21618933878556	0.564415983951511
ENSG00000145919.11	54.7356730361935	12	2.01845651122128e-07	1.34918610226086e-05
ENSG00000085662.14	1.66658397763968	3	0.644388314248757	0.943240671779454
ENSG00000155542.12	23.1196966542866	21	0.337629758292572	0.710189695491576
ENSG00000155561.15	16.8468326634975	6	0.00986295062877893	0.0753149727591969
ENSG00000000460.17	19.4943307792528	18	0.36199518314108	0.732842482488808
ENSG00000155636.15	23.4202267710098	9	0.00531844450393861	0.0483715749430912
ENSG00000155660.11	0.755896169226617	3	0.859984327973189	0.999999882499827
ENSG00000155666.12	0.865827912310579	3	0.833665490181469	0.999999882499827
ENSG00000172530.20	12.7845212445645	12	0.3848952763169	0.754558658412339
ENSG00000240344.9	9.68839025424495	9	0.376295683209991	0.74669979106269
ENSG00000155744.9		3	1	
ENSG00000155755.19	15.5446088216995	12	0.212994962728357	0.559899223990877
ENSG00000182578.14	1.29840123372514	3	0.729512754164308	0.98055392856396
ENSG00000155868.8	5.99019483461234	6	0.424289361611042	0.793864629208118
ENSG00000155893.13	6.99442793269009	12	0.857981559322366	0.999999882499827
ENSG00000155903.13	16.9488282038296	3	0.000724076494175128	0.0115461805664299
ENSG00000069849.11	51.7928831754252	3	3.31549419736855e-11	6.22228997540763e-09
ENSG00000136824.19	2.93638070015732	3	0.40153838781941	0.772145231581547
ENSG00000155957.18	1.35823242990591	3	0.715353809524168	0.97583699009594
ENSG00000240771.8	6.10252818589061	6	0.411803449338968	0.781713647558644
ENSG00000156030.13	13.0430413971144	9	0.160668337464469	0.474852303245231
ENSG00000156050.10	9.34766452330587	6	0.154948986489668	0.464366585742451
ENSG00000156110.14	3.50223288018606	6	0.743672596693227	0.987279066667134
ENSG00000156136.10	0.159797098684066	3	0.983802510058173	0.999999882499827
ENSG00000119685.20	11.9380899900252	12	0.450664468508164	0.815920076732979
ENSG00000156171.14	14.0641748289017	12	0.29662897767102	0.667783707710157
ENSG00000138744.16	2.31912128473778	9	0.985358991050582	0.999999882499827
ENSG00000156253.7	17.6764471323077	12	0.125873683388959	0.409330648514778
ENSG00000156273.16	13.2135384880689	9	0.153179535752457	0.461240076954098
ENSG00000156298.13	5.70429490269089	3	0.126917490283346	0.411217724991758
ENSG00000156304.15	10.0622279663476	12	0.610501341665422	0.925516322245252
ENSG00000156381.9	7.89570240329704	9	0.544690206008395	0.887418980497312
ENSG00000156467.10	1.96034191781655	9	0.992079313753537	0.999999882499827
ENSG00000156469.9	8.82056357087276	6	0.18392377281667	0.513712678568369
ENSG00000156521.14	7.68605858058436	6	0.262017357193035	0.625342966213457
ENSG00000156587.16	0.403157362668935	3	0.939589488047412	0.999999882499827
ENSG00000156599.11	6.2370374735583	6	0.39716774436651	0.768734632541208
ENSG00000156639.12	2.15248709294247	6	0.905153585381593	0.999999882499827
ENSG00000156650.14	6.07209625812857	6	0.41516250477359	0.785189475589542
ENSG00000156675.16	7.71992087485933	6	0.259349070027609	0.621711514222412
ENSG00000156709.15	8.2495163073836	3	0.0411268309769831	0.198396808454957
ENSG00000156735.11	0.370727981081473	3	0.946220760712634	0.999999882499827
ENSG00000156787.17	5.63476469678062	9	0.775842478422682	0.999999882499827
ENSG00000156795.8	12.5837056930832	12	0.400010060847808	0.771177041448787
ENSG00000156831.8	7.47236021712524	9	0.588063480323494	0.914364217450215
ENSG00000156858.12	50.7556790282688	15	9.05566208347625e-06	0.000333487570840169
ENSG00000156860.16	0.229111047645347	3	0.972758350184047	0.999999882499827
ENSG00000156876.10	0.617549757986581	3	0.892403266074685	0.999999882499827
ENSG00000156928.5	9.95439578869264	6	0.126585695740846	0.4108246773312
ENSG00000156931.16	23.9206969055031	12	0.0208520985725158	0.124538329234505
ENSG00000156970.13	10.3603543742938	9	0.322107668798733	0.695767203369539
ENSG00000156973.14	5.97772188528325	3	0.112699148716723	0.384287558464885
ENSG00000144554.11	13.554949356585	18	0.757608514081879	0.994095880224176
ENSG00000157014.11	4.73484362552881	9	0.856783027146036	0.999999882499827
ENSG00000157036.13	28.5596681518719	15	0.0183170236207731	0.114388858573954
ENSG00000147421.18	2.20049287806296	3	0.531851296126622	0.877883972725558
ENSG00000157045.9	0.333802033979737	3	0.953550769288798	0.999999882499827
ENSG00000157077.14		6	1	
ENSG00000157107.14		3	1	
ENSG00000157110.16	9.79109246449752	12	0.63428214871875	0.93885243764052
ENSG00000132170.22	14.1954111717769	9	0.115541890497232	0.389499952664876
ENSG00000033050.9	13.8493918356653	9	0.127784415016603	0.413358891838525
ENSG00000157181.16	11.1696366304404	9	0.264260252942827	0.627533782655339
ENSG00000106617.15		9	1	
ENSG00000215883.10	5.74710348070948	9	0.764938106995023	0.997335253990522
ENSG00000184863.11	22.63281828459	12	0.0310099561873143	0.164113970950109
ENSG00000139908.15	0.62867410115382	3	0.889837850298403	0.999999882499827
ENSG00000157224.16	10.5324156115203	9	0.309124562331102	0.682058920142262
ENSG00000113161.16	18.6241903250266	9	0.0285848558784953	0.154633929333834
ENSG00000157259.8	16.739587761288	9	0.052953645690259	0.233494269345056
ENSG00000127080.10	3.34138849653027	3	0.34192355452682	0.713700009923652
ENSG00000259431.6	15.3747004212473	12	0.22158186616712	0.572977591924994
ENSG00000090857.14	1.07251196931884	3	0.78371360113424	0.999999882499827
ENSG00000157349.17	7.66956179128829	15	0.936346226872521	0.999999882499827
ENSG00000157353.17	16.8068738535585	15	0.330540022986719	0.703879852651029
ENSG00000213920.9	6.42135063606474	15	0.97176825558664	0.999999882499827
ENSG00000157379.14	4.56687479169159	6	0.600435645546612	0.921335790581968
ENSG00000157388.19	44.385004691494	15	9.56942270020024e-05	0.00223952029091737
ENSG00000056736.10	2.13233960085563	6	0.90713368287667	0.999999882499827
ENSG00000157445.15	3.51651401031813	6	0.741771297681099	0.986232437884175
ENSG00000157456.8	0.119134461914655	3	0.98944626919357	0.999999882499827
ENSG00000157470.12	13.7815862913849	6	0.0321734360293692	0.168572506343531
ENSG00000157483.9	19.7339174175868	18	0.347997448894704	0.719310337662437
ENSG00000157500.12	2.15116703611238	3	0.541630874715095	0.884503304728832
ENSG00000157554.19		12	1	
ENSG00000205581.11	4.37573039543349	3	0.223646321241734	0.575043761053354
ENSG00000157578.13	5.67399178148003	6	0.460681722596425	0.824160023981395
ENSG00000157600.12		9	1	
ENSG00000157601.14		3	1	
ENSG00000157625.15	0.83584402580118	3	0.840875786556295	0.999999882499827
ENSG00000157637.13	39.141884403085	9	1.08613040931092e-05	0.000385411933978749
ENSG00000198947.16	13.4551855538448	12	0.336841512649324	0.709414755217176
ENSG00000157653.12	1.32690489466515	3	0.722754373675784	0.977699696067769
ENSG00000157657.14	1.57524727364967	3	0.665015265870617	0.95523755955716
ENSG00000157693.15	15.9626032817196	9	0.067666647816176	0.273391160228394
ENSG00000157703.16	3.89999724637232	9	0.917870215563772	0.999999882499827
ENSG00000148219.16	0.342764753169377	3	0.951794755473198	0.999999882499827
ENSG00000110871.15	5.34980791189446	3	0.147902886785897	0.451057585044866
ENSG00000119771.15	18.1740246844165	6	0.00581170143109333	0.0514201217280506
ENSG00000084676.15	4.17737424151073	3	0.242936937590085	0.59944919695111
ENSG00000157764.14	25.1113185011545	12	0.0143040907098266	0.096805562577807
ENSG00000138101.18	65.6977422216332	24	9.61119076952973e-06	0.000351294422171688
ENSG00000157827.20	0.664998973711818	3	0.881403999602489	0.999999882499827
ENSG00000157851.17	2.60958480064755	3	0.455811684791918	0.820108081099617
ENSG00000157869.15	5.43933485620801	9	0.794453243480056	0.999999882499827
ENSG00000157895.11	17.1640171024255	12	0.143531006462728	0.44312530593792
ENSG00000157911.11	0.387286579820284	3	0.942856085897103	0.999999882499827
ENSG00000157954.15	16.5364876094391	12	0.167880388133957	0.488038340124899
ENSG00000137834.15	6.87280293002186	6	0.332770762467271	0.706424711422333
ENSG00000157992.12	3.48852781994978	3	0.322253075031286	0.695767203369539
ENSG00000158042.9	10.8074435546878	3	0.0128139984922018	0.0896428754734029
ENSG00000158050.5	38.2632885129351	3	2.48598806865808e-08	2.12813662824862e-06
ENSG00000158079.16	1.50451539522123	3	0.681228572278742	0.962657057177562
ENSG00000182150.18	21.8224906874784	12	0.0395580992660879	0.192927281728012
ENSG00000158092.7	33.234960874528	12	0.000889554158488466	0.0135431498169874
ENSG00000158106.14	1.57549504821145	3	0.664958827986076	0.95523755955716
ENSG00000158169.13	14.2970036329862	12	0.282145662988032	0.651649375033616
ENSG00000158186.13	17.1360473909335	18	0.513770728882527	0.864165553802927
ENSG00000158201.10	6.17247231313377	6	0.404149756008455	0.77503558029996
ENSG00000051382.9	10.0989965667268	9	0.342530520807949	0.713700009923652
ENSG00000115073.8	4.65863571677619	3	0.198569346717396	0.536351578913665
ENSG00000102024.18	6.58353561542754	6	0.361082408215523	0.732751761650091
ENSG00000158373.8	11.0839974112314	3	0.0112802335575958	0.0823980533597136
ENSG00000158411.11	5.72328266630939	6	0.454890855851383	0.81950892786665
ENSG00000158417.11	1.51763764131465	3	0.678205595699762	0.961727464172331
ENSG00000158435.8	13.5234117497967	6	0.035437457564186	0.180133750989788
ENSG00000158458.21	7.12874880782499	6	0.309104624274971	0.682058920142262
ENSG00000005187.12	9.52745112213267	3	0.0230411126716817	0.133526258054003
ENSG00000184154.15	18.7611918350208	15	0.224760196323873	0.575855803603223
ENSG00000158528.12	7.27238542849864	9	0.608783252215522	0.925463738182057
ENSG00000158552.13	20.0625325677102	15	0.169546966821413	0.491419319634741
ENSG00000158604.15	4.69681383459829	6	0.583244361668861	0.91194587964105
ENSG00000124006.15	4.76541788438044	9	0.854259158678825	0.999999882499827
ENSG00000158711.14	22.5310835660735	3	5.05706911052335e-05	0.00131957052004271
ENSG00000158747.15	5.43363152764505	3	0.142662516796078	0.441444034773665
ENSG00000158792.16	0.717723658687646	3	0.869027459194694	0.999999882499827
ENSG00000158805.12	64.4474759360965	21	2.65053271234566e-06	0.000115993492106643
ENSG00000143258.16	13.4685558345227	18	0.763020287459399	0.996429142956814
ENSG00000127603.29	22.406543484798	21	0.376416084212659	0.746709420079544
ENSG00000158863.22	7.83906023598502	18	0.980937086886227	0.999999882499827
ENSG00000140750.17	3.98756437615884	9	0.912229099158551	0.999999882499827
ENSG00000241852.10	16.3815032905513	12	0.17438058373458	0.498619675424651
ENSG00000158966.16	2.3663438616378	3	0.499930449191917	0.854301623044401
ENSG00000147454.14	11.2039886430939	12	0.511522516422599	0.862270365776533
ENSG00000244187.8	1.44611339099356	6	0.962993365968477	0.999999882499827
ENSG00000076864.19	8.56913068205904	9	0.477958355530344	0.838467659827545
ENSG00000159079.19	0.868024969851831	6	0.990124492927234	0.999999882499827
ENSG00000108424.10	7.73735794285312	15	0.93388006951753	0.999999882499827
ENSG00000159086.15	23.8731539992896	12	0.0211641932200025	0.126096923495976
ENSG00000243646.10	1.21646436205992	3	0.749058246563703	0.989450382812016
ENSG00000159111.13	14.557641994179	6	0.0239908637374998	0.137640705005444
ENSG00000140199.13	21.768160548002	9	0.00964350804410501	0.0741274162022142
ENSG00000141295.14	5.83262498081604	12	0.924282966698143	0.999999882499827
ENSG00000159128.15	6.74804937935551	6	0.344777253603957	0.71619438440209
ENSG00000124160.12	1.34659992348679	3	0.718098317365326	0.975924508114625
ENSG00000205758.12	22.9553827809905	12	0.0281071251537795	0.153238790154042
ENSG00000062598.18	7.71031025633965	15	0.934870849610826	0.999999882499827
ENSG00000159167.12	2.38541595537208	3	0.496355211809208	0.850217684791745
ENSG00000078061.13	6.26623796040076	9	0.713004629341028	0.974397358231553
ENSG00000060491.16	1.82840735408536	3	0.608772774432068	0.925463738182057
ENSG00000159210.10	4.71258820907679	9	0.858608632614653	0.999999882499827
ENSG00000159217.10	18.8290738392802	6	0.00446225358988117	0.0428613511650102
ENSG00000284308.1	3.74024385028554	6	0.711779569686222	0.974397358231553
ENSG00000159263.16	4.57155122878839	6	0.599814367669972	0.921335790581968
ENSG00000135637.14	20.7546237560109	15	0.144854067061047	0.445511787166219
ENSG00000077157.22	14.7853976658348	9	0.097001929472622	0.349443274168814
ENSG00000100294.13	4.58062433889791	9	0.869228589818557	0.999999882499827
ENSG00000159314.11	28.490265600688	15	0.0186940476452713	0.115684978421181
ENSG00000110811.20	5.46247165191153	3	0.140900537981671	0.4377618843293
ENSG00000143390.17	17.4615305575862	12	0.133045188506506	0.422927685548856
ENSG00000159423.17	6.32069201471495	9	0.707442357271273	0.973417026750243
ENSG00000159433.12	0.052672098033554	3	0.99683526384812	0.999999882499827
ENSG00000159461.15	6.12666381437884	6	0.409151859990933	0.77971353283568
ENSG00000159459.12	2.41192111130295	9	0.98315911836911	0.999999882499827
ENSG00000159479.17	2.08256473875008	9	0.990093578265128	0.999999882499827
ENSG00000099958.15	5.04469657840036	12	0.956469368955311	0.999999882499827
ENSG00000159556.10	2.25810410526992	3	0.52059452569677	0.869505253316416
ENSG00000133433.11	2.69732648529316	3	0.440681821391875	0.807966274988395
ENSG00000140848.17	9.11273406627151	6	0.167336550153591	0.487328377484004
ENSG00000159592.11	15.8687609941917	15	0.390827158993911	0.761902166324725
ENSG00000159593.15	37.3922465854121	9	2.23969188007953e-05	0.000678793573220377
ENSG00000067955.15	4.72417296900676	6	0.579644851702622	0.910497697476505
ENSG00000196123.13	26.0975708910373	18	0.0975478135696777	0.350117363967078
ENSG00000159674.12	38.6926209583862	18	0.00313308283309901	0.03363393310457
ENSG00000159685.11	0.314977634727256	3	0.95718741449478	0.999999882499827
ENSG00000159692.16	16.8408358288871	9	0.0512675996941409	0.228723894330646
ENSG00000230453.9	3.00892150341406	6	0.807726256668306	0.999999882499827
ENSG00000159720.12	0.34831043217855	3	0.950700602412555	0.999999882499827
ENSG00000159733.14	7.39881576479729	6	0.285533332295993	0.656443520649503
ENSG00000159792.10		6	1	
ENSG00000141252.20	18.545242152506	18	0.420314083291181	0.790336250257926
ENSG00000159842.15	1.90140469433209	6	0.928539263564467	0.999999882499827
ENSG00000159917.17	12.5248178890233	9	0.185312417900494	0.515672622267157
ENSG00000104936.19	28.0875570725548	12	0.00537117157235447	0.048624548584979
ENSG00000105287.12	22.8172529425383	18	0.197710651752286	0.535062848160477
ENSG00000160014.17	16.0637671047298	6	0.0134157656257856	0.0925513071433773
ENSG00000160051.12	6.11478251762264	3	0.106157405573328	0.371056633592447
ENSG00000116525.14		3	1	
ENSG00000072958.9	15.9492378319592	9	0.0679492314187826	0.273675835499752
ENSG00000160124.9	5.11718678785837	6	0.528873414691018	0.876724249018116
ENSG00000105726.17	2.34717075694061	6	0.885164304157953	0.999999882499827
ENSG00000160191.18	12.7189863736983	6	0.0477219642983138	0.219471559654686
ENSG00000160199.15	9.84385951631521	9	0.363273047002319	0.734600428034736
ENSG00000160201.12		6	1	
ENSG00000160207.9	3.12338049730079	3	0.372990744843689	0.743619341967224
ENSG00000160209.19	69.5889355209656	12	3.82322132145932e-10	5.82981513689398e-08
ENSG00000160216.21	9.75056528275127	6	0.135556930662895	0.428906816308585
ENSG00000160218.13	9.23201601071105	12	0.682995816768748	0.963262017038078
ENSG00000241945.8	4.92634457820896	9	0.840681118071352	0.999999882499827
ENSG00000160221.18	17.6694798843491	9	0.0392076560108847	0.192001138433231
ENSG00000160256.13	2.40682112941431	3	0.492366134709327	0.84884900359151
ENSG00000160294.11	78.6200425119896	18	1.49251972513544e-09	1.77628048751179e-07
ENSG00000160298.18	29.1280044739724	12	0.00377113922328352	0.038137355108833
ENSG00000160310.18	23.5437416567293	18	0.170550878973044	0.493011264187777
ENSG00000160318.6	15.6543672692169	6	0.0157343880630113	0.103193476550354
ENSG00000160325.14	2.70932060935047	6	0.844345152036219	0.999999882499827
ENSG00000160360.13	6.42494836750302	6	0.377306440671421	0.747238917856831
ENSG00000160408.14	20.5665928596336	12	0.0570987742082309	0.245907739407822
ENSG00000160410.15	6.07943537958272	12	0.912024875491505	0.999999882499827
ENSG00000160439.16	22.6212477352456	18	0.205566824054279	0.547822675026136
ENSG00000160445.11	5.17656894983247	3	0.159315169457208	0.471710175586436
ENSG00000105048.17	3.74601979617728	9	0.927319782506203	0.999999882499827
ENSG00000160447.7	2.43160190200433	3	0.48777905032605	0.844327015588011
ENSG00000160563.14	6.8461334629319	9	0.653135391945068	0.949634727352789
ENSG00000160606.11	1.01072287084753	3	0.798657360801432	0.999999882499827
ENSG00000244045.13	4.39666161387504	6	0.623161367380386	0.931979940512927
ENSG00000160633.13	8.76429458377243	12	0.722920061636149	0.977699696067769
ENSG00000176531.10		12	1	
ENSG00000105755.8	5.00033107723721	3	0.171772902800111	0.495483977811687
ENSG00000160678.12	11.6125490628283	9	0.236043360427334	0.591411336177241
ENSG00000160685.13	6.19666272824907	6	0.401524449518979	0.772145231581547
ENSG00000160688.19	20.5541353794397	9	0.0147842124670506	0.0990928086991393
ENSG00000160703.16	23.0188136146462	15	0.0837412337251608	0.315046530425537
ENSG00000160714.10	6.53370825723687	3	0.088342570908053	0.327310231393959
ENSG00000160746.13	13.636288594862	15	0.55327325531471	0.891106862040296
ENSG00000160753.16	6.38466751039596	12	0.89546380290703	0.999999882499827
ENSG00000160781.17	19.1489919429139	9	0.0239554341360299	0.137518283372656
ENSG00000160813.7	25.908409973199	12	0.0110587189838449	0.0810834249161102
ENSG00000070423.18	1.1118894182946	3	0.774204733799918	0.999999882499827
ENSG00000213420.8	17.6886803790048	6	0.00705916771079019	0.0590320631444742
ENSG00000113758.13	0.456951937259873	3	0.928241822720555	0.999999882499827
ENSG00000166526.18	28.4772624483194	15	0.018765481365366	0.115833227479195
ENSG00000160867.15	43.36459449424	15	0.000138184540330364	0.00301209152586533
ENSG00000160886.13	14.9486690338963	9	0.0923556347080426	0.338706741494095
ENSG00000160877.6	2.13550662267517	6	0.90682357482248	0.999999882499827
ENSG00000160888.7	199.948118478897	3	4.32884895890965e-43	7.04087283166654e-40
ENSG00000166529.15	5.59538057286864	6	0.470004444050373	0.83138904649041
ENSG00000241468.8	1.77386430371553	9	0.994559914537586	0.999999882499827
ENSG00000160917.15	11.6395477259721	12	0.475044700869697	0.835760092984923
ENSG00000106246.18	9.18605471503543	6	0.163381694431733	0.47996446597209
ENSG00000160932.11	0.267395121860318	3	0.966039212807854	0.999999882499827
ENSG00000160948.14	41.2512158485333	12	4.44828373994683e-05	0.00117648620156284
ENSG00000160959.8	7.66055173422137	9	0.568682699413233	0.902774327305688
ENSG00000160961.12		9	1	
ENSG00000257923.11	29.5126016156864	18	0.0424631838523465	0.203136378046593
ENSG00000160972.9	14.8266530973306	15	0.463974369456344	0.827018424022733
ENSG00000198169.9	3.04168544095683	6	0.803596980253488	0.999999882499827
ENSG00000160993.4	8.23475523313027	6	0.2214041500751	0.572858001003601
ENSG00000196150.13	10.9272671097397	12	0.535162006717202	0.880419086910514
ENSG00000161010.15	30.9356916736288	3	8.76967627018719e-07	4.72835749838435e-05
ENSG00000161013.17	21.7429583157064	15	0.114723100043603	0.387744799116221
ENSG00000161036.13	18.0585087902637	6	0.0060876302207164	0.0531388044042677
ENSG00000161057.12	15.9270954318781	6	0.0141506712107875	0.0960336580988009
ENSG00000161149.12	0.732377856405719	3	0.865563203096962	0.999999882499827
ENSG00000161179.14	24.4533379695204	12	0.0176366729924771	0.111445895305758
ENSG00000043093.15	13.5191430219493	15	0.562265530197262	0.897179416153544
ENSG00000161203.13	5.4164502886124	9	0.796600183971553	0.999999882499827
ENSG00000161204.11	11.2919493936388	6	0.0797617417152027	0.305852588368826
ENSG00000161217.12	11.7208036563043	12	0.468354809924943	0.830126151481569
ENSG00000269190.6	3.02967999091379	6	0.805112566277175	0.999999882499827
ENSG00000161243.9	3.24910689352691	3	0.354789060672438	0.72617165333522
ENSG00000161265.15	65.4953682612286	33	0.000642428296359521	0.0105049893892034
ENSG00000161277.11	4.19909400799679	3	0.240752607835088	0.596692752938102
ENSG00000161513.12	0.129071686325915	3	0.988133821439908	0.999999882499827
ENSG00000161526.15	25.8360676739394	15	0.0397814748444542	0.193772394562142
ENSG00000161533.12	29.1588692801852	18	0.046471685103741	0.216063446844883
ENSG00000161558.11	12.7994234263597	15	0.617787076354786	0.930106061154939
ENSG00000087088.20	52.0252623037959	12	6.1361281135278e-07	3.46141469710508e-05
ENSG00000173757.10	9.59659159924558	9	0.384118735677624	0.753987023431987
ENSG00000068137.15	17.1761084569589	12	0.143091928680695	0.442189402151646
ENSG00000161618.10	26.6636792472091	9	0.00158955987728402	0.0210481883886224
ENSG00000131467.11	5.19792083969514	3	0.157864995719283	0.468838859776167
ENSG00000161638.11	2.5897260890215	3	0.459293543717952	0.822596542725664
ENSG00000161654.10	1.82338353436353	3	0.609859685125949	0.925463738182057
ENSG00000092841.19	1.26346393628046	3	0.737826659355117	0.984475029894256
ENSG00000161682.15	10.7227497869926	6	0.0973325356734059	0.349601846020158
ENSG00000176024.18		6	1	
ENSG00000204564.12	20.4889441237319	12	0.058383881726671	0.248915815539791
ENSG00000161813.22	16.4356836710631	12	0.172085715018018	0.495539832652946
ENSG00000171466.10	10.3227271571288	6	0.111702783793904	0.381823981451735
ENSG00000161835.11		3	1	
ENSG00000065989.16	6.58424145277058	9	0.680316446700472	0.962635478760564
ENSG00000197283.17	13.067279733632	15	0.597101192249032	0.919890120624735
ENSG00000161904.12	11.1073068918449	9	0.268425279091806	0.632743382692711
ENSG00000161914.10	17.0729422110448	9	0.0475858864120325	0.219096611850032
ENSG00000161921.16	2.46378875681421	3	0.481870824675237	0.841549280244387
ENSG00000239697.11		3	1	
ENSG00000161960.16	0.484883250901476	3	0.922199720760437	0.999999882499827
ENSG00000007392.17	50.4428721967561	27	0.00404368823438769	0.0401040177636072
ENSG00000161996.19	25.6021385851855	21	0.222027211323497	0.573629059071585
ENSG00000162004.18		30	1	
ENSG00000007545.16	6.84043078674813	6	0.33585661962217	0.709012337281993
ENSG00000162063.13	0.343916113799423	3	0.95156806753694	0.999999882499827
ENSG00000162066.15	32.4440262492208	15	0.00559884823649699	0.049990082287259
ENSG00000162073.14	5.90570328930699	6	0.433835839792012	0.801598980904903
ENSG00000162076.13	1.72636171139311	6	0.943068005276901	0.999999882499827
ENSG00000162104.10	13.5135939161301	6	0.0355675486340302	0.18050114774805
ENSG00000162129.14	21.7982160191605	18	0.241067055782305	0.596692752938102
ENSG00000162139.10	7.61195436019671	6	0.267932627869894	0.631888476409449
ENSG00000168067.12		21	1	
ENSG00000162144.10	29.6830147512519	9	0.000496650047701448	0.00863958612391878
ENSG00000162191.14	9.41168597167416	9	0.400171685098399	0.771336258122709
ENSG00000213672.8	4.80277319432571	9	0.851150901745265	0.999999882499827
ENSG00000162222.14	9.91077765544469	12	0.62378793831184	0.932100212828854
ENSG00000162227.8	4.26204015136136	9	0.893334767298448	0.999999882499827
ENSG00000162231.14	4.91019336291356	6	0.555382136916432	0.892718866851768
ENSG00000162236.12	1.69110177145558	6	0.945806158070643	0.999999882499827
ENSG00000162241.12	5.94233795118566	6	0.429680372662378	0.798049488591153
ENSG00000168005.9	5.3774220386058	6	0.496393920609917	0.850217684791745
ENSG00000162298.19	3.50381350616226	6	0.743462255986284	0.98727012602669
ENSG00000162300.13	5.30322366724431	3	0.150893348940003	0.456751920690287
ENSG00000162337.12	1.45044013126972	3	0.693755028668686	0.96857759502224
ENSG00000162341.18	2.8343914242455	6	0.829326994542985	0.999999882499827
ENSG00000162384.14	9.81290461571189	12	0.632370390080189	0.938315742252177
ENSG00000162402.14	13.5763574546882	9	0.13821312715446	0.433471779565422
ENSG00000007923.16	14.0746866669069	6	0.0288129087560874	0.155265144423334
ENSG00000162419.12		9	1	
ENSG00000162437.14	2.67878060418207	6	0.847947215058669	0.999999882499827
ENSG00000162522.11	1.38351981926826	3	0.709402283558037	0.973417026750243
ENSG00000162542.13	12.0192053967839	12	0.444138462693204	0.81030982565395
ENSG00000162591.16	10.3759445396827	6	0.109687052542892	0.377796793862764
ENSG00000162604.12	3.57921900213842	3	0.310632090269034	0.683684837378326
ENSG00000130158.14	0.983182261119509	6	0.986241818038278	0.999999882499827
ENSG00000162613.17	59.0696806552151	9	2.02499082814018e-09	2.38095005925543e-07
ENSG00000162642.14	7.3867102579934	9	0.596924879612753	0.919846818275834
ENSG00000122417.15	26.0131025960836	30	0.674462561400478	0.960607141959613
ENSG00000162688.17	5.00135979698553	3	0.171697600356007	0.495445559395113
ENSG00000066279.18	2.76061404391294	3	0.430024652380639	0.798290010002408
ENSG00000162702.8	5.40078552480372	6	0.493528283286609	0.848993921486694
ENSG00000162704.16	16.4628596311377	6	0.0114738701827632	0.0834999993389903
ENSG00000162714.12	6.32415920952553	9	0.707087629848662	0.973417026750243
ENSG00000162736.17	5.07616498964489	6	0.534082214243415	0.879680730599407
ENSG00000162745.10	3.3856008841758	3	0.335905188194513	0.709012337281993
ENSG00000123636.18	23.7739854811207	15	0.0690323511240978	0.276972700640201
ENSG00000162878.13	73.5608172085922	15	1.0290834233e-09	1.32733798769165e-07
ENSG00000162889.11	0.992302446506073	3	0.803114530264768	0.999999882499827
ENSG00000162910.19	13.8478977250634	12	0.310526592588796	0.683606816393879
ENSG00000162913.10	54.9552417361038	12	1.84366629057723e-07	1.24085098825815e-05
ENSG00000162928.9	15.9193072791968	12	0.194959957612427	0.530502764907918
ENSG00000162929.14	5.6913864063481	9	0.770363996476445	0.999716578959222
ENSG00000162959.13	27.1961421681626	12	0.00724000958867255	0.0602395798485689
ENSG00000162961.14	1.27490374777699	3	0.735100879840369	0.983164200581862
ENSG00000162972.10	24.3517745702229	6	0.000449887106963015	0.00799717354617862
ENSG00000162976.13	12.0825390918972	9	0.208696050798203	0.552540629337945
ENSG00000162980.17	7.31324207794569	9	0.604541941566072	0.92374479025253
ENSG00000163002.13	2.10344733044985	3	0.551215659806783	0.890526575140244
ENSG00000243667.7	19.245101482119	9	0.0231876532593975	0.134136519358897
ENSG00000163006.12	28.0811061488039	12	0.00538287050122983	0.0486807755547971
ENSG00000163013.11	8.4520397036772	6	0.20681996524809	0.549810961824057
ENSG00000166401.15		9	1	
ENSG00000115041.13	0.353007607038762	3	0.949769401525692	0.999999882499827
ENSG00000174501.14	7.92471102159834	9	0.541751034962039	0.884503304728832
ENSG00000163138.19		36	1	
ENSG00000163162.9	1.39129748875348	3	0.70757591036204	0.973417026750243
ENSG00000163171.8	4.31397941146224	3	0.229495255341717	0.582633766097768
ENSG00000163170.12	1.79622314748121	3	0.615757165967557	0.929874909092901
ENSG00000163235.16	1.02160536530607	3	0.796024292189289	0.999999882499827
ENSG00000163249.13	20.8224177040752	9	0.0134626806295419	0.0926532441916074
ENSG00000163281.12	18.3336134372839	12	0.10592996470708	0.370664474214275
ENSG00000163293.12		3	1	
ENSG00000163295.5	0.276938514551148	3	0.964305720190631	0.999999882499827
ENSG00000152795.17	154.845602172485	6	7.30516499361874e-31	5.94092543106044e-28
ENSG00000163312.11	14.4154432211781	9	0.10829556722654	0.375223061953244
ENSG00000163319.11	2.70139038332854	6	0.845283045562488	0.999999882499827
ENSG00000128656.15	41.0392565986185	24	0.0164925218392799	0.106308137800219
ENSG00000163328.13	5.22251122761736	6	0.515607597968795	0.865316345413151
ENSG00000163364.10		6	1	
ENSG00000163374.19	5.30890471454768	12	0.946857614934641	0.999999882499827
ENSG00000163378.14		9	1	
ENSG00000163389.12	14.3150184331844	9	0.111552392648739	0.381443517820268
ENSG00000163399.16	0.885498530871701	3	0.828925862204179	0.999999882499827
ENSG00000163412.13	0.195813317185184	3	0.978262325086966	0.999999882499827
ENSG00000163430.12	6.95072181862633	6	0.32542848978943	0.698934615894287
ENSG00000163466.16	4.39855566935148	3	0.221519347562695	0.572967747909977
ENSG00000163472.19	12.6319105308321	6	0.0492682155776776	0.222802834023427
ENSG00000163481.8	0.820829305175721	3	0.844478724763976	0.999999882499827
ENSG00000163482.12	37.4957049854456	24	0.0390207893116986	0.191358735122044
ENSG00000033867.16	14.8420120114424	12	0.250190323679278	0.609639792455949
ENSG00000163507.14	10.5516534779563	9	0.307695867553756	0.680907930035625
ENSG00000163512.14	40.9025344366164	18	0.00157022091633437	0.020905574246258
ENSG00000163513.19	13.0072152139746	6	0.0429215117256775	0.20459976040654
ENSG00000163517.15		6	1	
ENSG00000163521.16	23.1559476964758	15	0.0808844720154593	0.308340454062058
ENSG00000163520.14	2.9219054432815	3	0.403823205188135	0.774907025438684
ENSG00000163528.13	0.820078384771477	3	0.844658765903151	0.999999882499827
ENSG00000163527.10	1.5966846490046	6	0.95281545682031	0.999999882499827
ENSG00000163536.13	1.39091944183201	6	0.966408471627629	0.999999882499827
ENSG00000163558.13	43.8982414571001	9	1.47369405216646e-06	7.19089012754622e-05
ENSG00000163565.18	13.0440910060013	12	0.365844122416606	0.737401443288076
ENSG00000163577.8		12	1	
ENSG00000163584.18	4.0107571342669	6	0.675220599875135	0.960611098028189
ENSG00000163590.14	1.22073437513768	3	0.748035768154415	0.989244047655617
ENSG00000163607.17	7.38946180038329	9	0.596639872123493	0.919846818275834
ENSG00000206530.11	11.6922850561905	12	0.470698317123117	0.831792492228579
ENSG00000163611.11	4.96862235376921	6	0.547843811424983	0.888845844671057
ENSG00000163617.11	5.3052261703084	3	0.150763632080704	0.456751920690287
ENSG00000163625.16	4.84697051244621	9	0.847438920308558	0.999999882499827
ENSG00000163626.17	55.658642712282	9	9.12044436677283e-09	8.90064165753361e-07
ENSG00000163634.12	1.49326803314762	3	0.683824934164282	0.963548464405136
ENSG00000163635.20	5.31265711764024	6	0.504382269029131	0.857687151673687
ENSG00000163644.15	4.72649391130051	3	0.192955623314754	0.526728371448583
ENSG00000163655.16	4.31726285588957	6	0.633826030997262	0.93885243764052
ENSG00000163659.13		9	1	
ENSG00000163660.12	78.2889148743998	24	1.13707216312613e-07	8.21976832588737e-06
ENSG00000174891.13	10.3079314184797	12	0.588965706907499	0.91495006904016
ENSG00000163666.10	0.564405545334353	3	0.904530320622962	0.999999882499827
ENSG00000163681.16	23.3958445752833	27	0.663574995419244	0.954151816752086
ENSG00000136068.15	13.5896338172461	9	0.137689798595947	0.433037300837204
ENSG00000163683.12	17.0867890498703	9	0.0473740885651098	0.21869618273742
ENSG00000163684.11	20.2199448093816	12	0.0630380670015988	0.260587386925033
ENSG00000163686.15	0.284795462332113	3	0.962862211044006	0.999999882499827
ENSG00000163694.15	1.96264170917311	3	0.5801966504299	0.910497697476505
ENSG00000163697.17	28.5005570923195	15	0.0186376893605423	0.11566089747109
ENSG00000163702.20	18.3817912013474	24	0.784104822828082	0.999999882499827
ENSG00000163704.12	4.60424113572526	3	0.203178557342147	0.543983413196712
ENSG00000163710.9	7.58373308661248	9	0.576577182157035	0.908136978804149
ENSG00000163719.20	1.09977751196493	6	0.981545571046287	0.999999882499827
ENSG00000163728.11	28.3011485772877	12	0.0049972433630528	0.0462256852891301
ENSG00000081041.9	1.47257721985983	3	0.688613800996316	0.966895333016327
ENSG00000138771.16	1.59487982581163	3	0.660551341394601	0.953566679623831
ENSG00000163754.18	5.84894809116668	6	0.440322157706226	0.807966274988395
ENSG00000163755.9	6.09839839955566	9	0.730031194737343	0.98055392856396
ENSG00000163788.14	1.86677601785686	3	0.600512626930373	0.921335790581968
ENSG00000169981.11		12	1	
ENSG00000243147.8	0.731968101812527	3	0.865660198555374	0.999999882499827
ENSG00000163807.6	11.0201865865656	3	0.0116172183642939	0.0840418339637839
ENSG00000213639.10	4.1029331913669	6	0.662748958953935	0.953784648887685
ENSG00000163811.12	1.66965171999254	3	0.643701854462987	0.942753559823542
ENSG00000163812.15	2.35014049890742	6	0.884847906476929	0.999999882499827
ENSG00000163818.17	17.9718368480599	6	0.00630296296156758	0.0542905372001884
ENSG00000163820.15	0.246665347668113	3	0.969725937563555	0.999999882499827
ENSG00000163832.16	12.273241089817	9	0.198339928733472	0.536028624898908
ENSG00000082781.12	3.55429760616971	9	0.938229856907352	0.999999882499827
ENSG00000163864.17	6.10898991058258	3	0.106426368631027	0.371636442916236
ENSG00000163870.16	8.79671175278781	9	0.456247330985785	0.820286975514053
ENSG00000163875.16	18.902315342988	12	0.090913289570156	0.334422462463307
ENSG00000163877.11	1.63669385768844	6	0.94990321761549	0.999999882499827
ENSG00000163898.10	4.18803874133948	3	0.241862165655142	0.598226290725707
ENSG00000163902.12	5.05798401887296	3	0.167600176164787	0.487804986338252
ENSG00000163904.13	12.7059724599003	15	0.624996823250704	0.932906699006366
ENSG00000163913.12		18	1	
ENSG00000163918.10	41.5702116691973	6	2.23535607401917e-07	1.48400271607844e-05
ENSG00000163923.10	0.619121207739227	3	0.892041395932561	0.999999882499827
ENSG00000163930.10	17.8825759616448	9	0.0365605659077461	0.183725315496238
ENSG00000163931.16	2.05968124722131	6	0.914128651723018	0.999999882499827
ENSG00000163933.10	6.39984268625994	6	0.379920157204664	0.751142790551117
ENSG00000163939.18	25.3385873781372	18	0.115870366320108	0.390420297875576
ENSG00000163947.12	0.432653004791973	3	0.933417538067249	0.999999882499827
ENSG00000163956.13	1.28358960660989	6	0.972554874411992	0.999999882499827
ENSG00000163960.12	38.5002090694657	6	8.96743342174287e-07	4.80841663531806e-05
ENSG00000163964.16	23.1464708148978	15	0.0810791493718789	0.308940718999983
ENSG00000163975.12	0.742647696249833	3	0.863129834201834	0.999999882499827
ENSG00000164002.11	15.1527284525059	9	0.0868253144895865	0.323272235400388
ENSG00000197894.11	15.5122254675516	12	0.214611716279264	0.562102989578458
ENSG00000164039.15	26.8137863408592	15	0.0302906882859257	0.1611814759991
ENSG00000164040.18	7.8111736154242	6	0.252266240855723	0.612252236884108
ENSG00000164050.13	22.1540606145172	24	0.570071858046818	0.904018729717077
ENSG00000164054.15	0.153973607215448	3	0.984653274737395	0.999999882499827
ENSG00000164062.13	16.8982489437767	9	0.0503334354979945	0.226019992489202
ENSG00000164070.12	7.54310997337598	9	0.580761552702077	0.910758796853539
ENSG00000164073.11	54.1014710059062	36	0.0268178046098072	0.148448641626267
ENSG00000164077.14	29.4128196967949	9	0.000551880744841184	0.00931800032682546
ENSG00000164078.13	29.4482151366283	18	0.0431689909871462	0.2055054551432
ENSG00000164087.8	3.92897556794924	6	0.686287508676982	0.965187500575446
ENSG00000164088.18	20.2330629297612	15	0.163173251537113	0.47964089209358
ENSG00000164104.12	2.81598827018752	9	0.971145601465603	0.999999882499827
ENSG00000164109.14	13.1655949214255	6	0.0404803704012143	0.195980800349113
ENSG00000164118.13	24.5700206883798	9	0.00348551429825474	0.0363323934317475
ENSG00000164134.13	9.47883654896577	6	0.148385149174458	0.451420876974624
ENSG00000164136.17	14.4383325425042	9	0.107564933777409	0.373967292031968
ENSG00000170390.16	0.16524016091239	3	0.982995446237507	0.999999882499827
ENSG00000164151.12	2.95889486383385	3	0.398006295846402	0.769747015688672
ENSG00000164163.11	4.04525545406796	9	0.908408729061461	0.999999882499827
ENSG00000164167.12	1.90317307044461	6	0.92838476274038	0.999999882499827
ENSG00000164168.8	0.0792997202897823	3	0.994200134839897	0.999999882499827
ENSG00000164180.14	20.9873652709794	9	0.0127066395494214	0.0894690442733067
ENSG00000164182.11	0.234480240658741	3	0.971839944610499	0.999999882499827
ENSG00000164187.7		6	1	
ENSG00000164211.13	8.40278804119953	18	0.972017577095113	0.999999882499827
ENSG00000164219.10	2.8312786317706	3	0.418376747394106	0.78882482259006
ENSG00000164237.9	14.7808766220405	6	0.0220312086775075	0.129519617761323
ENSG00000164241.13		3	1	
ENSG00000164244.21	9.71826083617634	6	0.137029114907539	0.431237385482965
ENSG00000186468.13	4.60904220305383	3	0.202767766641504	0.543437936175814
ENSG00000164253.14	38.0886057508978	18	0.00377012389022724	0.038137355108833
ENSG00000164258.12	1.03343407509965	3	0.793162630728799	0.999999882499827
ENSG00000145868.17	37.9555820051428	21	0.0130438921932982	0.0907308224621504
ENSG00000113649.11	27.4901313276787	18	0.0702502392475973	0.28058928860662
ENSG00000157510.14	17.0395905224896	6	0.00913883931821424	0.0713487463251622
ENSG00000164294.14	0.698813791161228	3	0.873482921872018	0.999999882499827
ENSG00000164296.7	6.00585540962675	6	0.422534473012791	0.792604980811241
ENSG00000164307.13		6	1	
ENSG00000164323.14		6	1	
ENSG00000164327.13	1.8791012484503	3	0.597874697374256	0.920263259308185
ENSG00000164329.13		15	1	
ENSG00000164331.10	16.5789312591305	12	0.166134595928097	0.485566792950674
ENSG00000164338.10	16.971691631994	12	0.15066528311422	0.456751920690287
ENSG00000214944.9	4.23085176415884	3	0.237591133385916	0.5928539684769
ENSG00000164342.13	3.96848541218469	6	0.680941363255538	0.96263805288133
ENSG00000132356.11	26.52918006045	15	0.0328149662647179	0.170888792165157
ENSG00000164346.10	5.39535852480913	6	0.494193159374654	0.849368778350328
ENSG00000164347.18	3.10151149555895	6	0.796002503063113	0.999999882499827
ENSG00000164366.4	0.690303735412272	3	0.875482204325679	0.999999882499827
ENSG00000158987.22	9.29209447256835	3	0.0256491534859496	0.143444177002511
ENSG00000164402.14	15.2660795653719	9	0.0838817568733751	0.315332074471212
ENSG00000164406.8	0.175754391149439	3	0.981405067051424	0.999999882499827
ENSG00000181163.13	4.75700259581208	9	0.854955651656219	0.999999882499827
ENSG00000164463.12	16.1942546961961	6	0.0127484432660759	0.0895073086226579
ENSG00000164465.19	7.85294270145278	12	0.796514232812007	0.999999882499827
ENSG00000164535.15	11.0188374821009	6	0.0877959790477497	0.326027762377089
ENSG00000164542.13	36.907669808581	21	0.0172495636879963	0.110097117090357
ENSG00000164548.11	15.0193850081923	12	0.24037804941748	0.596301317810165
ENSG00000164574.16	2.12391044567812	3	0.547090683489756	0.888362392708242
ENSG00000164576.12	15.8520813530267	15	0.391950024623996	0.762972546804176
ENSG00000164597.14		9	1	
ENSG00000164603.12		3	1	
ENSG00000164609.10	15.1440256568603	9	0.0870550524288779	0.32370436612322
ENSG00000164615.5	2.44278646025487	3	0.48571963480296	0.843666498593007
ENSG00000164620.9	11.1593229296013	9	0.264946110690676	0.627751320904002
ENSG00000113013.15	5.80649406183511	6	0.445212303156128	0.811510434535049
ENSG00000164638.10	5.54726090550958	9	0.78423472088115	0.999999882499827
ENSG00000127995.17	12.8339089476435	6	0.0457506289577964	0.213831603447862
ENSG00000164713.10	0.699462772987317	3	0.873330303018772	0.999999882499827
ENSG00000164754.15	3.27907156653237	6	0.773092763949297	0.999999882499827
ENSG00000164758.7	7.39503737565246	6	0.285853271253264	0.656443520649503
ENSG00000164776.10		3	1	
ENSG00000164808.17	22.2600227766816	15	0.10116496206385	0.358745953772208
ENSG00000164815.11	2.82545986408513	6	0.830413036365756	0.999999882499827
ENSG00000164823.11		9	1	
ENSG00000164818.16	4.0483491221712	3	0.256290405100628	0.617412506387814
ENSG00000164830.18		24	1	
ENSG00000164850.15	3.94235826579643	6	0.684476832733241	0.964036572469865
ENSG00000164855.16	15.292555391954	9	0.0832071150773464	0.313884126803179
ENSG00000197150.12	23.5512827857165	15	0.0731158946787043	0.287833003698861
ENSG00000164877.19	32.625678724291	24	0.112221195327139	0.3831933678088
ENSG00000213199.8	21.2193792643784	15	0.129965302611666	0.417214272430017
ENSG00000164885.13	0.739432232585386	3	0.863892193214412	0.999999882499827
ENSG00000164896.20	79.0593357126345	27	5.23929044911321e-07	3.02545772147312e-05
ENSG00000164897.14	6.53422218219203	6	0.366074259671071	0.737401443288076
ENSG00000164898.13	0.307214736159949	3	0.958665921358361	0.999999882499827
ENSG00000164902.14	10.7701287809905	9	0.291795170560497	0.663137951527683
ENSG00000164919.11	13.2487499148119	6	0.0392515150576545	0.192001138433231
ENSG00000164920.9	8.55067507386957	3	0.035901704263748	0.181630239455633
ENSG00000164933.12	3.53154276219539	3	0.31669411445667	0.691085644181567
ENSG00000164934.14	14.2173107825001	9	0.114802327047737	0.387800591782231
ENSG00000164944.12	4.42205183762781	6	0.619758725882168	0.930925874385729
ENSG00000197275.14	13.1510996665238	9	0.155887513392309	0.465731638205495
ENSG00000164949.8		6	1	
ENSG00000164951.16	2.28968551742241	3	0.514499767460821	0.864646673092846
ENSG00000164967.10	0.196639205620158	3	0.9781300128794	0.999999882499827
ENSG00000155158.20	13.134885560985	9	0.15659722068058	0.466720213415997
ENSG00000164970.15	25.5419247390564	12	0.0124536278429663	0.0881326715877503
ENSG00000165006.14	3.72789687421027	6	0.713442837370048	0.974397358231553
ENSG00000106714.17	3.15208305892941	3	0.36876610387452	0.740116920811054
ENSG00000128596.17	18.8910720774411	15	0.218712478098981	0.568419460390933
ENSG00000165097.16	1.70974412136002	6	0.944366527831089	0.999999882499827
ENSG00000165156.15	10.6409833146081	12	0.559910873296649	0.895788817912747
ENSG00000165171.11	3.43310110910647	3	0.329542893692437	0.703259183198248
ENSG00000165197.5		3	1	
ENSG00000148187.18	25.5720917845611	18	0.109952013545332	0.378090803449223
ENSG00000165238.16	19.5824534203616	21	0.547829235543819	0.888845844671057
ENSG00000165271.17	3.36479841120672	3	0.338725259569755	0.711038891835069
ENSG00000165272.16	0.878109626995865	3	0.830706986306641	0.999999882499827
ENSG00000165275.10	39.2756932411685	15	0.000582787567272013	0.00977048690080806
ENSG00000165282.14	2.51068186339762	3	0.473363724177425	0.83467394728734
ENSG00000165304.8	18.1873811463811	18	0.443374133193677	0.809502300212705
ENSG00000165338.16	3.29865483897538	6	0.770536014739598	0.999716578959222
ENSG00000156504.16	8.92668513759236	12	0.709179426480797	0.973417026750243
ENSG00000165355.7	5.38421126015055	3	0.145730441674349	0.446724106262183
ENSG00000139668.9	1.31177214118532	3	0.726339581167646	0.979507400212171
ENSG00000165392.11		12	1	
ENSG00000165410.15	15.3059606896131	12	0.225129269097271	0.576498697748693
ENSG00000147121.16		9	1	
ENSG00000165458.14	7.76969771524455	12	0.802858838343924	0.999999882499827
ENSG00000165475.15	1.87174382499506	3	0.599448471744267	0.921313137667655
ENSG00000165480.16	9.18947379536985	15	0.867403772836812	0.999999882499827
ENSG00000165494.11	38.2756132922659	9	1.55543232649362e-05	0.000514558104211906
ENSG00000165501.17	3.64804393841769	3	0.302062784537379	0.674601486094683
ENSG00000165506.15	0.72859129443259	3	0.866459264385794	0.999999882499827
ENSG00000165516.11	9.93992458099819	12	0.621231133722593	0.931560330977072
ENSG00000165525.18	11.3672895589298	12	0.497731527209357	0.851571173568744
ENSG00000165526.9	14.1344452615904	12	0.292205395724024	0.663409668581953
ENSG00000165548.11	2.97070833950693	6	0.812514171378044	0.999999882499827
ENSG00000139977.14	12.3309556790168	6	0.0549799715220162	0.239424159787308
ENSG00000065665.21	6.37948308230443	12	0.895757770320396	0.999999882499827
ENSG00000165685.8	6.52560184776667	6	0.366951798618631	0.738367546952417
ENSG00000165684.4	1.5370290932151	3	0.673750779086301	0.960294121966294
ENSG00000165689.17	26.7643217065197	15	0.0307162801752152	0.162812783080582
ENSG00000165699.15		36	1	
ENSG00000048140.18	15.6343154437127	12	0.208564879002016	0.552343189736955
ENSG00000122203.15	13.2876527938497	12	0.348484197118528	0.719310337662437
ENSG00000165714.11	24.2512085324015	9	0.0039213337440214	0.0393030946942561
ENSG00000165724.6	0.740324614132987	3	0.86368066015165	0.999999882499827
ENSG00000188385.12	25.3033875450915	9	0.00265328045657942	0.0300387053083046
ENSG00000123453.18	8.70050856512782	3	0.0335495456989725	0.173324519045142
ENSG00000165752.17	3.9072389407811	9	0.917410978827756	0.999999882499827
ENSG00000165795.23	32.6971320259145	21	0.0496852158624485	0.224140692200076
ENSG00000165801.10	14.3199748917727	12	0.280743677553081	0.650006536000124
ENSG00000165819.12	33.2701840306181	6	9.30231447041323e-06	0.000341283033521664
ENSG00000165832.6	10.7794557684847	3	0.0129802225159449	0.0904168390671705
ENSG00000122376.11	3.21193619390033	3	0.360088745756971	0.732300566259365
ENSG00000165895.19		3	1	
ENSG00000165898.14	39.0072134276415	6	7.13433644584588e-07	3.978513678572e-05
ENSG00000165916.8	1.11802005319623	3	0.772725848401567	0.999999882499827
ENSG00000165934.13	3.8812833273696	9	0.919050854314019	0.999999882499827
ENSG00000110888.17	35.8300465815446	27	0.119060754329997	0.395731383876082
ENSG00000165943.5	0.528415325412425	3	0.912605781499051	0.999999882499827
ENSG00000011114.15	18.362498179159	6	0.00538735911457945	0.0486807755547971
ENSG00000165959.12		3	1	
ENSG00000165983.14	24.7963474914523	12	0.0158179532229824	0.10360228557254
ENSG00000166002.7		9	1	
ENSG00000166024.13	17.554381606089	6	0.0074478718393242	0.0612848071500547
ENSG00000166025.18	1.82503396532593	3	0.609502475795985	0.925463738182057
ENSG00000166046.11	0.268423317553697	3	0.965853516259813	0.999999882499827
ENSG00000166068.13	1.07963247092562	3	0.781993021191908	0.999999882499827
ENSG00000100802.15	14.0524390307401	18	0.725666488536698	0.979113959027393
ENSG00000140153.18	29.8044307982527	18	0.0393917843017501	0.192404616116506
ENSG00000069329.18	9.44025995144329	9	0.397665525039949	0.769330889660433
ENSG00000166130.15	2.50984443604102	6	0.867364293383993	0.999999882499827
ENSG00000139445.18	4.11309943007228	3	0.249507573360974	0.608431886164354
ENSG00000166135.14		9	1	
ENSG00000166136.16	0.768695776350796	3	0.85693898948124	0.999999882499827
ENSG00000102893.16	4.90647008274755	9	0.842384058199251	0.999999882499827
ENSG00000166140.17	19.9652694056131	15	0.173269049857584	0.497625855668089
ENSG00000055950.16	15.9940800287004	12	0.191507358113174	0.525272711586978
ENSG00000166153.16	10.4415391181869	9	0.315935856829769	0.690221183524002
ENSG00000155393.13	7.97420633458751	9	0.53674768394877	0.881393344717491
ENSG00000166170.9	3.86168200637985	6	0.695388130915905	0.969055086335616
ENSG00000166169.17	46.0450525261931	24	0.0043721648712588	0.0423713574762806
ENSG00000166173.11	0.237814162122959	3	0.971265594324119	0.999999882499827
ENSG00000166188.2		3	1	
ENSG00000166200.15	10.8532944905019	9	0.285899103121925	0.656443520649503
ENSG00000052126.14		3	1	
ENSG00000166224.17	11.9512361111092	9	0.216072364757573	0.564413867149131
ENSG00000166228.9	1.22723533237877	3	0.746479837581698	0.988424864171939
ENSG00000166226.13	4.16671575879445	6	0.654126684316974	0.949999584556553
ENSG00000111670.16	4.56399889442582	6	0.600817806257162	0.921335790581968
ENSG00000166246.14	2.40605001771192	3	0.492509407471574	0.84884900359151
ENSG00000166260.13	21.6358736874245	9	0.0101074767310922	0.0767617629717735
ENSG00000166262.16		12	1	
ENSG00000166295.9	2.48519908747403	9	0.981278888012989	0.999999882499827
ENSG00000166313.19	6.34155606455511	3	0.0961250063542124	0.347600209194296
ENSG00000166326.7	1.49683999561967	3	0.682999849537363	0.963262017038078
ENSG00000166333.14	1.70428020974214	3	0.635982626628497	0.939306754223843
ENSG00000166337.10	5.55554777363432	9	0.783443953128375	0.999999882499827
ENSG00000166340.17	1.03888153248408	3	0.791844926923312	0.999999882499827
ENSG00000166347.19	0.742360241718416	6	0.993530855784474	0.999999882499827
ENSG00000166394.15	2.67450155397137	6	0.848449768649125	0.999999882499827
ENSG00000166411.14	6.96372370673635	9	0.640896427329048	0.942520537638341
ENSG00000166436.16	15.0458136000088	6	0.0199033656261918	0.120644065308078
ENSG00000169684.13	2.15349729514492	9	0.988801006150677	0.999999882499827
ENSG00000166451.13	24.3043259086844	15	0.0601024533906423	0.253913351791895
ENSG00000166454.10	1.90823213790281	3	0.591670154393928	0.916237984534142
ENSG00000166452.12	20.4305051171687	15	0.156032500702428	0.465905750199654
ENSG00000166471.11	15.6456504009293	18	0.61726221184116	0.930049839698829
ENSG00000166473.17	3.56547650089487	9	0.937620142227475	0.999999882499827
ENSG00000166478.10	0.98195831992598	6	0.986287004195204	0.999999882499827
ENSG00000166479.10	14.5725235532354	9	0.103367306995696	0.364213586935722
ENSG00000166484.20	25.6450566537224	21	0.220307418389164	0.571347354786034
ENSG00000166483.11	25.1576594692651	15	0.0478657363630072	0.219706244999395
ENSG00000159063.13	14.6909204085241	12	0.258775829354015	0.620947459716211
ENSG00000166503.9	14.990182822532	9	0.0912059908326962	0.335246427320634
ENSG00000255529.9	6.81147492921446	6	0.338634452965404	0.711001210518368
ENSG00000166507.19	23.7153883623887	12	0.0222312481012588	0.130176497918169
ENSG00000166532.16	77.7032085457613	12	1.12948564387642e-11	2.34524476565744e-09
ENSG00000166548.16	10.5162778524355	12	0.570763595984041	0.904478523025431
ENSG00000166562.9	1.67817925514828	3	0.641795893343952	0.942526976954288
ENSG00000166578.10	1.98596361581536	3	0.575325114111355	0.907062799095035
ENSG00000166582.10	6.80912369584985	12	0.869965313170179	0.999999882499827
ENSG00000166598.15	53.2731467569247	6	1.03368877000272e-09	1.32733798769165e-07
ENSG00000025770.19	6.73545479810855	9	0.664640419775771	0.955120874185208
ENSG00000058600.16	39.3630350007588	24	0.0250063491094665	0.141566119810125
ENSG00000166685.12	18.8003300332603	12	0.0934623524692846	0.34148225299429
ENSG00000123575.9	4.99324352432632	3	0.172292555708945	0.495564344800464
ENSG00000166716.10	8.88497465450473	6	0.180151107891634	0.507533101014565
ENSG00000154217.15	10.5972083857241	9	0.304331163654879	0.677301670720174
ENSG00000166734.20	1.46515585730231	3	0.690335369710236	0.968096403650264
ENSG00000166741.8	20.646729453525	12	0.055799099936194	0.242019296123252
ENSG00000166750.10	3.80075900197926	6	0.703617898023237	0.973417026750243
ENSG00000166747.13	0.984700932025589	6	0.986185632811109	0.999999882499827
ENSG00000196678.14	29.0405639735327	18	0.0478855603149618	0.219706244999395
ENSG00000166780.11	5.40360771198084	9	0.797801890291578	0.999999882499827
ENSG00000166788.10	3.19755024681217	9	0.955944798622662	0.999999882499827
ENSG00000166793.12	5.68343359589596	3	0.128069747494143	0.413496445389583
ENSG00000140525.19	27.5781632816506	18	0.068771595802409	0.276410230620763
ENSG00000166797.11	1.45936564099975	6	0.96214791935114	0.999999882499827
ENSG00000166803.14	10.9630053043074	12	0.532091781808759	0.877883972725558
ENSG00000151116.17		12	1	
ENSG00000166816.15	4.68426609512426	6	0.584897667266237	0.912698486544805
ENSG00000166821.9	7.82472120490047	6	0.251228038729251	0.610812601501175
ENSG00000166823.5	1.68183834733452	3	0.640979066717026	0.942520537638341
ENSG00000166831.9	0.116183733949583	3	0.989826983477835	0.999999882499827
ENSG00000166847.10	12.9092624624318	9	0.166755208172965	0.486432909310292
ENSG00000166845.15	5.21834258451315	6	0.516129615938125	0.865894605800268
ENSG00000166851.15	1.01343335141428	3	0.79800152768082	0.999999882499827
ENSG00000166855.9	16.2692018513189	9	0.061468364093452	0.25744734477477
ENSG00000166881.10	3.20145173482888	3	0.361595908825001	0.732841979299015
ENSG00000166886.13	3.52048408271821	3	0.318115105779138	0.692347305374354
ENSG00000166888.12	7.94811998507794	9	0.539382841959296	0.883045991390835
ENSG00000074603.19	28.9565683223573	12	0.00399890939634908	0.0397811995912035
ENSG00000166896.9	8.94753519842834	9	0.442131212663771	0.808895934523044
ENSG00000106351.13	3.1856453006767	9	0.956477434136021	0.999999882499827
ENSG00000166925.9	2.19559560190828	3	0.532816421247542	0.878492991417321
ENSG00000123427.17	1.7824183928185	3	0.618768343913776	0.930413316319045
ENSG00000166946.14	14.7405887564601	12	0.25593041324424	0.616864778030617
ENSG00000166963.13		3	1	
ENSG00000166971.17	22.1219467263381	12	0.0361755948164985	0.182414953734373
ENSG00000166974.13	1.52892562239231	3	0.675610582275621	0.960611098028189
ENSG00000166979.13	15.0626355700661	15	0.446914923781151	0.813246828487834
ENSG00000159140.21	65.790047629067	30	0.000173645278110094	0.00364431025607829
ENSG00000237289.10	13.0062497292269	6	0.0429368080041597	0.20459976040654
ENSG00000167004.13	2.71690221293829	9	0.974470339288507	0.999999882499827
ENSG00000167005.14	34.1639816996467	6	6.25423777257764e-06	0.000242202803264227
ENSG00000051108.15	16.2887925781179	12	0.178363990780819	0.50483488650493
ENSG00000159216.19	28.0294174639785	6	9.27716579414257e-05	0.00218158701168765
ENSG00000167085.12	4.6248486583354	12	0.969351308007852	0.999999882499827
ENSG00000167088.11	0.180859886822873	3	0.980618368180332	0.999999882499827
ENSG00000148356.14	8.11371609538401	9	0.522728307541442	0.871124582188683
ENSG00000167103.12	14.331624001923	15	0.500541234816348	0.854746114281275
ENSG00000167106.12		6	1	
ENSG00000167107.13	6.57653408108308	12	0.884283857759975	0.999999882499827
ENSG00000167113.11	112.787382938754	12	1.67893771807595e-18	7.80226342414436e-16
ENSG00000167114.13	6.05292423158608	3	0.109063545324997	0.376494919995278
ENSG00000142173.16	0.074892812566759	3	0.994669815285183	0.999999882499827
ENSG00000167191.12	2.16101196172212	6	0.904310571727979	0.999999882499827
ENSG00000167193.8	1.20078619959531	3	0.752815754693962	0.990659243535379
ENSG00000167202.11	6.86300657910942	6	0.333702398573574	0.707341813136297
ENSG00000167220.12	14.6466546649317	21	0.840255331555232	0.999999882499827
ENSG00000167232.14		6	1	
ENSG00000089154.11	14.7565439730533	6	0.0222371631292796	0.130176497918169
ENSG00000167257.11		9	1	
ENSG00000125686.12	1.70734489022652	3	0.635302094849303	0.93885243764052
ENSG00000161395.14	29.1077536094372	15	0.0155782860316786	0.102445076403741
ENSG00000167280.17		12	1	
ENSG00000167283.8	2.82937020558165	3	0.41868785197565	0.78882482259006
ENSG00000167302.11	8.50935722608119	18	0.970049709593986	0.999999882499827
ENSG00000167323.11	3.58282840930769	6	0.732919112487494	0.98195464288378
ENSG00000167325.15	0.457699813923682	3	0.928081296543746	0.999999882499827
ENSG00000167363.14	7.03474756772266	6	0.317645721655861	0.691942990544541
ENSG00000167371.21	6.05576141305892	9	0.734324734803876	0.982893305026887
ENSG00000131116.12	0.136153513449244	3	0.98717102334369	0.999999882499827
ENSG00000167380.16	42.2124123585054	12	3.0672490407943e-05	0.000882987710593261
ENSG00000167394.13	18.6069552637355	9	0.028750197126071	0.155098492953746
ENSG00000167395.10	4.18524138671137	9	0.898802635746698	0.999999882499827
ENSG00000167397.15	1.88532928278437	6	0.929936825745215	0.999999882499827
ENSG00000105327.18	49.1004081338965	15	1.68745047016149e-05	0.000549098468163523
ENSG00000170832.13	7.29757133824569	3	0.0629943120238761	0.260587386925033
ENSG00000167447.12	3.14301113011061	3	0.370096909870808	0.74093553305611
ENSG00000167460.17	1.37270439273561	3	0.711945259387569	0.974397358231553
ENSG00000167461.12	8.49357445428905	6	0.204125324423712	0.544873917136489
ENSG00000167470.12	37.7599833010136	12	0.000168066156547797	0.00355012472240248
ENSG00000115257.15	14.4880221634191	12	0.270634945728268	0.636109449750041
ENSG00000167476.10	4.48024597041871	3	0.214059084215881	0.561107333565076
ENSG00000158545.16	19.5602334394571	6	0.00331502907924789	0.0348613887762717
ENSG00000167508.12	9.63594515317527	6	0.140844207170328	0.437738413304215
ENSG00000103335.22	40.5369163701544	15	0.000376102993017186	0.00686054039038266
ENSG00000167513.9	6.02148803241289	3	0.110569452880023	0.379228325483433
ENSG00000167515.10	86.0295880953636	21	7.74313328409011e-10	1.03514024273199e-07
ENSG00000167522.16	23.7514028895966	21	0.305259046383663	0.677621407022257
ENSG00000167523.13	45.8278527179791	18	0.00031431815857617	0.00593313522155676
ENSG00000109103.12	24.4664192482742	9	0.00362173956805959	0.0371783288895489
ENSG00000167524.16	8.51121187271201	12	0.744014621959798	0.987331886824268
ENSG00000167525.14	15.3224920678776	15	0.428446646514254	0.797028368915861
ENSG00000167528.13	14.6969647232727	15	0.473457603275969	0.83467394728734
ENSG00000109113.20	32.2449660009588	15	0.00596140070374596	0.0522707182999612
ENSG00000167535.8	31.2139111861688	24	0.14771015819299	0.450610638888838
ENSG00000167543.16	0.632497758102545	3	0.888954097462687	0.999999882499827
ENSG00000167548.16	0.637285423425965	6	0.995745842359993	0.999999882499827
ENSG00000167550.11	5.40533063413341	3	0.144411823111445	0.44482325169372
ENSG00000167553.16	23.1838959855959	6	0.000737169296794619	0.0117166696537764
ENSG00000171443.7	10.9628621721386	3	0.0119283982390387	0.0857842582275448
ENSG00000167562.13	0.710601285241182	6	0.994259414683954	0.999999882499827
ENSG00000167766.18	16.7687429610669	15	0.33287591987419	0.706424711422333
ENSG00000267796.8	15.2117196871222	9	0.0852821661033423	0.31924382777235
ENSG00000167595.15	18.8107860405253	15	0.222436554786981	0.574122808295727
ENSG00000167601.12	5.1568132672146	6	0.523863879244044	0.871648944390205
ENSG00000167642.13	1.87253693037661	3	0.599278694277618	0.921291867904108
ENSG00000167644.12	1.53138434077846	3	0.67504601251558	0.960611098028189
ENSG00000167653.5	3.1424527088584	3	0.370178962047628	0.74093553305611
ENSG00000167657.14	4.42777705481421	6	0.618992028964225	0.930413316319045
ENSG00000167670.16	3.82403762121976	3	0.2811025055171	0.650526121709767
ENSG00000167671.12	1.65025488418178	3	0.648049294941212	0.946045335726446
ENSG00000160957.14	14.1953232603119	9	0.115544867605781	0.389499952664876
ENSG00000167695.15	4.47445278362648	9	0.877509620087927	0.999999882499827
ENSG00000167700.9	3.32862347915216	3	0.343678617343411	0.715282496620676
ENSG00000167699.13	14.1530028454727	6	0.027972959860878	0.152896777458679
ENSG00000167702.13	14.8060059539966	18	0.675241633359778	0.960611098028189
ENSG00000167703.15	2.77011958864568	9	0.97271601925398	0.999999882499827
ENSG00000167705.12	1.59484317062925	3	0.66055966070184	0.953566679623831
ENSG00000167721.11	2.71800950913894	3	0.437175437913936	0.805132119003983
ENSG00000167733.13	17.6153267256077	15	0.283428472232295	0.653911672528371
ENSG00000167740.10	11.5877365323649	9	0.237560671555841	0.5928539684769
ENSG00000141456.16	3.47440371171251	6	0.747371998781334	0.988695043528133
ENSG00000167748.11	0.933223083358826	3	0.817403804810774	0.999999882499827
ENSG00000167770.11	10.8815380165324	6	0.0921073719492063	0.338050335784996
ENSG00000267855.6	1.07104149658699	3	0.784068975277905	0.999999882499827
ENSG00000167778.9	3.18759726327698	3	0.363595868324952	0.73494864933372
ENSG00000167779.9	2.12947438431729	3	0.545972947266073	0.887840483874862
ENSG00000167785.9	8.93450193205354	15	0.880917148212643	0.999999882499827
ENSG00000167797.8	10.9191877605263	9	0.281288926028538	0.650618237945929
ENSG00000167799.10	2.92463420986314	6	0.818244888256919	0.999999882499827
ENSG00000167862.10	1.98285282678262	3	0.575973281762135	0.907771843784992
ENSG00000167880.8	4.98394376860097	6	0.54587410001126	0.887840483874862
ENSG00000167889.13	11.1623884992787	12	0.51505566698203	0.865112048847377
ENSG00000078687.17	8.10615700420664	3	0.0438679591257227	0.208122223192965
ENSG00000089685.15	13.0608385912492	15	0.59759868709768	0.920158660048321
ENSG00000167920.10	12.4541147263517	6	0.0525717871770662	0.232802737768519
ENSG00000167925.16	10.1598064770642	9	0.337703645232358	0.710189695491576
ENSG00000167930.17	3.09715473136748	9	0.960318094881907	0.999999882499827
ENSG00000130731.16	13.3882908651431	15	0.572333674053013	0.905986103014331
ENSG00000162032.16	28.9380556456745	15	0.016382601751757	0.105809272333155
ENSG00000167965.18	16.2808326992163	9	0.0612436748326577	0.257059970781729
ENSG00000167967.16	9.73327430537756	9	0.372506642058936	0.743225172865626
ENSG00000167969.13	8.87157827694318	6	0.180930276863207	0.507968518960884
ENSG00000205937.12	4.11536894600431	9	0.903656324626517	0.999999882499827
ENSG00000167972.14	5.82829440481055	6	0.44269712397253	0.809192963635122
ENSG00000167978.17	43.1512707848742	18	0.000761763593246814	0.0119518503319866
ENSG00000167985.7	1.93347639663261	6	0.925713900376462	0.999999882499827
ENSG00000167986.14	10.2963302731077	3	0.0162081081168498	0.105099619343746
ENSG00000167987.11		9	1	
ENSG00000167994.13	0.913711670639259	3	0.822117669803266	0.999999882499827
ENSG00000060971.19	41.0745970035277	12	4.76152115556298e-05	0.00124714665682922
ENSG00000168028.14	0.753258832730353	3	0.860611047183285	0.999999882499827
ENSG00000168038.11		9	1	
ENSG00000085733.16	3.62310337701638	3	0.305143481843847	0.677621407022257
ENSG00000168056.16	40.8765942801474	21	0.00580744299416499	0.0514201217280506
ENSG00000168071.22	5.7584917523418	6	0.450780550049087	0.815920076732979
ENSG00000168077.14	0.339849831725587	3	0.95236754524088	0.999999882499827
ENSG00000168078.10	0.565413646691013	3	0.904302425435147	0.999999882499827
ENSG00000170903.11	1.76934355940102	6	0.939643283132316	0.999999882499827
ENSG00000100354.21	25.5199031119412	9	0.00244680772891904	0.0283928616248762
ENSG00000171148.13	1.85057675537973	3	0.603991193475603	0.92374479025253
ENSG00000168904.15	20.1543203133792	18	0.324198893330323	0.697960953013595
ENSG00000171016.12	8.79896012259997	6	0.18520408643396	0.515518163008848
ENSG00000114026.21	22.3895390425023	15	0.097989345408501	0.351314482675078
ENSG00000181444.13	6.0979241111063	3	0.106941991670145	0.372597963837539
ENSG00000170464.10	44.6412687776028	15	8.72172028064194e-05	0.00208105790265977
ENSG00000080546.13	0.0453959707347167	3	0.997462314031113	0.999999882499827
ENSG00000171566.12	37.750341238585	9	1.93237205388219e-05	0.000603647112081334
ENSG00000154864.13	0.314419008012351	3	0.957294232161172	0.999999882499827
ENSG00000170365.10	1.70855970202001	3	0.635032457653868	0.93885243764052
ENSG00000170469.10	4.9844733332302	6	0.545806072550011	0.887840483874862
ENSG00000170502.13	4.93497549785025	6	0.552179714367412	0.891106862040296
ENSG00000170315.14	1.53647328261286	3	0.673878257716998	0.960335560318367
ENSG00000171174.15	34.5014719079823	3	1.55253204008913e-07	1.08222572708784e-05
ENSG00000169439.12	6.4736352286418	9	0.69173708777435	0.968531167803426
ENSG00000071054.16	7.82760629248514	15	0.930507929748017	0.999999882499827
ENSG00000168152.13	8.35637845036217	6	0.213139216838416	0.559899223990877
ENSG00000168872.17	3.21490419288602	3	0.359663076529315	0.73193470453371
ENSG00000171298.13	7.52625774169428	9	0.582499232244036	0.911495173539608
ENSG00000125944.21	2.12614342643064	6	0.907739155358641	0.999999882499827
ENSG00000170522.10	5.83323654231299	12	0.924253865678928	0.999999882499827
ENSG00000168522.13	3.66778758908185	9	0.931887462213732	0.999999882499827
ENSG00000169641.13	0.399365977335947	3	0.94037343793492	0.999999882499827
ENSG00000114742.14		9	1	
ENSG00000168556.7	0.513015748023918	3	0.916022743818155	0.999999882499827
ENSG00000171940.13	11.2204298002498	9	0.260901758022987	0.623748225513555
ENSG00000171302.17	9.91659665107727	12	0.623277512044561	0.931979940512927
ENSG00000168564.6	5.02274360613774	6	0.540899405492268	0.884440099918896
ENSG00000051825.15	120.165789594874	27	1.01533053755459e-13	2.60752913578822e-11
ENSG00000172113.9	25.9814119607072	30	0.67607998981976	0.960611098028189
ENSG00000170296.10	1.04185863520252	6	0.983975614420648	0.999999882499827
ENSG00000169964.8	1.92821096739317	3	0.587439647530712	0.914352816293909
ENSG00000080503.24	48.6052439322011	24	0.00212255028671663	0.0258484615176705
ENSG00000171206.15	6.00885284983178	9	0.739031933518534	0.985309589011068
ENSG00000065427.15	0.388108845043462	3	0.942687825819044	0.999999882499827
ENSG00000169607.13	14.3952298577997	6	0.0255197022681885	0.14285165191192
ENSG00000121940.16		15	1	
ENSG00000109919.10	8.98440934173414	9	0.438714592817707	0.806760735548223
ENSG00000164045.12	8.31111889893691	9	0.503122438502851	0.856993109578014
ENSG00000273045.6	0.211463200160097	3	0.975717869595011	0.999999882499827
ENSG00000189091.13	25.1491587069468	15	0.0479757600828017	0.219913312657615
ENSG00000171604.12	9.27259200338449	6	0.15881808346626	0.471052089566937
ENSG00000130779.20	16.9225272002805	15	0.323516807390538	0.696834658330311
ENSG00000170473.17	8.73286144657686	9	0.46228996962074	0.825416457299516
ENSG00000171097.14	21.0064520362866	9	0.0126218042194222	0.0890109388292824
ENSG00000116521.11	3.69038393118535	6	0.718491477714098	0.975924508114625
ENSG00000150995.19		18	1	
ENSG00000172382.10	7.71396134364704	6	0.259817096085145	0.622425544115417
ENSG00000166199.13	15.2498043768501	12	0.228058837463234	0.581558974341181
ENSG00000168876.9	5.027986264633	12	0.957037661280787	0.999999882499827
ENSG00000169679.15	28.6668751752513	12	0.00441404488554711	0.0425658735553896
ENSG00000044115.21	4.71911739598727	9	0.858074060611336	0.999999882499827
ENSG00000170584.11	7.55014710046089	9	0.580036245568367	0.910497697476505
ENSG00000168297.16	9.79888160865494	3	0.0203554020992823	0.122476784901227
ENSG00000168924.15	17.5449908283517	6	0.00747581365198274	0.0614111661866158
ENSG00000075539.15	12.4323196908972	15	0.646054907021002	0.944263866649387
ENSG00000172345.14		9	1	
ENSG00000171105.14	0.664645590765531	3	0.881486440765503	0.999999882499827
ENSG00000171469.11	19.0726745409993	18	0.387361074084069	0.756959696032524
ENSG00000168228.15	2.8659394618935	6	0.825475021452269	0.999999882499827
ENSG00000108312.15	11.1767539035354	15	0.73996688268519	0.985578928364237
ENSG00000171303.7	1.99606962748021	3	0.573222868671332	0.906389441050141
ENSG00000169992.10	0.736740250689763	3	0.864530107383145	0.999999882499827
ENSG00000170892.12	6.61116749790381	12	0.882204198700343	0.999999882499827
ENSG00000132535.21		27	1	
ENSG00000186184.19	1.91632028098684	3	0.58995505771852	0.915612501316005
ENSG00000169118.18	4.75341465820293	3	0.190769785165201	0.52442882631752
ENSG00000159147.18	7.5737984400912	15	0.939731911483841	0.999999882499827
ENSG00000064490.14	7.97926048649242	12	0.786749004035794	0.999999882499827
ENSG00000169379.16	18.6519074859825	15	0.229943236191291	0.583164252076614
ENSG00000168685.15		6	1	
ENSG00000169223.15	2.11886005947599	3	0.548106678218466	0.888848278569693
ENSG00000171984.15	0.654936191937622	3	0.883748645707125	0.999999882499827
ENSG00000111554.14	25.9748555474071	15	0.0382877996905809	0.189286037072127
ENSG00000171208.10	3.21858032841919	12	0.993794188099819	0.999999882499827
ENSG00000172354.10	7.6639697694045	6	0.263769634297959	0.627533782655339
ENSG00000170571.12	1.84781467300991	3	0.604585609310848	0.92374479025253
ENSG00000172071.14		6	1	
ENSG00000169228.14	10.2509450854268	9	0.33055449991799	0.703879852651029
ENSG00000168936.11	22.3583425393081	9	0.00781007665885215	0.0636746350156542
ENSG00000110422.12	6.7575512630724	6	0.343851904556554	0.715338038065957
ENSG00000170515.14	3.56629629706731	3	0.312264958293662	0.686249453659373
ENSG00000176371.14	22.0364113761134	9	0.00876429298792935	0.0688653263037057
ENSG00000172828.13	4.39383184697294	6	0.623540840907102	0.932016398592803
ENSG00000169241.19	5.58228595653782	15	0.98594313913367	0.999999882499827
ENSG00000168778.12	0.439821431025393	3	0.931898860840195	0.999999882499827
ENSG00000011028.14	3.25576794373046	3	0.353846521315764	0.72603555616467
ENSG00000171241.9	18.3278157618843	9	0.0315552473430994	0.165920074795963
ENSG00000169057.24	173.227420812635	12	1.04328092536177e-30	7.83182965431193e-28
ENSG00000198353.8	2.12913243504408	6	0.907447283727176	0.999999882499827
ENSG00000169925.17	5.31089634502587	6	0.504600353755998	0.857882743574647
ENSG00000170638.9	8.82607910980005	6	0.183598106902227	0.513236063032991
ENSG00000168374.11	0.594427657226333	3	0.897706840821308	0.999999882499827
ENSG00000180806.5	7.09947804164949	6	0.311745486266504	0.685671444776833
ENSG00000169519.21	3.4655629290537	6	0.748545620059903	0.989308871365735
ENSG00000180818.5	73.8631172618334	9	2.64874296559475e-12	5.87479150028164e-10
ENSG00000171806.12	2.83747360467351	6	0.828951749552672	0.999999882499827
ENSG00000169814.16	3.11804046893667	6	0.793892398814426	0.999999882499827
ENSG00000140386.13		15	1	
ENSG00000170634.13	6.32731231377693	9	0.706764979842898	0.973417026750243
ENSG00000121892.15	2.94666984365176	3	0.399920935143436	0.771177041448787
ENSG00000170906.16	3.70631551754195	6	0.716348252105125	0.975924508114625
ENSG00000170345.10	196.115096583235	9	2.15926370844905e-37	2.07028720618199e-34
ENSG00000160741.17	37.6013732691827	12	0.000178378740023413	0.00371172307865348
ENSG00000170348.9	27.795236661681	9	0.00103197064227857	0.0151900475082905
ENSG00000168661.15	12.167015494719	9	0.204056722226427	0.544873917136489
ENSG00000148090.12	9.21829193446501	9	0.417372976321607	0.787537292328415
ENSG00000171735.19	12.7919586304924	9	0.172248075806746	0.495564344800464
ENSG00000087903.13	33.1990603522486	12	0.000901130272844587	0.0136668508851666
ENSG00000169554.22		3	1	
ENSG00000154781.16	41.6986220638719	9	3.73073199492349e-06	0.000155590656147258
ENSG00000171310.11	20.5347444204424	6	0.00222310348189652	0.0265223311489342
ENSG00000169604.19	12.613463305257	9	0.180890647155901	0.507968518960884
ENSG00000172456.18	2.72103829699995	6	0.842956080060499	0.999999882499827
ENSG00000170043.12	0.54783145422698	3	0.908264168463756	0.999999882499827
ENSG00000131650.14	6.84665111287268	6	0.335262055255602	0.708339986412518
ENSG00000170791.18	42.1884398329567	18	0.00104079348164516	0.0152738399810151
ENSG00000156239.12	5.51287747174956	3	0.13787042755562	0.433186575182002
ENSG00000170049.9	1.18013909454709	3	0.757771611714136	0.994095880224176
ENSG00000169891.18	4.92668232053097	6	0.553250555022883	0.891106862040296
ENSG00000166508.18	18.2034469264909	6	0.00574338434988946	0.0510301877995402
ENSG00000213760.10	2.48145718222622	6	0.870537102834678	0.999999882499827
ENSG00000168090.10	0.909047818451654	3	0.823243831356731	0.999999882499827
ENSG00000170955.10	42.6318772842678	9	2.51817884320942e-06	0.000111198675705342
ENSG00000070495.15	0.691123017066275	6	0.994680640876786	0.999999882499827
ENSG00000171453.20	14.2630728036311	9	0.113270129243434	0.385275355101778
ENSG00000118960.13	4.33310266316948	6	0.631695750187059	0.938170571613987
ENSG00000157985.19	27.2427712439157	18	0.074553260987105	0.292547355839629
ENSG00000169567.13	1.29953939863481	3	0.729242453542825	0.980528672378676
ENSG00000172057.10	7.75504188710329	6	0.256604501377535	0.617711723962348
ENSG00000170852.11	1.99186487303814	3	0.574096896392265	0.906389441050141
ENSG00000171295.13	0.414944295821783	3	0.937138342698281	0.999999882499827
ENSG00000141968.8	5.06160990611534	6	0.535935851866779	0.880949634220633
ENSG00000170745.12	2.28885159047104	3	0.514660010102741	0.864767052099285
ENSG00000196357.12	7.85295114661295	3	0.0491505592093588	0.222786951845858
ENSG00000128641.19	18.1205159702295	9	0.0338008072640583	0.1743457072357
ENSG00000169609.14	6.95652113058895	9	0.641646315065947	0.942526976954288
ENSG00000103942.13	17.5918607977255	15	0.284729890181568	0.65519429339352
ENSG00000171067.11	10.6657679716191	9	0.299316178097656	0.670975256604068
ENSG00000168096.15	37.9356553366451	30	0.151408615165269	0.457665887409959
ENSG00000168101.14	3.00977186477394	3	0.390120999365119	0.761285909378964
ENSG00000103932.12	11.2101127085871	9	0.26158134820763	0.62476073841367
ENSG00000113648.16	14.5747217444587	18	0.690931165072286	0.968531167803426
ENSG00000110066.15	22.2828757518528	15	0.100598375064766	0.357646463481623
ENSG00000145730.20	17.4968487886217	21	0.680584165421501	0.962635478760564
ENSG00000171889.5		6	1	
ENSG00000170917.14	10.575653817833	6	0.102410637063824	0.362504681576299
ENSG00000012660.14	1.31696975536761	6	0.970713731200386	0.999999882499827
ENSG00000186416.17	0.0756857510568807	3	0.994586222901761	0.999999882499827
ENSG00000171824.14	16.7514555700764	9	0.0527534323329074	0.233056019075076
ENSG00000171943.12	0.814362529196842	3	0.846028711511871	0.999999882499827
ENSG00000171861.11	1.78906416265454	6	0.938040404190567	0.999999882499827
ENSG00000147889.17	6.08077059115749	9	0.731807996310777	0.981822491447177
ENSG00000171202.7	0.102682098193327	3	0.991513630527656	0.999999882499827
ENSG00000169592.15	8.96894080209313	9	0.440146167435732	0.807966274988395
ENSG00000109686.18	28.9744541155378	12	0.00397454404289416	0.0396600974586954
ENSG00000005889.15	27.6218519988033	15	0.0240596128593806	0.137935510964401
ENSG00000171848.15	8.2575528168818	15	0.913042302206228	0.999999882499827
ENSG00000168958.20	5.35931665232056	9	0.801928702525925	0.999999882499827
ENSG00000168234.13	11.473236839196	9	0.244659413107836	0.602025015763835
ENSG00000169180.12	11.2596246602297	6	0.0806762851287483	0.307852327588975
ENSG00000087884.14	9.17960901783954	6	0.16372610511968	0.480686841114007
ENSG00000146223.16	5.43402147133747	9	0.794952357782453	0.999999882499827
ENSG00000100731.16		9	1	
ENSG00000175556.17	16.6513868008515	6	0.0106535604020721	0.0796080367257437
ENSG00000143742.14	5.42497075774008	9	0.795801658881922	0.999999882499827
ENSG00000168701.19	2.77135879013804	3	0.428236498015023	0.796865919310706
ENSG00000189159.16	1.12483725114726	6	0.98043442152975	0.999999882499827
ENSG00000169902.15	8.28590522407194	6	0.217896516324877	0.567205148790204
ENSG00000170606.15	4.41409662968363	6	0.620824401001269	0.931230060633501
ENSG00000126522.17	12.1950305318223	15	0.664210759483994	0.954644006156745
ENSG00000111907.21	11.4051782504134	12	0.49455056353336	0.849403710533139
ENSG00000169919.17	0.366341985980398	3	0.947104227417996	0.999999882499827
ENSG00000172123.12	23.6743537367292	18	0.165988570620337	0.485430764364359
ENSG00000168672.4	6.73941509408115	3	0.0806839833400257	0.307852327588975
ENSG00000140987.20	36.5805451404367	18	0.00594049720461156	0.0522282092070308
ENSG00000188290.11	12.8636166959914	9	0.168875193907892	0.490054420858496
ENSG00000169031.20	3.30189396266997	3	0.347379127372576	0.718387985596306
ENSG00000174231.17	24.9824335594822	9	0.00299067387550867	0.0327564381044771
ENSG00000170619.10	3.64295457515982	9	0.933304090852949	0.999999882499827
ENSG00000106400.12	0.223484215530334	3	0.973711958877636	0.999999882499827
ENSG00000171840.12	12.5048754189356	6	0.0516081391346264	0.229659749117565
ENSG00000169047.5	3.35102136297928	3	0.34060431748922	0.71253108989867
ENSG00000163872.16	5.71747452967702	6	0.455571001516777	0.819984129763935
ENSG00000167165.19	7.56064971726073	12	0.818453448701131	0.999999882499827
ENSG00000171320.15	37.6341572725924	9	2.02721851073804e-05	0.000628051601469606
ENSG00000077463.15	28.292225618583	12	0.00501235384218596	0.0462777305069941
ENSG00000171813.14	1.2122502459697	3	0.750067721083308	0.989644416235252
ENSG00000169126.16	17.1645695654704	6	0.00869708060403204	0.0686134273360943
ENSG00000171720.10	16.0246216106752	6	0.0136224219868262	0.0932920815224116
ENSG00000169627.9	0.305677255848423	3	0.958957229437152	0.999999882499827
ENSG00000104228.13	0.791562453888673	3	0.851484100632861	0.999999882499827
ENSG00000169908.12	0.186392106264975	3	0.979755593894826	0.999999882499827
ENSG00000168758.11	28.5060340118107	15	0.0186077608833478	0.115638909723789
ENSG00000170242.19	33.8567139355691	9	9.46372176860096e-05	0.00222010722932156
ENSG00000166575.17	9.51150117371708	9	0.39145744482506	0.762249803916262
ENSG00000168763.16	9.05962733818524	9	0.431788377468788	0.799652028232288
ENSG00000186532.12	4.44958055025745	6	0.616074159417245	0.929874909092901
ENSG00000134597.16	0.532929690158198	3	0.911599579090714	0.999999882499827
ENSG00000172037.14	13.5349606322416	15	0.561050068015984	0.896456209130102
ENSG00000171763.20	7.53603677274987	6	0.274101452698297	0.641015115476319
ENSG00000197020.11		6	1	
ENSG00000114416.18	13.5975674223446	15	0.556243046091655	0.893118770452198
ENSG00000169217.9	2.33279565946214	3	0.506267259893207	0.859395058148861
ENSG00000172007.7	5.87402985187146	6	0.437448418135562	0.805482851431122
ENSG00000106638.17	11.2778641506156	15	0.732659838654189	0.98195464288378
ENSG00000168806.8	0.503394556422791	3	0.918145012004056	0.999999882499827
ENSG00000168237.18	3.09158875776302	9	0.960552696684342	0.999999882499827
ENSG00000187741.15	22.9190027920413	21	0.348312204658938	0.719310337662437
ENSG00000172292.15	0.378791703815296	3	0.944587931581404	0.999999882499827
ENSG00000148660.20	10.2649540245911	12	0.592728676320578	0.917040043134608
ENSG00000112419.14	31.0824583285776	9	0.000286542411742645	0.00544040349454566
ENSG00000121289.18	21.5345899683998	15	0.120600787813181	0.398317566526448
ENSG00000189050.16	16.0417997647673	18	0.58963002585076	0.915253606215615
ENSG00000168393.13	0.777962725478574	3	0.854730468728982	0.999999882499827
ENSG00000172115.9	4.34249324700795	6	0.630433427969327	0.937437120760729
ENSG00000171055.15		12	1	
ENSG00000186716.21		6	1	
ENSG00000172059.11	11.6319986899471	6	0.0707003582729155	0.281733277413386
ENSG00000168589.15	1.98875831862426	3	0.574743233193557	0.906776802646898
ENSG00000170836.12	3.40830875712527	6	0.756126144020228	0.993007003026969
ENSG00000172167.8	7.44522699878507	9	0.590868299467034	0.916155661661707
ENSG00000171222.10	4.26314955955604	3	0.234414977070191	0.589450080192731
ENSG00000143797.12	60.3072394606716	21	1.14735677221346e-05	0.000399894812143969
ENSG00000196793.13	16.5286998979436	9	0.0566287765264017	0.244422923538768
ENSG00000123064.13	14.1887651302968	15	0.511263631697845	0.862270365776533
ENSG00000172046.19	35.8426377082797	15	0.00186257254146574	0.0234842964239846
ENSG00000172171.11	10.4759569112739	9	0.313344099356089	0.687328627919998
ENSG00000157193.18	4.98586984876602	18	0.998881524503727	0.999999882499827
ENSG00000171456.20	30.0466900850006	21	0.0910537881888129	0.334813081738744
ENSG00000169715.15	0.973440639441833	3	0.807678161764631	0.999999882499827
ENSG00000105186.16	0.140793751407728	3	0.986528249340395	0.999999882499827
ENSG00000170175.11	0.301306733296769	3	0.959782531975316	0.999999882499827
ENSG00000172183.15		12	1	
ENSG00000169871.13	4.01331804796519	3	0.260029607885906	0.622425544115417
ENSG00000169087.11	16.6287024443254	9	0.0548580472504254	0.239213441964657
ENSG00000171103.11	1.59299014590579	3	0.660980299637309	0.953652682460156
ENSG00000162627.17	5.78456375969518	6	0.447751096573036	0.813857878833351
ENSG00000172053.18	18.903997877409	6	0.00432887549374728	0.0421191385278961
ENSG00000187954.12	44.0102634953109	21	0.00233102899133039	0.027603317789964
ENSG00000171132.14	5.4064669086938	6	0.492832743146137	0.84884900359151
ENSG00000171100.15	2.8202367237318	3	0.420179417507514	0.790235293015191
ENSG00000172172.8	1.56820197134221	3	0.666621105272627	0.956277431479577
ENSG00000145439.12	5.13178700227309	3	0.162397522868414	0.478341630927123
ENSG00000168818.10	6.00077034809146	6	0.423103791577384	0.792832162443105
ENSG00000168404.13	3.19141257547744	6	0.784467505332256	0.999999882499827
ENSG00000157916.20	7.98044440978265	9	0.536118152091147	0.88110088350581
ENSG00000005700.15	26.3424435067	6	0.000192199771153281	0.00388342323315687
ENSG00000168874.13	3.90139814309896	9	0.917781479702218	0.999999882499827
ENSG00000168476.12	6.07526804359804	6	0.414811587604085	0.784828670691792
ENSG00000168505.7		3	1	
ENSG00000154153.13	10.1664518966063	6	0.117815125833104	0.393991698085016
ENSG00000168502.17	15.0858443335801	12	0.236775406876927	0.592049574890615
ENSG00000168887.11	4.16683448598269	9	0.900092551405162	0.999999882499827
ENSG00000168487.19	13.6350903549101	15	0.553365117089756	0.891106862040296
ENSG00000168890.14	11.7557249543606	15	0.697416774631616	0.97053775034899
ENSG00000170310.15	3.52406744618202	6	0.740764922202743	0.985813146004245
ENSG00000168894.10	1.39326184219681	3	0.707114950369626	0.973417026750243
ENSG00000244405.8	0.990578290310168	3	0.80353171787688	0.999999882499827
ENSG00000171634.18	35.1938884375013	21	0.0268821465751143	0.148720446953821
ENSG00000168899.5	10.5409041925864	3	0.0144859722872323	0.09758047386612
ENSG00000171658.8		12	1	
ENSG00000168495.13	13.8064258862214	12	0.313240075201111	0.68725492218697
ENSG00000168906.13	39.7030825921684	6	5.20989784740674e-07	3.02545772147312e-05
ENSG00000250565.7	15.3413934754244	12	0.223295413908788	0.575043761053354
ENSG00000170632.14	17.6023085456327	15	0.284149966002893	0.654402048787446
ENSG00000168944.17	22.7416668746655	18	0.200713286305378	0.539901036674251
ENSG00000170088.14	2.1361870320352	6	0.90675689456673	0.999999882499827
ENSG00000170100.13	7.52874772648738	9	0.582242417926923	0.911495173539608
ENSG00000171150.9	5.24582329154782	3	0.154656718887421	0.464255588933358
ENSG00000286140.1	0.174904548617633	3	0.981535115009335	0.999999882499827
ENSG00000141524.16	7.53827512488897	9	0.581259980605261	0.911004128395022
ENSG00000171163.16	22.2478469754933	18	0.221167194867926	0.572858001003601
ENSG00000170142.12	6.58722501504235	9	0.680007775201183	0.962635478760564
ENSG00000178927.18	48.5473211132339	18	0.000124785939598778	0.00279308712051485
ENSG00000170667.15	29.280886424428	12	0.00357855606532012	0.0369556916840837
ENSG00000169683.8	7.17652411899326	9	0.618746486891193	0.930413316319045
ENSG00000169689.15	14.5857339233335	12	0.264876589735976	0.627751320904002
ENSG00000171017.11	11.9312380606082	6	0.0635204967081962	0.261229046512974
ENSG00000144354.14	24.5722665391731	12	0.0169850105296248	0.108764250497775
ENSG00000169410.10	7.79584478739434	6	0.253445090679797	0.613396478877242
ENSG00000169696.16	13.6590345541481	12	0.323009466971938	0.696598400723964
ENSG00000169710.9	2.76610394057934	6	0.837578445290671	0.999999882499827
ENSG00000244005.13	5.47394585708389	6	0.48461127944504	0.842868722035581
ENSG00000169718.18	9.52086482837331	12	0.657914692057256	0.952347832742076
ENSG00000141564.15	13.9432875997027	6	0.0302761285058154	0.1611814759991
ENSG00000169727.12	3.16548588787555	6	0.787808408774849	0.999999882499827
ENSG00000172239.14	8.49533492737101	9	0.485098661596525	0.843262885379495
ENSG00000172244.9	11.0873839759443	9	0.26976675424488	0.634833314365995
ENSG00000169738.8	21.7860978874087	21	0.411924833361807	0.781791997039648
ENSG00000213380.15	7.01929979682245	9	0.635109925568809	0.93885243764052
ENSG00000169750.9	32.9910993247859	6	1.05272638045201e-05	0.000374947326526685
ENSG00000175344.19	17.7996600296544	12	0.121910318374501	0.40026604566603
ENSG00000171574.18		12	1	
ENSG00000169018.6	2.31696290074615	3	0.509279056849852	0.861062771274723
ENSG00000145216.16	26.4541282919708	15	0.0335117984532602	0.173221208212588
ENSG00000172262.11	18.3434026544855	15	0.245042408346386	0.602359915126545
ENSG00000106524.9	6.03511864922984	6	0.419267593597306	0.789280950215299
ENSG00000170185.10	0.804771904217432	3	0.848325319638922	0.999999882499827
ENSG00000169918.9	0.852732604998096	3	0.836816870073785	0.999999882499827
ENSG00000170234.13	3.43062756321069	9	0.944754521744926	0.999999882499827
ENSG00000168268.11	9.41518363708747	6	0.151539422515187	0.457713780354598
ENSG00000168646.13	3.6044204645159	6	0.730029148280638	0.98055392856396
ENSG00000117481.10	21.6658710097909	15	0.116869134420384	0.392068024341193
ENSG00000169032.10	1.70243998945807	3	0.636391466422037	0.939567975917195
ENSG00000168273.8	3.46092161317938	6	0.749161439400506	0.989452765883007
ENSG00000172432.19	26.219361854608	18	0.0948470224882612	0.344477890756584
ENSG00000174373.16	11.4621156619396	12	0.489784350100985	0.84615287724309
ENSG00000138592.14	21.3364102926353	12	0.0456660065438978	0.213632097503611
ENSG00000171045.16	1.64277330401978	9	0.99594252846275	0.999999882499827
ENSG00000103978.16	5.48463316085326	9	0.790182821200075	0.999999882499827
ENSG00000169016.17	15.6982062798452	15	0.402387615929625	0.77331641273281
ENSG00000168517.10	10.779749966594	15	0.768045521640234	0.998581967184525
ENSG00000170248.15	19.0731842916284	15	0.210436668928931	0.555190984611365
ENSG00000132849.21	16.0455295370784	15	0.379032202439617	0.749842948227897
ENSG00000154719.14	0.689171876540058	3	0.875747829771413	0.999999882499827
ENSG00000197008.10	23.0350642699887	15	0.0833982193116531	0.314240626356148
ENSG00000170801.10	0.647491921321489	3	0.885479193728914	0.999999882499827
ENSG00000170266.16	2.3916468342868	3	0.495191456032008	0.850056889958904
ENSG00000225697.13	63.0700913663604	24	2.32546794696448e-05	0.000701014938497357
ENSG00000168209.5	10.0142449960986	3	0.0184454350674429	0.114948276387724
ENSG00000171365.17	1.63278601713893	3	0.651978869228736	0.948659875473868
ENSG00000152910.19	4.81515147620075	6	0.567730706530398	0.901624729866583
ENSG00000189180.16		12	1	
ENSG00000171160.18	0.573165129076187	3	0.90254717037934	0.999999882499827
ENSG00000169193.12	21.2056255669795	12	0.0474492581479109	0.218836157970445
ENSG00000170264.13	22.791494899664	9	0.00668196414622784	0.0568025157691964
ENSG00000170293.9	0.920238381171657	3	0.82054127818294	0.999999882499827
ENSG00000170846.17	37.6034702553443	6	1.34274288299731e-06	6.71991168983114e-05
ENSG00000152782.16	13.454918352144	9	0.143078701861599	0.442189402151646
ENSG00000081026.19	4.10962381822537	6	0.661844109171143	0.953784648887685
ENSG00000168172.9	21.909537893036	6	0.00125743310669785	0.0175304138403776
ENSG00000172000.7	2.49001047275431	3	0.477099120061425	0.83797549009628
ENSG00000168256.18	6.91000323296612	9	0.646488940999152	0.944756749806937
ENSG00000172366.20	7.43859099416295	6	0.282182148607203	0.651649375033616
ENSG00000186272.12	8.00163819881118	6	0.23798331149725	0.593272871223691
ENSG00000170871.12	1.271979289721	6	0.973180294316975	0.999999882499827
ENSG00000171992.13	5.45333021109036	6	0.487115234347053	0.843944536462699
ENSG00000166377.20	30.8038135450188	18	0.0303272209932837	0.16128792897736
ENSG00000171552.13	2.97142472479027	9	0.965417096411216	0.999999882499827
ENSG00000100934.15	1.03132044989616	3	0.793673934914657	0.999999882499827
ENSG00000171428.15		9	1	
ENSG00000171497.5	12.9616890568577	6	0.0436483777304897	0.207181185929887
ENSG00000078403.17	56.8582796283408	21	3.77118221185927e-05	0.00104257697466104
ENSG00000168438.15	13.1613607063327	6	0.040543900769324	0.196166548144687
ENSG00000171503.12	51.0692247323441	9	6.77567429540643e-08	5.12587639138537e-06
ENSG00000172009.15	2.10460689602769	6	0.909830764789369	0.999999882499827
ENSG00000266074.9	8.75440887503555	12	0.723751705240637	0.977996800255245
ENSG00000169249.13	0.655024002856408	3	0.883728212077477	0.999999882499827
ENSG00000100325.15	7.75577481955043	12	0.803912704667221	0.999999882499827
ENSG00000172493.21	1.06776788358206	3	0.784860182208632	0.999999882499827
ENSG00000100461.18	12.6296585742966	6	0.0493088188156878	0.22288316944062
ENSG00000131446.17	21.0719840538732	9	0.0123346086255738	0.0875443240559815
ENSG00000173559.14	28.257006399439	12	0.00507242270761568	0.0467438840449683
ENSG00000174748.22	5.54433711059392	15	0.986428378673859	0.999999882499827
ENSG00000115756.13	4.21653751048143	3	0.239011373681333	0.594591097425841
ENSG00000042286.15	1.82351182295315	6	0.935193465999554	0.999999882499827
ENSG00000174233.11	16.1732354836222	9	0.0633509307737027	0.260971605496228
ENSG00000103018.17	6.64170636210474	9	0.674366424930476	0.960607141959613
ENSG00000174442.12	17.8963010957959	6	0.00649663708128504	0.0556146326984743
ENSG00000065457.10	10.319817683554	12	0.587925394225257	0.914352816293909
ENSG00000143384.13	7.71914080214629	3	0.0521872368464214	0.231813948285947
ENSG00000213139.8	10.4222211095015	3	0.0152979058124493	0.101140943706076
ENSG00000217128.12	103.920135825476	9	2.52868451684062e-18	1.12170146362943e-15
ENSG00000174444.15	18.6088102227077	9	0.0287323592129087	0.155087994224987
ENSG00000137166.15	0.415602905398373	6	0.998719248392337	0.999999882499827
ENSG00000174446.13	12.0770582301993	12	0.439511012692628	0.807452555133162
ENSG00000172613.8	14.4966370470793	15	0.488244706259155	0.844519689539719
ENSG00000172638.13	1.10982713610184	3	0.774702319217541	0.999999882499827
ENSG00000128626.11	8.30873720627278	6	0.216345703476131	0.564523454605232
ENSG00000174915.12	5.02910286163387	9	0.831763943100255	0.999999882499827
ENSG00000172663.9	35.5452666307501	12	0.000383243995863201	0.00696476379074298
ENSG00000174243.10	1.67294915176171	3	0.642964468542264	0.942753559823542
ENSG00000134955.12	4.06870311475541	3	0.254140363127808	0.614204012819287
ENSG00000049883.15	15.2799549408774	15	0.431445886487725	0.799338654194847
ENSG00000173451.7		6	1	
ENSG00000173166.18		6	1	
ENSG00000175305.17	15.1515955654468	9	0.0868551902059449	0.323272235400388
ENSG00000172732.12	18.5826291229678	15	0.233273705710934	0.587780478061392
ENSG00000172830.13	41.039969284775	21	0.00554360668192863	0.0496983262602625
ENSG00000174137.12	10.5973078080478	9	0.304323848616487	0.677301670720174
ENSG00000175309.15	53.5207695881836	30	0.00519646487620748	0.0475488847370498
ENSG00000102900.13	16.3907026789093	12	0.173989221324448	0.49838323528601
ENSG00000172757.13	6.24460734496824	6	0.396354399404497	0.767921894736646
ENSG00000102034.17	1.58561393043419	3	0.662656145868418	0.953784648887685
ENSG00000135469.13	22.1451716459342	15	0.104053489151365	0.366194735170635
ENSG00000174628.16	28.755266873904	9	0.000712581576932183	0.0114376375152651
ENSG00000174672.16		18	1	
ENSG00000174136.13	2.89773504891673	3	0.407662645841208	0.778856183898357
ENSG00000174099.12	22.9137151540253	6	0.00082589867204811	0.0127215771458634
ENSG00000090686.16	5.0720036647399	9	0.827986869063565	0.999999882499827
ENSG00000167196.14	12.9840366969074	12	0.370202034960712	0.74093553305611
ENSG00000174106.3		3	1	
ENSG00000106404.14	14.1746556735307	6	0.0277448623359277	0.152028136741336
ENSG00000237296.9	15.069407593599	6	0.0197236953354162	0.120002208714668
ENSG00000174953.14	13.2272076227673	12	0.35274490602368	0.724113912049873
ENSG00000173540.13	7.65425937567125	6	0.264542881631731	0.627533782655339
ENSG00000164305.19	16.6293572135246	9	0.0548466212231842	0.239213441964657
ENSG00000172922.11	57.517420714983	12	6.37335148697693e-08	4.897443870977e-06
ENSG00000172932.16	12.1185780512078	15	0.670032314813954	0.958378129864491
ENSG00000138138.13	3.00347622907429	3	0.391089520589435	0.762139158575883
ENSG00000048649.13	20.5985177546991	18	0.300149857499603	0.671902788798161
ENSG00000173320.12	4.92704545048491	6	0.55320364903135	0.891106862040296
ENSG00000158941.16	16.6784401670448	12	0.1620988759905	0.477777991782327
ENSG00000173548.9	0.31842119787234	3	0.956527526049398	0.999999882499827
ENSG00000138594.14	13.5097878155821	6	0.0356181023766296	0.180651085514448
ENSG00000169371.14	11.5917455479903	9	0.237315010512409	0.592619546466375
ENSG00000173020.11	2.2657433684908	3	0.519115315133143	0.867770873652679
ENSG00000173039.19	21.658448536029	9	0.0100268222292639	0.0762085343733536
ENSG00000160072.20	1.43056001723744	6	0.963973068306706	0.999999882499827
ENSG00000196110.8		3	1	
ENSG00000153094.24	18.4568958296677	15	0.239407204699572	0.594951594261044
ENSG00000173926.6	6.51295656232924	9	0.687682248759378	0.96659816587106
ENSG00000174437.17	12.6241785836173	9	0.180362021968258	0.507794518721261
ENSG00000072062.14	1.14265471285762	3	0.766788305334152	0.997994626661868
ENSG00000173692.13	13.8454339195087	3	0.00312327437409817	0.033632058731404
ENSG00000174938.14	11.4898101708604	12	0.487472264146421	0.844231024987564
ENSG00000213983.12	41.6271688153647	30	0.076999250299477	0.299138409105333
ENSG00000066136.20	16.3094920806652	12	0.177468401666332	0.503317097315238
ENSG00000150990.8	3.7416176272327	3	0.290750402861123	0.661273828719657
ENSG00000175548.9	39.7392388895369	6	5.12541430420882e-07	2.99514480208227e-05
ENSG00000174939.11	10.9115993853702	12	0.53650948014748	0.881378208320687
ENSG00000174943.11	71.5429688832801	18	2.47304773238318e-08	2.12813662824862e-06
ENSG00000143207.21	26.5286646492132	12	0.00902831181908415	0.0706554090155912
ENSG00000173113.7	1.66492977424059	6	0.947796508717979	0.999999882499827
ENSG00000173402.12	1.91247354476945	3	0.590770348320007	0.916149345185912
ENSG00000173120.15	15.4998072370017	9	0.0780906178033676	0.301967957044317
ENSG00000172748.14	5.30758018051506	9	0.806713874343721	0.999999882499827
ENSG00000173137.12	3.05715044216504	9	0.961985936493998	0.999999882499827
ENSG00000063244.13	6.6356934136129	6	0.355854937136338	0.727080031237042
ENSG00000172927.8	8.16835815524206	3	0.0426574239235425	0.203865719916676
ENSG00000173581.8		12	1	
ENSG00000177646.19	7.46730316882895	6	0.279782124812332	0.648650425482921
ENSG00000173905.9	0.223856900855026	3	0.973649082530028	0.999999882499827
ENSG00000002330.14	0.297110730127315	6	0.999511001664396	0.999999882499827
ENSG00000173960.14	1.58563293099724	3	0.662651826076669	0.953784648887685
ENSG00000175029.17	10.5869887607405	9	0.305083735191579	0.677621407022257
ENSG00000198707.17		18	1	
ENSG00000084093.19	10.1540296517069	6	0.118313574059459	0.394742621964535
ENSG00000175279.22	0.0816828217648435	3	0.993941048832684	0.999999882499827
ENSG00000174456.15	14.1583221479541	12	0.290712617078994	0.661273828719657
ENSG00000172954.14	10.2581130633412	6	0.114194753631115	0.387357177854032
ENSG00000174306.21	54.2999120975292	18	1.64774667411122e-05	0.000539609389015147
ENSG00000141994.16	14.5104449007194	15	0.487220362581294	0.843944536462699
ENSG00000173327.8	4.70123355892429	9	0.859536268408615	0.999999882499827
ENSG00000157538.14	19.6357997998712	15	0.186353377933738	0.517389079731251
ENSG00000175348.11	6.20429787158355	6	0.400698163005245	0.771971304998114
ENSG00000172775.17	14.9843084678578	12	0.242295700759862	0.598488430236942
ENSG00000141738.14	22.9413346133706	18	0.192854585678952	0.526662785891329
ENSG00000167716.19	24.4817925122934	12	0.0174786642779679	0.110906557014752
ENSG00000153113.24	21.2362055252306	18	0.267664133904908	0.631713248555744
ENSG00000106853.20	56.9557210059284	12	8.05103696959126e-08	5.95227801410918e-06
ENSG00000162576.17	18.6416681025171	6	0.0048136101232804	0.0450393300029659
ENSG00000010704.18	20.4183587188527	21	0.494917880517374	0.849736733984702
ENSG00000105379.10	3.85806740069529	3	0.277203781229521	0.645676915574797
ENSG00000133112.17	4.25196345336735	9	0.894060047910664	0.999999882499827
ENSG00000156508.18	10.4600093755871	6	0.106569340534414	0.371697710605914
ENSG00000124177.15	17.3651770854985	9	0.0432951450364455	0.20570463505875
ENSG00000173442.13		9	1	
ENSG00000167658.16	1.36662380560301	3	0.713376602234142	0.974397358231553
ENSG00000173465.8	4.25972745400941	6	0.641573925141822	0.942526976954288
ENSG00000204316.13	2.75409691494133	6	0.839016635997621	0.999999882499827
ENSG00000173486.14	0.788960628007771	3	0.852105642673802	0.999999882499827
ENSG00000160469.17	8.95097376204649	9	0.441812025140295	0.808895934523044
ENSG00000173511.9	5.03353750337556	6	0.539518938198626	0.883120650432807
ENSG00000117877.11	6.14164481687658	6	0.40751158935564	0.778856183898357
ENSG00000141699.11		3	1	
ENSG00000164162.14	6.76105090316924	9	0.661981538351626	0.953784648887685
ENSG00000118263.15	25.7887081582012	15	0.040303084892913	0.195521845873699
ENSG00000130734.10	7.11227304487693	15	0.954458994486453	0.999999882499827
ENSG00000073605.18	3.67010049585952	6	0.721218061237861	0.977550980502817
ENSG00000163485.17	9.20245587876025	12	0.685547638993823	0.964709359616543
ENSG00000117411.16	4.10852849052753	12	0.981397377249731	0.999999882499827
ENSG00000138796.17	1.15194737582351	3	0.764550846246516	0.997335253990522
ENSG00000163320.12	21.5207009030582	12	0.0432561468188805	0.20570463505875
ENSG00000173391.9	53.7144510590297	9	2.13906550792802e-08	1.89774002653359e-06
ENSG00000203896.10	12.4624495911357	9	0.188475708435759	0.521205564926203
ENSG00000173705.9	0.831121337772856	3	0.842009645063086	0.999999882499827
ENSG00000173621.9	4.50008763518781	6	0.60932757685255	0.925463738182057
ENSG00000137074.20	24.2237326766481	27	0.61787863453914	0.930106061154939
ENSG00000113448.19	63.9306175954243	6	7.13060755455217e-12	1.54639109166388e-09
ENSG00000118518.16	40.74914953193	18	0.00164843621438172	0.0216224314733215
ENSG00000173653.8	10.9751212527299	9	0.277418107081168	0.645676915574797
ENSG00000175354.20	29.4318246962794	15	0.0141434962602592	0.0960336580988009
ENSG00000173041.12	22.6711904920785	3	4.72841351176424e-05	0.00124378941944224
ENSG00000146021.15	7.87958921513155	3	0.0485668981720367	0.221052853165337
ENSG00000173727.12	3.3378091299802	3	0.342414890701081	0.713700009923652
ENSG00000015171.20	17.2788453521007	12	0.139405721792657	0.434929807856311
ENSG00000160055.20	19.9038103870753	18	0.33826106788963	0.710475393310098
ENSG00000141562.18	16.6537127322154	21	0.731871777160095	0.981822491447177
ENSG00000147679.12	19.0604213497973	9	0.0246840190505784	0.140216147796621
ENSG00000134278.15		9	1	
ENSG00000103365.15	21.8829131270086	9	0.00925755797545788	0.0720699181484477
ENSG00000135968.21	27.7743083475057	15	0.0230252452034647	0.133517341930991
ENSG00000126456.16	41.3872742471285	18	0.00134577018418185	0.018576196927059
ENSG00000074370.18	7.30250843528347	6	0.293775069981165	0.66503515325856
ENSG00000174989.13	5.34885125283472	3	0.147963731769085	0.451075892922633
ENSG00000121542.12	6.72309228499944	9	0.665924147069212	0.95583964571973
ENSG00000122729.19	0.386181164431036	3	0.943082114512487	0.999999882499827
ENSG00000003402.20	27.4034684133658	9	0.00119913620999053	0.0170588487948944
ENSG00000213995.11	19.690946775223	6	0.00314274307013103	0.03363393310457
ENSG00000134852.15	23.1561589565758	9	0.00585497057924836	0.0516624393154473
ENSG00000154889.17	8.81759624039478	18	0.963819399057457	0.999999882499827
ENSG00000174579.4	10.0677004205545	6	0.12182980788825	0.40026604566603
ENSG00000173898.14	25.6512459199203	9	0.00232923333026728	0.027603317789964
ENSG00000172845.16	7.35528226864699	9	0.600181644378978	0.921335790581968
ENSG00000105929.16	7.60622722336507	3	0.0548909315165416	0.239249933305015
ENSG00000125462.18	4.45674662827452	3	0.216180989938064	0.564415983951511
ENSG00000173914.12	12.6450414236933	12	0.395359525606904	0.766298631657949
ENSG00000071794.16	16.8824497578971	12	0.154072920089537	0.463215535167525
ENSG00000167600.14		3	1	
ENSG00000173011.12	9.06287632576095	9	0.431490524674501	0.799338654194847
ENSG00000173744.17	15.9462940224475	12	0.193708297639192	0.528339652504437
ENSG00000173933.21	10.2810457999294	6	0.113304669447905	0.385275355101778
ENSG00000175536.7	0.212106741352045	3	0.975611591097662	0.999999882499827
ENSG00000175166.17	10.0089260950917	3	0.0184904125689703	0.11515503271256
ENSG00000130270.16	3.40554103248724	9	0.946028532825285	0.999999882499827
ENSG00000007264.15	2.04487435897681	3	0.563145295468308	0.897702538137082
ENSG00000239306.5	1.76117026185239	3	0.623420950063366	0.931979940512927
ENSG00000174951.11	5.3839070438961	3	0.145749518837872	0.446724106262183
ENSG00000174343.6	2.36060190188391	3	0.501010698265852	0.855200908502684
ENSG00000173992.9	32.2875979087039	12	0.00124915448652626	0.0174624473206335
ENSG00000244607.7	10.8820480356961	6	0.0920910069456939	0.338050335784996
ENSG00000214021.16	58.9297790001601	33	0.00363140084803397	0.0372075121820734
ENSG00000173218.15	5.8457992228532	6	0.440683746653881	0.807966274988395
ENSG00000023330.15	6.41890855310339	9	0.697369641990783	0.97053775034899
ENSG00000073417.15	5.97043850922182	6	0.426509730247669	0.795932070127682
ENSG00000077454.16	12.025941045491	15	0.677064460270497	0.961228763255115
ENSG00000174080.11	0.148515012298958	3	0.985438475348417	0.999999882499827
ENSG00000172915.18	1.8205801338521	3	0.610466741317279	0.925516322245252
ENSG00000174227.16	28.8619575968623	18	0.0500924635669149	0.225287686590776
ENSG00000134909.18		9	1	
ENSG00000175455.16	35.8355288780294	24	0.0569364483540658	0.245416021548339
ENSG00000162804.14		9	1	
ENSG00000173273.16	2.08131174039454	3	0.555702768081858	0.892718866851768
ENSG00000172534.14	8.08914329793697	6	0.231644939341573	0.585489219902424
ENSG00000174165.8	29.1773535431112	9	0.000604874531243935	0.0100561678882616
ENSG00000106144.20	1.34240036273513	3	0.71909015316741	0.975924508114625
ENSG00000173418.12	2.66815911163576	3	0.445665467071017	0.811948106828099
ENSG00000115159.16		6	1	
ENSG00000175567.10	11.4601605311618	12	0.489947730066994	0.846191884352359
ENSG00000143570.19	0.569770774571225	3	0.903316425196925	0.999999882499827
ENSG00000169733.12	8.11289711892277	12	0.776246769683404	0.999999882499827
ENSG00000146834.14	1.80239564610383	3	0.61441375512869	0.928326960257143
ENSG00000149187.18	13.0977972841829	12	0.361972630416796	0.732842482488808
ENSG00000165416.15	1.17733947811939	3	0.758444212614281	0.994413565417269
ENSG00000125485.17	38.8763681219607	9	1.2127151469857e-05	0.000416721377444838
ENSG00000173295.7	5.01488947766211	6	0.541904850721715	0.884503304728832
ENSG00000175575.13	50.2714992042857	12	1.2517282338472e-06	6.32933462907504e-05
ENSG00000138074.15	15.0987942491483	9	0.088257769651833	0.327310231393959
ENSG00000175182.15	15.223115459914	12	0.229461118197957	0.582633766097768
ENSG00000111186.13	3.08313136597371	3	0.378984703671455	0.749842948227897
ENSG00000172992.12	9.34681683410417	18	0.951159085418736	0.999999882499827
ENSG00000174151.15	11.8687078473851	6	0.0649626863684075	0.265593153024419
ENSG00000175581.14	7.62189980169933	15	0.938045601093042	0.999999882499827
ENSG00000175582.20		6	1	
ENSG00000173801.17	1.78891639113863	6	0.938052488237503	0.999999882499827
ENSG00000272752.6	5.05554957599452	6	0.536708491214552	0.881393344717491
ENSG00000175110.11	5.72548100707354	9	0.767047778093095	0.997994626661868
ENSG00000174370.11	1.11320595542702	3	0.773887107962641	0.999999882499827
ENSG00000129534.14	43.4576321268178	12	1.88853166291208e-05	0.000594521951559967
ENSG00000151694.14	22.2225911085225	9	0.00819966483211333	0.0654832480332193
ENSG00000173276.14	19.4227979061466	6	0.00350609956069764	0.0363879329874805
ENSG00000173812.11	18.6282407378894	9	0.0285461278884174	0.154510073246292
ENSG00000129480.13	1.21271286584124	3	0.749956884049678	0.989644416235252
ENSG00000174032.17	17.9210757050992	6	0.00643248751533005	0.0552190367115342
ENSG00000173226.17	9.51369608148889	12	0.658539857725193	0.952525636807493
ENSG00000172888.12	15.9529114230922	9	0.0678714556040337	0.273588407781811
ENSG00000167291.16	3.74491775193837	6	0.711149757866251	0.973938352009056
ENSG00000115677.17	5.97142288714531	6	0.426398926406467	0.795932070127682
ENSG00000117399.14	0.556952575396281	3	0.906212395205166	0.999999882499827
ENSG00000260916.7	10.8209663155867	9	0.288180753323031	0.658323027078525
ENSG00000173852.15	9.30244801284425	3	0.0255285665472271	0.14285165191192
ENSG00000178821.13		3	1	
ENSG00000174547.13	0.391240242141066	6	0.998921831186302	0.999999882499827
ENSG00000169682.18	3.93623770785052	6	0.685304967319739	0.964646066071446
ENSG00000172687.13	16.2146237648321	9	0.0625327185364293	0.259465325569502
ENSG00000110514.19	23.4944591184503	18	0.172297348284453	0.495564344800464
ENSG00000174586.11	2.92764547363618	3	0.402915878619229	0.773722168328425
ENSG00000196705.8	20.9047889987742	15	0.139899027398059	0.435772297598998
ENSG00000153048.11	3.76171829815576	6	0.708885057372229	0.973417026750243
ENSG00000175183.10	1.77791231080482	3	0.619753219324877	0.930925874385729
ENSG00000172869.14	33.5580999195954	21	0.0403834556442776	0.195681302697371
ENSG00000119661.15	11.2243219728871	12	0.509798438237471	0.861194903714642
ENSG00000175193.14	5.91964255919447	12	0.920078461078425	0.999999882499827
ENSG00000175426.11	1.09852943478495	3	0.777429095736431	0.999999882499827
ENSG00000172809.13	6.46783004747704	9	0.692335185085626	0.96857759502224
ENSG00000120029.13	5.62019682150822	6	0.467049950080961	0.829685201436224
ENSG00000173638.19	7.26284385987674	9	0.609774242935519	0.925463738182057
ENSG00000173706.14	2.35937979001756	6	0.883861440787965	0.999999882499827
ENSG00000174839.13		6	1	
ENSG00000137713.16	7.29445469036182	9	0.606491819135251	0.924810166915778
ENSG00000136205.17	15.5084228372634	3	0.0014298987018271	0.0195713624560038
ENSG00000174669.12		12	1	
ENSG00000137478.15	9.3575772950835	6	0.154444271658826	0.463888889600946
ENSG00000174840.9	1.61157239853401	3	0.656768711919601	0.951970777669739
ENSG00000174775.17	7.73180721933022	9	0.561383203967417	0.896456209130102
ENSG00000128422.17	52.6731002525776	3	2.15247582560416e-11	4.20120231641421e-09
ENSG00000120963.12	9.90083534645237	9	0.358572709280442	0.730697655015208
ENSG00000135821.19	9.62543445895426	12	0.648783554976418	0.946409374142729
ENSG00000074219.14	11.909870762116	9	0.218438193612387	0.568009147738685
ENSG00000102786.15	57.4080952048971	18	5.3302371210247e-06	0.000210598316048907
ENSG00000250510.8	15.2960976126788	9	0.0831172208409034	0.313884126803179
ENSG00000105221.18	16.8038688978995	9	0.0518774343523397	0.230647782161496
ENSG00000136051.15	21.9955124779553	6	0.00121314260444396	0.0171580560532878
ENSG00000174791.11	22.7559177228395	15	0.08946146112808	0.330327052269744
ENSG00000113552.16	24.4211570605403	6	0.000436825735242909	0.00782198596373495
ENSG00000122557.11	8.24102690233576	6	0.220971576525515	0.572752099313894
ENSG00000175324.10	2.71013139847491	6	0.844249161335483	0.999999882499827
ENSG00000175449.14	4.23467348651093	6	0.644952184078091	0.943755191426525
ENSG00000165322.18	18.5928593640492	18	0.417286666556616	0.787537292328415
ENSG00000130349.10	5.84373016153404	9	0.75545087231445	0.992788185149033
ENSG00000174282.12	0.811160372299128	3	0.846795799491129	0.999999882499827
ENSG00000173083.15	31.8144578862666	9	0.000214379671914243	0.00426614249587826
ENSG00000172667.11	3.28761002564534	6	0.771978667417599	0.999999882499827
ENSG00000173085.15	14.4751310454812	6	0.0247563375858837	0.140545141652495
ENSG00000174903.16	0.217368862417061	3	0.97473783207427	0.999999882499827
ENSG00000137309.20	5.24890884346678	6	0.512307892613099	0.862745940295295
ENSG00000196642.19	24.9653581853054	12	0.0149878869299899	0.0998764322270544
ENSG00000087995.16	0.568588684360293	3	0.903584088945517	0.999999882499827
ENSG00000145287.11	18.2147549291258	9	0.0327621859416	0.170793895621835
ENSG00000167526.14	1.0115717779845	3	0.798451956463567	0.999999882499827
ENSG00000135070.15	1.02958759385365	3	0.794093140042922	0.999999882499827
ENSG00000083799.18	43.6348116338577	15	0.00012541035104624	0.00280063985322713
ENSG00000120093.11	23.5619996509668	12	0.023316433675885	0.134721773974519
ENSG00000174013.8	1.83489375631962	3	0.607371260837556	0.924983191565981
ENSG00000103264.18	10.9569899404196	12	0.532608221619602	0.878492991417321
ENSG00000054793.14	9.56823489000089	3	0.022616426473812	0.131769376691302
ENSG00000174796.12	23.061867128883	18	0.188223890548165	0.520656731252703
ENSG00000188234.13	17.2988490445732	15	0.301315344336076	0.673508118501092
ENSG00000173918.15	4.94295115143518	6	0.551150666541987	0.890526575140244
ENSG00000159322.17	0.356884901069861	3	0.948997710150788	0.999999882499827
ENSG00000173064.13	32.8781396281738	15	0.00487945190705746	0.0455244466166097
ENSG00000175213.3	9.19220454520655	9	0.419724671681073	0.789684416991631
ENSG00000172840.7	9.99279078437121	9	0.351069156163267	0.721736653675442
ENSG00000105982.16	8.3367141295771	6	0.214457908789635	0.562001807700872
ENSG00000173163.10	10.7275951444244	3	0.0132938648330769	0.0921048618310832
ENSG00000091732.17	2.1547214380771	3	0.540921808019144	0.884440099918896
ENSG00000173641.17	14.1575643560209	12	0.290759913826832	0.661273828719657
ENSG00000172590.18	8.39805232397339	18	0.972102862620063	0.999999882499827
ENSG00000136003.16	2.60593942328705	6	0.856428050182848	0.999999882499827
ENSG00000175595.15	13.4528701436909	6	0.0363822297720116	0.183017618734568
ENSG00000174206.13	30.4281754180975	12	0.0024062801349742	0.0281569398527737
ENSG00000107815.10	31.5445406084964	15	0.00742204113279836	0.061123796974666
ENSG00000168813.17	3.66292213506608	6	0.72218241950186	0.977699696067769
ENSG00000092108.21	8.62682434740418	12	0.73443065391295	0.982900267627054
ENSG00000055483.19	41.7898906294431	21	0.00447108578293727	0.0428618135124606
ENSG00000173480.11	1.20352279049007	3	0.752159525559036	0.990042318290862
ENSG00000164587.13	2.29072021972388	6	0.891114930643472	0.999999882499827
ENSG00000133895.16	18.8293674099623	21	0.59608510149227	0.91971454631827
ENSG00000175216.15	16.1931262825747	12	0.18254980152431	0.511191825846697
ENSG00000174177.13	17.8676248786396	9	0.0367407575848449	0.184251312060895
ENSG00000109685.18	29.0181796679426	18	0.0481573335094734	0.220331653876677
ENSG00000205560.13	23.793744919969	18	0.161901836789202	0.477485652833431
ENSG00000175334.8	1.81492364930455	3	0.611692779814734	0.92621457428577
ENSG00000175606.11		9	1	
ENSG00000119403.15	7.25916285571293	6	0.297543620639963	0.669304294473956
ENSG00000005302.19		33	1	
ENSG00000143409.15	9.0600750388594	12	0.697790837882081	0.97073995536582
ENSG00000175471.19	0.625107793367079	3	0.890661223968185	0.999999882499827
ENSG00000175376.9	13.1671333825834	18	0.781549884202262	0.999999882499827
ENSG00000127483.19	77.1828874642961	24	1.69909305578883e-07	1.15954189730372e-05
ENSG00000103174.13	8.92369406287435	12	0.709433800638965	0.973417026750243
ENSG00000143164.15	1.85030370936511	3	0.604049937737015	0.92374479025253
ENSG00000109099.16	20.641140378546	15	0.14869210632542	0.452192666135798
ENSG00000124222.22	19.9411369077425	15	0.174202398047012	0.498619675424651
ENSG00000110195.14	3.70620436371246	3	0.294986255882372	0.666073778610845
ENSG00000152556.17	13.0676845276321	12	0.36414034277044	0.735661419975053
ENSG00000072195.15	31.4697080173646	18	0.0253847019909017	0.142373164786902
ENSG00000161800.13	2.02044519793708	6	0.917808682772202	0.999999882499827
ENSG00000175467.15	18.0275582968497	6	0.00616369336488558	0.0535155547579345
ENSG00000130559.19	1.07873114758695	3	0.782210790480323	0.999999882499827
ENSG00000011021.23	8.70765538419801	12	0.727676878502006	0.980088240613297
ENSG00000175482.9	16.11858557694	21	0.762951603883345	0.996429142956814
ENSG00000173928.4	0.484344342276927	3	0.922317180904254	0.999999882499827
ENSG00000175505.11	7.15659620459155	3	0.0670705180520317	0.27215849715999
ENSG00000173517.10	2.40429735312694	3	0.492835173106824	0.84884900359151
ENSG00000175643.10	3.33009651182147	6	0.766419984764967	0.997994626661868
ENSG00000175550.8	2.48160280643788	3	0.478625044969412	0.839133688719748
ENSG00000112763.17	7.80178946087108	9	0.554238043924345	0.89180693662946
ENSG00000130724.9	4.92235013656318	6	0.553810272563353	0.891412576273422
ENSG00000174718.12	30.4657408898211	9	0.000365418583232452	0.00672852821465188
ENSG00000175592.9	2.74876557386369	6	0.839653971339279	0.999999882499827
ENSG00000175634.15	3.67207469750429	3	0.299120729284675	0.670753491978203
ENSG00000174132.9		3	1	
ENSG00000054179.12	0.653398295409488	3	0.88410643794959	0.999999882499827
ENSG00000143774.16	0.91888887056848	9	0.999602796396257	0.999999882499827
ENSG00000211451.12	5.26194583656752	9	0.810902065054602	0.999999882499827
ENSG00000139437.18	17.9688467606011	9	0.0355366972220445	0.18050114774805
ENSG00000087586.17	11.81715210111	18	0.856532452548876	0.999999882499827
ENSG00000146802.13	13.0204293436027	12	0.367557540081776	0.738672576947704
ENSG00000158717.11	18.4302106990181	12	0.103238542656388	0.364213586935722
ENSG00000168453.15	31.4911228542915	12	0.00165714314414505	0.0216783645358064
ENSG00000104973.19	0.617796699945757	3	0.892346412430687	0.999999882499827
ENSG00000115548.17		18	1	
ENSG00000066422.5	0.815085814148006	3	0.845855407074538	0.999999882499827
ENSG00000146094.15	13.6877994151382	12	0.321087519792071	0.695581916845641
ENSG00000181788.4	3.30898420123049	3	0.346394167393181	0.717471912328518
ENSG00000129347.21	14.4681598299176	12	0.271816212657022	0.63765731233651
ENSG00000081177.18	27.4378043762608	15	0.0253652015546901	0.142345602054181
ENSG00000186318.16	20.4194140095424	12	0.0595565039168141	0.252152677537609
ENSG00000137509.11	0.207543595868628	3	0.976362413585614	0.999999882499827
ENSG00000178685.14	11.8088968642951	12	0.461146986013907	0.824422042254174
ENSG00000131115.16	21.3941768326913	15	0.12470091068623	0.407553981040495
ENSG00000181396.13	16.6328987493689	18	0.548465478919887	0.888887028209187
ENSG00000181798.3	1.3675888333745	3	0.713149360731037	0.974397358231553
ENSG00000173264.14	27.8483121590543	21	0.14450607201786	0.44482325169372
ENSG00000129667.13	37.8293776138221	12	0.000163739853457795	0.00348894591680048
ENSG00000180448.10	20.5502427580977	15	0.151825005321157	0.458113494532201
ENSG00000147124.12	22.3065005180097	9	0.0079567191136382	0.0644491009508226
ENSG00000115875.19	96.0484255326155	12	3.29686686297566e-15	1.10945254192343e-12
ENSG00000161202.20	4.94266891639927	6	0.551187068204591	0.890526575140244
ENSG00000143319.17	9.47489794326975	9	0.394639895664545	0.765968723506423
ENSG00000175879.9	4.33077882345015	6	0.632008201397655	0.938315742252177
ENSG00000138614.15	7.41767459419498	12	0.828823763731233	0.999999882499827
ENSG00000176732.7	3.63270050827202	3	0.303954731848049	0.676927026039504
ENSG00000147457.14	11.1247350192862	9	0.267255830879067	0.631207563782386
ENSG00000167767.14	0.397222250889172	3	0.940815713242581	0.999999882499827
ENSG00000149582.16		24	1	
ENSG00000125733.18	1.11484511518211	3	0.773491676400406	0.999999882499827
ENSG00000157326.19	5.37693158663024	9	0.800290729212436	0.999999882499827
ENSG00000178719.17	3.00464753579581	6	0.808263289490173	0.999999882499827
ENSG00000013810.20	6.11786473850953	6	0.410117262440166	0.780583759500108
ENSG00000178397.13		3	1	
ENSG00000134717.18	3.48372448334703	6	0.746133808689405	0.988424864171939
ENSG00000179833.4	19.3428968069184	6	0.00362207170126539	0.0371783288895489
ENSG00000163539.17	10.0802170781371	9	0.344030323137876	0.715518190217765
ENSG00000179950.14	4.42215386030148	9	0.881499431933958	0.999999882499827
ENSG00000070882.13	29.6739560906699	12	0.00312575850695599	0.033632058731404
ENSG00000009950.16	15.5596646339145	18	0.62324834377766	0.931979940512927
ENSG00000145916.19	5.5994194123341	9	0.77924346122077	0.999999882499827
ENSG00000178104.19	9.43972567904439	9	0.3977123002702	0.769330889660433
ENSG00000213563.7	10.975961864684	6	0.0891222071976686	0.329198947782759
ENSG00000133030.22	60.0884032657341	18	1.97984931160807e-06	9.11384407169019e-05
ENSG00000174238.15	14.0088471452909	12	0.300143669274278	0.671902788798161
ENSG00000178952.11	4.12381919537438	3	0.248400565020915	0.606641920430209
ENSG00000177683.14	26.639451135713	9	0.00160424093652282	0.0211564693236841
ENSG00000152455.16	6.07016850627952	9	0.732875501222662	0.98195464288378
ENSG00000059769.20	5.24268696641411	3	0.154864879014253	0.464366585742451
ENSG00000139323.14	20.0035401491732	12	0.0670190247882473	0.272062671758946
ENSG00000168395.16	17.2291370827661	15	0.30535215731696	0.677621407022257
ENSG00000102984.15	19.6088439128589	21	0.546143958895628	0.887840483874862
ENSG00000104825.17	1.30646248769335	6	0.971300157939954	0.999999882499827
ENSG00000144591.19	5.71500883943736	12	0.92976129835367	0.999999882499827
ENSG00000177675.9	1.70017112442031	3	0.636895751443983	0.939885927467387
ENSG00000181610.13	0.0439672217762563	3	0.997580135061717	0.999999882499827
ENSG00000105325.14	32.2512879792484	15	0.00594955167650534	0.0522607334032544
ENSG00000168014.16	31.1531750120521	18	0.0276345514600237	0.151593922258781
ENSG00000116584.20	11.3758112314463	9	0.250825721716026	0.610273801602268
ENSG00000160963.14		6	1	
ENSG00000111271.15	17.2021906102891	18	0.509247484487135	0.861062771274723
ENSG00000166444.19	45.6727637266886	15	5.9928785966311e-05	0.00151300614585435
ENSG00000153786.13	5.25329659707859	6	0.511760422028659	0.862270365776533
ENSG00000130703.17	27.9469955882159	12	0.00563166400617619	0.0501912411290169
ENSG00000177706.9	3.82317054771374	6	0.700591746240805	0.972506954721697
ENSG00000026103.22	16.6263577386881	15	0.341686794959243	0.713419219513748
ENSG00000178149.17	77.3215914515458	24	1.61581542507647e-07	1.1183505484625e-05
ENSG00000159200.18	4.97890157951042	9	0.83614356851812	0.999999882499827
ENSG00000179523.5	10.6120118481576	9	0.303243352001477	0.675959769799546
ENSG00000117262.19	9.9409826298579	3	0.0190745242420552	0.117148069275152
ENSG00000103496.15	26.4460503666451	9	0.00172625025014672	0.0221664160410287
ENSG00000064042.18	11.832222916928	12	0.459246485421724	0.822596542725664
ENSG00000011143.18	32.0964008917654	18	0.0214163658559955	0.127207738520182
ENSG00000197976.12	7.98705620342116	6	0.239053136313841	0.594591097425841
ENSG00000197976.12_PAR_Y	30.1876881786293	6	3.62067791367145e-05	0.00100954845027199
ENSG00000138668.19	0.491194902308052	3	0.920821551004742	0.999999882499827
ENSG00000107614.22	14.9799625254182	15	0.452861516635464	0.817513048621068
ENSG00000251669.6	13.658134486268	18	0.751089545764778	0.989722235635764
ENSG00000213801.4		3	1	
ENSG00000143248.13	8.71789685415433	6	0.190075932947136	0.523738194670758
ENSG00000162885.14		12	1	
ENSG00000125945.15	4.1431122683523	3	0.246419499976574	0.604071313808436
ENSG00000112624.12		3	1	
ENSG00000180573.9	8.0376057865833	3	0.0452408673792698	0.212671302868157
ENSG00000183826.18	0.306445157596329	3	0.958811797605058	0.999999882499827
ENSG00000159259.8	1.00613960052033	3	0.799766357967367	0.999999882499827
ENSG00000181826.10	2.24749132391332	3	0.522654735882136	0.871124582188683
ENSG00000170581.14	17.616316335695	18	0.481184444087432	0.84125384984759
ENSG00000181830.9	4.32049517717496	3	0.228871517042637	0.582110277513446
ENSG00000166441.13	2.17837350210175	6	0.902584254506224	0.999999882499827
ENSG00000132141.14		3	1	
ENSG00000104763.20	15.8008770188026	12	0.20052743371282	0.539698628131111
ENSG00000188092.15	9.87344991390819	12	0.627061869199693	0.934322194112858
ENSG00000178950.17	17.9395802968647	12	0.117537424614596	0.393633399730214
ENSG00000134138.20	31.1712346905842	21	0.0708550038939458	0.28193287113356
ENSG00000253729.8	12.9848858938931	6	0.043276588898703	0.20570463505875
ENSG00000111077.18	37.7253164591311	24	0.0369842420506538	0.185068061178939
ENSG00000177728.17	32.5141879438743	24	0.114746078476037	0.387744799116221
ENSG00000138468.16	8.87581046057858	12	0.713499694837861	0.974397358231553
ENSG00000063978.16	1.14213941238268	3	0.766912416477191	0.997994626661868
ENSG00000100014.20	16.570470694609	6	0.0109984671490351	0.0808847331630997
ENSG00000180596.7	1.39857018843804	3	0.705869921215407	0.973417026750243
ENSG00000177674.16	10.4734425283532	6	0.106078591710652	0.371046944983604
ENSG00000074211.14		3	1	
ENSG00000049192.15	3.17443975922424	6	0.786655884025051	0.999999882499827
ENSG00000120733.14	3.91174797566782	3	0.2711527965711	0.636560053340717
ENSG00000172785.18	29.0156128896924	15	0.0160103270754904	0.104371931816774
ENSG00000136908.18	14.3219650059764	6	0.0262392864556826	0.145680819879636
ENSG00000163608.15	121.435851620037	24	5.38063387206819e-15	1.69385825669398e-12
ENSG00000141076.18	5.91644875229395	6	0.432614421765263	0.800508938567919
ENSG00000147130.14	5.0480556019229	6	0.537664583652253	0.881874708079992
ENSG00000135124.15		3	1	
ENSG00000179134.15	12.8371015540906	9	0.170116841955619	0.49204809147744
ENSG00000181264.9	3.03587520328983	6	0.804330834219876	0.999999882499827
ENSG00000162729.14	21.6996478658693	6	0.00137232519428471	0.0188627064380627
ENSG00000179455.9	12.408534617367	6	0.0534513486095075	0.235253464964778
ENSG00000188612.12	1.06958106782986	6	0.982836508357322	0.999999882499827
ENSG00000187098.16		12	1	
ENSG00000205643.11	13.4536417032741	6	0.0363717689240372	0.183017618734568
ENSG00000047315.17	8.88974674482597	6	0.179874242640853	0.507485612585165
ENSG00000179115.11	4.02666492885328	3	0.258599157787249	0.620828826776326
ENSG00000146463.12	24.5297335048836	9	0.00353788951169371	0.0366520846545848
ENSG00000109111.15	0.549478290464322	3	0.907894279702601	0.999999882499827
ENSG00000178694.10	17.7377466957882	9	0.038340967438752	0.189337745321975
ENSG00000178700.9	3.82925559226078	3	0.28050150450093	0.649754137769896
ENSG00000178921.14	23.207045968491	12	0.0260187380893816	0.145186403934317
ENSG00000142621.19		3	1	
ENSG00000135317.13	33.8507042835336	18	0.0131408760250588	0.0912753089882909
ENSG00000112339.15	6.96123304248613	15	0.958716572673581	0.999999882499827
ENSG00000158062.20	6.03987357486039	15	0.979070157025926	0.999999882499827
ENSG00000165118.15	14.0805277947075	3	0.00279756474615065	0.0313089843551424
ENSG00000177570.14	0.889650317287988	3	0.82792468045281	0.999999882499827
ENSG00000072134.15	11.8593513115839	12	0.457040502683736	0.820992530403975
ENSG00000140471.17	42.2728068560755	21	0.00388768173046629	0.0391329894732067
ENSG00000004700.16	4.99080617110303	9	0.835108971415918	0.999999882499827
ENSG00000196502.11	36.1257232583084	21	0.0211647464582855	0.126096923495976
ENSG00000196352.16	10.2184398849495	12	0.596803654439633	0.919846818275834
ENSG00000149292.17	14.1824355744793	15	0.511740240036753	0.862270365776533
ENSG00000115368.10	8.62850343257014	6	0.19557373986597	0.531220996129679
ENSG00000254093.9	3.25211425347516	6	0.776603223053557	0.999999882499827
ENSG00000181789.14	5.55784552983823	3	0.135219460931183	0.4284437400089
ENSG00000110497.14	11.7984303633539	12	0.462000855259965	0.825158555359077
ENSG00000137076.21	5.68690974071069	6	0.459159965992866	0.822596542725664
ENSG00000177721.4	16.0819788143324	3	0.00109093190863101	0.0157958523684422
ENSG00000176454.14	71.3540949041126	12	1.78586237068675e-10	2.904705145922e-08
ENSG00000176697.20	0.714757623498372	6	0.994167025010029	0.999999882499827
ENSG00000177738.4	14.757152578738	9	0.0978262303637334	0.350858574832662
ENSG00000164306.11		18	1	
ENSG00000177946.6	5.47394534878276	3	0.14020530568388	0.436586974527436
ENSG00000161692.18	65.7741176402997	18	2.31201524357484e-07	1.5245241055437e-05
ENSG00000180104.16	5.35854892071075	3	0.147348039868661	0.450209618371403
ENSG00000145901.16		12	1	
ENSG00000146063.20	37.7217336669964	18	0.00421526580154917	0.0411779569142326
ENSG00000140983.14	12.3256540561706	12	0.419893052522999	0.78984893977871
ENSG00000101638.14		3	1	
ENSG00000179151.13	7.03855113530153	6	0.317296730851779	0.691575328793463
ENSG00000172780.17	0.338209025532706	3	0.952689256737126	0.999999882499827
ENSG00000090905.19	34.5034781729373	15	0.00289214147649979	0.0320158925581019
ENSG00000171865.10	38.2161652859504	6	1.01917613432083e-06	5.34738704023495e-05
ENSG00000020181.18	8.61416835719047	3	0.0348859063407813	0.178060439319919
ENSG00000092871.17	7.4504658450137	9	0.590326567354862	0.91604340448658
ENSG00000066735.14	6.27916934261884	3	0.098790410860534	0.353407485186199
ENSG00000171723.16	1.49999407498217	3	0.682271697827947	0.963128550504879
ENSG00000021574.13		15	1	
ENSG00000180329.14	7.42142892159609	6	0.283624338578458	0.653911672528371
ENSG00000182010.11	8.61908592794725	3	0.0348084151015996	0.17794411889812
ENSG00000128581.17	9.54864858172732	15	0.847130606843237	0.999999882499827
ENSG00000053900.11	0.982515226338364	6	0.986266454536621	0.999999882499827
ENSG00000137154.13	2.62349234893918	3	0.45338591178346	0.817705786980448
ENSG00000168884.15	6.52352669579341	6	0.367163265237512	0.738640755607685
ENSG00000243660.11	26.1618496559635	6	0.000207703483642732	0.00416217309418772
ENSG00000176871.9	24.9996113539819	9	0.00297161043237783	0.032657597082855
ENSG00000140905.11	0.174000828905264	3	0.981673121837603	0.999999882499827
ENSG00000136878.14	20.4686161243681	12	0.0587245593683964	0.249604954214364
ENSG00000258947.7	0.886581016780838	3	0.828664851799068	0.999999882499827
ENSG00000080802.18	11.6701954112723	9	0.232547000288003	0.587021773360222
ENSG00000070831.17	1.0838435440528	3	0.780975678351207	0.999999882499827
ENSG00000052749.14	2.92395299707823	3	0.40349935174073	0.77453779969272
ENSG00000127507.18	9.98938440971688	12	0.616891998810739	0.929911803582639
ENSG00000010292.13	5.96463933549239	6	0.427162863849351	0.79615782817147
ENSG00000182196.13	34.8677269627806	21	0.029193147749047	0.156566282514849
ENSG00000083642.19		9	1	
ENSG00000215041.10	10.5573638802634	15	0.783294776470977	0.999999882499827
ENSG00000166133.18	5.2043601934347	6	0.517882412000577	0.866703507389883
ENSG00000115459.18	35.8050970302866	27	0.119621207129069	0.396395028988994
ENSG00000157514.16	30.490918910069	9	0.000361817544134173	0.00667481552590812
ENSG00000181744.9	7.91507396586167	3	0.0477998680703214	0.219622840159259
ENSG00000117528.14	4.29128315104026	3	0.231680137643088	0.585489219902424
ENSG00000122406.14	0.469714180566371	3	0.925492875773121	0.999999882499827
ENSG00000146701.12	3.17976271291263	6	0.785970086440025	0.999999882499827
ENSG00000143740.14	6.11481575602738	9	0.728374316463005	0.980088240613297
ENSG00000109625.19	4.64481920983599	3	0.19973081171036	0.538296876962553
ENSG00000172878.14	7.04697128102907	9	0.632228895988975	0.938315742252177
ENSG00000068323.17	0.889233798025089	3	0.82802513372703	0.999999882499827
ENSG00000071243.16	19.8240359967676	12	0.0704886879997638	0.281004536842196
ENSG00000114779.19	48.1098137243025	12	2.99107342098585e-06	0.000129732824512893
ENSG00000114544.16	15.3909309954179	6	0.0174246320381676	0.110707671914374
ENSG00000178028.14	27.7878369483078	15	0.0229354649973429	0.133151221242754
ENSG00000060237.18	9.21904200341669	15	0.865788616598869	0.999999882499827
ENSG00000176018.13	2.6690420670875	3	0.445513932615704	0.811908584201056
ENSG00000253276.4	0.736866768284017	3	0.864500133570773	0.999999882499827
ENSG00000221914.11	5.8193667994492	12	0.924912291157761	0.999999882499827
ENSG00000107957.16	11.7886923633414	3	0.00814320265611964	0.0651630571872632
ENSG00000065243.20	1.62511390345026	3	0.653708911906757	0.949999584556553
ENSG00000141499.17	8.25439195018771	6	0.220052080169267	0.571085095124181
ENSG00000111877.17	10.1035774201573	9	0.342165330667128	0.713700009923652
ENSG00000129680.16	4.39131987834662	3	0.222191586943522	0.573656459363147
ENSG00000198034.11	0.920658704359084	3	0.820439742122598	0.999999882499827
ENSG00000227500.10	0.898837892487791	3	0.825708243277993	0.999999882499827
ENSG00000123545.6	1.45653904348728	6	0.962329070165578	0.999999882499827
ENSG00000116871.15	6.25017254399427	12	0.90294928964667	0.999999882499827
ENSG00000107929.15	0.610048526332321	3	0.894128189186551	0.999999882499827
ENSG00000178999.13	40.6060068556399	12	5.70140058163213e-05	0.00145654367215047
ENSG00000065485.20	6.89351379291475	6	0.330807425248269	0.704111158778158
ENSG00000105552.15	6.15234448294359	3	0.104429052179825	0.367251574855104
ENSG00000197362.15	2.18484350329823	3	0.534939895179401	0.880350495287652
ENSG00000113240.13	54.9316297424812	21	7.23328932127671e-05	0.0017559619523965
ENSG00000139517.9	0.00629650348037103	3	0.999867368169057	0.999999882499827
ENSG00000124067.17	18.3045126803954	15	0.246994986335103	0.604964966772908
ENSG00000138764.15	7.32393568279986	9	0.603432436954128	0.92351100813224
ENSG00000125846.15	8.83461870128804	9	0.452678433042085	0.817513048621068
ENSG00000137872.17	17.425670722926	18	0.494044855460562	0.849368778350328
ENSG00000120885.22	4.81442468054593	12	0.963891637147907	0.999999882499827
ENSG00000176542.10	5.15323063879902	3	0.160914610060232	0.475292275901273
ENSG00000176973.8	5.59305572871745	6	0.470281765599237	0.831728842059253
ENSG00000109814.12	13.1028547602655	12	0.361609315291294	0.732841979299015
ENSG00000179029.15	109.096965788071	18	4.63432878734361e-15	1.50754715452288e-12
ENSG00000171817.17	1.13216353319095	3	0.769315895917428	0.999035772223311
ENSG00000160062.15	1.71805871063566	3	0.632926422349104	0.938569967437305
ENSG00000197302.10	3.84486474072992	12	0.986075766372817	0.999999882499827
ENSG00000178381.12	5.46324138777709	6	0.485910570186031	0.843666498593007
ENSG00000220205.9		6	1	
ENSG00000144061.14	0.765140851181968	3	0.85778539931111	0.999999882499827
ENSG00000125779.22	18.9040061968772	15	0.218116864275796	0.567476000657824
ENSG00000115694.15	19.8155192101549	21	0.532971947855935	0.878492991417321
ENSG00000168259.17	1.08866299552028	3	0.779811562648453	0.999999882499827
ENSG00000197062.11	24.1592908771017	15	0.0624373566934319	0.259398111524564
ENSG00000176055.10	1.91061692868107	3	0.59116411384153	0.916184415815972
ENSG00000177885.15	13.048553783141	6	0.0422713559414815	0.202317882605649
ENSG00000166147.14		6	1	
ENSG00000170312.16	32.8526975744753	6	1.11927792854383e-05	0.000392914867074074
ENSG00000176974.20	1.71355751610099	6	0.944069811254132	0.999999882499827
ENSG00000163629.13		18	1	
ENSG00000173171.14	0.166880567063345	3	0.982750012465559	0.999999882499827
ENSG00000146574.15	26.1985284532857	9	0.00189560541569404	0.0237015691035177
ENSG00000140025.16	7.37954932518005	6	0.287167639816009	0.657149712561243
ENSG00000162927.14	0.30369517053623	3	0.959332026992778	0.999999882499827
ENSG00000011132.12		9	1	
ENSG00000105053.11	56.6718074905984	24	0.000185524680332846	0.00380364570455514
ENSG00000179262.10	42.2259676502436	6	1.6592032085431e-07	1.14029324733606e-05
ENSG00000121060.18	10.7056370293976	3	0.0134289016205577	0.0925513071433773
ENSG00000043514.17	65.3490513143588	21	1.91704941334051e-06	8.88817259802182e-05
ENSG00000067221.14		12	1	
ENSG00000092068.20	16.1404219948971	6	0.0130197854734325	0.0906277364017319
ENSG00000174996.12	6.2751868600426	6	0.393080047867442	0.764309262231195
ENSG00000146826.17	41.9247373062208	15	0.000230824461199102	0.00454156434847185
ENSG00000120992.18	6.22474521856202	6	0.398490839331586	0.770226203413933
ENSG00000225151.10	28.5125342460015	12	0.00465174843438395	0.0442460165410848
ENSG00000147548.17	26.8723436058826	9	0.00146840827404014	0.0200142407072036
ENSG00000112305.15	1.23381772766334	3	0.744905369638942	0.98761869871685
ENSG00000180346.3	9.17003780974619	3	0.0271135171599541	0.149576491782923
ENSG00000141971.13	10.504663868589	9	0.311193670420297	0.684766410288991
ENSG00000176476.9	20.6510984948891	9	0.0142929977178342	0.096805562577807
ENSG00000069345.12	1.89913717930904	3	0.593602693556566	0.917479994681427
ENSG00000172831.14	5.62223786429968	6	0.466807422551748	0.829492650524855
ENSG00000177337.8	21.2295984137163	12	0.0471177489272605	0.218235458842494
ENSG00000138303.18	16.0262971241282	18	0.590711985864022	0.916149345185912
ENSG00000125107.18	57.0568386376544	18	6.06202568953239e-06	0.000235694456988632
ENSG00000152443.13	11.1892648678959	9	0.262958624987653	0.626669895300246
ENSG00000104529.17	8.79887938278262	9	0.456042876137592	0.820221604907255
ENSG00000105997.22	2.08140120048006	3	0.555684581470189	0.892718866851768
ENSG00000188321.13	28.6390894520482	18	0.0529722627656475	0.233494269345056
ENSG00000172006.12	3.42810144434884	3	0.330207539865291	0.703755270047036
ENSG00000179094.16	61.9155037531291	9	5.72146330330543e-10	8.3336955786504e-08
ENSG00000135392.17	18.6507627275751	6	0.00479595494116775	0.0449603499239732
ENSG00000066923.17	3.09899946895155	3	0.376611838127575	0.746719814767779
ENSG00000170525.21	6.27249480759747	6	0.393367577955361	0.764563671234091
ENSG00000015475.19	6.13904795565759	6	0.407795613474483	0.77895427518056
ENSG00000100280.16	3.23771225889504	6	0.778474268002701	0.999999882499827
ENSG00000181856.15	1.27138765835991	3	0.735938310559615	0.983838626404286
ENSG00000125046.15	14.9249542999416	6	0.0208485014371443	0.124538329234505
ENSG00000181029.9	7.49400468548993	6	0.27756448019151	0.645863557984967
ENSG00000178295.15	25.6839941867311	15	0.0414783469984117	0.199402555841133
ENSG00000011454.18	15.1411767294576	3	0.00169989291411057	0.0219203402481965
ENSG00000154240.17	17.4267592406139	6	0.00783640451683465	0.0637827119931521
ENSG00000177943.14	3.29497914279091	9	0.951443526733645	0.999999882499827
ENSG00000176715.17	20.453749962373	15	0.155208482009554	0.464543372618606
ENSG00000149743.14	21.3604306485067	15	0.125703305696267	0.409185643859195
ENSG00000132854.19	17.0559248099198	6	0.00907989501075062	0.0709453125779946
ENSG00000176894.10	1.95553568128526	3	0.581686537164681	0.911184416723936
ENSG00000112210.12	0.253895065082816	3	0.96845275243828	0.999999882499827
ENSG00000148824.19	37.2133351596058	12	0.000206288122017281	0.00414231642544577
ENSG00000141084.11	4.66528555181412	6	0.587401440549721	0.914352816293909
ENSG00000140332.17	15.3652725939173	15	0.425439981174726	0.794768142473996
ENSG00000062582.14	0.9852804512484	3	0.804813591992759	0.999999882499827
ENSG00000163867.17	13.9134640377883	12	0.306268438869638	0.678980848461791
ENSG00000139624.14		15	1	
ENSG00000101871.16	6.51789583837262	3	0.0889594018799273	0.328846516267504
ENSG00000247077.7	6.78279791788373	6	0.341401945407965	0.713129620127638
ENSG00000126391.14	32.4591307740511	9	0.000165819858064576	0.00351790433663521
ENSG00000177045.10	3.581783593414	9	0.936724825388383	0.999999882499827
ENSG00000099968.18	9.07698491199699	15	0.873457837475328	0.999999882499827
ENSG00000138835.22	18.0509384839825	12	0.1141525844168	0.38734877306104
ENSG00000128789.21	3.71959033895109	6	0.714561395716604	0.975437776024387
ENSG00000126773.13	13.4005386754725	15	0.571390385219969	0.904933263447205
ENSG00000172058.15	2.49423098488637	6	0.869112750676458	0.999999882499827
ENSG00000178307.10	2.54524140034482	3	0.467170402906639	0.829685201436224
ENSG00000214078.12	13.1604049390298	12	0.3574904219828	0.729101155304106
ENSG00000177051.6	1.45953031462068	3	0.691641706752824	0.968531167803426
ENSG00000177981.11		18	1	
ENSG00000176014.13	19.1690709857794	6	0.00388742519352775	0.0391329894732067
ENSG00000128536.16		3	1	
ENSG00000176771.17	2.06014869422438	3	0.560016928093352	0.895788817912747
ENSG00000179314.14	27.1391596850772	12	0.00737845087247969	0.0608675418973198
ENSG00000138029.14	23.7432746947306	3	2.82604191223617e-05	0.000830703103057614
ENSG00000179111.9	17.9756654815392	6	0.00629329687181858	0.0542905372001884
ENSG00000125703.15	4.24728294004854	6	0.643251626541807	0.942753559823542
ENSG00000005022.6	0.171495314221829	3	0.982054188189952	0.999999882499827
ENSG00000108469.15	16.0391456936268	15	0.379454788164537	0.750374726990419
ENSG00000018699.13	7.76954889461922	3	0.05102244616155	0.228093473243503
ENSG00000134504.14	1.82695870963016	6	0.934905328441917	0.999999882499827
ENSG00000109881.17	3.26749888519407	6	0.774601094176431	0.999999882499827
ENSG00000163110.15	51.4394978981036	18	4.55978703665212e-05	0.00120267464028887
ENSG00000089351.14	17.2393996640421	12	0.140811645686502	0.437738413304215
ENSG00000132024.17	11.7524406150988	6	0.0677249746943985	0.273391160228394
ENSG00000166887.16	15.6345672768111	6	0.0158557589761322	0.103710691587181
ENSG00000214013.9	14.8537761172011	27	0.971433134094224	0.999999882499827
ENSG00000137070.18	3.08207471088463	6	0.798477357522642	0.999999882499827
ENSG00000177889.10	2.16165387592628	9	0.988645553188927	0.999999882499827
ENSG00000095321.17	2.60350760880647	6	0.856708416069927	0.999999882499827
ENSG00000176909.12	4.76471326106483	3	0.18985928866385	0.523696098945876
ENSG00000175662.18	15.6650993314115	12	0.207061035020313	0.550002351868055
ENSG00000258366.9	67.1531147650367	18	1.36154418849491e-07	9.62848531559554e-06
ENSG00000181896.12	8.16515791824531	9	0.51759190780975	0.866520416893377
ENSG00000181938.14	15.8400298465131	9	0.0702982693557932	0.28058928860662
ENSG00000116406.19		12	1	
ENSG00000137106.18	5.39173882864998	6	0.494636877442343	0.849403710533139
ENSG00000149091.15	38.8103486494365	12	0.000113078397362685	0.00254857293270771
ENSG00000142794.18		15	1	
ENSG00000177576.12	12.6729509759898	6	0.0485336970220232	0.221052853165337
ENSG00000143365.19	0.024320710750203	3	0.998998578991159	0.999999882499827
ENSG00000177406.5	6.31617265284513	6	0.388719825863468	0.759158851431176
ENSG00000174483.20	38.7290253078081	18	0.00309816272850587	0.033445763348992
ENSG00000163126.15	1.09952020936845	3	0.777189908248123	0.999999882499827
ENSG00000163950.13	2.62653354296344	3	0.452856850959111	0.817513048621068
ENSG00000122952.17	53.2204348171945	15	3.5437590888051e-06	0.000150159616331111
ENSG00000164961.16		3	1	
ENSG00000103855.18	1.04087660730147	6	0.984015158537617	0.999999882499827
ENSG00000176463.14	8.71432636887766	12	0.727117637720177	0.97969640018103
ENSG00000112357.13	13.1652575991438	6	0.0404854281692603	0.195980800349113
ENSG00000151332.19	8.85291185951246	9	0.450961156456085	0.816013974286562
ENSG00000105976.15	0.0800166701083072	3	0.99412256085945	0.999999882499827
ENSG00000147394.18		3	1	
ENSG00000143924.19	1.68692033788102	3	0.639845608587021	0.941817993092117
ENSG00000086102.19	0.416692271934153	3	0.936773081596905	0.999999882499827
ENSG00000097007.19	9.9824416533429	6	0.125393389649791	0.408939711784267
ENSG00000168484.12	7.78636998786647	9	0.55581023058237	0.892718866851768
ENSG00000177106.16	7.48892165729922	12	0.82368711933194	0.999999882499827
ENSG00000005102.14	0.436970214427902	3	0.932503751271133	0.999999882499827
ENSG00000181027.11	23.5045918348096	15	0.0739982526857796	0.290720188389905
ENSG00000181035.14	4.00840338832131	6	0.675539142915837	0.960611098028189
ENSG00000175899.15	3.80369135472711	3	0.283457056151226	0.653911672528371
ENSG00000070756.16	9.59919097123202	3	0.0222992145499094	0.130232217111051
ENSG00000169239.13	14.3964876625178	9	0.108903898742257	0.376418754092771
ENSG00000175938.7	3.77491382836251	3	0.286817588458781	0.657149712561243
ENSG00000177058.12	18.3183721355617	15	0.246297869137347	0.604071313808436
ENSG00000105778.19	14.8424046920973	6	0.02151851112722	0.12758150066254
ENSG00000146776.14	15.2018751572364	12	0.230581717755612	0.584176267802963
ENSG00000178026.13	4.46080197545689	6	0.614573686958715	0.92842486238856
ENSG00000114861.22	44.232258046919	21	0.00218154185838577	0.0262388066337596
ENSG00000111906.18	18.4060814955446	15	0.241918653661942	0.598226290725707
ENSG00000143061.18	0.254914408330933	3	0.968272139140901	0.999999882499827
ENSG00000165861.14	2.2643662707485	6	0.893850789583281	0.999999882499827
ENSG00000179021.10		3	1	
ENSG00000143633.13	44.0840226552173	9	1.36199311290748e-06	6.78147489227758e-05
ENSG00000179091.5	0.172495526669081	3	0.98190233908711	0.999999882499827
ENSG00000180530.11		6	1	
ENSG00000133789.15	0.867004470269421	3	0.833382190054197	0.999999882499827
ENSG00000143624.14	5.33475918989643	6	0.501648810646303	0.855872507534488
ENSG00000175826.12	4.40702654063352	6	0.621771840119484	0.931953089259732
ENSG00000137343.18	32.7790751293887	15	0.00503543404366775	0.046446881693907
ENSG00000177156.11	0.846086301258765	3	0.838414960422955	0.999999882499827
ENSG00000178537.10	7.48459190393623	6	0.278344669191921	0.646599768303727
ENSG00000172890.13	7.28021981166603	15	0.949402181229273	0.999999882499827
ENSG00000179933.6	0.532339727389626	3	0.911731189195608	0.999999882499827
ENSG00000175727.14		6	1	
ENSG00000204859.13		18	1	
ENSG00000121749.15	30.0890148976996	15	0.0116045343762413	0.0840350064247322
ENSG00000188878.19	25.5348943634599	24	0.377177980232169	0.74723506071574
ENSG00000176142.13	43.3341266785574	18	0.000717642575480319	0.0114623140656505
ENSG00000068724.17		15	1	
ENSG00000166938.13	25.8458083723199	18	0.103336101716899	0.364213586935722
ENSG00000107186.16	19.9345779239666	15	0.174456751839225	0.498619675424651
ENSG00000181104.7	5.77057470991349	3	0.123321699723307	0.403771049174922
ENSG00000116212.15	2.48812910700508	6	0.869793834763103	0.999999882499827
ENSG00000153714.6	1.02571039875647	3	0.795031131426502	0.999999882499827
ENSG00000114745.13	54.02487387562	21	9.79296750223175e-05	0.0022808966552334
ENSG00000179965.12	4.24500823901053	6	0.643558355864242	0.942753559823542
ENSG00000090530.10	0.689786304807058	3	0.875603643698248	0.999999882499827
ENSG00000175832.13	16.5862983864772	15	0.344190631453353	0.715518190217765
ENSG00000164543.7	43.3579628477637	6	9.90828860475533e-08	7.27029988675243e-06
ENSG00000128886.12	15.2402701062451	9	0.0845440898960739	0.317089075056028
ENSG00000177663.14	3.74900326433226	6	0.710599149758346	0.973938352009056
ENSG00000175931.13	22.4757800306379	9	0.00748739248020996	0.0614545527454744
ENSG00000142784.16	9.7445203698453	6	0.135831346000979	0.429041867233562
ENSG00000134954.14	4.91378428278767	9	0.841758177544094	0.999999882499827
ENSG00000175782.11	4.36735269248766	6	0.627094002606745	0.934322194112858
ENSG00000125633.11	16.9890085247207	9	0.0488883799963549	0.22211438565383
ENSG00000176783.15	3.23830991314389	9	0.95409252526078	0.999999882499827
ENSG00000180398.13	52.4764632014121	12	5.10350782716614e-07	2.99514480208227e-05
ENSG00000141447.18	12.0782656677075	12	0.439414677089471	0.807427571778602
ENSG00000168591.16	43.5639241981407	21	0.00266164661162598	0.0300985043833812
ENSG00000137203.14	16.6495326130753	15	0.34024327236964	0.71253108989867
ENSG00000124787.14	4.45448614931229	6	0.615418101647314	0.929556609499479
ENSG00000178425.14	8.12464947597255	6	0.229112705696459	0.582420134121319
ENSG00000133619.17	13.2602166379947	12	0.350414217736515	0.721508539928214
ENSG00000179588.9	11.7792487785146	9	0.226042244418751	0.578381296088775
ENSG00000152767.17	16.823461136577	15	0.329527026401497	0.703259183198248
ENSG00000049618.24	17.6781193197166	21	0.6692726702669	0.958027755220697
ENSG00000067225.18	1.76705450448208	3	0.622130350380364	0.931953089259732
ENSG00000176809.10	44.3107240356912	15	9.82984988798124e-05	0.00228403583468593
ENSG00000104880.18	6.57942057092805	6	0.361497125008793	0.732841979299015
ENSG00000122257.20	47.6508684547916	12	3.59459085400993e-06	0.00015120522475984
ENSG00000107164.16	8.81514136085025	6	0.184244406911303	0.514019773312581
ENSG00000158850.15	16.5952785223344	6	0.0108915950247106	0.0802802687659747
ENSG00000126746.17	44.9034213938867	27	0.0166460642901214	0.107156293804284
ENSG00000213020.10	18.6482812465501	12	0.0973773886230321	0.349634266214927
ENSG00000177707.11	13.5825059538693	12	0.328158874028279	0.701995276554577
ENSG00000055917.15	20.3413800045782	12	0.0608975531306298	0.255942816968913
ENSG00000127334.11	2.76739880123614	3	0.428894810757883	0.797607943138086
ENSG00000165406.16	2.25809774242089	3	0.520595759065615	0.869505253316416
ENSG00000196387.9	41.7997959887862	21	0.00445832875376375	0.0428613511650102
ENSG00000164403.14	20.1435880995941	12	0.0644180456985069	0.264030116745791
ENSG00000177225.17	79.1431746489834	21	1.12232405559245e-08	1.05315004408911e-06
ENSG00000101574.15	17.4319368625784	12	0.134058864143625	0.425457058594352
ENSG00000173821.19	17.8922236830622	15	0.268374087417372	0.632743382692711
ENSG00000181751.10	3.14706276282595	6	0.790175502301093	0.999999882499827
ENSG00000137955.16	19.2502730982669	12	0.082664987174304	0.31268512009071
ENSG00000050438.17	3.00810618021907	3	0.390377050505138	0.761352356784297
ENSG00000032742.17	7.18790636242738	9	0.617562751285699	0.930049839698829
ENSG00000120694.20	8.90332524910627	12	0.7111648272339	0.973938352009056
ENSG00000165630.14	0.77974042923961	3	0.854306463422538	0.999999882499827
ENSG00000139436.21		18	1	
ENSG00000115295.20	9.76613778673754	9	0.369747445990459	0.74093553305611
ENSG00000176845.13	0.379918399310554	3	0.944358916758759	0.999999882499827
ENSG00000260238.6	2.07051037871952	3	0.557901713670822	0.894274493960159
ENSG00000099256.19	1.21069271699889	3	0.750440915461212	0.989644416235252
ENSG00000180035.13	0.742459971306971	3	0.863174353929821	0.999999882499827
ENSG00000112773.16	2.54679656908411	6	0.863194060351585	0.999999882499827
ENSG00000164053.21		9	1	
ENSG00000180776.16	21.9959692516841	12	0.0375650139820441	0.186943891611814
ENSG00000177542.11	8.500676773745	6	0.203667502113516	0.54454552140433
ENSG00000176678.6	11.3837551292695	3	0.00982185300303484	0.0750598774131692
ENSG00000119408.17	32.3301919164587	12	0.00123032605376798	0.0173158723282069
ENSG00000176681.14	5.33327683430161	3	0.148957623613909	0.452717984692662
ENSG00000085365.18	4.55524083658929	9	0.871230184435525	0.999999882499827
ENSG00000026652.15	9.70085281470347	6	0.137828259065354	0.433186575182002
ENSG00000040633.13	9.23832875665539	12	0.682450448482554	0.963128550504879
ENSG00000018610.15	5.79883665611487	3	0.121818134949502	0.40026604566603
ENSG00000132376.20	15.8829950007384	18	0.600712918099235	0.921335790581968
ENSG00000106462.11	16.4421734878342	12	0.171812458337406	0.495483977811687
ENSG00000125454.12	12.2623548321026	9	0.198919843409402	0.537149626959701
ENSG00000138434.17	38.516265345781	18	0.00330762245815949	0.0348210221889736
ENSG00000083123.15	7.702021396487	3	0.0525886687190458	0.232802737768519
ENSG00000138380.18		6	1	
ENSG00000197961.11	0.360949304448923	3	0.94818588002021	0.999999882499827
ENSG00000180900.20	16.0724318068242	12	0.187941034525223	0.520328508443687
ENSG00000107863.18	54.4228169752751	15	2.23191204936781e-06	0.000100374330367652
ENSG00000130723.20	35.0664925796009	24	0.0674209595768274	0.272786544158482
ENSG00000177084.18	13.9929376686559	15	0.526064822575621	0.873700919590791
ENSG00000175115.13	2.94107476279896	3	0.400799800199429	0.771971304998114
ENSG00000110172.12	7.32869037208002	12	0.835150093649915	0.999999882499827
ENSG00000099904.16	6.86440580289491	12	0.866442505037282	0.999999882499827
ENSG00000186187.12	41.2511238412735	12	4.44844152450751e-05	0.00117648620156284
ENSG00000181019.13	12.0619170115679	9	0.209841190285478	0.553919441708407
ENSG00000110047.18	15.7169133003936	9	0.07303372861785	0.287689002705654
ENSG00000129636.13	3.94397192838369	6	0.684258491759977	0.964007307793506
ENSG00000145687.16	19.5996974184341	15	0.1878323430518	0.520328508443687
ENSG00000147274.14	139.136516624654	12	8.94647051142492e-24	5.13580033652917e-21
ENSG00000167968.13	29.8400467871348	6	4.21583647175758e-05	0.00113028428922753
ENSG00000115419.13	11.0134977564121	12	0.527762280418511	0.875328364140762
ENSG00000174516.15	3.17279288076634	3	0.365743485794466	0.737401443288076
ENSG00000139263.12	21.0244733951904	9	0.0125421982726403	0.0885667966300269
ENSG00000111196.10	2.57661619802821	6	0.859796479156684	0.999999882499827
ENSG00000129250.12	2.08929513322073	6	0.911305566380779	0.999999882499827
ENSG00000176953.12	15.2480289880914	15	0.433703215012238	0.801598980904903
ENSG00000153071.15	0.249008460305049	3	0.969314817624937	0.999999882499827
ENSG00000178988.11	12.1972455905561	3	0.00673713676867993	0.057052143927428
ENSG00000131043.12	2.14766251641413	3	0.542330650950782	0.884755068978383
ENSG00000175711.8	14.0085946942645	9	0.12201982640193	0.40026604566603
ENSG00000101596.16	8.61836972660058	12	0.735134617395958	0.983164200581862
ENSG00000049656.14	6.12495793635026	12	0.909652299964102	0.999999882499827
ENSG00000179010.14	1.35677601548377	6	0.968434912760668	0.999999882499827
ENSG00000160613.14	0.140786057540026	9	0.999999882499827	0.999999882499827
ENSG00000099622.14	25.3280827912968	12	0.0133424596829543	0.0921762472222689
ENSG00000170275.15	5.84030914027244	6	0.44131461045549	0.80863486358151
ENSG00000117906.14	0.066888383240439	3	0.995490309374708	0.999999882499827
ENSG00000148516.21	8.55768222465758	6	0.200023944474048	0.538789311101915
ENSG00000176842.15	1.74503406910753	3	0.626968535833755	0.934322194112858
ENSG00000005436.14		15	1	
ENSG00000105618.14	0.574827313539572	3	0.902170117695559	0.999999882499827
ENSG00000177302.15	13.9809113020456	9	0.123005872052198	0.402971983434841
ENSG00000004961.15	4.18715628518839	3	0.241950934470168	0.598226290725707
ENSG00000256061.7	7.92045835030967	6	0.243988860541149	0.600814181398974
ENSG00000131373.15	0.880033266126702	3	0.830243370992179	0.999999882499827
ENSG00000010244.18	1.23612549979589	3	0.744353596227748	0.98761869871685
ENSG00000104660.19	33.284002551467	12	0.000873973639733774	0.0133475880284224
ENSG00000114503.11	12.9598223014546	12	0.371967732990629	0.742945785152588
ENSG00000180902.18		15	1	
ENSG00000175866.15	19.4971342628851	15	0.192083198427787	0.526007929646785
ENSG00000168010.11	50.46353306834	12	1.15803506055555e-06	5.94803376629561e-05
ENSG00000181061.14	17.1992225255235	9	0.0456860526170751	0.213632097503611
ENSG00000082212.13	12.5127356587836	12	0.405427712541833	0.776627457494681
ENSG00000071967.12	17.0009523017034	9	0.0487010652895608	0.221469569506442
ENSG00000013441.16	36.0660521810787	12	0.00031616695410151	0.00593360250976277
ENSG00000065978.19	4.42597972275689	6	0.619232697373266	0.930422154528976
ENSG00000180096.12		6	1	
ENSG00000120438.12	7.17745198175544	6	0.304747997911817	0.677621407022257
ENSG00000179562.3	2.31588414089947	3	0.509484759006528	0.861112186204486
ENSG00000166128.13		3	1	
ENSG00000164466.13	6.9709237961797	9	0.640146784430661	0.942119208152439
ENSG00000166435.15	5.30076816066958	9	0.807341025198915	0.999999882499827
ENSG00000110011.13	6.42375728888146	6	0.377430163182033	0.747279562283111
ENSG00000177311.11	12.9337952668993	15	0.607411656145285	0.924983191565981
ENSG00000175611.12	10.8354238998782	9	0.287158755274132	0.657149712561243
ENSG00000145725.20	48.3077851833732	18	0.000135489386944857	0.0029914953103956
ENSG00000143450.17		12	1	
ENSG00000158828.8	0.828403365361737	3	0.842661950910877	0.999999882499827
ENSG00000141756.19	15.4920487607014	12	0.215623763342194	0.56357627333007
ENSG00000175764.14	5.93463736361537	6	0.430551796338189	0.798812733928591
ENSG00000166762.19	30.2691136649592	15	0.0109872528510905	0.0808631980194509
ENSG00000176095.12	20.876614654826	6	0.00193063885263017	0.0240627133624749
ENSG00000168490.14	3.75624633311418	3	0.289016599257813	0.659460601392799
ENSG00000177303.10	20.884504183462	6	0.00192435451303812	0.0240150584306125
ENSG00000180998.12	3.70208563552285	3	0.29548247369547	0.666423263414397
ENSG00000176946.12		3	1	
ENSG00000164506.14	13.3973542499789	9	0.145435134333698	0.446598842927515
ENSG00000176834.14	21.8456504227797	18	0.238909926426962	0.594591097425841
ENSG00000175756.13	1.80872903106501	9	0.994143773327636	0.999999882499827
ENSG00000076382.17	7.4942112845747	3	0.0577073755240125	0.247436853136572
ENSG00000176731.12	13.326408213281	12	0.34576906056565	0.717113456669006
ENSG00000213516.10	19.1652626739569	6	0.00389344567202876	0.0391329894732067
ENSG00000136153.20	9.09880617064846	21	0.988415128436872	0.999999882499827
ENSG00000109332.20	24.4133750213077	18	0.141945970730298	0.440047494521971
ENSG00000244165.2	2.78528176109512	3	0.425928535840012	0.79545809945142
ENSG00000179240.12	3.13538938086924	3	0.371218168057448	0.742208174979028
ENSG00000181513.15	23.2726663508292	21	0.329614458853242	0.703259183198248
ENSG00000177169.10	5.58107193750766	9	0.781002997343864	0.999999882499827
ENSG00000137411.19	33.3892436430615	15	0.00414506671649739	0.0406958813745453
ENSG00000123352.18	1.96311580593465	6	0.923059365761591	0.999999882499827
ENSG00000140632.17	19.9369750752012	15	0.174363757972293	0.498619675424651
ENSG00000155962.13		3	1	
ENSG00000130669.17	21.0002916401372	12	0.0503761806363781	0.226032711186397
ENSG00000163322.14	5.65386130755542	6	0.463058907263887	0.826438079137645
ENSG00000105662.16	4.3956234266202	6	0.623300583337127	0.931979940512927
ENSG00000176208.9	1.76290759368976	3	0.623039727413552	0.931979940512927
ENSG00000167186.11	4.25995375297134	6	0.641543422557057	0.942526976954288
ENSG00000177697.19	6.06879769545049	3	0.108310622555824	0.375223061953244
ENSG00000177700.6	0.747675987018738	3	0.861936820266954	0.999999882499827
ENSG00000119335.17	20.2493791079614	12	0.0625131724877998	0.259465325569502
ENSG00000179981.11	5.24920169419829	3	0.154432787285986	0.463888889600946
ENSG00000067836.13	16.0829421973558	12	0.187466628560522	0.519740576171062
ENSG00000177192.14	19.7510383106564	9	0.019512557681638	0.118865824229154
ENSG00000162813.18	4.56625989975146	6	0.60051734911996	0.921335790581968
ENSG00000105568.18	6.67453916024533	9	0.670962613888968	0.958700461045744
ENSG00000146729.10	0.672802910048631	3	0.879581558384017	0.999999882499827
ENSG00000090097.21	20.1855900976343	15	0.164928244907426	0.4830536440731
ENSG00000115641.19	6.75086184815154	12	0.873628923259424	0.999999882499827
ENSG00000141279.16	13.8752655121862	9	0.126831970515661	0.411077117323924
ENSG00000025423.11	18.6839492611489	15	0.228414633753598	0.58201002892986
ENSG00000111641.12	26.9799085503328	15	0.0289004747486335	0.155565214049594
ENSG00000198755.11	4.21864332957193	3	0.23880195027867	0.594507202237129
ENSG00000072501.19	9.60672585917928	9	0.383250273321724	0.753170749732002
ENSG00000169026.13	12.1945784717236	6	0.0577661341003434	0.247487521083719
ENSG00000108039.18	7.04444581660573	6	0.316756438817927	0.691085644181567
ENSG00000033178.13	3.5509858687401	3	0.31420938146889	0.688298395904578
ENSG00000177150.13	20.4841573555113	15	0.154135810928821	0.463261896782988
ENSG00000071889.17	5.54036868507683	12	0.937459553650086	0.999999882499827
ENSG00000122550.18	1.25487440675352	6	0.974087592935173	0.999999882499827
ENSG00000023171.18	37.4622407065253	21	0.0148892022684131	0.0995913124999615
ENSG00000176101.12	11.9521847799479	6	0.0630440435013837	0.260587386925033
ENSG00000136709.12	0.826381912500438	3	0.843146975133941	0.999999882499827
ENSG00000109083.14	29.4242337000324	12	0.00340657962003634	0.035632165607647
ENSG00000180011.7	10.2348687039885	6	0.115103309026121	0.388413967076735
ENSG00000143452.16	17.8585662256055	9	0.0368503324951905	0.184705903862642
ENSG00000039650.12	10.6291969763915	12	0.560934974709258	0.896456209130102
ENSG00000178741.12	6.40481367602479	9	0.698818107585554	0.971615032330449
ENSG00000214184.3	3.56549022553656	3	0.312367062571041	0.68626523269491
ENSG00000167565.13	5.59653366223301	3	0.132977498515597	0.422850246990457
ENSG00000178951.9	1.55774142802238	3	0.669009161411496	0.958027755220697
ENSG00000164169.13	5.60435803362861	3	0.132528391717577	0.422109848163132
ENSG00000179632.10	0.374954540471663	3	0.945366291064674	0.999999882499827
ENSG00000178338.11	2.87012160387621	6	0.824962559827197	0.999999882499827
ENSG00000111799.21	1.7916812458061	3	0.616746861061768	0.929874909092901
ENSG00000151689.13	23.7041598030482	9	0.0047943647221725	0.0449603499239732
ENSG00000087365.16	3.33883599031833	9	0.949334571802061	0.999999882499827
ENSG00000178105.11	27.4195523159196	9	0.00119178185886541	0.016978976876887
ENSG00000037749.12	3.17268143374895	6	0.786882318702825	0.999999882499827
ENSG00000178188.14	22.7063517153947	15	0.0905766840842143	0.333687376360078
ENSG00000178691.11	6.6607338540507	6	0.353364413872256	0.725233084117633
ENSG00000172943.20		9	1	
ENSG00000178567.8	4.60746176061002	3	0.202902907807569	0.543543639114484
ENSG00000115053.16	19.5428638763842	12	0.0762428009000707	0.297338567029999
ENSG00000154957.14	4.57692575537726	3	0.205530466137161	0.547822675026136
ENSG00000173436.15	10.4684932327946	12	0.574931365461235	0.906862000248293
ENSG00000167792.13	5.26066614952288	6	0.510841550173167	0.862270365776533
ENSG00000178209.15	5.85354800266941	12	0.923283738927871	0.999999882499827
ENSG00000005238.20	24.4542698442101	15	0.0577699121865674	0.247487521083719
ENSG00000147905.18	4.40417065676684	6	0.622154635612434	0.931953089259732
ENSG00000117335.20	30.3043568370777	15	0.0108701199546014	0.0802431926149435
ENSG00000113615.13	5.56325494750126	6	0.473844694222037	0.835087467534831
ENSG00000134265.13	10.2599903927294	9	0.32985055008318	0.703609075029892
ENSG00000072778.20	6.65395850705681	15	0.966550712774227	0.999999882499827
ENSG00000119328.12	1.17972098953396	3	0.757872051323687	0.994095880224176
ENSG00000177374.13	0.538016840760292	3	0.910463322837465	0.999999882499827
ENSG00000137831.15	28.1015337372446	9	0.000917306346132276	0.0138575737335989
ENSG00000154065.17	7.97679440260254	12	0.786941188200799	0.999999882499827
ENSG00000128567.17	3.05810809781542	6	0.80151912105008	0.999999882499827
ENSG00000196998.19	10.1598302098355	12	0.601941122496918	0.9220029362875
ENSG00000189306.11	0.428405375729199	3	0.934314076655445	0.999999882499827
ENSG00000177427.13	63.2650911547608	12	5.69584236646679e-09	5.7901797556614e-07
ENSG00000105204.14	14.2033549717821	9	0.115273148568338	0.388852629408368
ENSG00000138814.17	6.83079966831792	6	0.336778717391137	0.709414755217176
ENSG00000084693.16	2.30523404238556	9	0.985671116576944	0.999999882499827
ENSG00000058063.16	13.1927158471644	6	0.0400756604204697	0.194964292145246
ENSG00000164953.16	17.5478055249396	15	0.287183970758664	0.657149712561243
ENSG00000176087.15	15.1453789548541	6	0.0191556363592877	0.117496278100979
ENSG00000135365.16	35.066137245236	15	0.00240626514405306	0.0281569398527737
ENSG00000181284.3	2.1999177118455	3	0.531964579592792	0.877883972725558
ENSG00000149100.13	12.3843496157788	15	0.649734611875565	0.946791109720001
ENSG00000176890.16	5.36745143335429	3	0.146784965068574	0.449051559280317
ENSG00000131188.12	3.88179943471914	6	0.692668398219212	0.96857759502224
ENSG00000127054.21	3.35830430706847	3	0.33960986102066	0.71216473049003
ENSG00000163516.14	11.4301300740699	9	0.247373400202055	0.605061586022351
ENSG00000177463.15	3.60588778517104	6	0.729832629779414	0.98055392856396
ENSG00000176170.14	3.07235844708885	9	0.961356901078686	0.999999882499827
ENSG00000181031.16	13.7197645918936	12	0.318960461020896	0.693259496459448
ENSG00000100644.17	0.313754219503608	3	0.957421264768115	0.999999882499827
ENSG00000180979.10		9	1	
ENSG00000108389.9	23.6366839431667	9	0.0049142133561249	0.0457612673114723
ENSG00000119231.11	1.10843439805649	3	0.77503838645919	0.999999882499827
ENSG00000178202.13	1.09155125998223	3	0.7791140247739	0.999999882499827
ENSG00000181458.10	9.16960104638201	9	0.421768231399321	0.791849975033855
ENSG00000179387.10	12.8756230303961	6	0.0450541348411725	0.212100000923783
ENSG00000171475.14	5.83335542087343	3	0.120005396000362	0.396994121887298
ENSG00000177830.18	3.25185111449537	9	0.953467342695419	0.999999882499827
ENSG00000100330.16	6.94493099464535	6	0.325970012863948	0.699459400954104
ENSG00000176485.11	6.82153472126356	6	0.337667495663721	0.710189695491576
ENSG00000070814.22	24.1103981564229	15	0.0632422950646743	0.260721926257753
ENSG00000100523.16	5.23308238957577	3	0.155503987087845	0.464939770217611
ENSG00000131943.18	7.16185118773683	9	0.620272691935782	0.931124627072958
ENSG00000070081.17	12.425213480783	18	0.82452562573451	0.999999882499827
ENSG00000143753.13	0.683415714331204	3	0.877097633789636	0.999999882499827
ENSG00000168883.20	12.016820613353	15	0.677755417559017	0.961228763255115
ENSG00000163795.14	10.6515088884871	6	0.0997628266139217	0.355712614148798
ENSG00000178802.18		18	1	
ENSG00000158402.20	11.4325888919739	9	0.247217982118082	0.604964966772908
ENSG00000103051.20	14.733939943806	6	0.0224301297621047	0.130762028881947
ENSG00000155111.15	17.6475825621255	9	0.0394894632570453	0.192688835962752
ENSG00000123297.20	4.48027688301227	6	0.611971674863679	0.92621457428577
ENSG00000133226.17	31.3619615112038	21	0.0678413760129743	0.273588407781811
ENSG00000144028.15	7.22747710945259	6	0.300321750664779	0.671902788798161
ENSG00000173818.17		24	1	
ENSG00000150867.14		6	1	
ENSG00000104894.12	3.27258063448335	3	0.351477178542173	0.72211911271433
ENSG00000115414.20	9.31521398610494	15	0.860467568502049	0.999999882499827
ENSG00000176248.9	26.7420909965658	9	0.00154293557637944	0.0207403695452988
ENSG00000020922.13	65.1836757320853	12	2.52119672048438e-09	2.82808721783989e-07
ENSG00000137868.19		6	1	
ENSG00000168952.15	0.902413166610813	6	0.989042611458186	0.999999882499827
ENSG00000176102.13	57.5929695347877	6	1.38558930582032e-10	2.29185865008484e-08
ENSG00000156976.17	95.4564598691068	15	9.41473924439627e-14	2.48320108881252e-11
ENSG00000166012.17	270.712900385843	21	2.76376739041074e-45	5.39432119260369e-42
ENSG00000108515.18	3.6839170394087	12	0.98848859312343	0.999999882499827
ENSG00000143373.18	15.7889358188604	9	0.0714221367678864	0.283336842568213
ENSG00000174720.16	9.78653601860606	6	0.133934084572486	0.425199327047136
ENSG00000213928.9	35.0228654511038	15	0.00244066548660053	0.0283928616248762
ENSG00000004399.13	22.8639808925655	15	0.0870708024463012	0.32370436612322
ENSG00000130479.11	4.32838584501224	6	0.632329977612967	0.938315742252177
ENSG00000092098.17		9	1	
ENSG00000107554.17	4.88868843145338	3	0.180131750737688	0.507533101014565
ENSG00000181544.15	5.10921127812617	6	0.52988431126814	0.877643789045171
ENSG00000155329.12	16.0149704863215	12	0.190551348331576	0.524099445799634
ENSG00000176383.9	4.09049972245293	3	0.251856160563191	0.611713357624733
ENSG00000114120.14	63.7584572627457	15	5.63292668273225e-08	4.43320415296646e-06
ENSG00000133313.15	1.18473363851081	3	0.756668096214461	0.993585031076012
ENSG00000171853.16	4.67204562331244	12	0.968046042404323	0.999999882499827
ENSG00000151617.17	4.18344461465858	3	0.242324628696788	0.598488430236942
ENSG00000106261.17	4.21568092653888	3	0.239096608970389	0.594591097425841
ENSG00000188215.10	0.186911685635778	3	0.979674020755344	0.999999882499827
ENSG00000179859.9	0.475945441967951	3	0.924143405197987	0.999999882499827
ENSG00000176714.9	21.9475562278258	6	0.00123765550654991	0.0173289527810913
ENSG00000084072.17	10.3486449434567	6	0.110716977138972	0.379517730909457
ENSG00000181666.18	10.3107106510874	9	0.32592199160446	0.699459400954104
ENSG00000091073.19	33.954918940075	18	0.012757932810136	0.0895073086226579
ENSG00000163743.13	19.6386299188162	15	0.186237820156087	0.517234347397947
ENSG00000180354.16	3.07177383280987	3	0.380690902216296	0.751821020566153
ENSG00000167637.18	18.4470739876556	12	0.102774748110354	0.363661626834282
ENSG00000080815.19	2.40405447837475	6	0.87904717524109	0.999999882499827
ENSG00000124486.13	6.45277229306885	9	0.69388588849194	0.96857759502224
ENSG00000166669.13	7.66616730618716	6	0.263594891303876	0.627533782655339
ENSG00000119725.20	3.07777257082489	6	0.799024181408905	0.999999882499827
ENSG00000125386.16	7.36293012548731	6	0.288583195321135	0.658878015825825
ENSG00000151748.15	11.7659339254396	6	0.0673989290677	0.272786544158482
ENSG00000161542.17	5.04748026460584	9	0.830149790020416	0.999999882499827
ENSG00000103549.21	13.7167215215159	18	0.74736222830595	0.988695043528133
ENSG00000181481.14	19.4472516387241	9	0.0216474523663365	0.128048525430447
ENSG00000112249.14	47.964030579813	9	2.59389551874473e-07	1.6653833136467e-05
ENSG00000147202.18	7.48526414855633	6	0.278288892707107	0.646599768303727
ENSG00000204580.13	17.5282016315396	12	0.130784869078534	0.419155841490118
ENSG00000110931.19	29.3511713229746	15	0.0144885855755721	0.09758047386612
ENSG00000116191.17	0.749925081032757	3	0.861402870133736	0.999999882499827
ENSG00000090263.16	23.9443996014597	9	0.00439008486726729	0.0424392123842997
ENSG00000078043.16	29.4734361195842	18	0.0428912791915539	0.20459976040654
ENSG00000221988.13	60.9637417007252	15	1.72086480332811e-07	1.16624441775549e-05
ENSG00000180182.11	25.1496814070069	9	0.00280998970715168	0.0313909355907173
ENSG00000187838.17	59.7488364100864	24	6.93050443144719e-05	0.0017149618186111
ENSG00000155975.10	18.5232439803585	15	0.236156300184939	0.591542436731216
ENSG00000117713.20	30.2940864722768	12	0.00252131261430562	0.0290501650566807
ENSG00000117360.13	53.4626288094842	9	2.3880535072492e-08	2.08080483725401e-06
ENSG00000139131.13	6.02139205331332	3	0.110574080927743	0.379228325483433
ENSG00000176046.9	52.6030793553255	6	1.41030484890882e-09	1.74217278740521e-07
ENSG00000130299.17	50.1736890887041	15	1.12791687991374e-05	0.000394528345199934
ENSG00000134317.18	4.87304472393771	3	0.181332997188584	0.508660166589073
ENSG00000125611.15	7.78013679581636	6	0.254657672184332	0.615149560110617
ENSG00000110713.17	28.0887456551282	18	0.0607174629937182	0.255548045538385
ENSG00000072163.20		12	1	
ENSG00000175003.15		6	1	
ENSG00000180822.12	2.57482449179224	3	0.461920242529376	0.825158555359077
ENSG00000072832.15	4.15395398095916	3	0.245312588321917	0.602533536701639
ENSG00000158467.16	4.54272964776646	3	0.208510420877047	0.552343189736955
ENSG00000078674.18	7.17256684448876	15	0.952682942203391	0.999999882499827
ENSG00000107521.19	23.9762447802859	12	0.0204928830889673	0.122919512025342
ENSG00000112972.15	0.206713861844037	3	0.976498242304228	0.999999882499827
ENSG00000105443.15	20.0362800316907	9	0.0176898226067861	0.11166557491567
ENSG00000177951.17	3.33201256020584	3	0.34321188755326	0.714463483496644
ENSG00000176108.9	4.72346723157534	3	0.19320282992205	0.527255709510428
ENSG00000100083.19	14.3881041490022	12	0.276614125568222	0.644943925615213
ENSG00000179476.8		3	1	
ENSG00000177963.14	17.7193416602895	9	0.0385728719641324	0.189841568160377
ENSG00000166004.15	11.170660685355	12	0.514352482697659	0.86454803283611
ENSG00000168488.18	26.0841175926907	12	0.0104435196708706	0.0786369175847302
ENSG00000147789.15	22.4244889922265	15	0.0971470506480495	0.349578933360736
ENSG00000055130.17	21.4128473788151	6	0.00154609204092976	0.0207542121422744
ENSG00000160226.16	10.7608155857652	9	0.292460815574021	0.663595698485672
ENSG00000163738.18	24.565752164046	9	0.0034910279216715	0.0363323934317475
ENSG00000159069.14	47.3229088403459	12	4.09806797202973e-06	0.000168747026746996
ENSG00000100335.15	3.43921713678537	6	0.752038245313311	0.990042318290862
ENSG00000156345.18	28.0638635194855	12	0.00541426000471491	0.0488670690017435
ENSG00000029993.15	10.2479826380441	12	0.59421523232435	0.918135917076208
ENSG00000213123.11	5.65316993178931	6	0.463140675766347	0.826438079137645
ENSG00000086200.17	3.65735032061275	6	0.722930731307001	0.977699696067769
ENSG00000213015.9	31.194235254683	6	2.32737821573054e-05	0.000701014938497357
ENSG00000082213.18	28.5046157934303	15	0.0186155064223867	0.115638909723789
ENSG00000286058.1	1.03363018917969	3	0.793115189909439	0.999999882499827
ENSG00000218891.5	2.56447554853548	3	0.463751505367122	0.826902514476152
ENSG00000162572.21	11.1943592808784	9	0.262621574284566	0.626325499375141
ENSG00000103275.20	9.17542459252581	6	0.163950025580668	0.481199488614058
ENSG00000179364.14	16.7926814249076	15	0.331408276414828	0.704890076661541
ENSG00000165905.18		6	1	
ENSG00000166037.11	21.5443645670857	9	0.0104407950205423	0.0786369175847302
ENSG00000099783.12	4.99423667549854	9	0.834810373856914	0.999999882499827
ENSG00000119326.15	15.4966174521396	6	0.0167266257580749	0.107533030812288
ENSG00000113456.19	95.837270386779	18	1.27347085249168e-12	2.95900048796817e-10
ENSG00000100614.18	29.5537251009573	18	0.042017798882324	0.201348894934695
ENSG00000175544.13	5.07218978325909	9	0.827970414934869	0.999999882499827
ENSG00000119596.18	4.08670149304635	12	0.981820537283701	0.999999882499827
ENSG00000142687.18	32.9849081218217	12	0.000973280812357864	0.0145455550502303
ENSG00000103995.14		9	1	
ENSG00000180228.13	38.7984363777214	18	0.0030326066962976	0.0330454103458747
ENSG00000108423.15	7.06122009969204	6	0.315222712050059	0.689434882764797
ENSG00000128699.14	2.91432860205532	9	0.967594787327619	0.999999882499827
ENSG00000114439.19	3.60707823211305	9	0.935322226644204	0.999999882499827
ENSG00000179889.19	14.8780262513683	9	0.0943413372943975	0.343279212025119
ENSG00000181991.16	24.5417668319569	15	0.0564461329353927	0.243850292747454
ENSG00000178966.17	3.96450603462381	3	0.265322432092428	0.628240387434942
ENSG00000022840.16	9.17656451272342	15	0.868105846433539	0.999999882499827
ENSG00000101639.18	37.5636708837701	24	0.0384078258076861	0.189399682696922
ENSG00000106012.18		18	1	
ENSG00000189403.15	2.61031884117983	6	0.855922683666794	0.999999882499827
ENSG00000180304.14	0.350184643670218	3	0.950329531430041	0.999999882499827
ENSG00000100897.18		21	1	
ENSG00000136002.20	18.5141096648476	15	0.236601959868699	0.591921378027268
ENSG00000163798.13	2.22863697131834	3	0.526329829027126	0.873864260166428
ENSG00000139835.14	18.8177893457341	9	0.0267875452332527	0.148365297350348
ENSG00000163808.17	14.4311235466839	9	0.107794582661474	0.374602700098594
ENSG00000179832.17	20.6603870163544	24	0.658669793362801	0.952572393809659
ENSG00000144802.11	74.6615286976799	9	1.84311473589842e-12	4.18301318782156e-10
ENSG00000176387.7	1.11893532654221	3	0.77250509866523	0.999999882499827
ENSG00000178605.13	8.70352063054088	3	0.0335038404647161	0.173221208212588
ENSG00000178605.13_PAR_Y	3.21468251839542	3	0.35969485396209	0.73193470453371
ENSG00000131653.13	4.89705379975203	6	0.557083067653805	0.893585413746463
ENSG00000102312.23	12.1460493700051	18	0.839606116494349	0.999999882499827
ENSG00000204574.13	9.29431175842183	6	0.157690163064527	0.468838859776167
ENSG00000010803.16	22.6413585126647	24	0.541043407531912	0.884440099918896
ENSG00000153207.16	5.95189015913093	9	0.744723520051398	0.98761869871685
ENSG00000157800.18	4.89275408204958	9	0.843555111383218	0.999999882499827
ENSG00000180385.8	14.1141116518306	6	0.0283871259497777	0.154042627086868
ENSG00000146872.18	24.2748977954816	12	0.0186583864522006	0.11566089747109
ENSG00000176401.6	2.62429213752466	3	0.453246728427347	0.817705786980448
ENSG00000083535.16	28.0232771602741	9	0.0009453619708539	0.0141935191900972
ENSG00000112237.13	3.49644578780863	9	0.941332471946599	0.999999882499827
ENSG00000181523.13	19.3856949707006	15	0.196785001423597	0.533155144056881
ENSG00000077782.21	6.71737098368885	15	0.965023186130384	0.999999882499827
ENSG00000139842.15	1.99031716078753	6	0.920586973110367	0.999999882499827
ENSG00000121864.10	41.4932958661175	9	4.06687709259214e-06	0.000168172260790706
ENSG00000272655.2	12.9535920398775	3	0.00473804772127616	0.0446318607258051
ENSG00000182552.15	9.92770550574005	9	0.356369544307981	0.727277800197325
ENSG00000180773.15	7.14195670615118	9	0.622342416482095	0.931953089259732
ENSG00000135916.16	6.5478017936257	6	0.364694846036304	0.736360101474415
ENSG00000163703.19	27.8545076103401	18	0.0643040592914258	0.263673661607153
ENSG00000177917.11	17.2915204590245	6	0.00826951146527004	0.065825581068165
ENSG00000068885.15	25.0040298230433	21	0.246989585745009	0.604964966772908
ENSG00000084112.15	6.44143784048174	6	0.375596465622989	0.745918988199989
ENSG00000119537.18	5.60232167227514	9	0.778964760658196	0.999999882499827
ENSG00000006327.14	3.78311587165808	3	0.285856155742996	0.656443520649503
ENSG00000180376.17	23.6397955435859	18	0.1671863604854	0.48718175335235
ENSG00000177485.7	1.22262667658288	3	0.747582771874295	0.988839830675148
ENSG00000104886.12	10.8616586507123	3	0.0124979500831291	0.0883822426530846
ENSG00000138709.19	20.8202620653537	21	0.46996692462831	0.83138904649041
ENSG00000110536.14	6.40887278996524	9	0.698401067314441	0.971450401357131
ENSG00000177410.13	4.00425644218922	9	0.911132154680327	0.999999882499827
ENSG00000181409.14	2.35933592335726	3	0.50124911064843	0.85534010680504
ENSG00000168765.17	2.13437343889382	6	0.906934583105465	0.999999882499827
ENSG00000159363.19	8.7009001611732	12	0.728242899090407	0.980088240613297
ENSG00000180423.4	0.883229040134665	3	0.829473025226951	0.999999882499827
ENSG00000178035.12	1.36252762418007	3	0.714341484092158	0.975273998776632
ENSG00000179046.8	4.51922089355958	6	0.606776662734516	0.92492486018873
ENSG00000167615.16	19.0869923583887	12	0.086450587318861	0.322257937985013
ENSG00000178878.13	8.84530533091447	6	0.182466724939127	0.511105846349293
ENSG00000196652.12	2.01788569312248	9	0.991181597040521	0.999999882499827
ENSG00000117036.12	3.66913575793205	3	0.299479162112746	0.670975256604068
ENSG00000136758.19	9.63198862636636	9	0.381090561690695	0.751821020566153
ENSG00000171606.18	56.0734997872623	15	1.17761213706702e-06	5.99574203717679e-05
ENSG00000132716.19	62.9394126405678	24	2.4288676751886e-05	0.000724872160310874
ENSG00000057019.16	17.5495591063564	15	0.28708601960964	0.657149712561243
ENSG00000118046.16	3.02952609177675	3	0.387095198835109	0.756774557065561
ENSG00000178177.16	10.5301430097434	9	0.309293641389985	0.682277722948659
ENSG00000050165.18	0.126126730820488	3	0.988527554599596	0.999999882499827
ENSG00000157216.15	10.7347084014946	9	0.294332562295235	0.665521657886747
ENSG00000165996.14	6.93456396635156	9	0.643932243340829	0.942855928396572
ENSG00000176155.19	15.0307551631522	12	0.239758843361283	0.595522156366191
ENSG00000151445.16	8.78392279774926	9	0.457454528987359	0.821095962550604
ENSG00000177731.16	8.51414676824061	12	0.743772486744213	0.987279066667134
ENSG00000180089.6	1.82408906782064	3	0.609706967419341	0.925463738182057
ENSG00000188976.11	3.37632619292708	6	0.760344573839392	0.994931978559752
ENSG00000142453.12	2.21646593436526	6	0.898752702995423	0.999999882499827
ENSG00000185495.10	13.1394810041643	9	0.156395800498968	0.46646290252733
ENSG00000047617.15	7.93163675247706	9	0.541050045754259	0.884440099918896
ENSG00000175745.14	2.54104880166415	3	0.467918300252077	0.829685201436224
ENSG00000180370.10	7.72169015705003	6	0.259210250444834	0.621531408867601
ENSG00000129197.14	50.9392233936305	15	8.44846152729906e-06	0.000314689068873708
ENSG00000101773.19	11.148520282848	15	0.741996698029854	0.986292559379293
ENSG00000156958.15	34.1432106588436	18	0.0120922575738615	0.0864240670871845
ENSG00000154040.20		6	1	
ENSG00000140688.17	5.68246567298775	3	0.128123450785936	0.413496445389583
ENSG00000155229.21	18.6062448666671	12	0.0984843992798766	0.352571259197475
ENSG00000177628.16	13.0826979772537	9	0.158899833881992	0.471052089566937
ENSG00000108932.12	5.52717540064168	6	0.47817829247329	0.838582980177809
ENSG00000112701.18	7.0335621458471	15	0.956711721439997	0.999999882499827
ENSG00000162433.15	6.31597684451981	3	0.0972093942839138	0.349601846020158
ENSG00000107371.13	7.50691229831864	6	0.276497398273053	0.644918286268337
ENSG00000134690.11	1.4749644265903	3	0.688060463903361	0.966851269579972
ENSG00000086475.15	3.25221091821004	3	0.354349570333777	0.726117130400827
ENSG00000159884.12	4.67131080284889	9	0.861968505859863	0.999999882499827
ENSG00000185024.17	23.2826925407499	15	0.0783194355839327	0.30211763941106
ENSG00000166949.16	4.24347046720686	6	0.643765726269504	0.942753559823542
ENSG00000183597.16	18.9990584424631	24	0.752039821505977	0.990042318290862
ENSG00000183530.14	0.803675180305163	3	0.848587778252128	0.999999882499827
ENSG00000151338.18	17.7166222972623	9	0.0386072457176746	0.189883746021397
ENSG00000185591.10	15.3082412028816	6	0.0179901167239392	0.113049291119719
ENSG00000184887.13	15.4612915107318	9	0.0790197001032402	0.303962654043169
ENSG00000185262.9	4.63407405599355	6	0.591525966192247	0.916237984534142
ENSG00000183864.5	2.11337923409792	3	0.549210798977298	0.889289561509781
ENSG00000171988.19	16.8824545707212	18	0.53120022810268	0.877883972725558
ENSG00000158163.15	9.90850412839063	12	0.62398736225844	0.932255460545027
ENSG00000089234.16	2.82363601868474	3	0.419623773243623	0.789684416991631
ENSG00000185158.12	13.2537276333305	21	0.899476983542072	0.999999882499827
ENSG00000101974.14	16.0471092780026	12	0.189087887797492	0.52260229312255
ENSG00000182606.16	3.95836296314383	6	0.682311171778899	0.963128550504879
ENSG00000198040.10	11.3027721952003	12	0.503164725802647	0.856993109578014
ENSG00000184731.6	1.67597056684053	3	0.642289235840297	0.942753559823542
ENSG00000172728.16		6	1	
ENSG00000183569.18		3	1	
ENSG00000185480.11	12.1013345481042	21	0.936841658503579	0.999999882499827
ENSG00000123552.18	31.2477917786227	15	0.00813779655362793	0.0651630571872632
ENSG00000164068.16	3.93340873025045	9	0.915740429201423	0.999999882499827
ENSG00000165810.17	1.17073491117011	3	0.760031502032978	0.994870893946106
ENSG00000068028.17	24.5262583924123	9	0.00354244274854663	0.0366603380520324
ENSG00000184752.13	0.589337241253816	3	0.898868971097132	0.999999882499827
ENSG00000183087.15		6	1	
ENSG00000185504.17	8.67913024471363	12	0.730065052253892	0.98055392856396
ENSG00000015153.15		9	1	
ENSG00000233024.7	30.706790384058	12	0.00218320637223207	0.0262388066337596
ENSG00000185842.15	9.9435229426017	12	0.620915463115298	0.931230060633501
ENSG00000167130.18	6.29437638204399	3	0.098134244551133	0.351704771419209
ENSG00000182831.12	7.55983440678756	3	0.0560408180715543	0.242541173481671
ENSG00000164684.13	5.90730237050471	3	0.116208301421819	0.390984247478915
ENSG00000185753.13	1.96491964798997	3	0.579719594773425	0.910497697476505
ENSG00000183077.15	40.8526492222009	18	0.00159525959767344	0.0210950385009418
ENSG00000010318.21	6.49694939979463	6	0.369879105299067	0.74093553305611
ENSG00000169660.17	18.5731312470307	24	0.774354691782254	0.999999882499827
ENSG00000185236.12	6.35182485281257	3	0.0956929534627993	0.346390034437485
ENSG00000183426.17	9.5040778764378	15	0.849722357653977	0.999999882499827
ENSG00000171621.14		9	1	
ENSG00000108021.20	4.89476791023481	9	0.843383389311434	0.999999882499827
ENSG00000184922.14	6.13275953107404	9	0.726561136524356	0.979622842130588
ENSG00000184014.8	16.1709097889834	18	0.580620793935614	0.910684398588501
ENSG00000147471.12	17.8103450850394	9	0.0374387266219896	0.186508666176666
ENSG00000183814.15	9.28758817385551	9	0.411162042731742	0.781355989156737
ENSG00000185885.16	1.5531900963615	3	0.670049593202728	0.958378129864491
ENSG00000184083.12	8.46823714869697	6	0.205765612462214	0.548053114633938
ENSG00000164010.15	8.86413839175384	9	0.449908886907254	0.815683118663746
ENSG00000214517.10	7.55531518783391	3	0.0561540732912408	0.242803545081621
ENSG00000182095.14	41.5330666178816	12	3.98986675938621e-05	0.00108532596731333
ENSG00000156873.16	22.5837888536844	15	0.0933855068448767	0.341384070773655
ENSG00000188153.14	24.3421533670007	12	0.0182669716259259	0.11422427971958
ENSG00000114270.17	22.9630108117126	12	0.0280416150176616	0.152967088293661
ENSG00000184924.5		3	1	
ENSG00000113558.19	1.86841531423852	6	0.931393746937394	0.999999882499827
ENSG00000239521.9	6.35826296621599	9	0.703595041048383	0.973417026750243
ENSG00000165914.15	29.2505392915646	18	0.0454017813955937	0.2130173003075
ENSG00000182685.7	19.7091040194628	9	0.0197949890061786	0.120285988612265
ENSG00000215012.9	22.2700945067299	9	0.00806126894694831	0.0648871300169854
ENSG00000017260.20	16.1884376140952	21	0.758971718959975	0.994454936758956
ENSG00000068745.15	15.1715330615989	15	0.439133409412665	0.807214718865737
ENSG00000182253.15		6	1	
ENSG00000185043.12	0.290924066954176	3	0.961726282171838	0.999999882499827
ENSG00000198393.8	15.2820441469567	9	0.0834743774454061	0.314406194322546
ENSG00000187531.14	15.750454134406	18	0.609958270723127	0.925463738182057
ENSG00000143575.15	1.23367642622907	3	0.744939157829156	0.98761869871685
ENSG00000183513.9	17.9105980747117	9	0.036225041534708	0.182414953734373
ENSG00000078304.19	64.6199073102544	18	3.59241395413704e-07	2.19114798615146e-05
ENSG00000182240.16	27.3301764277421	15	0.0261585258088879	0.145625244363341
ENSG00000070778.13	8.23740486182436	3	0.0413517968291565	0.199186665970256
ENSG00000146757.14		6	1	
ENSG00000185453.13		3	1	
ENSG00000125247.15	13.4057774593402	12	0.340249533891477	0.71253108989867
ENSG00000134815.19	1.32300820253704	3	0.723676937126159	0.977996800255245
ENSG00000177425.11	24.1289574395851	15	0.0629356775523125	0.260587386925033
ENSG00000182973.18	1.51144321045285	3	0.679631772950639	0.962625522463362
ENSG00000099910.17	13.3343863004684	6	0.0380227236770801	0.1885767749189
ENSG00000153046.18	1.95889330883438	6	0.923440063041307	0.999999882499827
ENSG00000164916.11	12.0900760735517	6	0.0599892229035633	0.253544749378897
ENSG00000182326.15	5.31029031510116	9	0.806464175247741	0.999999882499827
ENSG00000182199.11	2.58253110345686	6	0.859119186692506	0.999999882499827
ENSG00000184232.9	6.32984377811226	3	0.096620079879636	0.348711301607015
ENSG00000197114.12	13.89436318769	9	0.126132865036761	0.409900309654929
ENSG00000185090.14	6.75434611501169	6	0.344163840327872	0.715518190217765
ENSG00000170448.12	11.014038931422	15	0.751598540089658	0.990039987103616
ENSG00000184640.19	6.85845085485198	9	0.651853921670512	0.948619508139357
ENSG00000185163.10	6.68523928149807	9	0.669852718106591	0.958378129864491
ENSG00000183018.9	0.273936517857578	3	0.964853392184026	0.999999882499827
ENSG00000182899.17	2.43847949942574	6	0.87528825499774	0.999999882499827
ENSG00000185359.13	13.20458619704	12	0.354347584062145	0.726117130400827
ENSG00000165490.13	25.5858547563798	12	0.0122780742687816	0.0872632042488681
ENSG00000182809.11	0.951022371766157	3	0.813100680709466	0.999999882499827
ENSG00000121900.19	3.35299509097604	3	0.340334561824956	0.71253108989867
ENSG00000054690.14	2.53577694268367	3	0.468860071953819	0.830460262044727
ENSG00000158423.17	0.61947194358595	6	0.996066937120111	0.999999882499827
ENSG00000185298.13	14.2746937736301	6	0.0267137573848137	0.148040635047358
ENSG00000123472.12	10.5619324288637	9	0.306934397017739	0.679839487175695
ENSG00000182287.15	16.7519487568115	12	0.159168806809473	0.471419843900956
ENSG00000182872.16	5.55471030045737	6	0.47486904093817	0.835650874710949
ENSG00000185829.18		9	1	
ENSG00000164284.15	1.36796606887219	3	0.713060538589858	0.974397358231553
ENSG00000101361.17	17.6003770735697	12	0.128374147705472	0.413739533506508
ENSG00000117475.14	0.344860402174163	3	0.951381963470269	0.999999882499827
ENSG00000153896.19	5.08607670728998	6	0.532821558528909	0.878492991417321
ENSG00000206418.4		6	1	
ENSG00000185220.12	0.238926519707093	3	0.971073276740747	0.999999882499827
ENSG00000183801.8	2.28312412981177	6	0.89190629009164	0.999999882499827
ENSG00000198467.16	2.02236912818626	6	0.917629855424257	0.999999882499827
ENSG00000182362.14	3.14519820727583	6	0.790414743097704	0.999999882499827
ENSG00000183840.7	1.41819430204396	3	0.701275482562405	0.972675871848566
ENSG00000183576.13	9.39918192836558	6	0.152341510544228	0.459283234816353
ENSG00000177989.13	22.4668617471507	15	0.0961341289697105	0.347600209194296
ENSG00000185261.14	1.22193426407921	6	0.975787452881122	0.999999882499827
ENSG00000184489.12	1.69857430482449	3	0.637250806856462	0.939921376931382
ENSG00000167645.17	16.1161685269617	12	0.185973088547297	0.517169465155554
ENSG00000169045.17	30.51622482721	12	0.00233351134098989	0.027603317789964
ENSG00000185522.9	1.39347983423659	6	0.966253847503724	0.999999882499827
ENSG00000185880.13	3.095840495429	6	0.796725311075767	0.999999882499827
ENSG00000079691.18	2.10410538972292	3	0.551082661646974	0.890526575140244
ENSG00000213638.6	5.35676168024293	3	0.147461326948341	0.450414738556762
ENSG00000183054.11		3	1	
ENSG00000185838.14	3.24126617057664	6	0.778012851057569	0.999999882499827
ENSG00000072736.19	24.6866619824432	12	0.016379500897697	0.105809272333155
ENSG00000100300.18	1.0031910535763	3	0.800479816009535	0.999999882499827
ENSG00000174564.13	6.73081667031374	6	0.346460047758117	0.717471912328518
ENSG00000183208.12	6.23891421453027	6	0.396965994858108	0.768649036472277
ENSG00000184371.14	7.5370650313539	9	0.581384743482344	0.911004128395022
ENSG00000182463.16	9.58356307677241	6	0.143320253920871	0.442754782530477
ENSG00000173557.15	0.922389337489676	3	0.820021659632596	0.999999882499827
ENSG00000157617.17	12.4822849946872	9	0.187464960262704	0.519740576171062
ENSG00000215193.13	11.1195892791347	6	0.0847499578384292	0.31761706549356
ENSG00000196456.13		3	1	
ENSG00000184588.18	8.44096247058985	6	0.207543618771506	0.550954109419844
ENSG00000185808.13	6.11727846080612	6	0.41018163899376	0.780583759500108
ENSG00000109736.15	7.39739118417492	9	0.595818654752787	0.919547135175851
ENSG00000184058.14	18.0974481058656	6	0.00599322654379652	0.0524085106101346
ENSG00000183496.6	0.510188555353579	3	0.916647396219941	0.999999882499827
ENSG00000177508.12	2.63304861093275	3	0.45172513410927	0.816518907903753
ENSG00000185837.3	1.99313687289259	3	0.573832393564987	0.906389441050141
ENSG00000170190.16	9.14481540406996	9	0.424015365281118	0.793778237057056
ENSG00000133069.17	11.9038690890438	3	0.00771982485748189	0.0630441596520216
ENSG00000184254.17	1.85301625552029	3	0.603466512845506	0.92351100813224
ENSG00000183010.17	3.78342951126979	9	0.92507966767726	0.999999882499827
ENSG00000185347.18	4.85770979691733	12	0.962563316939573	0.999999882499827
ENSG00000182149.21	6.2292789053754	9	0.716769853144015	0.975924508114625
ENSG00000182208.14	8.61070741723688	6	0.196684075509001	0.533029684224477
ENSG00000182272.12	8.90647754225211	9	0.44595161928462	0.811948106828099
ENSG00000184990.13	0.0308408698474523	3	0.998572769654397	0.999999882499827
ENSG00000185803.12	8.41878599181655	12	0.751607496752792	0.990039987103616
ENSG00000162614.19	3.33158447554251	9	0.949686820212386	0.999999882499827
ENSG00000181555.21	3.20717432923721	9	0.955511444829735	0.999999882499827
ENSG00000184076.13	0.249239821278024	3	0.969274144133946	0.999999882499827
ENSG00000185515.14	31.4182184451129	12	0.00170034814713441	0.0219203402481965
ENSG00000184160.8	3.44156522802587	3	0.32842037047853	0.702343595242796
ENSG00000182054.10	3.22451107849338	6	0.780186525889044	0.999999882499827
ENSG00000145014.17	15.6510894424391	15	0.405611628301625	0.776627457494681
ENSG00000204611.7	14.0314020724984	6	0.0292873455767247	0.156696932830733
ENSG00000184708.18	37.7734667379318	12	0.000167216885510194	0.00353984725747068
ENSG00000182628.13	15.1195282686094	12	0.234964792000817	0.5902242999063
ENSG00000185730.8	12.1800558240584	9	0.203347931095428	0.544102513117524
ENSG00000182400.15	8.27579668309045	9	0.506609350232146	0.859826199811394
ENSG00000181625.17	8.14830782339595	6	0.227438056445866	0.580279213818354
ENSG00000185621.11	20.1776484638435	9	0.0168471682829091	0.108094355866476
ENSG00000184307.16	8.50077763576064	9	0.484570429304811	0.842868722035581
ENSG00000213145.10	1.74354297964601	3	0.627296975409999	0.934481939097265
ENSG00000198315.11	3.15073731842404	3	0.368963257075291	0.740210226642692
ENSG00000185507.21		15	1	
ENSG00000053372.5	1.9263439966453	3	0.587834120010472	0.914352816293909
ENSG00000185518.11	6.35562274820222	6	0.384553806953329	0.754066577082797
ENSG00000185010.15	2.62002597786386	6	0.854800422433398	0.999999882499827
ENSG00000160193.12	25.8205197813732	6	0.00024044987319772	0.00469310062507311
ENSG00000184508.12	35.5426733047716	18	0.00807070453907737	0.0648871300169854
ENSG00000185344.15		15	1	
ENSG00000160131.13	43.3380610475942	3	2.08607371796073e-09	2.42357064447367e-07
ENSG00000183495.14	12.8782490774393	6	0.0450106220968869	0.212099788046122
ENSG00000182158.15	8.94774602904818	3	0.029993759769047	0.159862971920333
ENSG00000184163.3	11.5293784151486	3	0.00918214066805692	0.0715722929549261
ENSG00000163932.15	11.645218943826	12	0.474576520558359	0.835650874710949
ENSG00000185761.11	6.16221090468116	6	0.405266778057611	0.776627457494681
ENSG00000183955.13	8.93573354525506	6	0.177224762233596	0.503120409689135
ENSG00000182912.6	0.553211428053373	3	0.907054873180742	0.999999882499827
ENSG00000170004.17	19.4937786468654	21	0.553496618041961	0.891106862040296
ENSG00000183258.12	12.8882542510837	6	0.0448452000962953	0.211524556664933
ENSG00000177426.22	66.1253208755006	24	8.31123907945401e-06	0.000310763916384642
ENSG00000182963.11	45.8292234422297	12	7.42435776678103e-06	0.000280830649015566
ENSG00000185164.14	11.4347389429313	6	0.0758343615644422	0.29662025431158
ENSG00000183250.12	8.92380642731018	9	0.444337105893856	0.810520713349185
ENSG00000184661.14	2.75697166842292	6	0.838672654117833	0.999999882499827
ENSG00000184967.7	5.21482620874667	3	0.156725655350024	0.466875967814677
ENSG00000157106.17	10.5120211149488	6	0.104680493114862	0.367738276568731
ENSG00000135108.15	1.90507877810524	9	0.992881177340405	0.999999882499827
ENSG00000214113.11	0.301362028461881	3	0.959772116295088	0.999999882499827
ENSG00000185386.15	4.31638639342418	3	0.229264658976811	0.58250294375285
ENSG00000120798.17	18.0506756907598	15	0.260010761479278	0.622425544115417
ENSG00000183723.13	5.71420106250571	6	0.455954593378264	0.820213986502946
ENSG00000181638.20	0.354958942569283	3	0.949381370295584	0.999999882499827
ENSG00000102054.18	54.2424422416661	12	2.47324861822864e-07	1.59843928909227e-05
ENSG00000135486.18	11.7342945518903	12	0.467247903703863	0.829685201436224
ENSG00000137700.18		12	1	
ENSG00000184584.13	16.1154226251656	9	0.0645100356687832	0.264185244688063
ENSG00000185238.13	9.51130882802318	9	0.391474128212758	0.762249803916262
ENSG00000182858.14	2.4532920457259	3	0.483791423814898	0.842491167917486
ENSG00000170919.16	5.78299133280734	6	0.447933461913837	0.813949631258186
ENSG00000182993.5	10.8231894111869	6	0.0939971179481138	0.34305081303502
ENSG00000089737.17	20.9618679861887	18	0.281341219810618	0.650618237945929
ENSG00000132466.19	6.80732528970475	12	0.870079156798444	0.999999882499827
ENSG00000119508.18	37.8810698547554	9	1.83088313760348e-05	0.000580116511034816
ENSG00000064607.17	44.5151682252836	15	9.12924580602061e-05	0.00216243470439211
ENSG00000184557.4	5.96675027546007	3	0.113239149840591	0.385275355101778
ENSG00000185100.11	16.1602736444893	15	0.371480495953553	0.74234606725568
ENSG00000151276.23	11.0973076882042	12	0.520598339494602	0.869505253316416
ENSG00000183255.12	1.24972704105312	3	0.741104056799696	0.985813146004245
ENSG00000184787.19	41.2036016073726	9	4.59268270487034e-06	0.00018674996048679
ENSG00000185088.14	1.78969936398789	6	0.937988447902332	0.999999882499827
ENSG00000185324.22	32.7400963600012	21	0.0491796794384022	0.222800217201143
ENSG00000182944.18	26.2585877228703	9	0.00185308860454504	0.0233949439738098
ENSG00000185716.12	10.0145213423039	9	0.349310905235819	0.719941948087931
ENSG00000185133.14	61.3784034984619	12	1.2642052348907e-08	1.16390366861305e-06
ENSG00000100106.22	1.21137666621144	6	0.976319055231312	0.999999882499827
ENSG00000182446.14	10.592950532875	3	0.0141434369931757	0.0960336580988009
ENSG00000100311.17	9.98650785596601	6	0.125221354038281	0.408707422762403
ENSG00000015133.19	1.18176756207217	3	0.757380442415387	0.994095880224176
ENSG00000128951.14	5.18067625095137	12	0.951670208858205	0.999999882499827
ENSG00000182372.10	14.9829710000445	6	0.0203895766462648	0.12252578724809
ENSG00000182919.15	13.5115469934444	12	0.332980189829156	0.706424711422333
ENSG00000135164.19	47.9971326880695	15	2.54575304060298e-05	0.000752848603734683
ENSG00000108010.12	3.87433737516403	6	0.693677320401711	0.96857759502224
ENSG00000185787.15	3.84645117307082	6	0.697446587068088	0.97053775034899
ENSG00000107829.15	17.7538214001534	6	0.00687777759813399	0.0578425925263774
ENSG00000185813.11	14.8958889681453	12	0.247179453305431	0.604964966772908
ENSG00000183032.12	6.3401824055685	3	0.0961829440397187	0.347647907734672
ENSG00000118197.14	5.44926185198347	9	0.793519729614837	0.999999882499827
ENSG00000182979.18	6.37231673906354	12	0.896163404671649	0.999999882499827
ENSG00000185129.8	8.01810470370401	3	0.0456390141596677	0.213632097503611
ENSG00000182600.9	9.56854352743358	9	0.386528541230056	0.756089804342377
ENSG00000186866.16		18	1	
ENSG00000139117.14	6.79878755430127	3	0.0785952652433813	0.302807419467097
ENSG00000185900.11	6.11280268935889	6	0.41067331884004	0.781087686330141
ENSG00000198556.14		21	1	
ENSG00000184898.7	5.43210673633803	3	0.142756251963384	0.441444034773665
ENSG00000186510.12	7.89600569833351	3	0.0482105656160128	0.220349172379117
ENSG00000182307.14	1.59532892101561	6	0.952912631600955	0.999999882499827
ENSG00000183628.14	4.80115821903928	6	0.56955745134653	0.903349775343862
ENSG00000183763.9	30.6391640787551	15	0.00981436069756934	0.0750598774131692
ENSG00000185721.13	6.87158864313096	3	0.0761052764848315	0.297203438661653
ENSG00000183172.9	5.76489240524097	6	0.450035700056738	0.815683118663746
ENSG00000185624.15	1.23401593836024	9	0.998681232007806	0.999999882499827
ENSG00000178852.16	36.9054673296812	9	2.73603847512826e-05	0.000806676721413193
ENSG00000182768.9	1.05918071474298	3	0.786936015480405	0.999999882499827
ENSG00000183048.12	3.84951861469017	3	0.278178587517328	0.646599768303727
ENSG00000005469.12	3.16919404918281	6	0.787331265489017	0.999999882499827
ENSG00000184162.15	26.0656480724138	15	0.0373382907720451	0.18629058264028
ENSG00000105419.18	19.9707484676258	9	0.0180937868740623	0.113627584365492
ENSG00000184363.10	9.88283247795698	6	0.129673708627774	0.416415176866879
ENSG00000183527.12	11.1445898184029	12	0.516569683909589	0.866186176163862
ENSG00000182985.17	25.1963753348173	15	0.0473674942218703	0.21869618273742
ENSG00000184545.11	15.1517290409283	3	0.00169147114913509	0.0219203402481965
ENSG00000149380.12	3.29075762814387	6	0.771567707971881	0.999999882499827
ENSG00000075651.16	1.42613958290895	6	0.964249031930147	0.999999882499827
ENSG00000184110.15	2.24324407021049	3	0.523480938557688	0.87163461514835
ENSG00000111817.19	14.6545018510178	12	0.260876580789579	0.623748225513555
ENSG00000183735.10	1.85086253833288	3	0.603929712883987	0.92374479025253
ENSG00000196458.11	5.70184539395996	6	0.45740415314755	0.821095962550604
ENSG00000184185.10		3	1	
ENSG00000182541.18	29.1915183028214	18	0.0460880859306384	0.214805495846472
ENSG00000183621.15	4.28216985175413	6	0.638549991431698	0.940620281718029
ENSG00000111011.18	33.2891726221715	12	0.000872346626668621	0.0133436218333214
ENSG00000184402.15	18.2655102428816	9	0.0322151577344692	0.168572506343531
ENSG00000184903.10	15.0879839606714	9	0.0885473866566136	0.327820161753373
ENSG00000184916.9	5.03758088710129	6	0.53900220950143	0.883045991390835
ENSG00000183696.14	6.90040130932175	6	0.330156393049563	0.703755270047036
ENSG00000182108.11	9.08208801019282	9	0.429731536278974	0.798049488591153
ENSG00000099901.17	0.569376575236674	3	0.903405698078012	0.999999882499827
ENSG00000140479.17	0.214522606196113	3	0.975211488315637	0.999999882499827
ENSG00000183291.17	4.91235898420564	6	0.555101993019428	0.892608395102421
ENSG00000065357.20		21	1	
ENSG00000182325.11	15.7850665954902	12	0.201279924843694	0.540828961054409
ENSG00000185920.16	14.8789692272908	12	0.248122138935656	0.606417218600819
ENSG00000185168.5	0.992636636112479	3	0.803033667315957	0.999999882499827
ENSG00000185338.6	3.83836918792053	3	0.279454584198609	0.648406392580652
ENSG00000182923.18	13.7928718621988	21	0.878330700681418	0.999999882499827
ENSG00000182473.22	12.8282908576111	12	0.381643868503298	0.751821020566153
ENSG00000156531.17	7.34323848986787	6	0.290267416151662	0.661078113004451
ENSG00000058673.16	16.1803155035777	12	0.183116180312785	0.512483740657432
ENSG00000185917.14	32.6147832766892	21	0.0506669675177135	0.226747047314334
ENSG00000182518.13	4.19890247272997	12	0.979573782086577	0.999999882499827
ENSG00000185432.12	12.2268489064591	9	0.200820689472646	0.540041088058296
ENSG00000173482.17	32.9414951188082	18	0.0169644993343692	0.108704234408476
ENSG00000183020.14		12	1	
ENSG00000147408.14	3.66592899452553	9	0.931994044910977	0.999999882499827
ENSG00000171700.14	15.4017942309329	6	0.0173516193923144	0.110387518676399
ENSG00000162458.13	11.0437231128913	9	0.272723846292253	0.638865102248223
ENSG00000184517.12	20.2824355255898	12	0.0619283285455921	0.258096032415299
ENSG00000185000.12	3.53430290035976	9	0.939312180780946	0.999999882499827
ENSG00000169756.16	4.92831344597653	3	0.177122277972415	0.503120409689135
ENSG00000066379.15	1.89749349464546	6	0.928880444790557	0.999999882499827
ENSG00000184451.5	0.396151663917408	3	0.941036318799801	0.999999882499827
ENSG00000182224.12	20.3191813460644	12	0.061283936561026	0.257059970781729
ENSG00000185186.10	9.3848528934393	6	0.153062890865238	0.461031096282054
ENSG00000185684.15		18	1	
ENSG00000185033.14	3.58692118305953	6	0.732371592444258	0.98195464288378
ENSG00000184381.20		30	1	
ENSG00000184792.16	7.15112354805751	12	0.847467124225312	0.999999882499827
ENSG00000127081.14	15.3729133872206	6	0.0175463787292469	0.111119474379442
ENSG00000150401.15	21.9858678536129	15	0.108175004282749	0.375223061953244
ENSG00000184840.12	0.656061898043845	3	0.883486657776107	0.999999882499827
ENSG00000115993.13	0.893214765985249	3	0.827064926036404	0.999999882499827
ENSG00000185798.8	13.3909127718007	9	0.145700844628082	0.446724106262183
ENSG00000182718.17	3.75829656072892	6	0.709346405576533	0.973417026750243
ENSG00000131263.13	10.7067520106657	3	0.013422012328355	0.0925513071433773
ENSG00000183751.15	6.58442493400435	12	0.883811667080446	0.999999882499827
ENSG00000184575.12	30.6146260731111	6	3.00250195037097e-05	0.000872065968263996
ENSG00000185187.13	8.07162851520116	9	0.526944238944878	0.874566127187596
ENSG00000183060.15	30.6363807089056	12	0.00223762051471091	0.0266304129305655
ENSG00000170085.18	0.91846750081686	3	0.820969043365464	0.999999882499827
ENSG00000185909.15	24.023587461279	6	0.000517066256897081	0.00888389014270883
ENSG00000185482.8	11.0639738068809	3	0.0113849272094228	0.08297647844418
ENSG00000183475.13	4.20931123114792	3	0.239731306298148	0.595522156366191
ENSG00000024862.17	0.0241250224325995	3	0.999010583032873	0.999999882499827
ENSG00000183647.10	7.18935557666828	9	0.617412047681346	0.930049839698829
ENSG00000184900.16	0.75817046809243	3	0.859443664136474	0.999999882499827
ENSG00000046647.13	10.9103092895084	9	0.281906941707701	0.65146337772329
ENSG00000169372.13	7.39095121671744	6	0.286199583384932	0.656527578766765
ENSG00000166689.16	13.4645261339028	12	0.336199647061746	0.709012337281993
ENSG00000027075.15	2.64997421567136	6	0.851320047963427	0.999999882499827
ENSG00000185215.11	5.24366895669664	12	0.949340959307912	0.999999882499827
ENSG00000176058.13	9.48235744947669	6	0.14821235874834	0.451420876974624
ENSG00000242259.8	12.1330217868563	9	0.205913654342475	0.548148214055704
ENSG00000185247.15	0.534570477535453	3	0.911233370172842	0.999999882499827
ENSG00000126756.12	0.361038039438427	3	0.948168123167909	0.999999882499827
ENSG00000182263.14	1.44958606416299	3	0.693953739563019	0.96857759502224
ENSG00000185608.8	0.862846989795798	3	0.834383142048801	0.999999882499827
ENSG00000183963.18		15	1	
ENSG00000189223.15	13.9792733545891	3	0.00293350146137513	0.0323480686571298
ENSG00000182087.14	6.83148932350741	12	0.868545510098526	0.999999882499827
ENSG00000184432.10	14.6915101438062	6	0.0227966632050493	0.132503059093553
ENSG00000184277.13	28.6971106642523	6	6.94138660058803e-05	0.0017149618186111
ENSG00000186814.14	14.5932333550445	15	0.481094276793478	0.841246917618268
ENSG00000182173.13	19.6007146216689	9	0.0205429294226328	0.123109567615311
ENSG00000153487.13	12.6606844399976	6	0.0487521574417275	0.221598651361816
ENSG00000185658.13	16.4880358081664	9	0.0573635472932353	0.246783356113562
ENSG00000185567.7	1.01179505300024	3	0.798397932275697	0.999999882499827
ENSG00000184281.15	3.16009771349854	12	0.994304285321947	0.999999882499827
ENSG00000184349.13	5.49284465780829	6	0.482321946783325	0.84192004128969
ENSG00000182648.13		9	1	
ENSG00000184056.15		9	1	
ENSG00000170854.18	20.9456219144959	12	0.0511824262614391	0.228494646791118
ENSG00000100142.16	8.52198639261769	9	0.482514478013448	0.84192004128969
ENSG00000107362.14	2.53711086848853	3	0.468621635543144	0.830319563523438
ENSG00000180739.14		6	1	
ENSG00000185475.11	3.31251392895138	9	0.950606488539647	0.999999882499827
ENSG00000179750.16	0.298884143812757	3	0.96023820597504	0.999999882499827
ENSG00000184445.12	45.0109919852584	15	7.62674278026738e-05	0.00183776253808961
ENSG00000182885.17	6.54449117975662	6	0.365030801985651	0.736628535272533
ENSG00000188603.21	45.0280973182235	9	9.1168722849291e-07	4.86183369555317e-05
ENSG00000165195.16	20.4226093220696	18	0.309536294234017	0.682350281325902
ENSG00000061938.19	33.4653335642324	21	0.0413052552376125	0.199060733759931
ENSG00000183891.6	18.2898377632555	6	0.00554726278658542	0.0496983262602625
ENSG00000185437.13	8.40000302321187	12	0.753142641876214	0.990822194940682
ENSG00000184271.17	39.8226080774834	12	7.69496562614401e-05	0.00184963471787043
ENSG00000184634.16	11.7340747543258	12	0.467265928917652	0.829685201436224
ENSG00000178222.13	8.82618741226179	9	0.453471023582148	0.817705786980448
ENSG00000171791.13	1.93881017711692	6	0.925239263099757	0.999999882499827
ENSG00000213859.6	3.02818860233219	3	0.387299434613319	0.756959696032524
ENSG00000183011.13	3.35878853918985	12	0.992437124104283	0.999999882499827
ENSG00000184613.11	14.743645538827	9	0.0982225867506217	0.351892152753053
ENSG00000241404.7	14.1858557913856	15	0.511482685945447	0.862270365776533
ENSG00000182873.5	2.39476386003753	3	0.494610072803072	0.849403710533139
ENSG00000132906.18	7.57787532750444	12	0.817187440749488	0.999999882499827
ENSG00000185049.16	1.04308448451229	3	0.790828351552129	0.999999882499827
ENSG00000115306.16	12.3932741612953	6	0.0537488798026757	0.236383649389055
ENSG00000120159.13	11.7410343953106	9	0.22830537525718	0.58188356153952
ENSG00000186666.6	2.89782525664987	3	0.407648259790494	0.778856183898357
ENSG00000122873.12	0.710182342882035	3	0.870806386138335	0.999999882499827
ENSG00000126858.18	6.22748803163995	15	0.975667848017676	0.999999882499827
ENSG00000111731.12	16.2387071146395	15	0.366366903325978	0.737494762697652
ENSG00000120868.14	18.6200149487804	9	0.0286248299797313	0.154739528661624
ENSG00000117525.14	10.7832681491592	6	0.0953102320579749	0.345645691064205
ENSG00000186448.15	12.2781466280865	6	0.056043687488592	0.242541173481671
ENSG00000160336.15	13.4101186305124	6	0.036966309240841	0.185068061178939
ENSG00000186020.13	12.995348798172	3	0.00464667473213148	0.0442408767910938
ENSG00000131378.14	1.016690371339	3	0.797213468631052	0.999999882499827
ENSG00000094631.21	14.4647565731684	21	0.848820745954467	0.999999882499827
ENSG00000186594.14	29.9128555878669	6	4.0836610380859e-05	0.00109995341756176
ENSG00000186141.9	10.0044225393885	9	0.350127300558791	0.721472197245195
ENSG00000186230.7	3.30485395516826	6	0.769725553319379	0.999168884656002
ENSG00000177380.14	35.2486992521117	18	0.00879372900492877	0.0690410308600964
ENSG00000162302.13	1.48738790011339	6	0.960327931648563	0.999999882499827
ENSG00000186635.14	7.4002010030672	12	0.830073936275914	0.999999882499827
ENSG00000143776.18	34.1109761561129	12	0.000647886633818903	0.0105731198318372
ENSG00000164031.17	5.4215780302693	6	0.490985276648369	0.846858486180883
ENSG00000186300.12		3	1	
ENSG00000187240.16	8.75975657135359	9	0.45973994806573	0.823229752875865
ENSG00000125482.13	17.2433668546983	6	0.00842924388672919	0.0669265152758469
ENSG00000152056.17		6	1	
ENSG00000176148.16	37.8634261758289	18	0.00403773143560181	0.0400856775992249
ENSG00000134779.15	4.25856930647569	12	0.978305609869358	0.999999882499827
ENSG00000166352.16	43.7485799172282	21	0.00251978532244343	0.0290501650566807
ENSG00000187079.19	37.4609657060355	6	1.43157549486593e-06	7.05593194666497e-05
ENSG00000189079.17	6.24521601112292	6	0.396289049278307	0.767921894736646
ENSG00000189266.13	0.76333367555344	3	0.858215502308669	0.999999882499827
ENSG00000156256.15	0.880178143372177	6	0.989749618072061	0.999999882499827
ENSG00000184470.21	7.27107846974104	6	0.296503984823305	0.667783707710157
ENSG00000066651.20	10.843285005798	9	0.28660415450568	0.657149712561243
ENSG00000185973.12	3.34137347955402	6	0.764940503752337	0.997335253990522
ENSG00000186166.9	31.9232501536717	6	1.68797561685682e-05	0.000549098468163523
ENSG00000186665.9	3.76516827640808	6	0.708419850876718	0.973417026750243
ENSG00000186871.7	1.98528826629854	3	0.575465788223594	0.907118498994355
ENSG00000165650.12	6.04380454421062	3	0.109498379423547	0.377461916211374
ENSG00000108175.17	10.387817365588	3	0.0155415299262032	0.102341289169917
ENSG00000186364.12	8.08009849458222	6	0.232293641575565	0.586533932247331
ENSG00000166579.16	23.7180591335418	12	0.0222127755102477	0.130176497918169
ENSG00000198464.14	2.89203779732861	3	0.408572087108095	0.779312124948373
ENSG00000119723.17	12.3349473922244	9	0.195078367381653	0.530502764907918
ENSG00000159753.14	6.73969324330028	12	0.87432541873768	0.999999882499827
ENSG00000109184.15	17.2920570487149	15	0.301707119899735	0.674075041918845
ENSG00000186104.10	37.8988416234442	18	0.00399447964721942	0.0397811995912035
ENSG00000169084.15		9	1	
ENSG00000169084.15_PAR_Y	6.74988377981936	6	0.344598469356084	0.716000147445495
ENSG00000187446.12	5.60161343993241	6	0.469261403400976	0.830654430176651
ENSG00000187091.14	7.24654071129851	9	0.611467886466722	0.926170278446181
ENSG00000167904.15	6.70372211387803	9	0.667934888905622	0.957177177801756
ENSG00000168538.16	2.73273371415053	6	0.841565828481458	0.999999882499827
ENSG00000187097.12	16.0006083773824	12	0.19120819887095	0.524747135202924
ENSG00000176853.16	9.22549036204418	9	0.416725356499332	0.786923907522636
ENSG00000155621.15	7.94900761848658	9	0.539293108164797	0.883045991390835
ENSG00000158636.16	7.96003876863961	12	0.788245375012737	0.999999882499827
ENSG00000186314.11	23.6785375221498	15	0.0707574488198425	0.281845691033813
ENSG00000186174.12	2.83828040186563	6	0.828853485568469	0.999999882499827
ENSG00000214530.9	20.3042122137267	12	0.061545717323449	0.25744734477477
ENSG00000180264.11	3.41695608255009	3	0.331693425204744	0.705074305504922
ENSG00000186132.15	0.721760069211996	3	0.868074216370967	0.999999882499827
ENSG00000187118.14	6.63147020386532	6	0.356276201632124	0.727277800197325
ENSG00000186001.14		18	1	
ENSG00000100600.15	0.856658870303363	3	0.835872373325525	0.999999882499827
ENSG00000187049.10		3	1	
ENSG00000168781.22	18.5961617440644	24	0.773169250462805	0.999999882499827
ENSG00000197779.14	10.5603054278795	12	0.566927829981257	0.900789432234953
ENSG00000187257.16		6	1	
ENSG00000197702.14	3.20829907221014	3	0.360610973814012	0.732349739209309
ENSG00000186575.19	10.6634309581891	9	0.299486158771655	0.670975256604068
ENSG00000126777.18	26.0779258619878	12	0.0104646376324538	0.0786476904796978
ENSG00000161671.17	2.40793388056773	6	0.878625693362558	0.999999882499827
ENSG00000153551.14	16.2286850609639	9	0.0622569200549603	0.258889587930456
ENSG00000124782.20	2.72701557667142	9	0.97414251866852	0.999999882499827
ENSG00000186298.12	8.96583901072154	9	0.440433523624776	0.807966274988395
ENSG00000138756.17	34.3377174023781	15	0.00305233730435133	0.0330607766405823
ENSG00000100023.19	12.7965498344638	9	0.172030323494248	0.495539832652946
ENSG00000186280.7	10.8700155558793	3	0.0124499213819685	0.0881326715877503
ENSG00000187630.17	3.71868031096892	6	0.714683919034556	0.975458839752405
ENSG00000186615.11	11.3108184188332	6	0.0792322868113699	0.304529936159918
ENSG00000161791.14	4.2016710697676	6	0.64940574824039	0.946740116214088
ENSG00000147475.17	1.04907652760812	6	0.983683272350083	0.999999882499827
ENSG00000186352.9	13.0037389457902	9	0.162437151848805	0.478341630927123
ENSG00000088992.18	4.59840311791959	9	0.867818634806061	0.999999882499827
ENSG00000100029.18	2.94630898252944	3	0.399977569576499	0.771177041448787
ENSG00000187024.15	4.21915477579387	6	0.647045907346346	0.945065970756131
ENSG00000186684.14	1.02659511338084	3	0.794817092367236	0.999999882499827
ENSG00000141568.21	29.0128950246199	12	0.00392265746820427	0.0393030946942561
ENSG00000172671.20	9.92917346661534	9	0.356249432561595	0.727277800197325
ENSG00000047849.21	8.10289619622199	9	0.523810994864783	0.871648944390205
ENSG00000187231.14	11.2971829587914	15	0.731257157378257	0.981614662841047
ENSG00000176473.13	23.6555028463772	15	0.071179368557801	0.282603522276477
ENSG00000186111.10	4.94877486916175	6	0.550399763352455	0.890328408844125
ENSG00000133612.19	3.97685050495784	12	0.983850500366547	0.999999882499827
ENSG00000056586.16	18.4355400551012	12	0.103091774803277	0.364169751423261
ENSG00000128607.14		6	1	
ENSG00000186854.11	26.5640454985187	12	0.00892384802220763	0.0699500665451601
ENSG00000109066.14	6.86984709160697	9	0.650668140646418	0.947741848443043
ENSG00000120519.15	6.25975578064981	6	0.394730096902014	0.765991452707646
ENSG00000187147.18	6.55429961552727	18	0.993377411347659	0.999999882499827
ENSG00000186162.10	11.3611175322058	9	0.251765829386286	0.611668249845563
ENSG00000115524.17	12.9506417191878	9	0.164852420996779	0.48297651651383
ENSG00000186815.13	16.3294156170341	9	0.0603131479214473	0.254517326778933
ENSG00000124593.16	2.92308492124994	6	0.818436762782421	0.999999882499827
ENSG00000183117.19	1.30277156196667	3	0.728475046842884	0.980088240613297
ENSG00000101294.18	0.534680742683122	3	0.911208750587604	0.999999882499827
ENSG00000242110.8	8.85823610672742	12	0.714988909888241	0.975611964709081
ENSG00000186806.5	0.507940119377849	3	0.917143571195005	0.999999882499827
ENSG00000100207.19	16.6134301572729	9	0.0551251710249888	0.239735536556535
ENSG00000186625.14	10.8092441996214	6	0.0944539373543053	0.343433671624689
ENSG00000249087.7	19.5357695842117	15	0.190473335195759	0.524099445799634
ENSG00000186106.11	15.0149156531002	15	0.450343338801133	0.815683118663746
ENSG00000170485.17	9.85738907106679	9	0.362153373301692	0.732842482488808
ENSG00000175600.16	0.190908054483202	3	0.979043529625561	0.999999882499827
ENSG00000165629.20	38.0833437932888	6	1.08199374854825e-06	5.6165835064268e-05
ENSG00000042088.14	29.0840930938666	18	0.0473609587040525	0.21869618273742
ENSG00000065613.15	6.85177918582849	6	0.334772470758064	0.708083094083944
ENSG00000113812.14	16.7352216937798	12	0.159831751868886	0.4728093563166
ENSG00000129353.15	1.0850186227326	3	0.780691823211158	0.999999882499827
ENSG00000129355.7	2.17104861806047	3	0.537673379759807	0.881874708079992
ENSG00000166407.14	5.56191970584769	6	0.474004684311514	0.835134810289956
ENSG00000136840.19	16.3896548965276	12	0.174033760915415	0.49838323528601
ENSG00000179604.10	0.681492587340472	3	0.877548203159473	0.999999882499827
ENSG00000182247.10	1.8070995856051	6	0.936557287499201	0.999999882499827
ENSG00000169131.13	4.18590419890097	3	0.242076936619562	0.598343772973976
ENSG00000083838.16	13.6509131220996	9	0.135296025842078	0.428547197725685
ENSG00000185379.20	14.1662656084245	18	0.718190054211892	0.975924508114625
ENSG00000106070.20	17.679946020864	15	0.27986534627113	0.648650425482921
ENSG00000170260.9	8.02359447861363	6	0.236379806879383	0.591921378027268
ENSG00000145041.15	0.401041605184219	3	0.940027239615377	0.999999882499827
ENSG00000103599.20	11.9971760522009	6	0.062031832876472	0.258272378927364
ENSG00000136247.14	20.5475101398042	15	0.15192000275946	0.458154297567852
ENSG00000185418.16	8.89954022848951	6	0.179307185130722	0.506764789948078
ENSG00000130985.17	2.29197914601536	3	0.514059230968045	0.864203968133877
ENSG00000113966.10	33.3188944732647	12	0.000863050079054032	0.0132429335243527
ENSG00000167566.17	1.93884447070741	3	0.585196275639802	0.912829749651082
ENSG00000146278.11	9.00416923333978	3	0.0292355056314594	0.156591273028217
ENSG00000160570.14	2.07980350635262	6	0.912214622060173	0.999999882499827
ENSG00000092199.17	5.05282890377566	6	0.5370555123922	0.881453875788005
ENSG00000160404.18	52.3550572680124	15	4.93368271174335e-06	0.000198201061295202
ENSG00000074657.14		24	1	
ENSG00000106608.17	12.0670529300169	12	0.440309671754583	0.807966274988395
ENSG00000101236.17	3.07177029785407	6	0.799786511702821	0.999999882499827
ENSG00000087263.17	27.637968347859	15	0.0239482816346042	0.137518283372656
ENSG00000143970.17	2.34287502192069	3	0.504356986279961	0.857687151673687
ENSG00000180628.15	21.342849607453	9	0.0112121035522262	0.0819617367536894
ENSG00000188785.12	11.396722950444	9	0.24949235723494	0.608431886164354
ENSG00000205323.9	0.880314533947967	3	0.830175577653402	0.999999882499827
ENSG00000166261.11	14.4359071234776	15	0.492758586915639	0.84884900359151
ENSG00000140382.15		15	1	
ENSG00000170779.11	4.60442448796312	3	0.203162855107307	0.543983413196712
ENSG00000147649.10	8.56437353488582	6	0.199599872612026	0.538092584757117
ENSG00000168807.16		9	1	
ENSG00000213523.10	5.92341630616284	6	0.431823566839242	0.799652028232288
ENSG00000121775.18	15.5775591808233	9	0.0762447259540369	0.297338567029999
ENSG00000186792.17	5.07015930789203	9	0.828149891140549	0.999999882499827
ENSG00000131748.16	30.4577862947772	15	0.0103737139481753	0.0784175634548744
ENSG00000155506.18	2.44144389893336	3	0.485966482281478	0.843666498593007
ENSG00000070476.15	10.1918766137742	9	0.335176316928773	0.708339986412518
ENSG00000179119.15	2.37631450224126	6	0.882045120408533	0.999999882499827
ENSG00000172661.19	27.1348965206707	12	0.00738890894222038	0.0609023330803452
ENSG00000107140.16	18.9982742732955	9	0.0252075725500277	0.141868916099031
ENSG00000143702.16	11.8475124076467	24	0.981571811507948	0.999999882499827
ENSG00000157823.17	11.680133019483	18	0.86330416036325	0.999999882499827
ENSG00000059377.18	13.9348784437889	3	0.00299514783627864	0.0327686633791965
ENSG00000123130.17	20.1542168114393	15	0.166096233093491	0.485566792950674
ENSG00000131067.17	1.16612848524892	3	0.761139028119331	0.995071128790791
ENSG00000185650.10	0.656845794204855	3	0.883304174298668	0.999999882499827
ENSG00000155906.19	13.6560531711566	12	0.323209095038232	0.696598400723964
ENSG00000132507.18	2.18721507117152	3	0.534470991780438	0.880024027127602
ENSG00000130119.17	4.58086160182938	6	0.598578000199049	0.920794877670637
ENSG00000071205.12	2.0473258141451	3	0.562642382929596	0.897372712738818
ENSG00000173611.18	6.70050715283946	3	0.0820816877604601	0.31120248284939
ENSG00000092931.11	12.1488148579519	12	0.433803396068428	0.801598980904903
ENSG00000066468.23	8.56033387590287	9	0.47880702000371	0.839133688719748
ENSG00000124444.16	10.7362033751469	12	0.551651170130656	0.890728618349614
ENSG00000135924.16	24.9318208248478	9	0.00304753246349905	0.0330454103458747
ENSG00000158290.18	14.6482483122945	12	0.26123853270794	0.624096966094243
ENSG00000181577.16	1.71649035021073	6	0.943841095998331	0.999999882499827
ENSG00000249471.8		6	1	
ENSG00000177666.17	8.3690195653835	6	0.212295063330394	0.558583856306636
ENSG00000136104.21	26.240986096891	15	0.0355647072771733	0.18050114774805
ENSG00000156475.18	6.53797646016756	6	0.365692537142021	0.737401443288076
ENSG00000159267.15		15	1	
ENSG00000172738.12	8.16616076511195	3	0.0426996283079337	0.203967534340247
ENSG00000093167.18	11.1995746781031	12	0.511897029672053	0.862351650711128
ENSG00000088280.19	2.31329234121131	6	0.888750160864013	0.999999882499827
ENSG00000125995.16	2.98880871431902	6	0.810250141137504	0.999999882499827
ENSG00000172375.13	8.17616534311219	9	0.516495252735548	0.866186176163862
ENSG00000221926.13	3.97709946343093	6	0.679775632827433	0.962625522463362
ENSG00000159788.19	32.4489295503499	12	0.00117927814297008	0.0168254026275512
ENSG00000144741.17	0.082890154200868	3	0.993808452416435	0.999999882499827
ENSG00000071537.14	8.53854689849959	3	0.0360989980836345	0.182250451266523
ENSG00000113460.13	1.7008554819331	3	0.636743619172809	0.939803535920666
ENSG00000069974.16	0.813798249980209	3	0.846163907079131	0.999999882499827
ENSG00000214274.10		3	1	
ENSG00000109606.13	52.6064505991672	6	1.40810323672088e-09	1.74217278740521e-07
ENSG00000075420.13	16.7748661893143	9	0.0523605106941272	0.232372089069571
ENSG00000123395.14	7.06782278216269	6	0.314620534458236	0.688580801923732
ENSG00000100099.21	27.0300642788652	24	0.303053714811151	0.675691387443916
ENSG00000158555.15	9.85830001524846	15	0.828557261698304	0.999999882499827
ENSG00000204588.5	4.08257301785443	3	0.252684675713079	0.61268411860909
ENSG00000134352.20	10.2144193917684	12	0.597155980144208	0.919890120624735
ENSG00000127946.17	7.34824835524796	6	0.289838206308601	0.660254681457899
ENSG00000162772.17	24.6473212348064	9	0.00338710863305417	0.035504611331875
ENSG00000155545.20	11.4085947819849	6	0.0765399173756877	0.297889394236657
ENSG00000165175.15	8.89117324848485	6	0.179791550827753	0.507485612585165
ENSG00000179820.16	4.74802562010154	12	0.965869850613577	0.999999882499827
ENSG00000267680.5	8.2792841289056	9	0.506264653038728	0.859395058148861
ENSG00000204310.13	7.81269175265334	6	0.252149729460019	0.61212169398018
ENSG00000141391.14	15.5886765690166	9	0.0759840008388719	0.297086484049099
ENSG00000008952.17	2.11642084013147	3	0.548597865652622	0.888887028209187
ENSG00000156471.13	3.69843159802258	6	0.717409024734752	0.975924508114625
ENSG00000135049.16	24.5349519086676	12	0.0171870090226642	0.109913513140354
ENSG00000079819.19	3.48218072437703	6	0.746338944312769	0.988424864171939
ENSG00000167685.15	16.3757258727946	12	0.174626726691208	0.498619675424651
ENSG00000169764.15	3.81199441685021	9	0.923344997125772	0.999999882499827
ENSG00000157191.20	7.66496989243751	3	0.0534677923242011	0.235253464964778
ENSG00000054611.14	15.6820652489587	9	0.0738251343580176	0.29015686113568
ENSG00000092820.18	1.8643910978426	3	0.601023937658663	0.92150708682025
ENSG00000173598.14	1.23878847154265	9	0.998660694445714	0.999999882499827
ENSG00000123933.17	15.2681261853359	6	0.0182707347722374	0.11422427971958
ENSG00000155096.14	1.778576533663	6	0.938895288626047	0.999999882499827
ENSG00000089050.16	1.86003417768052	3	0.601958761833791	0.9220029362875
ENSG00000083312.17	14.344068293336	6	0.0260201885932083	0.145186403934317
ENSG00000084090.13	2.61104469788552	3	0.455556557953975	0.819984129763935
ENSG00000128272.15	2.26611498207785	6	0.893670098775501	0.999999882499827
ENSG00000113971.20	7.40386782072255	9	0.59514802273088	0.918995182568143
ENSG00000171492.14	4.41487240501738	6	0.620720460969345	0.931230060633501
ENSG00000157020.18	0.0355781938997097	3	0.998234108794183	0.999999882499827
ENSG00000138386.17	10.5923931627513	15	0.780917625387444	0.999999882499827
ENSG00000146457.16	10.2660140737098	9	0.329382318625713	0.703259183198248
ENSG00000104853.16	6.68728722845845	3	0.0825618829292304	0.312537399343041
ENSG00000122482.21	23.3925433751683	15	0.0761536186015809	0.297273265573131
ENSG00000062370.16	1.21923313071443	3	0.748395204820312	0.989244047655617
ENSG00000112096.19	17.1689656816525	15	0.308864400165391	0.682058920142262
ENSG00000108384.15	5.06677073345054	12	0.955711480013336	0.999999882499827
ENSG00000170113.16	17.9470740135093	9	0.0357925632818052	0.181172004702872
ENSG00000140157.15	5.62201306116185	15	0.98542188456116	0.999999882499827
ENSG00000126895.15	12.6769927665932	6	0.0484619154945602	0.221052853165337
ENSG00000204348.10	12.8549352205591	15	0.613501677345089	0.927379626581586
ENSG00000165185.15	5.78542837384339	6	0.447650840069153	0.813827225826167
ENSG00000150054.18	8.30019937172256	3	0.0401982938047217	0.19526886472886
ENSG00000154001.14	10.4784582504235	9	0.313156316453615	0.68725492218697
ENSG00000155256.17	2.6748180706818	15	0.99980419391545	0.999999882499827
ENSG00000100413.17	22.1835265847149	15	0.103081202270727	0.364169751423261
ENSG00000147654.15	5.73894293267222	6	0.45305996871412	0.817636879307876
ENSG00000185499.16	35.0878502815613	15	0.00238917929607138	0.028057762635813
ENSG00000106367.15	0.742824900109554	3	0.863087808262531	0.999999882499827
ENSG00000122565.19	115.129670827533	12	5.75734423546181e-19	2.80929611969359e-16
ENSG00000107938.18	13.7414741404154	15	0.545219834675835	0.887840483874862
ENSG00000095794.19	27.3016094174309	24	0.290591765273269	0.661273828719657
ENSG00000112739.17	68.6161766038349	18	7.73709408929475e-08	5.76383978758988e-06
ENSG00000109576.14	3.5385628610793	6	0.738832207776133	0.985309589011068
ENSG00000076928.18	3.24036124727354	6	0.778130358714334	0.999999882499827
ENSG00000156603.19	0.569747561094118	3	0.903321682636538	0.999999882499827
ENSG00000160908.15	44.4778781983459	15	9.25328537461511e-05	0.00218136916754739
ENSG00000139146.14	0.0562911121160141	3	0.996507340247952	0.999999882499827
ENSG00000113638.14	32.8235391529015	9	0.000143335332278614	0.0030945048766379
ENSG00000119383.20	8.70297898576246	12	0.728068744563748	0.980088240613297
ENSG00000119760.16		9	1	
ENSG00000120756.13	6.73204583987717	6	0.346339822720913	0.717471912328518
ENSG00000179195.16	10.5761489016513	12	0.565548594826933	0.899623266000984
ENSG00000123473.16		12	1	
ENSG00000133466.14	0.528793584882806	3	0.912521548884275	0.999999882499827
ENSG00000168826.16	4.02536201101725	3	0.258738482126886	0.620947459716211
ENSG00000142599.19	16.7645668437508	9	0.0525330439772114	0.232802737768519
ENSG00000072422.17	23.73804634103	9	0.00473524254510089	0.0446318607258051
ENSG00000164683.18	8.96386534180647	6	0.175620480741798	0.500256938575366
ENSG00000132950.19	17.7867251430735	15	0.274044034034303	0.641015115476319
ENSG00000169813.16	4.10361497776466	9	0.904461329858622	0.999999882499827
ENSG00000183655.13	8.64194589544536	3	0.0344503902944398	0.176533431069754
ENSG00000166900.17	20.2764384857655	12	0.0620340666262672	0.258272378927364
ENSG00000126970.16	11.465737344005	9	0.245129945278185	0.602423353303906
ENSG00000039319.17	18.4350620633268	12	0.103104931159183	0.364169751423261
ENSG00000161642.18	25.1903624762226	9	0.00276766357125798	0.0310455503355249
ENSG00000181085.15	8.84070136187074	12	0.716473088523771	0.975924508114625
ENSG00000006744.19	8.96757112069463	9	0.440273045419121	0.807966274988395
ENSG00000182621.18		12	1	
ENSG00000068305.17	8.30002877750667	12	0.761266630551496	0.995071128790791
ENSG00000181904.9	28.8391771138813	12	0.00416241609893852	0.0408251444316996
ENSG00000180917.18	11.1385691254281	9	0.266330231531414	0.6296309906771
ENSG00000165533.19	11.6256495762136	9	0.235245260284115	0.590520944033952
ENSG00000285043.1	2.68810625775222	3	0.442252296745998	0.808895934523044
ENSG00000105655.19		18	1	
ENSG00000124588.21	1.74821101475391	6	0.941338939830962	0.999999882499827
ENSG00000118162.14	6.03652863465049	9	0.736256851908261	0.983937354003834
ENSG00000165675.16	11.6919047733213	9	0.231240688773152	0.585086305869118
ENSG00000185414.20	9.42402077501902	9	0.399088696725959	0.770923711668375
ENSG00000154920.15	33.6517918775426	18	0.0139016298885569	0.0947817834058597
ENSG00000186073.14		6	1	
ENSG00000198056.15	19.2657304050517	9	0.0230258926600941	0.133517341930991
ENSG00000189190.10	0.0533936148722205	3	0.996770711479208	0.999999882499827
ENSG00000214765.8	24.5767405599545	12	0.0169609405940696	0.108704234408476
ENSG00000215717.7		3	1	
ENSG00000187860.10	13.3292550739196	6	0.038095319579534	0.188770827508022
ENSG00000273173.5	2.9811043198406	3	0.39454770298599	0.765942119244137
ENSG00000099364.17	0.931180517090979	3	0.817897451351078	0.999999882499827
ENSG00000197780.10	0.434893520287005	3	0.932943627342321	0.999999882499827
ENSG00000172500.13	4.1563022852788	12	0.98044783456273	0.999999882499827
ENSG00000188352.12	4.57983355788201	6	0.598714483251816	0.920859675658704
ENSG00000108465.15	8.16450549291039	9	0.517656935186842	0.866520416893377
ENSG00000015676.18	57.9709376993487	15	5.61144062226101e-07	3.20245900775703e-05
ENSG00000076555.15	6.70014649498626	9	0.66830596759245	0.95756833618187
ENSG00000158234.12	1.47226457520446	3	0.688686285459216	0.966895333016327
ENSG00000110583.13	4.58248450999963	15	0.99511001417536	0.999999882499827
ENSG00000185022.12	16.7211323483576	3	0.000806472813181227	0.0125125090363046
ENSG00000151640.13	10.3900062215936	3	0.0155259168394641	0.102307510085301
ENSG00000188070.9	0.882713520948528	3	0.829597302984255	0.999999882499827
ENSG00000153130.17	7.73480047092744	6	0.258183445776168	0.620164530226553
ENSG00000086300.16	10.166781578816	6	0.117801922740815	0.393991698085016
ENSG00000172819.17	7.97609299541364	9	0.536557261214712	0.881378208320687
ENSG00000187961.14	9.24898048662726	12	0.681529907209493	0.962804048126439
ENSG00000241258.7	4.85078751177935	9	0.847116615457008	0.999999882499827
ENSG00000188529.15	40.1005959218455	21	0.00723005690929722	0.0602395798485689
ENSG00000102743.15	0.141392325886045	3	0.986444661522468	0.999999882499827
ENSG00000116288.13	5.3726305202581	9	0.800691080033306	0.999999882499827
ENSG00000168003.17	4.14337859407533	3	0.246392254199631	0.604071313808436
ENSG00000109654.16	12.7687168787809	12	0.386073120717043	0.755350357874424
ENSG00000113838.13	6.38178012211256	9	0.701183107839846	0.972675871848566
ENSG00000182568.17	11.1705177945929	3	0.0108386663756384	0.0800715709007231
ENSG00000128294.16	2.28639840431697	6	0.891565452799051	0.999999882499827
ENSG00000188677.15	8.14536785837117	9	0.519565727970146	0.868226359462441
ENSG00000132613.15	6.26780964546197	6	0.393868320564666	0.765079805014048
ENSG00000161955.16	9.87690229015971	15	0.827410796255833	0.999999882499827
ENSG00000157540.22	19.0832790428494	9	0.0244940296978831	0.139624553634136
ENSG00000106348.18	4.16149274430063	9	0.900465384291398	0.999999882499827
ENSG00000148719.15	6.57015961927391	12	0.884664599842197	0.999999882499827
ENSG00000133318.14	0.941226624388946	6	0.987742454777886	0.999999882499827
ENSG00000169598.17		9	1	
ENSG00000121390.19	17.8833676836366	12	0.119278044450796	0.395874014259358
ENSG00000117523.16	33.3327035257898	18	0.015207915466523	0.100619692906982
ENSG00000047579.20	2.13988369333856	3	0.543886254454186	0.886699959441765
ENSG00000069869.16	5.833389796441	3	0.120003603665984	0.396994121887298
ENSG00000188846.14	1.04403511201963	3	0.790598433551431	0.999999882499827
ENSG00000261052.6	2.85444019139686	6	0.82688190192917	0.999999882499827
ENSG00000182903.16	27.6169729644134	9	0.00110501241125339	0.0159539002154165
ENSG00000091436.17	8.70249860731565	6	0.191013521114732	0.524694221745941
ENSG00000163001.12	3.86793625694554	6	0.694542698957309	0.968698167730301
ENSG00000188725.8	14.0700623014563	3	0.0028113205970168	0.0313909355907173
ENSG00000156414.19	1.73742143645177	3	0.628646450236446	0.935694593040491
ENSG00000025293.17	12.2874543267171	6	0.0558548270267469	0.242153379366514
ENSG00000142546.14	0.277367751157726	3	0.964227235733162	0.999999882499827
ENSG00000125246.15	7.87912655001765	6	0.247093266155843	0.604964966772908
ENSG00000197785.14	4.85416219533363	6	0.562649571502701	0.897372712738818
ENSG00000187556.7	4.18548612872723	6	0.651591174486735	0.948419598431548
ENSG00000126709.15	0.497644519600726	3	0.919408594867106	0.999999882499827
ENSG00000100997.20	1.53205606800475	3	0.674891812676703	0.960611098028189
ENSG00000130024.15	16.636280559258	9	0.0547259380772702	0.239125555669098
ENSG00000171703.17	5.99015202737064	9	0.740903515350245	0.985813146004245
ENSG00000173275.13	1.22799341684799	3	0.746298459180239	0.988424864171939
ENSG00000080845.17	4.97901492831625	6	0.546507425407697	0.887858492517681
ENSG00000101391.21	0.305929465772351	6	0.999467902724242	0.999999882499827
ENSG00000180008.9	9.73241429604968	6	0.136382386374327	0.430034154645252
ENSG00000187689.10	4.3041931477178	3	0.23043500805654	0.583956178557199
ENSG00000188396.4	5.87342359223021	3	0.117933487900038	0.394013320238437
ENSG00000156313.15		12	1	
ENSG00000176986.16	6.79708430735082	9	0.658236439136673	0.952347832742076
ENSG00000165792.18	13.4012480411911	12	0.340563034608041	0.71253108989867
ENSG00000151304.6	3.59477641878584	3	0.308676369528115	0.682058920142262
ENSG00000088387.19	9.03167417633995	18	0.959004443257766	0.999999882499827
ENSG00000189067.13	0.42197460726311	6	0.998662599461146	0.999999882499827
ENSG00000112081.17	21.8890776387416	12	0.0387819563301908	0.190570549761497
ENSG00000188659.9	21.881944910298	9	0.00926075185553371	0.0720699181484477
ENSG00000101782.15	17.6630299189683	3	0.000516142813391775	0.00888366440192298
ENSG00000067177.15	5.42584903910483	6	0.490463770386868	0.846407769267098
ENSG00000115827.14	7.60115682304036	9	0.574784435000893	0.906776802646898
ENSG00000132600.17	54.2154034695996	18	1.69855254802147e-05	0.000550302589912875
ENSG00000189171.14	6.11667056160513	6	0.410248396605805	0.780583759500108
ENSG00000153234.15	3.72834570939449	9	0.928365570526162	0.999999882499827
ENSG00000124356.16	16.0056043953009	15	0.381679286201539	0.751821020566153
ENSG00000188895.12	18.019683773724	6	0.0061831922130697	0.0535894962765073
ENSG00000009954.11	0.926604016025522	3	0.819003361122461	0.999999882499827
ENSG00000213096.11	42.525380013431	9	2.63390560015708e-06	0.000115785066450149
ENSG00000150991.15		9	1	
ENSG00000198466.12	4.47800542286404	9	0.87723643051043	0.999999882499827
ENSG00000096070.19	10.6000848058579	9	0.304119579734715	0.677139625514735
ENSG00000106268.15	4.37071560138429	6	0.626642518708884	0.934220033620531
ENSG00000089818.18	16.9562941307559	12	0.151248789068211	0.457402210262372
ENSG00000149328.15	0.726658729166957	3	0.866916348596915	0.999999882499827
ENSG00000135622.13	24.7454128579252	12	0.0160764378165232	0.104659616186005
ENSG00000154640.15	1.60673934941588	3	0.657862684677632	0.952347832742076
ENSG00000124635.9	4.59712215778018	6	0.596420441471862	0.919846818275834
ENSG00000166275.16	1.64926270143587	3	0.648272123776049	0.946051160990578
ENSG00000173588.15	15.3485203466935	15	0.426616177862715	0.795932070127682
ENSG00000198538.11	12.0353934056766	9	0.211321342458032	0.556331727298304
ENSG00000166348.18	18.2629692065411	15	0.249092979452447	0.607876565760546
ENSG00000187764.11	20.0832641543943	12	0.0655271876936233	0.267117721262352
ENSG00000187742.15	11.7377523879641	9	0.228500558814964	0.582076991249081
ENSG00000188994.13	12.8933375222541	6	0.044761373458274	0.211231258984186
ENSG00000196268.12	10.7810917335041	12	0.547766548330169	0.888845844671057
ENSG00000120533.13	1.34772299710312	3	0.717833164871912	0.975924508114625
ENSG00000197472.15	17.2859101611584	9	0.0444224244986415	0.210164542363366
ENSG00000125775.15		3	1	
ENSG00000110321.18	20.4522078233422	9	0.0153177902241603	0.101140943706076
ENSG00000001631.16	11.9564901833473	15	0.682319397858949	0.963128550504879
ENSG00000056972.20	33.9216821850005	15	0.00349263438148115	0.0363323934317475
ENSG00000250571.7	21.250949521338	18	0.266941926871812	0.63061880037328
ENSG00000188997.8	1.72756836880808	3	0.630822209346908	0.937443877115345
ENSG00000151148.14	29.2486600312368	15	0.0149385340229357	0.0997844993359547
ENSG00000148498.16		24	1	
ENSG00000164654.16	17.5444106189862	18	0.486022446468889	0.843666498593007
ENSG00000175920.18	6.59159205076679	3	0.0861194888682835	0.321152912557009
ENSG00000046651.15	12.5084753563569	9	0.186137112107965	0.517230090279507
ENSG00000125170.11	25.6900844598349	12	0.011870833874592	0.0854332358275396
ENSG00000132199.20	16.7461415232683	21	0.726375146565784	0.979507400212171
ENSG00000166123.14		3	1	
ENSG00000182484.15		12	1	
ENSG00000182484.15_PAR_Y		18	1	
ENSG00000138785.15	7.16910612946322	6	0.305491236793046	0.677621407022257
ENSG00000028116.18	0.546719855740776	3	0.908513697819431	0.999999882499827
ENSG00000174928.16	0.29009260509747	3	0.96188089607963	0.999999882499827
ENSG00000081189.16		6	1	
ENSG00000162664.17	4.76707092582365	6	0.574016238091936	0.906389441050141
ENSG00000077380.16	2.48449132023234	6	0.870199280208945	0.999999882499827
ENSG00000270580.5		3	1	
ENSG00000188807.13	1.06853547871287	3	0.784674652891536	0.999999882499827
ENSG00000244687.12	0.39245147931797	3	0.941797390480259	0.999999882499827
ENSG00000152292.17	1.67136470379478	3	0.643318728685632	0.942753559823542
ENSG00000135047.15	5.06810355026391	6	0.535108513590495	0.880419086910514
ENSG00000160194.18	16.826230749095	9	0.0515077500092123	0.229527001068449
ENSG00000175048.17	3.08367566581092	12	0.994923880560095	0.999999882499827
ENSG00000186480.13	2.58673347301374	6	0.858637321065492	0.999999882499827
ENSG00000188229.6	41.0220683849184	3	6.46910555379024e-09	6.44204092851418e-07
ENSG00000117592.9	22.0885707841371	6	0.001166926229863	0.0167225155319133
ENSG00000120253.14	1.20985270415804	3	0.750642209181742	0.989644416235252
ENSG00000189308.11	10.6881747158291	9	0.29768990710963	0.669390738129695
ENSG00000188647.13	44.2701278992645	12	1.37351420564751e-05	0.000465421011559516
ENSG00000149532.16	15.0881443628205	6	0.0195821182054968	0.119215153816247
ENSG00000131236.17	7.27102399716387	12	0.839195720419096	0.999999882499827
ENSG00000163349.22	1.95172302544279	3	0.582486985883065	0.911495173539608
ENSG00000147813.16	18.1691939603916	15	0.253875049990416	0.614158415293689
ENSG00000188185.13	14.1697917167407	9	0.116412300916577	0.39134262647085
ENSG00000154305.18	18.4268437240826	12	0.103331359751783	0.364213586935722
ENSG00000186523.14	16.8732893099583	6	0.00976038092026853	0.0747657436427791
ENSG00000101558.14	9.74911251175217	12	0.637960251471125	0.940079541210666
ENSG00000170802.16	0.244707812978277	3	0.970068279163906	0.999999882499827
ENSG00000188010.14	2.20238083153527	3	0.531479573901337	0.877883972725558
ENSG00000106852.15	2.51594933746219	9	0.980451479438585	0.999999882499827
ENSG00000120833.14	6.45420136241955	6	0.374276538264582	0.744509730314727
ENSG00000106009.16	0.211476239870535	3	0.975715717397909	0.999999882499827
ENSG00000181220.17	0.316771289159078	3	0.956844003174707	0.999999882499827
ENSG00000173681.16	8.06393718496247	3	0.0447086338471376	0.211113571783026
ENSG00000100360.15	8.4434305680079	9	0.490148769451161	0.846191884352359
ENSG00000173230.15	44.0124875244437	15	0.000109470184594753	0.00248446402665162
ENSG00000066427.24	84.3903439283404	21	1.47140852277644e-09	1.77277478688584e-07
ENSG00000248333.8	28.3966742899574	9	0.000818617730414302	0.0126406494163183
ENSG00000196418.12	2.90540494128618	9	0.967927408785379	0.999999882499827
ENSG00000185630.19	36.6777212452944	21	0.0183256108450809	0.114388858573954
ENSG00000188026.13	0.791451732949099	6	0.992300914294949	0.999999882499827
ENSG00000072071.16	1.42621128939754	9	0.997658048375873	0.999999882499827
ENSG00000130816.16	9.2852042235827	9	0.411374840894284	0.781355989156737
ENSG00000068366.20	22.6577303379054	18	0.204087286966291	0.544873917136489
ENSG00000113328.19	1.33692367432377	6	0.96958270804553	0.999999882499827
ENSG00000124496.12	1.28424697033324	6	0.972519232482501	0.999999882499827
ENSG00000171680.23	31.6240579462401	15	0.00724060120528449	0.0602395798485689
ENSG00000010404.18	17.3947374460477	12	0.135342162255079	0.428554237977713
ENSG00000116791.14	21.729156937341	9	0.00977815017492826	0.0748431118095097
ENSG00000130822.16	1.24322848372077	3	0.742656085837979	0.986602333473024
ENSG00000175787.17	7.69473896689624	9	0.565177585312965	0.899472937878217
ENSG00000166192.15	0.685023675648381	3	0.87672075041359	0.999999882499827
ENSG00000070367.16		15	1	
ENSG00000164828.18	11.4647038484109	18	0.873607283406289	0.999999882499827
ENSG00000169398.19		21	1	
ENSG00000162819.12	24.271510652452	12	0.0186783045818668	0.11566089747109
ENSG00000131844.16	2.83471857293262	6	0.829287176567268	0.999999882499827
ENSG00000187609.16	2.17283850415333	6	0.903135990098177	0.999999882499827
ENSG00000124214.19	29.6089328361049	12	0.0031966598367456	0.0339827923167759
ENSG00000189143.9	0.694654370157878	3	0.87446056934635	0.999999882499827
ENSG00000197782.14	14.7305785697899	12	0.256502058150181	0.617617464961168
ENSG00000137819.14	4.76884364841521	6	0.573784051715098	0.906389441050141
ENSG00000188825.14	13.7055368939418	6	0.0331041365191264	0.171568384646922
ENSG00000130714.17	3.8723949702362	12	0.985630389700568	0.999999882499827
ENSG00000167272.11	7.55291921799653	9	0.579750578106509	0.910497697476505
ENSG00000105974.12	6.10444345536234	6	0.411592629889013	0.78146546207916
ENSG00000187634.12	38.3781717149395	18	0.00345071687417428	0.0360551884101358
ENSG00000153107.13	4.37174665774364	6	0.626504108162763	0.934220033620531
ENSG00000160058.19	27.9036376075073	9	0.000989877464450435	0.0147259362432497
ENSG00000034677.13	12.5063487503312	9	0.186244645635453	0.517234347397947
ENSG00000179348.12	14.1172377519833	9	0.118215543183926	0.394550439785203
ENSG00000055732.13	2.64383028481819	3	0.449857292575158	0.815683118663746
ENSG00000128309.16	7.5739066252354	6	0.271010455712005	0.636512891170641
ENSG00000075303.13	6.16856857832227	15	0.976774911631253	0.999999882499827
ENSG00000135454.14	31.6135917407628	24	0.136867434270504	0.431006547610792
ENSG00000119616.11	6.28706185379633	9	0.710879563024267	0.973938352009056
ENSG00000188554.15	0.931604734360008	3	0.817794929729595	0.999999882499827
ENSG00000136925.15	17.8463614666885	9	0.0369984411681638	0.185068061178939
ENSG00000106976.21	12.5680822330474	6	0.0504312359645677	0.226071856581634
ENSG00000080822.17	10.3343197641225	12	0.586656399633233	0.913947827927115
ENSG00000079277.22		18	1	
ENSG00000102401.20	8.57506470354019	9	0.477386261541795	0.838217439076355
ENSG00000124191.18	5.50877168168017	3	0.138114914004723	0.433471779565422
ENSG00000196550.10	2.59481808318378	9	0.978223801503726	0.999999882499827
ENSG00000173065.13	11.2998987890305	12	0.503407180616562	0.85707443748029
ENSG00000050405.13	9.6252886364091	9	0.381662619207915	0.751821020566153
ENSG00000181038.14	17.9419760409219	15	0.265728347402725	0.628817396290783
ENSG00000118564.15	15.6326682235522	18	0.618166410563847	0.930395743475106
ENSG00000179085.8	1.30485844402574	3	0.727979715162296	0.980088240613297
ENSG00000172977.13	24.0521533442443	15	0.064213109292952	0.263411405460243
ENSG00000144468.17	7.13283489468586	6	0.308737315454718	0.682058920142262
ENSG00000164081.13	2.17266177182319	6	0.903153585893247	0.999999882499827
ENSG00000172725.14	1.97690650557342	3	0.577213654977264	0.90840639556896
ENSG00000058668.15	23.4453362535469	12	0.0241744845958608	0.138258626812509
ENSG00000187514.16	5.02039308194071	6	0.541200223465816	0.884480013109362
ENSG00000001167.14	0.26327072960612	3	0.966781458511355	0.999999882499827
ENSG00000135387.21	9.15205469864304	9	0.423358353146667	0.79300463884037
ENSG00000179528.16		3	1	
ENSG00000103253.18	31.7520256547723	18	0.0235204585024575	0.135499500900521
ENSG00000008130.15	22.5650932546923	9	0.00725057114885096	0.0602711446691964
ENSG00000184992.13	46.2939296403165	6	2.58726077584204e-08	2.17664464753814e-06
ENSG00000054654.19	20.7222214525245	18	0.293658239344374	0.66503515325856
ENSG00000140694.17	2.97780973878071	3	0.395059146839331	0.766020706140479
ENSG00000165240.20	2.74718158964697	3	0.432268731425478	0.800081802702468
ENSG00000139990.18	3.79930961294667	6	0.703813544959976	0.973417026750243
ENSG00000161048.11	41.1717406148819	21	0.00533907888470916	0.0484238576541605
ENSG00000151500.15	7.54794639459578	12	0.819384838613075	0.999999882499827
ENSG00000111653.20	15.9843087293484	12	0.191955808695111	0.526007929646785
ENSG00000184481.17	6.00210197885554	6	0.422954656805737	0.792832162443105
ENSG00000106609.16	27.8429905117846	9	0.00101321670341572	0.0150045247475478
ENSG00000131018.24		18	1	
ENSG00000103351.13	24.6087722978955	21	0.264505702756102	0.627533782655339
ENSG00000185722.18	12.2972756452782	6	0.0556561865526784	0.241506769483143
ENSG00000103168.16	16.8878305924227	21	0.7178829595711	0.975924508114625
ENSG00000138777.20	7.94659177311405	12	0.789290009501201	0.999999882499827
ENSG00000143434.16		3	1	
ENSG00000188368.9	0.413542310392586	3	0.937430979834232	0.999999882499827
ENSG00000060762.19	5.01770046868478	3	0.170505607924532	0.493011264187777
ENSG00000148225.16		3	1	
ENSG00000008083.14	12.9494314149028	3	0.00474724890912104	0.0446403851069963
ENSG00000137699.17	3.73111012083245	6	0.713010049885416	0.974397358231553
ENSG00000187325.5	0.395287700606787	3	0.941214216248276	0.999999882499827
ENSG00000176261.15	17.5686275645858	15	0.286022335508017	0.656443520649503
ENSG00000182504.11	4.3850683598962	3	0.222773897066389	0.574537648380257
ENSG00000144355.15	6.77726308112779	9	0.660296813216144	0.953566679623831
ENSG00000141905.19	12.1672112395281	15	0.666330867818531	0.956142176009564
ENSG00000029725.17	6.20394421345191	6	0.400736411682731	0.771971304998114
ENSG00000082397.17	32.9712846956536	18	0.0168244107608491	0.108019358299425
ENSG00000163995.20	5.71672539634255	6	0.455658769926203	0.819984129763935
ENSG00000188186.10	0.262614124512766	3	0.966899231957514	0.999999882499827
ENSG00000204248.11	1.28731915440966	3	0.732146448936332	0.98195464288378
ENSG00000138433.16	6.73341059867744	6	0.346206370830247	0.717471912328518
ENSG00000148308.18	5.12106063301326	9	0.823629935713752	0.999999882499827
ENSG00000158019.21	26.4807802974028	12	0.00917153887613312	0.0715468008730481
ENSG00000064933.18		18	1	
ENSG00000159110.20	1.93332606105832	3	0.586359786997727	0.913665202189177
ENSG00000095383.20	3.20744141299224	3	0.360734214200138	0.732349739209309
ENSG00000213853.10	1.92761522276123	3	0.587565503239635	0.914352816293909
ENSG00000168970.22	1.13350095815713	3	0.768993588066747	0.998823675326394
ENSG00000117543.21	24.9644523934985	15	0.0504228739470784	0.226071856581634
ENSG00000178904.19	1.53778875717626	6	0.956944978817657	0.999999882499827
ENSG00000142046.15	3.10869321305639	3	0.375168526331451	0.745676099484447
ENSG00000082438.17	2.39612998151267	3	0.494355432014537	0.849368778350328
ENSG00000117155.16	9.31430490752064	9	0.408781511180523	0.779312124948373
ENSG00000089289.16	1.5386435421533	3	0.673380565362415	0.960186663179453
ENSG00000182871.16	10.5283861734351	6	0.104092444739057	0.366199772245297
ENSG00000104365.15	45.689356964107	21	0.00140500535595419	0.0192576506583664
ENSG00000168575.10	3.8039477481434	6	0.703187436489667	0.973295851760876
ENSG00000166311.10	12.9885497777395	9	0.16312505744479	0.47964089209358
ENSG00000149596.7	0.141691674883532	3	0.986402801924012	0.999999882499827
ENSG00000183337.17	26.6040409370107	18	0.0867276150267376	0.32309053319237
ENSG00000167081.18	16.167130792468	12	0.183700539827261	0.513236063032991
ENSG00000168214.20	12.2334612362911	12	0.427116984569557	0.79615782817147
ENSG00000215252.11	44.5914141080357	12	1.2105071383968e-05	0.000416721377444838
ENSG00000187527.11	1.61225787802351	3	0.656613633026972	0.951970777669739
ENSG00000120539.15	11.5230310482802	9	0.241552652109574	0.597695824527722
ENSG00000168566.13	8.20298653152349	6	0.22360605886356	0.575043761053354
ENSG00000101084.18	0.873729860875756	3	0.831762318929231	0.999999882499827
ENSG00000131061.14	0.628447883287095	3	0.889890104401157	0.999999882499827
ENSG00000188313.13		12	1	
ENSG00000006534.16	8.83066722045624	12	0.717321634485736	0.975924508114625
ENSG00000188167.9	6.24413490290834	3	0.100318162876448	0.357040463716723
ENSG00000196152.10	2.50281681701631	3	0.474782236515479	0.835650874710949
ENSG00000162434.13	17.5117875144606	3	0.000554532862147738	0.00934660829309114
ENSG00000188162.11		3	1	
ENSG00000107758.16	9.74672882465347	12	0.638169043480019	0.940201040960372
ENSG00000188242.4	0.523096496224753	3	0.913788689376151	0.999999882499827
ENSG00000188735.13	13.9716698567863	9	0.12333656087616	0.403771049174922
ENSG00000111206.13	9.75688521993288	12	0.637279379965595	0.939921376931382
ENSG00000124104.19		18	1	
ENSG00000170412.18	8.00554747052956	12	0.784696720202792	0.999999882499827
ENSG00000179152.20	11.0453539265036	15	0.749372726704703	0.989464418649208
ENSG00000164631.19	2.7744941527917	3	0.427715862610778	0.796503593650316
ENSG00000068383.19	0.424310101239826	3	0.935176056384662	0.999999882499827
ENSG00000125743.10	0.608727996004745	3	0.894431423587304	0.999999882499827
ENSG00000033170.17	11.8067328622947	9	0.224425390835546	0.575460639532578
ENSG00000189227.6		3	1	
ENSG00000132819.17	1.88435917905736	3	0.596751668228216	0.919846818275834
ENSG00000159899.15		15	1	
ENSG00000078699.22	5.22631674005743	6	0.515131275320433	0.865112048847377
ENSG00000143252.15	1.95017612288939	9	0.992231193356527	0.999999882499827
ENSG00000188660.4	3.99652526658065	6	0.677146670096206	0.961228763255115
ENSG00000158321.18	9.69133218469551	15	0.838693713503818	0.999999882499827
ENSG00000130829.18	6.85825207117523	3	0.0765556512701645	0.297889394236657
ENSG00000105137.13	11.1724792898094	9	0.264071448920161	0.627533782655339
ENSG00000163291.14	3.96716559202378	9	0.913560272766183	0.999999882499827
ENSG00000089327.15	0.597287469689036	3	0.897053063530481	0.999999882499827
ENSG00000157350.13	11.4626380910868	9	0.245324598934298	0.602533536701639
ENSG00000138621.12	23.9659609626906	21	0.29471074986633	0.66593571734474
ENSG00000105928.16	9.63387223839391	6	0.140941473569286	0.4377618843293
ENSG00000204941.14	24.8034387591133	15	0.0526462946737725	0.232802737768519
ENSG00000114867.22	8.42651177779771	15	0.905547963752652	0.999999882499827
ENSG00000123728.10	11.4857337412013	9	0.243876861368881	0.600814181398974
ENSG00000141646.14	27.6038449925036	21	0.151748450192241	0.458113494532201
ENSG00000189229.11	27.8138485117815	21	0.145510232813898	0.446598842927515
ENSG00000182957.16	4.90194904640043	6	0.556449132079118	0.893155769730281
ENSG00000188315.8	4.56838791188943	6	0.600234603458314	0.921335790581968
ENSG00000064115.11	4.8909595113073	12	0.961522063587284	0.999999882499827
ENSG00000132676.16	5.4965993064252	9	0.789050221493662	0.999999882499827
ENSG00000144488.15	10.8884670769059	3	0.012344520182819	0.0875509974303272
ENSG00000159023.21	10.1704793552899	9	0.336861151314314	0.709414755217176
ENSG00000189046.11	49.495531329143	15	1.45532616168866e-05	0.00049085885846972
ENSG00000189362.12	3.70712350049917	9	0.929610628023334	0.999999882499827
ENSG00000050748.17	34.1604115621885	18	0.0120330878592623	0.0862194599255074
ENSG00000188002.10	6.22454869778812	9	0.717251134201741	0.975924508114625
ENSG00000145979.18	16.0204977749381	12	0.190299029559537	0.524070223876377
ENSG00000164941.14	36.8813024671981	21	0.0173699323651639	0.110432032541781
ENSG00000105948.13	30.7127383105926	12	0.00217866856266729	0.0262388066337596
ENSG00000007341.19	9.24820296235703	9	0.414685664085288	0.784828670691792
ENSG00000188542.10	55.5971508724483	9	9.37026665431309e-09	9.05390418608331e-07
ENSG00000198517.10	5.18574337071914	3	0.158690531284269	0.470860715963266
ENSG00000057663.16	14.6325312763074	15	0.478195950885286	0.838582980177809
ENSG00000122483.17	10.6063983011099	15	0.779964550294535	0.999999882499827
ENSG00000134215.16	10.3985808628004	9	0.319191416915618	0.693607000151307
ENSG00000140988.16	2.3407407971099	3	0.504761011743582	0.857882743574647
ENSG00000076685.19	42.1158750873256	21	0.00406886614889228	0.0401994937961856
ENSG00000132128.16	6.83793342596437	6	0.336095543808638	0.709012337281993
ENSG00000173875.14	7.31379924866815	6	0.292799462330665	0.663901011358029
ENSG00000267673.6	4.73409052142233	9	0.856844963861522	0.999999882499827
ENSG00000188295.14		6	1	
ENSG00000143512.13		6	1	
ENSG00000100697.15	14.806419832129	6	0.021816965187131	0.128803244562137
ENSG00000196378.13	0.500101283321783	3	0.918869159586636	0.999999882499827
ENSG00000078399.19	14.7574728222626	12	0.254968309511242	0.615442921721546
ENSG00000188629.13	1.64467332451892	3	0.649303392292777	0.946740116214088
ENSG00000101844.18	1.450309117914	3	0.693785509084313	0.96857759502224
ENSG00000122779.18	0.752252482392578	3	0.860850118485327	0.999999882499827
ENSG00000143514.17	4.28632584407933	6	0.637990245049517	0.940079541210666
ENSG00000178467.18	18.6534387666834	12	0.0972423085612673	0.349601846020158
ENSG00000189057.11	6.80233310752738	9	0.657690732968493	0.952347832742076
ENSG00000139793.18	2.85986202712411	6	0.826218968067098	0.999999882499827
ENSG00000140950.16	8.76749744318022	12	0.722650493793646	0.977699696067769
ENSG00000151348.15	35.0351580034512	15	0.00243084546273743	0.0283763407546107
ENSG00000160179.19	4.84930044154015	3	0.183170596475488	0.512489062787927
ENSG00000074527.13	0.282810268932735	6	0.999576015687625	0.999999882499827
ENSG00000148297.16	7.50517826928262	6	0.276640564876041	0.644943925615213
ENSG00000250251.6	2.53352217666907	12	0.998036686357906	0.999999882499827
ENSG00000162390.17	1.18905785998732	3	0.755629867521179	0.992889710130495
ENSG00000181450.18	11.6525317886235	9	0.233614064053146	0.588193924431025
ENSG00000187778.14	2.48357069381746	6	0.870301816355278	0.999999882499827
ENSG00000101353.15	18.3450261158529	6	0.00542539612809428	0.0488886803454036
ENSG00000116237.16	3.21369187899109	3	0.35983689353811	0.732050915997168
ENSG00000143811.19	5.98937380008283	6	0.424381491101594	0.793864629208118
ENSG00000129691.16	9.20573071352192	9	0.41850441318183	0.78882482259006
ENSG00000188707.6	0.884724284049298	3	0.829112538407522	0.999999882499827
ENSG00000118689.15	7.13428933486739	3	0.0677384799090333	0.273391160228394
ENSG00000188177.14	3.31387818641088	3	0.345715725793958	0.717113456669006
ENSG00000140961.14	19.1363427467113	6	0.00393946173862745	0.0393905810525259
ENSG00000125354.23	4.99095439280427	9	0.835096074178023	0.999999882499827
ENSG00000171858.18	0.593102943152189	3	0.898009466018233	0.999999882499827
ENSG00000108107.15	2.43999352981336	3	0.486233261589241	0.843825518005672
ENSG00000148814.18	18.1614282931287	9	0.0333462094544051	0.1725480689637
ENSG00000160712.13	2.5997129075713	3	0.457539880112041	0.821098140863077
ENSG00000106290.15	5.77487630006363	12	0.927002253785854	0.999999882499827
ENSG00000140105.18	5.70325300643162	12	0.930295887505769	0.999999882499827
ENSG00000240230.6	0.0349670045579842	3	0.998279101671757	0.999999882499827
ENSG00000038382.20	25.7952414441534	15	0.0402307633583198	0.195329362991961
ENSG00000067191.16	17.4273157122657	6	0.0078346685673331	0.0637827119931521
ENSG00000121766.16	7.56091613449098	9	0.578926656572268	0.910221562991585
ENSG00000083896.13	4.99146225373988	6	0.544908615046717	0.88762530032397
ENSG00000204673.11	19.2562846973087	9	0.0230998288857609	0.133787080175751
ENSG00000130396.20		18	1	
ENSG00000251369.9	36.4543340111077	6	2.24913610119399e-06	0.000100684950511707
ENSG00000141527.18	0.909357033681943	3	0.823169174373597	0.999999882499827
ENSG00000082996.20	5.68343544845993	9	0.771135495975971	0.999999882499827
ENSG00000178752.16	11.7432919436087	6	0.0679468655642704	0.273675835499752
ENSG00000128683.14	2.13532775540898	6	0.906841100564078	0.999999882499827
ENSG00000235109.7	13.7432169751428	12	0.317405717365064	0.691575328793463
ENSG00000160223.17	1.82454615742478	3	0.60960804013242	0.925463738182057
ENSG00000114030.13	9.22427084432275	12	0.683664738438585	0.963548464405136
ENSG00000080839.12	1.26115925072008	3	0.738376197094989	0.985073589535201
ENSG00000168397.17	35.4724661619839	18	0.00823811930790636	0.065669657021098
ENSG00000146576.13	0.261790018710599	3	0.967046895939445	0.999999882499827
ENSG00000213699.9	4.91764896170207	3	0.177927568353066	0.504147602952065
ENSG00000112679.14	6.99821725425318	9	0.637305026248074	0.939921376931382
ENSG00000130147.16	24.0903088087543	3	2.39186517585856e-05	0.000716018780711771
ENSG00000135845.10	0.372269869407319	3	0.945909394362966	0.999999882499827
ENSG00000136161.12	3.23931211876049	3	0.356178974730967	0.727277800197325
ENSG00000167720.13		3	1	
ENSG00000116678.20	0.745843349156985	3	0.862371751196665	0.999999882499827
ENSG00000189334.9	17.1689559915058	6	0.00868195709691566	0.0685495301851132
ENSG00000260280.5		3	1	
ENSG00000113360.16	21.3033251319866	15	0.127414708904802	0.412554792369595
ENSG00000127616.19	49.8484514873126	15	1.27472973543305e-05	0.00043649429782776
ENSG00000175970.11	4.90984574651338	3	0.17851897136521	0.505122250377816
ENSG00000147316.13	0.548212207788311	6	0.997201379963498	0.999999882499827
ENSG00000006062.17	20.2250039749779	3	0.00015245762355034	0.00326996472137971
ENSG00000113810.16	19.8479376172108	9	0.0188743789254813	0.116347229677928
ENSG00000147403.17	0.872381997294724	3	0.832087028679899	0.999999882499827
ENSG00000139926.16	14.4403433814771	9	0.107500952758836	0.373878046319845
ENSG00000174827.14		3	1	
ENSG00000187555.16	36.4247565841506	12	0.000276780492424922	0.00528591159603681
ENSG00000106991.14	3.59168837222387	3	0.309063695013804	0.682058920142262
ENSG00000129317.14		9	1	
ENSG00000141552.17	8.9108859760745	15	0.882130629434674	0.999999882499827
ENSG00000129991.13	4.21524209003894	3	0.239140286647856	0.594591097425841
ENSG00000169967.16	14.5722377744405	3	0.00222121223663572	0.0265223311489342
ENSG00000196247.11	4.04443245995799	3	0.256706026146103	0.617803726056675
ENSG00000036054.13	8.96049679949829	6	0.175811922454125	0.500656128167438
ENSG00000179335.18	15.2364406166744	12	0.228760188081547	0.582110277513446
ENSG00000150551.11	2.23060206064019	6	0.897315682960432	0.999999882499827
ENSG00000065000.19	2.28063825016579	6	0.892164779016907	0.999999882499827
ENSG00000144381.17	3.03799237846397	3	0.385804510991316	0.755209754447052
ENSG00000185825.17	3.38987956335768	6	0.758558391768162	0.994413565417269
ENSG00000102871.16	9.07070344516978	9	0.430773421383596	0.798920148096258
ENSG00000181852.18	19.1745046186043	12	0.0844032743461297	0.316682642961891
ENSG00000134077.16	13.4023086695452	12	0.340489607745003	0.71253108989867
ENSG00000164733.21	2.2322888095805	9	0.98723917597451	0.999999882499827
ENSG00000138413.14	1.9396891927172	6	0.925160912678267	0.999999882499827
ENSG00000148484.18	4.53357752926968	3	0.209314731784078	0.553727966245817
ENSG00000156642.17	17.0319838729847	9	0.0482174614738979	0.220349172379117
ENSG00000213903.9	3.61721423774088	9	0.934755467461529	0.999999882499827
ENSG00000123159.16	14.8482531570335	9	0.0951894289485859	0.345464349984846
ENSG00000137449.16		6	1	
ENSG00000060656.20	6.22544644491427	9	0.717159802637975	0.975924508114625
ENSG00000095787.23	19.4969266396365	15	0.192091877771503	0.526007929646785
ENSG00000068024.17	5.07931415267831	6	0.533681533142991	0.879329188223607
ENSG00000165806.21	4.95158910746068	6	0.550037048911886	0.890184338363366
ENSG00000139410.15	1.07329636709846	3	0.783524040259995	0.999999882499827
ENSG00000120334.15	26.3221340521541	18	0.0926173077087999	0.339156587591061
ENSG00000104205.16	4.55325791393199	3	0.207588714042091	0.550954109419844
ENSG00000010322.16	43.003189658215	15	0.000157271868302534	0.00336582491834306
ENSG00000172175.15	11.3128227712969	9	0.254874458456553	0.615368589826201
ENSG00000171307.19	2.7100500347733	15	0.999787272776532	0.999999882499827
ENSG00000110171.20	46.2980600154715	15	4.7667353519551e-05	0.00124714665682922
ENSG00000104497.14	8.30604246691883	6	0.216528260768749	0.56454696682934
ENSG00000151292.17	29.0337906406403	18	0.0479676529516483	0.219913312657615
ENSG00000120899.18	5.04646810765416	6	0.537867214176341	0.881898209642854
ENSG00000104067.16	6.25625069144371	12	0.902617350887338	0.999999882499827
ENSG00000090989.18	5.70334011650721	6	0.457228650757824	0.820992530403975
ENSG00000096063.16	10.9253657568679	6	0.0907106642569067	0.333928846655282
ENSG00000127870.17	1.4897440180157	6	0.960172916124545	0.999999882499827
ENSG00000089597.18	6.61215100361733	6	0.358207790639846	0.730258999133957
ENSG00000073792.16		6	1	
ENSG00000107485.18	2.99098809427596	6	0.809977068851087	0.999999882499827
ENSG00000108774.15	5.02980010805186	6	0.539996753588639	0.883606357859075
ENSG00000179361.17	3.33821419925903	6	0.765355152584376	0.997693746612992
ENSG00000087053.20	13.1987038145562	12	0.354765060042831	0.72617165333522
ENSG00000065534.19	18.6422650689128	9	0.0284124120049557	0.154042627086868
ENSG00000077721.16	5.5965548906097	6	0.469864399218029	0.83138904649041
ENSG00000158483.17	7.60474685779082	12	0.815205539270673	0.999999882499827
ENSG00000164978.18	1.63131364481524	3	0.652310686734786	0.949001191390098
ENSG00000128739.23	1.38036857379484	6	0.967041732224223	0.999999882499827
ENSG00000175197.12	19.7430312482247	6	0.0030765538502948	0.0332492680232857
ENSG00000214050.8		12	1	
ENSG00000214063.11	9.21008043798793	12	0.684889745129437	0.964478935457168
ENSG00000143369.15	4.59674558699567	6	0.596470381829232	0.919846818275834
ENSG00000109016.17		12	1	
ENSG00000112242.15	62.6616258967388	3	1.58640378131822e-13	3.96967038509859e-11
ENSG00000102181.21	1.05872187229033	3	0.787046949129111	0.999999882499827
ENSG00000132016.11	11.7214330640218	15	0.699980276199716	0.972506954721697
ENSG00000142192.21	1.76097135437885	6	0.940317791587825	0.999999882499827
ENSG00000116761.12		6	1	
ENSG00000136754.17	16.1443692424	12	0.184712817961834	0.514885001567991
ENSG00000075711.21	35.7561177246789	27	0.120727603310801	0.398437835884378
ENSG00000137812.20	15.2589521376949	9	0.0840642018374731	0.315774651936836
ENSG00000187187.14		3	1	
ENSG00000148358.19	3.78181095152104	3	0.286008922857616	0.656443520649503
ENSG00000179912.20	36.3300152441425	18	0.00639977097321744	0.0550267532402018
ENSG00000072121.16	3.68145810163139	3	0.297978892634051	0.669577714302488
ENSG00000125863.20	2.05127822647046	3	0.561832215088677	0.896895094950515
ENSG00000160087.21	6.47405175404128	9	0.691694168468515	0.968531167803426
ENSG00000049130.16	0.129268583090152	3	0.988107355900516	0.999999882499827
ENSG00000115211.16	32.8354143949182	12	0.001026935566758	0.0151608423927384
ENSG00000085978.22	13.1760888198933	12	0.356372829239021	0.727277800197325
ENSG00000130255.13	4.86928058369085	9	0.845551220915858	0.999999882499827
ENSG00000160789.21	22.9866391345859	12	0.0278395860754832	0.152290650510448
ENSG00000105699.16	18.3585373332567	12	0.105229846550026	0.368875169127932
ENSG00000109572.14	16.7408995089645	9	0.0529314821279697	0.233494269345056
ENSG00000116698.21	12.0317592501142	12	0.443132393233616	0.809230730832122
ENSG00000121067.19	51.6032875888632	18	4.30409054201257e-05	0.00115078409861646
ENSG00000093000.19	4.39745876750567	6	0.623054477306516	0.931979940512927
ENSG00000013561.18	11.5924581439176	9	0.237271365077192	0.592619546466375
ENSG00000131323.16	8.33185529999173	9	0.501079905197084	0.855200908502684
ENSG00000235173.7	7.4572458272196	6	0.280620992322376	0.649876664469404
ENSG00000082805.20		9	1	
ENSG00000177595.18	41.446793715224	21	0.00493486153887837	0.0458120402299313
ENSG00000003756.17	17.7473055215523	9	0.0382210343720495	0.189051735649686
ENSG00000110628.16	8.94722250036284	9	0.442160245049371	0.808895934523044
ENSG00000165671.21	23.0336796531501	9	0.00612111919832898	0.0533337829473403
ENSG00000141503.17	10.2641772104198	12	0.592796711994734	0.917040043134608
ENSG00000136238.18	12.2131539759575	6	0.0573790723575778	0.246783356113562
ENSG00000108509.21	8.91609103389601	9	0.445055569551928	0.811510434535049
ENSG00000175104.15		6	1	
ENSG00000116604.18	24.5635237828101	6	0.000411182790660522	0.00743098676677044
ENSG00000141198.16	19.0088722330147	12	0.088314560540426	0.327310231393959
ENSG00000119139.21	12.7110343508721	12	0.390389096562007	0.761352356784297
ENSG00000005448.17	0.855836601069314	3	0.83607020324911	0.999999882499827
ENSG00000196557.13	28.2641566624822	9	0.000861576498056726	0.0132411418024183
ENSG00000183765.22	41.9380312933026	24	0.0131124595656481	0.0911428012116526
ENSG00000215788.11	11.4575578393519	12	0.490165254866675	0.846191884352359
ENSG00000157450.16	6.98374029092156	15	0.95809936847713	0.999999882499827
ENSG00000165209.19	0.473788973060437	6	0.998142986201046	0.999999882499827
ENSG00000032219.19	8.32064340799957	6	0.215540633837296	0.56357627333007
ENSG00000159714.12	2.81300491759532	3	0.421363548185228	0.791623663408459
ENSG00000174371.17	11.3355402047237	12	0.500402654565083	0.854746114281275
ENSG00000100938.18	111.871681620964	24	2.65256800962106e-13	6.31375883070535e-11
ENSG00000173267.14	5.64568392533965	3	0.130180157991266	0.417577014557542
ENSG00000085511.20	47.4103217238571	18	0.000184134599634228	0.00378899762182537
ENSG00000197381.16		15	1	
ENSG00000153250.20	3.93684650520117	9	0.91551970397903	0.999999882499827
ENSG00000187953.10	3.5870072626858	6	0.732360075557526	0.98195464288378
ENSG00000100241.21	23.6202286060616	9	0.00494387517364263	0.045818877321537
ENSG00000112294.14	9.34968296569241	6	0.154846100159507	0.464366585742451
ENSG00000166165.13	2.94239421922248	6	0.816041485209868	0.999999882499827
ENSG00000132153.15	32.5962375792587	15	0.00533584723244703	0.0484238576541605
ENSG00000184500.16	2.1260661180786	3	0.546657436303265	0.887954380972631
ENSG00000176700.20	6.47014992361392	9	0.692096189485817	0.96857759502224
ENSG00000101079.21	5.61096451592312	3	0.13215031217898	0.421455848547277
ENSG00000101126.18	6.94143178126251	12	0.861459581857585	0.999999882499827
ENSG00000011304.21	1.25788794097025	3	0.739156445258438	0.985309589011068
ENSG00000141959.17		3	1	
ENSG00000166321.14	14.0446576874592	12	0.297865612020442	0.669577714302488
ENSG00000146833.15	3.93775493226894	9	0.91546132830673	0.999999882499827
ENSG00000065183.16	0.777889200126083	3	0.854748003166447	0.999999882499827
ENSG00000110756.18	5.30941892100964	9	0.806544473169016	0.999999882499827
ENSG00000166710.20	7.03144330903888	9	0.633845575359847	0.93885243764052
ENSG00000142208.16	19.259763845228	15	0.20220308475638	0.542562525195906
ENSG00000168036.18	27.9757298519107	15	0.0217214501885504	0.128394689515484
ENSG00000144744.17	3.90024749087752	6	0.690173616765722	0.968043666987954
ENSG00000213066.13	6.76454146978904	6	0.343172301538742	0.714463483496644
ENSG00000126012.12	3.89036703763122	6	0.691509857998353	0.968531167803426
ENSG00000104356.11	7.59122038537498	6	0.26960644346513	0.634833314365995
ENSG00000035928.16	3.02559197076334	6	0.805627981810282	0.999999882499827
ENSG00000101019.22	4.39825165793445	6	0.622948162703794	0.931979940512927
ENSG00000171631.15	29.1875929676426	12	0.00369492327324011	0.0376003714531285
ENSG00000136861.18	26.7372836036229	24	0.316847235165166	0.691129228425761
ENSG00000143398.20	4.20451061816129	9	0.897443709858097	0.999999882499827
ENSG00000104728.16	8.28567575474244	9	0.505633149506181	0.858916258665069
ENSG00000085274.15	15.2238621592242	9	0.0849675670810638	0.318284161891617
ENSG00000086717.18	11.7924010732171	3	0.00812921917628926	0.0651630571872632
ENSG00000166833.22	2.51156181411852	9	0.980570937611443	0.999999882499827
ENSG00000135931.18	5.287638967151	9	0.808547835579393	0.999999882499827
ENSG00000102908.22	21.2804076060866	9	0.0114619089837314	0.0834752013225631
ENSG00000116117.18		3	1	
ENSG00000168734.14	6.48891630903381	6	0.37070271612621	0.741785484247629
ENSG00000136152.15	33.6955401491559	9	0.0001009880297512	0.00232439193948577
ENSG00000149451.18	24.9840207126517	15	0.0501584450321681	0.22540781808316
ENSG00000165264.11	2.05773800978204	6	0.914312539534924	0.999999882499827
ENSG00000143498.18	19.1167328581778	12	0.0857500205151353	0.320503427884797
ENSG00000132780.17	25.3827537917678	9	0.00257570928254907	0.0294336614618224
ENSG00000144524.18	25.2671421623381	9	0.00268945367993149	0.0303426340606375
ENSG00000089820.16	9.02094056208193	6	0.172403809129127	0.495724447051016
ENSG00000149927.18	6.98980174145686	6	0.321791359190064	0.695767203369539
ENSG00000160767.21	11.4983347964298	12	0.486761414783152	0.843944536462699
ENSG00000119711.13	6.24379652149537	6	0.396441465483579	0.767938122599096
ENSG00000122545.20	4.84342191103497	6	0.564046779090036	0.898465952578654
ENSG00000136197.12	14.3553094605631	9	0.110235657114365	0.378799217527849
ENSG00000072518.20	8.24708707041009	9	0.509450496506085	0.861112186204486
ENSG00000134759.14	61.5324026527524	27	0.000165521900282243	0.00351790433663521
ENSG00000106244.13	2.04949474957539	3	0.562197691748402	0.897179416153544
ENSG00000165698.16	1.01143486330011	3	0.798485084721313	0.999999882499827
ENSG00000143612.21	17.0830633001169	18	0.517401264598885	0.866520416893377
ENSG00000102710.20	61.4070837675827	24	4.03222377420619e-05	0.00109004077042876
ENSG00000109911.19	36.9864358187806	18	0.00526187369224835	0.0479912386566838
ENSG00000111716.14	0.0877833287231624	3	0.993262039628778	0.999999882499827
ENSG00000175054.16	13.8840830499903	12	0.30817173840974	0.68165185746615
ENSG00000172273.13	42.1150903139242	21	0.00406979197362756	0.0401994937961856
ENSG00000113296.14	13.32352863439	6	0.0381764905424395	0.18892716592478
ENSG00000184209.15	7.19286696886411	9	0.617046910423052	0.930001667771207
ENSG00000149485.19	0.443803776797722	3	0.93105216178849	0.999999882499827
ENSG00000127955.17	31.8222912643978	15	0.00680636649911039	0.057459628602784
ENSG00000136811.16	59.4108742809694	15	3.18356764282358e-07	1.99156645040483e-05
ENSG00000169251.13	16.3233999814402	9	0.0604276689299483	0.254845990098256
ENSG00000172062.17	3.21806712179387	3	0.35920992929614	0.731537917362485
ENSG00000120784.16	2.64300991659354	3	0.449999195258882	0.815683118663746
ENSG00000136699.19	3.60005407754943	6	0.73061384537191	0.981155981420733
ENSG00000062485.19	0.759832025447395	3	0.859048541802116	0.999999882499827
ENSG00000122490.19	1.71098349801105	6	0.944270176096911	0.999999882499827
ENSG00000169062.15	25.7548662984482	15	0.0406795844861205	0.19662806587422
ENSG00000085063.17	10.964443699806	12	0.531968310759856	0.877883972725558
ENSG00000179295.18	1.47758094902747	6	0.96096984524318	0.999999882499827
ENSG00000091129.21	6.49458090767712	6	0.37012180827933	0.74093553305611
ENSG00000134330.19	24.2552408392075	15	0.060883895446616	0.255942816968913
ENSG00000075407.18	5.3317109966456	9	0.804486799452096	0.999999882499827
ENSG00000055147.19	16.2649553924675	18	0.574061942948833	0.906389441050141
ENSG00000117448.13	23.6405222304747	18	0.167161104478276	0.48718175335235
ENSG00000165119.21	7.02642971137539	9	0.634367574413435	0.93885243764052
ENSG00000127989.14	9.00580505756625	12	0.702434525197073	0.973295851760876
ENSG00000163029.16	17.897795356279	12	0.118829229770227	0.395731383876082
ENSG00000137497.18	28.0778430317441	15	0.0210868164619394	0.125786211401019
ENSG00000128191.16	25.275788898789	12	0.0135687245265368	0.0930549421324472
ENSG00000131473.17	16.135472197333	9	0.0641059056110114	0.263082225760244
ENSG00000213024.12	7.95057505416116	9	0.539134662525856	0.883045991390835
ENSG00000110025.13	1.31234033831606	3	0.726204847561583	0.979507400212171
ENSG00000106610.15	12.3822368563579	6	0.0539650329696157	0.236694272696845
ENSG00000126215.14	27.7185141224145	18	0.0664700030381808	0.270396314985246
ENSG00000160190.14	4.89169856425565	9	0.843645087193383	0.999999882499827
ENSG00000078618.22	14.3508984355722	6	0.0259528374612369	0.144976382818667
ENSG00000160200.18	7.42012762369996	12	0.828647952931563	0.999999882499827
ENSG00000143224.18	27.2235717372714	15	0.026966686579154	0.149019192710059
ENSG00000120685.20	11.8010920236056	6	0.0665561771547857	0.270634055355648
ENSG00000100243.21	0.29277216483024	3	0.961382059718379	0.999999882499827
ENSG00000164611.13	0.009471453668084	3	0.999755538721092	0.999999882499827
ENSG00000186283.14	4.39964596170466	3	0.221418217008462	0.572858001003601
ENSG00000130707.18	1.49955185060389	3	0.682373766847782	0.963128550504879
ENSG00000114739.14	11.7168926579402	3	0.00841864834493691	0.0669035742656672
ENSG00000128585.18	65.3076643958757	12	2.39150521444504e-09	2.74572933973754e-07
ENSG00000140526.18		3	1	
ENSG00000177565.18	27.2316160143546	18	0.0747525601695114	0.293211509121488
ENSG00000132432.14	0.75478300312534	3	0.860248886178105	0.999999882499827
ENSG00000124508.17	3.53047585155173	6	0.739910700923998	0.985578928364237
ENSG00000151575.14	0.984507796997491	3	0.805000540925462	0.999999882499827
ENSG00000213782.7	4.45602252703975	3	0.216246681421734	0.564415983951511
ENSG00000147604.14	5.27760790474713	6	0.508732249266914	0.861042929241206
ENSG00000012048.23	34.857260025512	21	0.0292701988965811	0.156691097658659
ENSG00000188283.11	6.95137682545283	6	0.325367279363456	0.698934615894287
ENSG00000143367.16	0.532969555607451	3	0.911590684596277	0.999999882499827
ENSG00000165138.18	24.0534115209193	12	0.0200034189048538	0.121064496736224
ENSG00000164924.18	9.62277440197067	9	0.381877424151669	0.751821020566153
ENSG00000006007.12	13.0830504836777	6	0.041735893288423	0.200246107473805
ENSG00000178184.16	1.91997119068401	3	0.589181964463852	0.914967995762303
ENSG00000118260.15	38.0183078703813	21	0.0128250831432196	0.0896561507125215
ENSG00000029363.17	36.5420175479958	15	0.00147561542392821	0.0200564497522499
ENSG00000108557.19	15.6500232531798	6	0.0157609396803334	0.103298193646994
ENSG00000105983.22	43.1075279914367	21	0.00304559503386273	0.0330454103458747
ENSG00000157837.16	25.4918378609018	6	0.000276775536125075	0.00528591159603681
ENSG00000065559.15	0.0226976372632635	3	0.999096694895614	0.999999882499827
ENSG00000101199.13	26.3268530087225	12	0.00964666652083329	0.0741274162022142
ENSG00000125740.14		15	1	
ENSG00000164144.16	15.7707518253774	9	0.0718259869807326	0.284591882641076
ENSG00000056998.20	9.3992301555445	9	0.401267036457863	0.772145231581547
ENSG00000125826.21	18.5869146733457	15	0.233066673026816	0.587421916856585
ENSG00000131584.19	30.8042555195607	12	0.00210998373600955	0.0257713783225497
ENSG00000100814.18	3.43718873350372	3	0.329000366683831	0.702914697816636
ENSG00000166913.13	20.3999289594503	6	0.00234997623019376	0.027697364771088
ENSG00000107175.12	0.456037888790888	3	0.928437919572046	0.999999882499827
ENSG00000119599.17	17.6615950721844	15	0.280874139875255	0.65015434797026
ENSG00000072571.20	5.48847243130149	6	0.48285106190388	0.842232507441005
ENSG00000095485.18	5.48355423399698	6	0.483446623934751	0.842426581809709
ENSG00000146828.18	17.68539409818	9	0.0390040140849975	0.191358735122044
ENSG00000167468.18	3.24169450043701	3	0.35584047268728	0.727080031237042
ENSG00000162430.17	12.8647357939644	3	0.00493844311116792	0.0458120402299313
ENSG00000198168.9	14.5778586955075	6	0.0238067740749131	0.136857109781243
ENSG00000125875.14	23.8937541091195	6	0.00054628653371125	0.00928131382064467
ENSG00000172269.19	4.38671323936433	6	0.624495662807847	0.932729288849369
ENSG00000114982.19	26.76088058599	9	0.00153196207447251	0.0206497484596371
ENSG00000198276.16	17.7327902272082	9	0.0384032922152798	0.189399682696922
ENSG00000168394.11	3.5832501150544	3	0.310124286130821	0.682875204952772
ENSG00000163104.18	10.4186653086435	6	0.108092579881533	0.375133530250312
ENSG00000105499.14		3	1	
ENSG00000145833.16	8.02042340829212	6	0.236610851079452	0.591921378027268
ENSG00000170456.16	9.92433458132928	6	0.127874832919409	0.413358891838525
ENSG00000185596.16	14.8652545036748	15	0.461166095774724	0.824422042254174
ENSG00000204524.7	10.0276896132692	3	0.0183322240813263	0.114388858573954
ENSG00000196154.12	1.40123973414302	3	0.705244156353752	0.973417026750243
ENSG00000196504.19	28.8854624643573	12	0.00409719782435676	0.0403070096450581
ENSG00000119720.18	20.4338980482289	15	0.155912005535132	0.465731638205495
ENSG00000198612.11	1.86439570091898	6	0.931737931533651	0.999999882499827
ENSG00000196391.11	8.40622978671354	6	0.209826344138883	0.553919441708407
ENSG00000132781.19	56.5596827630143	24	0.000192201395800263	0.00388342323315687
ENSG00000138347.16	7.08468492858083	3	0.0692470021671649	0.277528334352921
ENSG00000143437.21	5.88807997020558	9	0.751065396360914	0.989722235635764
ENSG00000113108.19	76.0611514370175	21	3.63618174995011e-08	2.95712480814693e-06
ENSG00000023191.17	12.6679513996351	15	0.627928062385148	0.934993890878343
ENSG00000170291.15	12.4510833096792	6	0.0526298633723982	0.232802737768519
ENSG00000197548.12	8.32569009627332	12	0.759189065141271	0.994486723048813
ENSG00000100058.12	1.25745451142575	3	0.739259843297371	0.985309589011068
ENSG00000196628.20	37.1728440775105	21	0.0160809801203671	0.104659616186005
ENSG00000213658.12	12.586408767626	6	0.0500947105135756	0.225287686590776
ENSG00000196497.17	0.435073233398725	3	0.932905584696092	0.999999882499827
ENSG00000163159.14	9.49564679813921	3	0.0233777163116477	0.134916104958823
ENSG00000105875.14	41.8264977930048	12	3.5619660096067e-05	0.000998741423671578
ENSG00000102317.18	33.2467841222533	15	0.00433842602467183	0.0421700194967852
ENSG00000107104.20	3.46771810661858	9	0.942840233996585	0.999999882499827
ENSG00000197713.15	25.5877157328068	21	0.222607299241469	0.574259749748215
ENSG00000197461.13	7.10290427518407	9	0.626406377903789	0.934220033620531
ENSG00000197971.16	32.2517757785963	12	0.00126520515520587	0.017597072569222
ENSG00000197043.14	10.7314607649751	6	0.0970390743876064	0.349448091124963
ENSG00000185485.14	14.6694086163152	12	0.260015233043413	0.622425544115417
ENSG00000135525.18	7.83232001182478	6	0.250647216535179	0.610105980074959
ENSG00000112282.18	21.259021082366	9	0.0115486786339339	0.0837944645268112
ENSG00000162194.12	11.0944082849355	12	0.520845692333326	0.869733032483214
ENSG00000119574.13	5.80154105320708	6	0.445784941100773	0.811948106828099
ENSG00000162971.11	10.5933000937061	9	0.304618815646042	0.677621407022257
ENSG00000054118.15	3.00859674471576	3	0.390301625517653	0.761352356784297
ENSG00000198208.12	4.49678412403227	6	0.609768289897023	0.925463738182057
ENSG00000149948.14	4.93460299510866	6	0.552227795073895	0.891106862040296
ENSG00000197857.14	25.4199642455374	9	0.00254010082255258	0.0291633457968125
ENSG00000122566.21	1.37602628115565	3	0.711163799819446	0.973938352009056
ENSG00000104081.14	4.76801999843156	9	0.854043515549647	0.999999882499827
ENSG00000129007.14	11.1725610682711	6	0.0831874092764602	0.313884126803179
ENSG00000164048.14	3.85674935235829	3	0.277353875332621	0.645676915574797
ENSG00000134602.16	1.49217668808706	6	0.960012540828157	0.999999882499827
ENSG00000182670.13	8.5983152220324	12	0.736802517899208	0.98418502219797
ENSG00000197121.15	16.5441438356472	6	0.011112988536952	0.0813590811193658
ENSG00000118495.20	33.2674881066378	18	0.0154885262642414	0.102130086359954
ENSG00000143149.12	11.2374759487429	6	0.0813084505124902	0.309111479762911
ENSG00000197601.13	0.440587470289756	3	0.931736156512038	0.999999882499827
ENSG00000136352.18	1.02522355039997	3	0.795148915694436	0.999999882499827
ENSG00000154727.10	7.3510761168036	3	0.0615109782467062	0.25744734477477
ENSG00000004455.17	8.57738551864168	9	0.477162598469621	0.83797549009628
ENSG00000243477.6	19.0065778456701	9	0.02513702317938	0.141868916099031
ENSG00000079974.17	14.2591947473093	21	0.858210344103999	0.999999882499827
ENSG00000105518.14	1.59943423484219	6	0.952618069646054	0.999999882499827
ENSG00000165915.14	8.92537734945654	12	0.709290652175603	0.973417026750243
ENSG00000129055.12	3.88482660591399	6	0.692259070583187	0.96857759502224
ENSG00000168079.17	5.62795194834513	3	0.131182845579649	0.419329639702521
ENSG00000164093.17	2.50218135498744	3	0.47489699263725	0.835650874710949
ENSG00000198431.16	3.17080683028325	6	0.787123670326157	0.999999882499827
ENSG00000166908.18	2.83758639783082	3	0.417349844128759	0.787537292328415
ENSG00000114698.15	0.940931461100661	3	0.815540532193476	0.999999882499827
ENSG00000089177.19	0.612540913022485	3	0.893555512226978	0.999999882499827
ENSG00000197586.13	18.2051852884579	18	0.442214503692119	0.808895934523044
ENSG00000196388.8	4.05418455196173	3	0.255672307594864	0.616532258418157
ENSG00000173848.19	5.16508364829679	3	0.16010040892733	0.473460572946003
ENSG00000135951.16	13.7238265116562	12	0.318690826934197	0.692827752294682
ENSG00000133961.20	29.2721800280524	15	0.0148341619494749	0.0992912115671645
ENSG00000140398.14	25.4398506707676	24	0.382183725473858	0.751821020566153
ENSG00000197386.12	28.882117344162	12	0.00410187825838834	0.0403124168415024
ENSG00000168301.13	3.98201008068918	6	0.679111070555857	0.96245206760886
ENSG00000179454.14		9	1	
ENSG00000084623.11	3.3904633577913	3	0.335248983564486	0.708339986412518
ENSG00000213533.13	22.5435141704256	12	0.0318610294337384	0.167347570637165
ENSG00000197858.11	8.97088997391984	12	0.705414790889933	0.973417026750243
ENSG00000197299.12		15	1	
ENSG00000198399.14		15	1	
ENSG00000170949.17		9	1	
ENSG00000132549.18	0.71206457033486	3	0.870362638439385	0.999999882499827
ENSG00000112319.19	52.2690346639756	15	5.09822140009085e-06	0.000203075684259129
ENSG00000183092.16	2.06498288047646	3	0.559029383176452	0.895529834277576
ENSG00000133104.14	6.29675787398446	9	0.70988922834117	0.973417026750243
ENSG00000198663.17	35.5207923088801	6	3.41542046208199e-06	0.000146339650116998
ENSG00000198182.13	2.43912479427524	3	0.486393110540018	0.843859620579561
ENSG00000197021.9	6.98255820787381	12	0.858764024454011	0.999999882499827
ENSG00000047249.18	7.86293633432069	12	0.795747620868744	0.999999882499827
ENSG00000188610.12	11.9685809575331	6	0.0626734061997722	0.259936154315162
ENSG00000197226.12	18.8796359392873	6	0.00437181282018633	0.0423713574762806
ENSG00000135316.18	15.5350286303146	6	0.0164796396243646	0.106295309381477
ENSG00000185009.12	1.67231786106458	3	0.643105602688192	0.942753559823542
ENSG00000196776.16	11.4657970900153	6	0.0750039481854258	0.293843247828812
ENSG00000198160.14	2.40928924230957	6	0.878478311035218	0.999999882499827
ENSG00000103528.17		9	1	
ENSG00000106868.17	6.31387851077216	3	0.0972988688730817	0.349601846020158
ENSG00000161091.13	15.8228636049462	12	0.199484614778942	0.538074039104553
ENSG00000115380.20	3.99723643634934	9	0.911594323577588	0.999999882499827
ENSG00000198223.16		9	1	
ENSG00000198223.16_PAR_Y		9	1	
ENSG00000198270.13	27.9310680043855	27	0.414534179628034	0.784828670691792
ENSG00000050555.18	2.55637478610879	6	0.862105845031346	0.999999882499827
ENSG00000243943.10	8.38328356145212	12	0.754506828056529	0.991958804678782
ENSG00000141696.13	5.91001971523656	9	0.748889058211527	0.989450382812016
ENSG00000198055.11	2.34440891103441	9	0.984779304250744	0.999999882499827
ENSG00000111785.21	12.8929439062094	12	0.376869807722715	0.747079515248015
ENSG00000196218.13	0.768325412350123	3	0.857027192572207	0.999999882499827
ENSG00000011332.19	30.006222367203	12	0.00278641298213636	0.0312199819663246
ENSG00000141556.21	40.1739391819428	15	0.000426869675363164	0.00767186217655455
ENSG00000223959.8	47.125496472021	21	0.000903280953062038	0.0136668508851666
ENSG00000196367.14	28.470353904424	15	0.0188035367416261	0.115994762997174
ENSG00000176444.19	45.2300011719708	15	7.04282653653722e-05	0.00173095666872233
ENSG00000196923.14	1.18259083632438	6	0.977735870370119	0.999999882499827
ENSG00000078269.15	6.73941368312762	3	0.0806840336076796	0.307852327588975
ENSG00000005812.11	10.7877409543071	9	0.29053933371543	0.661273828719657
ENSG00000186591.13	17.2104102374578	6	0.0085402809020952	0.0675949726873861
ENSG00000107560.12	2.79125147005107	3	0.424942106467083	0.794417087511263
ENSG00000163946.13	10.4055861331581	12	0.58042484472393	0.910523398112977
ENSG00000196588.19	25.8346114788255	12	0.0113271771328158	0.0826790737764765
ENSG00000101966.13	44.8267115605345	12	1.10337182764347e-05	0.000388729446425004
ENSG00000079805.17	12.0172206547868	15	0.677725116098315	0.961228763255115
ENSG00000166987.15	10.9012513027601	12	0.537399932265739	0.881722585571847
ENSG00000171490.13	3.4244850614341	12	0.991732782315922	0.999999882499827
ENSG00000187239.17	6.14312692512613	6	0.40734954571651	0.778856183898357
ENSG00000196792.12	18.2218024387348	12	0.109119932786626	0.37655637343164
ENSG00000181924.7	7.04795145030948	6	0.316435447174987	0.690848664201498
ENSG00000183605.17	18.7260391531454	15	0.226417962550978	0.578988417874925
ENSG00000160323.18	4.6835645657452	3	0.196489617217226	0.532798603618479
ENSG00000134882.16	1.0694720042593	3	0.784448298936633	0.999999882499827
ENSG00000197136.4	2.30013206089643	3	0.512495608087176	0.862913153782393
ENSG00000198242.14	10.1112696011551	3	0.017643601623875	0.111445895305758
ENSG00000128609.15	19.13385884944	18	0.383624376189123	0.753429319225125
ENSG00000122299.12	3.03724772004352	6	0.804157541278349	0.999999882499827
ENSG00000185246.18	41.6711754993739	18	0.00122898658959045	0.0173158723282069
ENSG00000197969.14	20.8131616083701	18	0.288943873469648	0.659448844993053
ENSG00000119899.13	3.09570929689016	3	0.377102793683063	0.74723506071574
ENSG00000119684.16	21.6895442850728	21	0.417585380598744	0.787785758604899
ENSG00000040341.18	11.5078711607566	12	0.485966666636714	0.843666498593007
ENSG00000172731.14	28.4806827339762	15	0.0187466673127544	0.115833227479195
ENSG00000182534.13	0.0415952858566016	6	0.999998523884289	0.999999882499827
ENSG00000188243.12	5.57564909133362	12	0.935946472579979	0.999999882499827
ENSG00000131828.14	4.33579650276806	12	0.976586810725567	0.999999882499827
ENSG00000197530.12	62.153844080909	27	0.000136745424264345	0.00299887324808031
ENSG00000184949.16	4.52220862684953	6	0.606378578203335	0.924810166915778
ENSG00000225830.14	13.0437212442675	12	0.365870861766309	0.737401443288076
ENSG00000197451.12	5.33155111805536	6	0.502045100179752	0.856249236744879
ENSG00000196295.12	22.830219328127	24	0.529838478549774	0.877643789045171
ENSG00000197223.11	10.3266781332495	6	0.111551998545523	0.381443517820268
ENSG00000186153.17	19.9087803980146	15	0.175459983891249	0.499945688407211
ENSG00000197321.15	15.4391729585404	9	0.0795576913806268	0.305310070854714
ENSG00000178053.19	12.8177985301481	15	0.616368735948761	0.929874909092901
ENSG00000173890.17	0.019086699815773	3	0.999302683962522	0.999999882499827
ENSG00000101166.16	10.992459770001	9	0.27622613582492	0.644593701462313
ENSG00000159199.14	2.32156909885816	6	0.887878134148443	0.999999882499827
ENSG00000164209.17	12.6939857442485	9	0.176948943912939	0.503013324685806
ENSG00000198420.10	9.64511671615764	6	0.140414561263265	0.43709910793244
ENSG00000196262.14	5.21026815846562	6	0.517141457481284	0.866520416893377
ENSG00000204681.11		12	1	
ENSG00000198648.11		3	1	
ENSG00000198373.12	1.54250828801014	6	0.956621038527269	0.999999882499827
ENSG00000196233.14	8.09506381427786	6	0.231221116337258	0.585086305869118
ENSG00000204977.10	6.52883827929327	6	0.366622162250244	0.737856399546325
ENSG00000189409.14	9.3695288648741	6	0.153837651610996	0.46265073715615
ENSG00000066933.16	0.272386750094825	3	0.965135275927284	0.999999882499827
ENSG00000050130.18	18.1993934722268	12	0.10976901672388	0.377796793862764
ENSG00000019144.19	3.95327880516197	9	0.914460577194495	0.999999882499827
ENSG00000119004.16	23.0108813019001	6	0.00079284235376069	0.0123206186789022
ENSG00000196878.15		9	1	
ENSG00000020129.16	11.9171216359973	9	0.218022028555203	0.567380527112061
ENSG00000215440.12	4.62865651018365	6	0.592242790033319	0.916851508819565
ENSG00000197170.10	9.70932909318071	9	0.37452510559841	0.744852354908271
ENSG00000198382.9	6.29825184882157	6	0.390622299135576	0.761654948504314
ENSG00000035115.22		36	1	
ENSG00000243716.10	58.9877288422031	21	1.81518820659486e-05	0.000577963307281878
ENSG00000196712.18	35.2332950117689	9	5.4193267177405e-05	0.00139544088228046
ENSG00000189164.15	0.648908292403291	3	0.885150200650699	0.999999882499827
ENSG00000077235.18	17.8980328068428	12	0.118821855120147	0.395731383876082
ENSG00000164649.20	0.532423302287498	9	0.999960149932248	0.999999882499827
ENSG00000008128.23	20.7117412349326	27	0.799601235040362	0.999999882499827
ENSG00000197217.13	8.34299681884113	12	0.75778486000426	0.994095880224176
ENSG00000196498.13	44.8930789258884	21	0.00178879747357656	0.0227896534525243
ENSG00000140326.13	13.4390864400766	12	0.337949618382611	0.710418762170251
ENSG00000127914.17		12	1	
ENSG00000100401.20	0.871234905192978	3	0.832363345980335	0.999999882499827
ENSG00000145907.15	115.307167711013	15	1.53292880075754e-17	6.23327173608035e-15
ENSG00000153956.16	4.52847898666732	3	0.209764050261723	0.553919441708407
ENSG00000198301.12	1.28983266458818	9	0.998426404812997	0.999999882499827
ENSG00000008838.20	47.5408694347752	15	3.01498656748797e-05	0.000873093587896591
ENSG00000146918.20	9.52849196406169	9	0.38998539666004	0.761173497201066
ENSG00000198146.4	4.9261828230301	3	0.177282890921388	0.503120409689135
ENSG00000087266.17	47.5751771204268	18	0.000174077702801162	0.0036455457116664
ENSG00000197535.14	26.6329017299568	12	0.00872382122038241	0.068768797487651
ENSG00000196911.11	1.71036306186318	3	0.63463231276176	0.93885243764052
ENSG00000151461.20	6.70605747714399	3	0.0818808834572956	0.310682558965687
ENSG00000119682.17	13.6366118335072	6	0.0339695750369494	0.17475439261233
ENSG00000073921.18	8.96222026785836	15	0.879484532237879	0.999999882499827
ENSG00000091127.14	0.268647215665624	3	0.965813044744529	0.999999882499827
ENSG00000186470.14	11.2222163666647	9	0.260784210138131	0.623748225513555
ENSG00000160991.16	14.5865165589221	9	0.102937937980823	0.364107044854966
ENSG00000198369.10	7.17827630681779	3	0.0664274368792947	0.270335845081333
ENSG00000198003.12	2.42560032904703	3	0.488886921392504	0.845330876305714
ENSG00000160285.15	9.38524456747109	9	0.40249899103475	0.773378155839363
ENSG00000177479.19	9.44712933973642	15	0.853003054798774	0.999999882499827
ENSG00000110697.13	16.0070313430588	15	0.381584506164968	0.751821020566153
ENSG00000087008.16	6.0447925582248	12	0.913807256444167	0.999999882499827
ENSG00000116473.14	3.85755109899037	6	0.695946483679041	0.969694707913158
ENSG00000198363.18	4.27208589078509	9	0.89260937448341	0.999999882499827
ENSG00000214595.12	37.8979541842355	9	1.81816513306216e-05	0.000577963307281878
ENSG00000105220.17	14.7498158565722	18	0.679068021982737	0.96245206760886
ENSG00000165283.16	1.2347885761701	3	0.744673231273337	0.98761869871685
ENSG00000153531.13	0.130362410966427	3	0.987960011767705	0.999999882499827
ENSG00000105223.20	16.6325623513985	15	0.341299961987014	0.713129620127638
ENSG00000173432.12	1.08683309608705	3	0.780253539915176	0.999999882499827
ENSG00000147419.19	19.6530634226328	15	0.185649339067132	0.516462913328434
ENSG00000198162.12	13.4488542765394	3	0.00375995979695042	0.038137355108833
ENSG00000133103.17	1.8711421213402	3	0.599577297392188	0.921315516493523
ENSG00000004487.17	4.74401472914178	6	0.577039070612028	0.908278111306901
ENSG00000196914.9	2.76144920863226	6	0.838136445055282	0.999999882499827
ENSG00000111676.15	10.1781419579929	6	0.117347768744398	0.393538445077862
ENSG00000160752.15	3.99014294048538	15	0.997769427669464	0.999999882499827
ENSG00000198468.9	10.4138996155089	9	0.318027863676727	0.692347305374354
ENSG00000186522.15	12.504495379424	12	0.40605927391262	0.777024937622417
ENSG00000116497.18	24.9509339718952	12	0.0150571019387664	0.0999607196057284
ENSG00000163605.15	11.3640007857739	6	0.0777572844951408	0.301258527575389
ENSG00000196470.12	21.8558773131808	3	6.98937969597983e-05	0.00172245849628958
ENSG00000138821.13	1.93921672212309	3	0.585117845387779	0.912829749651082
ENSG00000196455.8	14.0368233346126	6	0.029227520735795	0.156591273028217
ENSG00000196531.13	3.18098391848616	9	0.956684957007806	0.999999882499827
ENSG00000122644.13	19.7875576875813	12	0.0712128939843776	0.28262164798436
ENSG00000196422.11	46.5211266341794	12	5.641063249165e-06	0.000221980388099199
ENSG00000144674.16	4.26327681343901	6	0.641095535284692	0.942520537638341
ENSG00000187736.13	12.2003020761167	15	0.66380879346867	0.954347380003057
ENSG00000105576.15	8.681155253209	18	0.966677586709347	0.999999882499827
ENSG00000132635.17	1.88791409557962	6	0.92971295155215	0.999999882499827
ENSG00000185963.14	7.05625700453675	3	0.0701261231985985	0.280246042708896
ENSG00000132436.11	21.5292213006942	21	0.427059111704493	0.79615782817147
ENSG00000133641.18	9.71678592288117	9	0.373895806376207	0.744207459601348
ENSG00000198496.12	1.35508095671412	6	0.968533791338258	0.999999882499827
ENSG00000174405.13	2.07909425470325	6	0.912282390935672	0.999999882499827
ENSG00000119688.21	24.4116171833084	24	0.438272549237269	0.806391743590971
ENSG00000099246.17	2.87882959519629	6	0.823894168060727	0.999999882499827
ENSG00000197081.15	4.69180177366798	6	0.583904573736301	0.912023805232484
ENSG00000100151.16	4.49115846685527	6	0.610518979404895	0.925516322245252
ENSG00000198668.13	4.99188095255522	9	0.835015442571434	0.999999882499827
ENSG00000198081.11	14.1598053380376	15	0.513445295660203	0.863767047120827
ENSG00000111642.16	26.7874722479028	21	0.177999064357524	0.504147602952065
ENSG00000173209.23	50.1850049181085	18	7.07707460621181e-05	0.00173095666872233
ENSG00000164751.15	19.9197621116437	12	0.0686190989591447	0.2759183299309
ENSG00000167578.18	2.29456217497318	6	0.890713820422692	0.999999882499827
ENSG00000172081.14	12.6210212112956	9	0.180517656042072	0.507794518721261
ENSG00000129187.14	8.31397540537728	12	0.760138168942123	0.994870893946106
ENSG00000196296.14	3.78181725581806	3	0.28600818463674	0.656443520649503
ENSG00000198589.14	17.0321463975906	12	0.148392066127123	0.451420876974624
ENSG00000122126.17	8.71305393229159	9	0.464172350370423	0.82705554912058
ENSG00000196236.13	9.0756602976262	9	0.430319616679949	0.79853377812885
ENSG00000156026.14	9.56214443941826	3	0.0226793556242254	0.13205717872125
ENSG00000188706.13	2.40134984510769	3	0.493383398932418	0.848993921486694
ENSG00000134255.14	10.3194458986272	6	0.111828148663377	0.382109088880379
ENSG00000100038.20	22.9741650012875	18	0.191584864973366	0.525337650259927
ENSG00000164520.11	1.40619409832425	3	0.704083444550337	0.973417026750243
ENSG00000088543.15	8.11935983543481	12	0.775734612228207	0.999999882499827
ENSG00000116560.11	47.246382191981	9	3.53094636927088e-07	2.16720161117701e-05
ENSG00000197622.13	8.62743866696837	6	0.195640024258518	0.531232887239532
ENSG00000167377.18	18.0559823459316	12	0.11400124740351	0.387104444471419
ENSG00000197852.12	3.02961008831301	3	0.387082375545515	0.756774557065561
ENSG00000244274.8	6.46203438422526	9	0.692932159312496	0.96857759502224
ENSG00000138375.13	8.51671405272919	6	0.202636885541455	0.543278397252488
ENSG00000198380.13	14.9872233341193	6	0.0203563218679977	0.122476784901227
ENSG00000135250.17	3.49833312526425	9	0.941232650044762	0.999999882499827
ENSG00000143321.19	4.24882643739693	3	0.235818670762663	0.591151915739233
ENSG00000198105.15	21.5061455902987	15	0.121422223416529	0.399649065201318
ENSG00000005810.18	25.54846989828	18	0.110539103740148	0.379228325483433
ENSG00000171462.15	2.45266961938563	6	0.873726628097393	0.999999882499827
ENSG00000159082.18	0.237014673258273	3	0.971403607983491	0.999999882499827
ENSG00000141425.18	10.1748730699765	12	0.600622271100777	0.921335790581968
ENSG00000013364.19	8.71907579220351	6	0.190004309052308	0.523738194670758
ENSG00000183625.15	19.2238522080129	9	0.0233553919935915	0.134867023944059
ENSG00000077254.14	10.0729684519465	9	0.344610379398657	0.716000147445495
ENSG00000146540.15	0.403472566365963	3	0.939524213360063	0.999999882499827
ENSG00000123983.14	15.6665319996537	12	0.20699125022233	0.550002351868055
ENSG00000135837.16		12	1	
ENSG00000155363.18	32.2322708634965	24	0.12133654818659	0.399648683943148
ENSG00000215271.9	16.6212661809113	12	0.164407859893557	0.48196344388742
ENSG00000121274.13	5.39813055441437	6	0.493853492332788	0.849368778350328
ENSG00000082641.16	10.4153484540802	12	0.579571865109432	0.910497697476505
ENSG00000242498.8	4.56438722700932	6	0.600766199100545	0.921335790581968
ENSG00000196843.17	8.42343882563733	3	0.0380250144277912	0.1885767749189
ENSG00000112200.17		15	1	
ENSG00000198218.11	86.8617099085968	12	1.99415759941813e-13	4.86524600318038e-11
ENSG00000185252.19		9	1	
ENSG00000133114.18	10.0647491078098	6	0.121951643871949	0.40026604566603
ENSG00000196074.13	12.3253802482216	9	0.195581211096827	0.531220996129679
ENSG00000152359.15	13.0032141261345	12	0.368807109939969	0.740116920811054
ENSG00000177548.13	13.5020698911885	6	0.0357208222291176	0.180981598322376
ENSG00000142733.17	23.5652768014188	21	0.314594994475666	0.688580801923732
ENSG00000196810.5	3.19614209316296	9	0.956007997675921	0.999999882499827
ENSG00000136147.18	5.50053430947719	6	0.481392128492116	0.841315505364356
ENSG00000166822.13	32.5030733570893	18	0.0191547703037074	0.117496278100979
ENSG00000128513.16	46.4493826450071	30	0.028139707022007	0.153330765397971
ENSG00000178761.15	39.8465894714464	33	0.191741015579964	0.525618137933951
ENSG00000197563.11	53.1632259765156	24	0.000550470875306543	0.0093103037645001
ENSG00000162695.12	0.370913766021658	3	0.946183265145425	0.999999882499827
ENSG00000198198.17	19.4932718253458	21	0.553529029376809	0.891106862040296
ENSG00000153317.15	17.0178943806404	15	0.31779580291684	0.692115429740113
ENSG00000085433.15	0.611424120259471	3	0.893812174373217	0.999999882499827
ENSG00000196372.13	5.44898567749988	6	0.487643797377173	0.844327015588011
ENSG00000152457.18	1.83777519603746	3	0.606749332252151	0.92492486018873
ENSG00000139160.13	1.04252971586612	3	0.790962529540474	0.999999882499827
ENSG00000146592.17		3	1	
ENSG00000196517.13	2.89772372340303	3	0.407664452029184	0.778856183898357
ENSG00000197063.11	0.940903803808396	3	0.815547218370342	0.999999882499827
ENSG00000147533.17	4.82984695409687	9	0.848881454401292	0.999999882499827
ENSG00000188419.14	2.42720908181946	9	0.982777393401154	0.999999882499827
ENSG00000068001.14	9.26660946798802	6	0.159129986187488	0.471419843900956
ENSG00000167131.17	16.1033118995568	6	0.0132100628506541	0.0916254465952617
ENSG00000116793.16	2.82669378742867	15	0.999722566008202	0.999999882499827
ENSG00000198408.14	15.877819510064	9	0.0694772908487602	0.278222766267153
ENSG00000163535.18	14.1752740344346	9	0.116225566342487	0.390984247478915
ENSG00000182841.12	26.4989478214375	6	0.000179691646977538	0.00372316514406325
ENSG00000109065.12	11.0819099846485	12	0.521912346697094	0.870805708910401
ENSG00000198089.16	16.5296332292055	21	0.739194304963658	0.985309589011068
ENSG00000138757.14	1.95111895578157	6	0.924138803778378	0.999999882499827
ENSG00000117632.23	1.37075082503725	3	0.712404992292191	0.974397358231553
ENSG00000160392.13	11.9443639824294	9	0.216464005675908	0.56454696682934
ENSG00000196323.14	23.4559384547101	15	0.0749275433016959	0.29377978910456
ENSG00000114738.11	9.06625180710762	6	0.169886257664393	0.491637850038135
ENSG00000162599.17	12.2368074418578	9	0.200286090229568	0.539346565825153
ENSG00000183844.17	1.84525678973586	3	0.605136416367175	0.923748832680629
ENSG00000176915.15	8.22419425699627	9	0.51172043303741	0.862270365776533
ENSG00000128891.15	23.0455991151248	12	0.0273413051467815	0.15057776350307
ENSG00000164022.17	26.6754966287044	15	0.0314942427882651	0.165777947880625
ENSG00000116922.14	22.5547583517437	15	0.0940615992257593	0.343077323496966
ENSG00000197045.13	1.44752432538735	6	0.962903820743974	0.999999882499827
ENSG00000197837.3	12.0056161816946	6	0.0618436315245751	0.258029927340029
ENSG00000170364.12		15	1	
ENSG00000181894.15	2.93694122159661	3	0.4014501324018	0.772145231581547
ENSG00000100296.13	14.7050020987663	12	0.257966812941194	0.620164530226553
ENSG00000205702.11	1.04335286512378	3	0.790763440772891	0.999999882499827
ENSG00000066382.16	1.8042404157361	6	0.936793498677725	0.999999882499827
ENSG00000198157.11	14.0859149838047	9	0.11930171902211	0.395874014259358
ENSG00000196151.11	11.2905876572786	3	0.0102539918213811	0.0776328209347231
ENSG00000113761.12	29.9003180528725	15	0.0122860582680546	0.0872632042488681
ENSG00000197006.14	1.74594518590311	6	0.941519390521345	0.999999882499827
ENSG00000161547.17	18.3141495032469	9	0.0316989088872414	0.166585703732142
ENSG00000178075.20		3	1	
ENSG00000197694.18	15.0962437822018	9	0.0883260232296795	0.327310231393959
ENSG00000196411.10	5.32789307350322	3	0.1493026573161	0.453484168299976
ENSG00000161267.12	31.0350975140645	18	0.0285192830066136	0.154450434440367
ENSG00000135269.18	16.1038126125277	12	0.186527395269241	0.51772492901949
ENSG00000197122.12		6	1	
ENSG00000137038.8	0.591234731982695	3	0.898436016947954	0.999999882499827
ENSG00000197813.6	4.70907582975656	3	0.194382302131258	0.52928114632935
ENSG00000149115.14	34.5778497785032	9	7.07113321260454e-05	0.00173095666872233
ENSG00000198189.11		3	1	
ENSG00000196227.11	8.80306561039424	6	0.18496019617899	0.515427342807184
ENSG00000213390.11	3.57638023812683	6	0.733781465939376	0.982300867778102
ENSG00000138119.17	8.08753891396918	6	0.231759899219496	0.585489219902424
ENSG00000120314.18	68.1745190814509	12	7.02074552457492e-10	9.78792222490381e-08
ENSG00000196313.11	3.9616728973815	9	0.91391694721183	0.999999882499827
ENSG00000148343.18	7.12527851463892	12	0.849224717539626	0.999999882499827
ENSG00000113621.15	26.0049697652357	9	0.00203916809498158	0.0251284505270828
ENSG00000196421.8	4.05681540240471	3	0.255394087937788	0.616013569991319
ENSG00000197448.14	4.10188748472137	3	0.250670223009974	0.610105980074959
ENSG00000197905.9	5.64380189010262	6	0.46424944134466	0.82705554912058
ENSG00000138346.15	5.2209839189245	6	0.515798825539137	0.865488435081919
ENSG00000197077.13	4.29220771683345	3	0.231590760969683	0.585489219902424
ENSG00000142627.13	1.29716868255855	3	0.729805510269162	0.98055392856396
ENSG00000114098.18	25.4836341274349	21	0.226825440882205	0.579498852640756
ENSG00000170089.15	19.0748115387323	9	0.0245642499674333	0.139779892380281
ENSG00000196526.10	12.656672865116	9	0.178766654907707	0.50552992907688
ENSG00000197323.12	8.4769824295222	9	0.486881692105622	0.843944536462699
ENSG00000197013.10	4.54730644999358	6	0.603037296765333	0.923253866918446
ENSG00000205220.12	1.07507486666145	3	0.783094259442719	0.999999882499827
ENSG00000197555.9	44.6107150431926	15	8.818797829534e-05	0.00209766267441689
ENSG00000008441.17	2.67970226305124	6	0.847838901197669	0.999999882499827
ENSG00000198498.10	31.1517168861465	12	0.0018677324864017	0.0235189694642506
ENSG00000214262.4		3	1	
ENSG00000135596.18	5.60581029442801	9	0.778629618892152	0.999999882499827
ENSG00000108946.15	12.282020030485	9	0.19787325831231	0.535212064265474
ENSG00000006015.17	10.1194323258533	9	0.340903345410794	0.71300380365708
ENSG00000109381.20	16.1003988122357	15	0.375410651534335	0.745813752754593
ENSG00000181135.16	34.5916665926461	18	0.0106349631136171	0.0795577593575366
ENSG00000198258.11	0.244660101365298	3	0.970076610304548	0.999999882499827
ENSG00000196141.14	6.42514174112966	12	0.893154015163133	0.999999882499827
ENSG00000198015.13	6.75470991020848	18	0.992036885799688	0.999999882499827
ENSG00000198265.12	10.1240807821744	3	0.0175403219314602	0.111119474379442
ENSG00000198561.15	29.3939495295272	21	0.104860155120558	0.36810440784947
ENSG00000179456.10	1.19437204675251	3	0.754354441471339	0.991958804678782
ENSG00000167491.17	21.2601905443589	15	0.128720105260317	0.414717565941049
ENSG00000198604.11	10.4679843346457	9	0.313943144275153	0.688087354131992
ENSG00000214046.8	6.26483639424259	9	0.713147566236309	0.974397358231553
ENSG00000145734.19	3.9786016165499	6	0.679572344768535	0.962625522463362
ENSG00000126804.13	4.77816603762767	9	0.853201436658198	0.999999882499827
ENSG00000198677.12	20.306801201652	9	0.0161105971728813	0.104673374676209
ENSG00000164930.12	11.4511887852495	9	0.246044710055742	0.603607422180489
ENSG00000196177.13	14.123805688268	3	0.00274138500517972	0.0307861637117939
ENSG00000077458.13	46.5618963346133	18	0.000245516885345892	0.00477290694041944
ENSG00000115364.14	3.07453385046392	6	0.799435606879782	0.999999882499827
ENSG00000124243.17	18.7641547372787	9	0.0272746082091527	0.150380170346396
ENSG00000172469.16	4.20440642107042	3	0.24022108905806	0.59623275968837
ENSG00000009413.16	4.23204168679513	12	0.978875810566277	0.999999882499827
ENSG00000198000.12	28.2890288716771	15	0.0198282846133231	0.120352319670741
ENSG00000171204.13	11.4357562067598	15	0.721137290938328	0.977550980502817
ENSG00000197712.12	7.38015145179816	6	0.287116454096991	0.657149712561243
ENSG00000229117.9	1.95837734080851	3	0.581090429128091	0.911004128395022
ENSG00000167264.18	1.81408222745085	3	0.611875290536733	0.92621457428577
ENSG00000165280.16	0.772179851133842	3	0.856109009335814	0.999999882499827
ENSG00000139438.6		3	1	
ENSG00000038358.15	24.8210768210811	12	0.0156938652403277	0.102996927290086
ENSG00000198060.10	9.73000765339384	6	0.136492165507294	0.430241293018631
ENSG00000109618.12		6	1	
ENSG00000198646.14	13.4665641835636	3	0.00372896358023659	0.0378677997705816
ENSG00000196655.12	16.0180187785954	12	0.190412162467017	0.524099445799634
ENSG00000251474.6	15.5296680027132	12	0.21373973185193	0.560623261702524
ENSG00000198546.15	36.8078350567812	6	1.91946834912722e-06	8.88817259802182e-05
ENSG00000172572.7	1.34846450589521	3	0.717658119119321	0.975924508114625
ENSG00000174365.20	70.0502693277013	33	0.000177969117599854	0.00371111243302772
ENSG00000164023.14	7.9197177664737	6	0.244044206892666	0.600814181398974
ENSG00000108984.15	14.1953785012101	15	0.510765787397503	0.862270365776533
ENSG00000273899.5	31.1215246294523	9	0.000282151303336733	0.00537795814309214
ENSG00000156463.18	7.82802994791803	6	0.250974999085242	0.610484799619362
ENSG00000142892.15	9.55103253357083	6	0.144877075342538	0.445511787166219
ENSG00000144366.16		18	1	
ENSG00000175265.17	12.1514881737021	6	0.0586733692537151	0.249496039454033
ENSG00000196235.14	51.1847559179441	12	8.64111219995654e-07	4.68492299774311e-05
ENSG00000278224.7	4.47421774654276	3	0.21460156676093	0.562102989578458
ENSG00000025039.15	1.06772679044843	3	0.784870114631164	0.999999882499827
ENSG00000148690.12	11.9601742330606	6	0.0628631884502174	0.260587386925033
ENSG00000067334.14	5.89977129048202	6	0.434511027996474	0.802041445473348
ENSG00000183853.18	0.42264646242802	3	0.935525540486037	0.999999882499827
ENSG00000121578.13	4.94538360150182	12	0.959778313792652	0.999999882499827
ENSG00000197119.13	69.623386018171	15	5.21281780485103e-09	5.47009558683239e-07
ENSG00000170965.10		3	1	
ENSG00000002919.15	18.3501471402597	12	0.105465085985452	0.369430643981344
ENSG00000197724.11	2.67951995951671	3	0.443718889708767	0.809847137585161
ENSG00000074582.15	8.62054448196432	18	0.967895808134861	0.999999882499827
ENSG00000047230.15		6	1	
ENSG00000197111.16	9.13672381208744	12	0.691210162178625	0.968531167803426
ENSG00000197620.11	2.30538072343734	9	0.985667842758519	0.999999882499827
ENSG00000196182.11	3.12638729017544	3	0.372546246020264	0.743225172865626
ENSG00000198087.7	0.99942656519579	3	0.801390711332437	0.999999882499827
ENSG00000117791.16	24.5124125767434	12	0.0173101092948514	0.110267204052516
ENSG00000178826.11	22.0217220011582	12	0.0372770823565025	0.186258227779269
ENSG00000196576.15	20.8492231657146	9	0.0133369788034547	0.0921762472222689
ENSG00000198231.13	19.0698343418844	9	0.0246056133351573	0.139883991785482
ENSG00000197943.10	4.26599592849266	6	0.640729082877967	0.942520537638341
ENSG00000188343.13	28.2301033487092	18	0.0586387667364331	0.249457595719638
ENSG00000126883.17	23.6648361801545	15	0.0710081485212983	0.282153306766836
ENSG00000105393.16	0.905102666089078	6	0.988955232424782	0.999999882499827
ENSG00000168675.18	24.5723689556462	18	0.13715574645422	0.431496753593401
ENSG00000174851.16	1.60874258086551	3	0.657409126806431	0.952347832742076
ENSG00000196693.15	21.4694827558255	9	0.0107213143383757	0.0796970705079767
ENSG00000169359.16	17.2247259308606	9	0.0453109116213142	0.212898019505251
ENSG00000160785.13	3.13274644134253	6	0.792010865681386	0.999999882499827
ENSG00000175224.16	29.9506378662118	15	0.0121007406451048	0.0864240670871845
ENSG00000196663.16		6	1	
ENSG00000197965.12	21.5113806425506	15	0.12127069467245	0.399648683943148
ENSG00000179526.17	17.3671850566279	12	0.136299223247979	0.430034154645252
ENSG00000160299.17	12.7938489542594	12	0.384201064697569	0.753987023431987
ENSG00000198074.10	3.44971594165736	3	0.327342592161284	0.701171281146174
ENSG00000197324.9	0.114131162888953	3	0.990089312543618	0.999999882499827
ENSG00000221838.10	49.1838381222005	15	1.63558777329992e-05	0.000537431012782286
ENSG00000196950.14	17.2674771934508	3	0.000622629306858636	0.0102466094530075
ENSG00000244462.8	16.1859440954431	9	0.0630986686383434	0.260648176497102
ENSG00000163435.16	5.16135764706269	9	0.820021493363509	0.999999882499827
ENSG00000156502.14	2.99132395672496	3	0.392964786702937	0.764237415989231
ENSG00000111181.12	13.254651447814	6	0.0391656497121346	0.191972664761789
ENSG00000198130.16	0.366738784456174	3	0.947024437552092	0.999999882499827
ENSG00000196459.14	31.5393097035039	18	0.0249129666541053	0.141269983484842
ENSG00000196290.16	16.359599198342	12	0.175315258867161	0.499853601819339
ENSG00000146373.16	16.6859096249127	9	0.0538678900035362	0.236480764077602
ENSG00000144362.12	5.14873724789777	6	0.524883054247203	0.872480621086434
ENSG00000243364.8	3.77441404123601	6	0.707172876648555	0.973417026750243
ENSG00000198586.14	27.6844884395105	9	0.00107677476581064	0.0156980210322679
ENSG00000124523.16	13.1569582832417	9	0.15563173694253	0.465179210052725
ENSG00000196704.13	26.5233430829248	12	0.00904412389505624	0.070722439977447
ENSG00000198125.13	7.80693989059546	6	0.252591391548355	0.61268411860909
ENSG00000197372.10	13.0924095867049	6	0.041591722057406	0.199750795058182
ENSG00000183137.14	27.6865777377916	27	0.427265737851195	0.796197505382816
ENSG00000198482.14	8.07323498698383	6	0.232786888734324	0.587171684455484
ENSG00000197056.11	17.5010866007306	9	0.0414233677221559	0.199334637870079
ENSG00000130311.11	3.72798229480395	6	0.713431332849116	0.974397358231553
ENSG00000213923.13	29.5220372866315	24	0.201101126981254	0.54064625295043
ENSG00000197568.14		12	1	
ENSG00000155729.13	4.76769120934341	3	0.189619986951791	0.523443258146998
ENSG00000147853.17	1.70448314670466	6	0.944774636627097	0.999999882499827
ENSG00000082153.18	2.5850832722208	9	0.978507050396685	0.999999882499827
ENSG00000196562.14	30.9014561838121	12	0.00203932091581612	0.0251284505270828
ENSG00000182165.18	9.33074217736248	12	0.674451097925767	0.960607141959613
ENSG00000197429.11	1.02942593510761	6	0.984472182355424	0.999999882499827
ENSG00000142949.17	8.52275043552436	12	0.743062308717958	0.986873308489188
ENSG00000174744.14	1.266381966685	3	0.737131062932941	0.984475029894256
ENSG00000197363.9	1.51208676732722	6	0.958687638433972	0.999999882499827
ENSG00000180964.17	2.3009340227436	6	0.890047320041405	0.999999882499827
ENSG00000197771.13	2.04131591131591	6	0.91585980772499	0.999999882499827
ENSG00000137486.17	1.37077977773197	3	0.712398177969353	0.974397358231553
ENSG00000197576.14	6.98956505545186	6	0.321813296185288	0.695767203369539
ENSG00000168385.18	2.77692203523475	6	0.836279359642953	0.999999882499827
ENSG00000196511.14	19.7878023415831	6	0.00302074674048389	0.032974795794611
ENSG00000107937.19	1.5210891036113	3	0.677411599505202	0.961228763255115
ENSG00000117266.15	27.3182143458907	18	0.073217384533833	0.288116312768418
ENSG00000198042.11	10.5699500474457	3	0.0142938165669521	0.096805562577807
ENSG00000087502.18	31.4413994563656	15	0.0076637911471018	0.0626644445868142
ENSG00000196873.16	3.51855522098049	3	0.318363532830875	0.692653705119827
ENSG00000197102.12	45.4164480520994	24	0.00519875602156288	0.0475488847370498
ENSG00000197798.9	1.48718211098003	3	0.685231836650408	0.964646066071446
ENSG00000157557.13	1.17878472701341	3	0.758096977325226	0.994257277478414
ENSG00000180891.13	18.7292962438041	15	0.22626398595543	0.578796917153092
ENSG00000197355.11	14.4499831011199	9	0.107194695423327	0.373211927447825
ENSG00000188191.15	7.82047710530605	6	0.251552910460476	0.611433338277405
ENSG00000111707.12	1.95733027926963	3	0.581310027870591	0.911004128395022
ENSG00000111860.14	9.33808248007404	3	0.0251177678719531	0.141868916099031
ENSG00000197385.6	1.96222900940927	3	0.580283108301977	0.910497697476505
ENSG00000196924.18	3.88210734119639	3	0.274479034543248	0.641436996673266
ENSG00000196476.12	1.91368214452928	3	0.590514112811711	0.916149345185912
ENSG00000181885.18	10.974582806517	12	0.531098197777273	0.877883972725558
ENSG00000107643.16	15.8220973264761	21	0.779562012768189	0.999999882499827
ENSG00000138496.16	3.76960056660846	9	0.925911946856405	0.999999882499827
ENSG00000196636.8	4.69314750002377	6	0.583727284356889	0.912023805232484
ENSG00000070785.17		9	1	
ENSG00000196220.16	3.77717220623663	6	0.7068008161492	0.973417026750243
ENSG00000169375.16	8.68242295791242	6	0.192241784659948	0.526066499784599
ENSG00000196748.10	1.30495344372753	3	0.727957169386337	0.980088240613297
ENSG00000123562.18	5.30303319022642	12	0.947084098482087	0.999999882499827
ENSG00000196155.13	42.7007315770534	18	0.00088193140181652	0.0134480758598866
ENSG00000134871.19	5.5297923975304	6	0.477863227379021	0.838467659827545
ENSG00000196547.15	18.6242419523405	21	0.609230641046724	0.925463738182057
ENSG00000162734.13	0.68277596977714	3	0.877247541889498	0.999999882499827
ENSG00000197696.10	1.8200571490338	3	0.610580032388932	0.925516322245252
ENSG00000138780.15	8.40661694911501	6	0.209800783949428	0.553919441708407
ENSG00000174606.14	19.0046859808663	15	0.213521615960456	0.56030047059911
ENSG00000158985.13	3.17844800091007	6	0.786139514962782	0.999999882499827
ENSG00000197579.8	1.6886436626055	3	0.639461514034048	0.941536649888092
ENSG00000168300.14	7.74744922405353	15	0.933508072291177	0.999999882499827
ENSG00000120705.13	4.59694632141327	3	0.203804198251601	0.544612587825131
ENSG00000198598.6	17.2184313441139	12	0.141563754831919	0.43937633276826
ENSG00000126461.15	11.0767867055038	6	0.0860320404333836	0.321131126061896
ENSG00000111237.19	14.6768414528633	9	0.100203697524753	0.356763182832566
ENSG00000198554.12	18.2421321519232	9	0.0324660585132561	0.169703409229173
ENSG00000105176.18	9.27058848254455	9	0.412680847039327	0.782618030753361
ENSG00000198355.5	2.92955722674378	3	0.402614068150348	0.773401947619932
ENSG00000134884.15	115.942078412219	9	9.02909886931915e-21	4.63763030872029e-18
ENSG00000018408.15	2.66684835631531	6	0.849347269946651	0.999999882499827
ENSG00000167173.19	4.28973362639226	6	0.637531328637222	0.940079541210666
ENSG00000163848.20	23.7004100805661	9	0.00480095039112368	0.0449639873963301
ENSG00000161011.20	28.3420483085793	12	0.00492853745939659	0.0458120402299313
ENSG00000189042.13		6	1	
ENSG00000197182.14	33.1426985078124	6	9.84326156957662e-06	0.000355779220953697
ENSG00000129696.13	10.9115148149249	9	0.281822969343135	0.651423580724692
ENSG00000196715.7	12.4627225940621	3	0.00595503874398196	0.0522618912792445
ENSG00000008283.16	14.3490947383325	9	0.110437873493647	0.379228325483433
ENSG00000137073.23	0.571647555852906	3	0.902891215516491	0.999999882499827
ENSG00000183506.17	10.1274351030461	15	0.811648214447002	0.999999882499827
ENSG00000120820.12	10.4666626126864	9	0.314042532565211	0.688087354131992
ENSG00000136021.19	5.75639196528846	9	0.764030310005912	0.997081010343366
ENSG00000138326.21	3.2239991594106	3	0.35836138768501	0.730419545200085
ENSG00000073536.18	10.365568063	18	0.919318349029211	0.999999882499827
ENSG00000122390.19	14.8063039364206	9	0.0963957386195767	0.348066161933538
ENSG00000101152.11	1.03753726647483	3	0.792170084171601	0.999999882499827
ENSG00000106263.18	6.84296094242018	9	0.653465424803895	0.949973049405811
ENSG00000103248.19	60.7226318088942	30	0.000752015516749016	0.0118369668192801
ENSG00000100592.16	12.2302681056713	9	0.200637009897644	0.539844659385472
ENSG00000165804.16	23.3022524315602	15	0.0779299296232434	0.301673218244043
ENSG00000078487.17	3.68965819348819	6	0.718589075394451	0.975924508114625
ENSG00000104881.16	31.908370180623	15	0.00662558622142073	0.0565217570490266
ENSG00000173715.18	26.221117903453	21	0.198143002263096	0.535793172370616
ENSG00000197879.17	5.62710884349508	6	0.466228915594111	0.829183105233156
ENSG00000137145.20		9	1	
ENSG00000158691.14	0.0388199522242303	3	0.997989291437641	0.999999882499827
ENSG00000075240.17	14.3603864868346	6	0.0258595519169004	0.144538010971954
ENSG00000280987.4	53.0785067493471	12	3.98898293204318e-07	2.38825057876131e-05
ENSG00000168411.14	13.8469507408481	9	0.127874590135993	0.413358891838525
ENSG00000106733.21	2.00003138043212	9	0.991467110380885	0.999999882499827
ENSG00000159131.17	0.729391675107763	3	0.866269912607703	0.999999882499827
ENSG00000115415.20	6.21408903520569	6	0.399640187907941	0.771177041448787
ENSG00000108669.16	32.1368744553402	18	0.0211807611751566	0.12611534369027
ENSG00000171608.16	5.14802019202125	6	0.524973589507548	0.872482503406702
ENSG00000198551.10	14.4359641581029	6	0.0251277780895823	0.141868916099031
ENSG00000107745.19	2.57503959259338	3	0.461882241479878	0.825158555359077
ENSG00000198742.9	0.638711412210796	3	0.887515861773923	0.999999882499827
ENSG00000198799.12	15.841087145363	9	0.0702751816027228	0.28058928860662
ENSG00000198887.9	6.57330295744123	6	0.362114280539472	0.732842482488808
ENSG00000189337.17	2.14934277994303	3	0.541995057104049	0.884503304728832
ENSG00000198836.10	19.5450306566672	18	0.359007375101969	0.731339366166046
ENSG00000183856.11	2.40065086132563	3	0.493513476580185	0.848993921486694
ENSG00000198898.14	3.97842316269816	9	0.912826907660769	0.999999882499827
ENSG00000198901.14	24.6165541668015	12	0.016748147242845	0.10760050621654
ENSG00000198961.10	2.90774437445725	3	0.406068980620384	0.777024937622417
ENSG00000181045.15	22.3071804300471	9	0.00795477895228414	0.0644491009508226
ENSG00000198728.11	2.74755407699558	6	0.839798692139968	0.999999882499827
ENSG00000198930.13	18.1375854085682	3	0.000412024701045432	0.00743243818392305
ENSG00000198837.10	23.6954216353533	12	0.0223698023365434	0.130488285117948
ENSG00000142864.14	22.4437198380474	9	0.00757419522234026	0.0621147656931249
ENSG00000170633.16	20.7389888197031	12	0.054335700214852	0.238106016343395
ENSG00000152558.15	0.528309109948168	3	0.912629431507302	0.999999882499827
ENSG00000198925.12	9.28592565713188	9	0.411310437099941	0.781355989156737
ENSG00000170776.22		9	1	
ENSG00000198752.11	5.26325601771896	9	0.810782254694892	0.999999882499827
ENSG00000198917.13	27.4055105979933	12	0.00675225189426984	0.057052143927428
ENSG00000198791.12	45.0316218441876	15	7.56977825490972e-05	0.00183232921653516
ENSG00000198824.7	1.77338754737502	3	0.620743155269164	0.931230060633501
ENSG00000064995.18	6.54357991061625	3	0.0879595737195562	0.326511023175789
ENSG00000131778.19	35.3934299029934	9	5.07745157030369e-05	0.00132135599665583
ENSG00000086015.22	22.0143693416794	15	0.10742768229269	0.373756417645049
ENSG00000166681.14	0.211222756362986	3	0.975757545331988	0.999999882499827
ENSG00000171603.18	0.408118022125564	3	0.938560442940548	0.999999882499827
ENSG00000121903.14	1.78883046815872	6	0.938059514099986	0.999999882499827
ENSG00000187535.14	7.06624557834584	6	0.314764300146141	0.688740987696455
ENSG00000198815.9		9	1	
ENSG00000138629.16	5.98787118035398	12	0.916692228217352	0.999999882499827
ENSG00000110002.16	7.09317524169455	9	0.62741901793851	0.934521092195043
ENSG00000240038.6	2.47977804585997	3	0.478956730983779	0.839133688719748
ENSG00000198909.8	7.04539394811718	15	0.956377831762969	0.999999882499827
ENSG00000198914.5	9.78449277199445	3	0.0204897179885399	0.122919512025342
ENSG00000198730.9	12.5563809099549	6	0.0506472067007375	0.226747047314334
ENSG00000198862.14	3.1156460219845	3	0.374136233290845	0.744509730314727
ENSG00000132792.19	9.88077308182255	9	0.360223341768319	0.732300566259365
ENSG00000198924.8	8.30022412307699	3	0.040197845384137	0.19526886472886
ENSG00000132694.19	5.4559124778616	6	0.486801216481037	0.843944536462699
ENSG00000198920.11	15.9855457424474	9	0.0671840446707269	0.272363397909962
ENSG00000139116.19	3.16430568674696	6	0.787960220906639	0.999999882499827
ENSG00000198830.11	2.82843560073525	6	0.830051421616858	0.999999882499827
ENSG00000119979.18	15.0115852606723	12	0.240803495965502	0.596692752938102
ENSG00000198793.13	12.9076925159934	6	0.0445254417686768	0.210423141026885
ENSG00000181191.11	6.97269781714203	15	0.958402930604334	0.999999882499827
ENSG00000196199.14	5.89355644344687	9	0.750522569365165	0.989644416235252
ENSG00000198324.13		6	1	
ENSG00000198807.13	4.19576602692462	3	0.24108612817245	0.596692752938102
ENSG00000169122.11	1.28544619554486	3	0.732591888644571	0.98195464288378
ENSG00000097021.19	0.53283371021098	3	0.911620992813912	0.999999882499827
ENSG00000126581.13	10.7978905864838	12	0.546314387300804	0.887840483874862
ENSG00000198795.11	6.68738780097374	6	0.350727063006321	0.721508539928214
ENSG00000143314.12	0.877051979186945	3	0.830961863181817	0.999999882499827
ENSG00000198721.12	7.55385065128212	6	0.272644025341524	0.638865102248223
ENSG00000198964.14	2.88734228054091	3	0.409322898569175	0.779870537656757
ENSG00000198855.7	2.08748319024949	3	0.554449146825956	0.89189450390707
ENSG00000117859.19	41.7087770778453	24	0.013907932558376	0.0947817834058597
ENSG00000198700.10	18.5045512975812	6	0.00508757242874399	0.046795117183895
ENSG00000197818.12	21.7405072140109	9	0.00973878468512798	0.0746589157440409
ENSG00000075945.13	1.88817376708994	6	0.929690443133665	0.999999882499827
ENSG00000198919.13	4.2478000422725	6	0.643181901342153	0.942753559823542
ENSG00000187801.15	0.459955079774716	3	0.927596790494614	0.999999882499827
ENSG00000198912.11	1.37225463605682	3	0.712051089798339	0.974397358231553
ENSG00000198948.12	6.31223091781521	9	0.7083077308362	0.973417026750243
ENSG00000198826.11	21.6902047020121	15	0.116188123291272	0.390984247478915
ENSG00000198860.13	34.7392522281953	15	0.00267808215177226	0.0302493098601221
ENSG00000135040.16		6	1	
ENSG00000198796.7	61.6532264831531	9	6.43021737531706e-10	9.09456396604626e-08
ENSG00000122786.20	9.10491311037913	12	0.693944294101847	0.96857759502224
ENSG00000198910.14	3.43155462725554	6	0.75305266427694	0.990822194940682
ENSG00000139190.16	5.86574728381311	6	0.438396126244008	0.80646706805189
ENSG00000145365.11	2.19978231416826	3	0.531991249803984	0.877883972725558
ENSG00000198933.9	2.52669952650967	3	0.470485199475129	0.831787148854672
ENSG00000166801.16		12	1	
ENSG00000007968.7	6.38451683975654	3	0.0943298425213352	0.343279212025119
ENSG00000010165.20	12.5176818567998	12	0.405048870901452	0.776595664268619
ENSG00000137522.18	13.3778659806885	9	0.146240276167265	0.447665889308765
ENSG00000064932.16	21.1938636874438	9	0.0118169036931045	0.0851707261011864
ENSG00000169851.15	2.32518975095127	3	0.507712403066437	0.860202316237042
ENSG00000140682.19	5.8216841821195	9	0.757623767036119	0.994095880224176
ENSG00000198894.8	0.182628148905678	3	0.980343755251005	0.999999882499827
ENSG00000198945.8	9.40433894886178	9	0.40081756352346	0.771971304998114
ENSG00000198952.8	19.3013152509484	6	0.00368389503401458	0.0375664907387129
ENSG00000198839.10	21.8485046937385	12	0.0392532085581357	0.192001138433231
ENSG00000196072.12	23.2285980093293	9	0.00570282757121371	0.0507328115473789
ENSG00000162062.15	11.9318872197036	12	0.451165291960336	0.81611160041537
ENSG00000123178.15	7.60504325871807	6	0.268489634975972	0.632743382692711
ENSG00000080823.23	20.5704483233067	21	0.485429959380985	0.843666498593007
ENSG00000142156.15	10.3648930700642	6	0.110102948768413	0.378476462497689
ENSG00000204843.12	5.12450100135175	3	0.162904300234269	0.479283408497507
ENSG00000196428.12	11.7592718893447	9	0.227223131644171	0.580279213818354
ENSG00000143621.17	8.79021422256483	3	0.0322141336685279	0.168572506343531
ENSG00000198794.12	8.40144455387235	9	0.494250312647005	0.849368778350328
ENSG00000140931.20	2.17520965889344	6	0.902899787180052	0.999999882499827
ENSG00000198960.11	9.50670272327261	6	0.147022401720797	0.44935534556632
ENSG00000049246.14	16.088564558991	12	0.187213239634491	0.519333145421546
ENSG00000198783.6	5.8089430258824	3	0.121284718439519	0.399648683943148
ENSG00000198732.11	1.38701617959305	6	0.96664347902863	0.999999882499827
ENSG00000198753.12		3	1	
ENSG00000198954.9	9.02313535182839	3	0.028984865594646	0.155847550048568
ENSG00000185619.18	63.7027167292836	18	5.09042690405864e-07	2.99514480208227e-05
ENSG00000198715.13	25.2785710404278	12	0.013556596469208	0.0930549421324472
ENSG00000198892.7	1.09597471215602	3	0.778045891975004	0.999999882499827
ENSG00000214827.11	1.44411003125424	3	0.695228440773512	0.969019554503898
ENSG00000164038.16	20.9080413704514	15	0.139793250889099	0.435581844005977
ENSG00000129515.20	12.2893927482583	9	0.197482019784811	0.534746678990004
ENSG00000197345.13	0.232138594554272	3	0.972241489701616	0.999999882499827
ENSG00000215908.10	13.8850319099929	9	0.126474040044673	0.41059885455621
ENSG00000198740.9	9.13023401153805	6	0.166385194455103	0.48571735348111
ENSG00000198690.10	25.4325106736796	27	0.550237266430663	0.890213110592977
ENSG00000264343.6	1.0402671525535	3	0.791509775328196	0.999999882499827
ENSG00000134452.20	12.5102873950273	9	0.186045524652335	0.517169465155554
ENSG00000012174.12	1.38377194224449	3	0.709343048327568	0.973417026750243
ENSG00000234222.6		3	1	
ENSG00000232593.7	1.86181906350976	6	0.931958143259782	0.999999882499827
ENSG00000231312.7	6.65013343928104	3	0.0839259831739514	0.315376846282092
ENSG00000249684.6		3	1	
ENSG00000171792.11	10.0246703023731	3	0.0183575887016163	0.114473934913146
ENSG00000234912.12	37.3380003246675	15	0.00112927453192637	0.0162306187880257
ENSG00000131370.16	7.59008699348487	6	0.269698177177388	0.634833314365995
ENSG00000160691.19	19.6893276646588	15	0.184177110700157	0.514019773312581
ENSG00000223482.8	23.5547980711726	15	0.0730498359160375	0.287689002705654
ENSG00000175137.11	0.201041318794523	3	0.977421018475578	0.999999882499827
ENSG00000162852.14	11.4249113508631	6	0.0760988772767647	0.297203438661653
ENSG00000185420.19	11.0883209959029	9	0.269703551044363	0.634833314365995
ENSG00000162849.16	12.2956240666679	3	0.00643613309169767	0.0552190367115342
ENSG00000203666.12	23.4556138448679	18	0.173683653315897	0.498083682841563
ENSG00000203667.10	39.323406129166	9	1.00719815073329e-05	0.000362702832214251
ENSG00000054282.16	17.0866629386801	15	0.313710145886749	0.687822357607006
ENSG00000203668.2	2.71441780279747	6	0.843741379164965	0.999999882499827
ENSG00000054277.14	2.4772845319967	6	0.871001175907173	0.999999882499827
ENSG00000116984.14	3.0856906715926	6	0.798017479392862	0.999999882499827
ENSG00000119285.11	0.407704650582673	3	0.938646335728652	0.999999882499827
ENSG00000077585.14	1.90547023789713	3	0.592256574607904	0.916851508819565
ENSG00000284770.2	51.7300832896726	21	0.000208558788000157	0.00417074838543757
ENSG00000168264.10	8.78454993278137	6	0.186062300662071	0.517169465155554
ENSG00000168275.16	2.01892982120626	3	0.568487060361197	0.902679014328819
ENSG00000135750.15	5.31353994761594	3	0.150226213367863	0.455863686647071
ENSG00000143674.11	6.38172881144601	6	0.38181362672938	0.751821020566153
ENSG00000135778.12	3.06875860955915	9	0.961506352893544	0.999999882499827
ENSG00000116918.15	2.85438020070069	3	0.414626026094704	0.784828670691792
ENSG00000135766.9	7.99386608698114	6	0.238553036346792	0.59419067935384
ENSG00000116906.13	4.53813853963584	6	0.604257249464964	0.92374479025253
ENSG00000143643.13	6.50548561191863	6	0.369005303065549	0.740210226642692
ENSG00000119280.17	4.06281326540557	3	0.254760827604585	0.615246453004986
ENSG00000135775.14	0.847718636628997	3	0.838022556275607	0.999999882499827
ENSG00000168118.12	0.800211068821227	6	0.992068007591719	0.999999882499827
ENSG00000181873.13	7.463178982513	3	0.0585121275413436	0.24930280106703
ENSG00000081692.12	7.04252886134418	6	0.316932066766788	0.691159785380354
ENSG00000130023.16		21	1	
ENSG00000163050.17	6.44752580758723	6	0.374966485473446	0.745426345841385
ENSG00000143801.17	2.57997235459334	6	0.859412314272228	0.999999882499827
ENSG00000182827.9	10.0877464736841	3	0.0178347967930927	0.112358318048196
ENSG00000163041.12	2.67139228596352	6	0.848814603029526	0.999999882499827
ENSG00000196187.12	11.3751256739761	6	0.0774519371491438	0.300418702161564
ENSG00000143771.12	0.144095694326097	3	0.986065262916265	0.999999882499827
ENSG00000143756.12	57.4853463772834	9	4.07959566825978e-09	4.34049402327602e-07
ENSG00000117676.14	1.60488425070071	3	0.658282856380877	0.952347832742076
ENSG00000112541.16	42.7562331968511	9	2.38940573072761e-06	0.000106475847151465
ENSG00000143507.18	1.39342259985096	3	0.707077232235066	0.973417026750243
ENSG00000186205.13	3.00463959455374	9	0.964110745090074	0.999999882499827
ENSG00000116141.16	9.78909874187275	6	0.133819122148187	0.424972604309846
ENSG00000143353.12	24.9789657297079	12	0.0149228644605607	0.0997481056648026
ENSG00000067533.6	6.64522258376019	3	0.0841079018747449	0.315817242937913
ENSG00000162814.11	2.19292442861706	6	0.901127712877217	0.999999882499827
ENSG00000092978.11	5.01995945235285	6	0.541255726845897	0.884480013109362
ENSG00000117724.13	7.92589055439748	6	0.243583203446559	0.600740076430368
ENSG00000143499.14	24.4548594111038	9	0.00363725449551163	0.0372075121820734
ENSG00000136643.12	11.6916966983863	21	0.947569384584777	0.999999882499827
ENSG00000162769.13	6.12369878644677	9	0.727476996249732	0.980045279735109
ENSG00000203705.11	27.9901706541714	12	0.00555039466759252	0.0496983262602625
ENSG00000117697.15	7.1578560760463	9	0.620688288276669	0.931230060633501
ENSG00000117691.10	9.07068185879325	6	0.169641822313416	0.491456624867525
ENSG00000143476.18	13.6280588648951	6	0.0340784463748096	0.175037662195667
ENSG00000143493.13	11.2259971425301	15	0.736415455850395	0.983937354003834
ENSG00000123684.13	0.605182375251388	3	0.89524496886936	0.999999882499827
ENSG00000117650.13	9.7177886141435	9	0.373811236922873	0.744207459601348
ENSG00000117625.14	27.4078551233179	21	0.157757539751429	0.468838859776167
ENSG00000082497.12	1.29168096047306	6	0.972114440870667	0.999999882499827
ENSG00000009790.15	2.48612226990849	3	0.477804321541012	0.838467659827545
ENSG00000076356.7	0.215587625997387	3	0.975034541048742	0.999999882499827
ENSG00000112110.10	0.175874498730991	3	0.981386666529551	0.999999882499827
ENSG00000123838.11	3.35570057300674	3	0.339965098443534	0.712415588514161
ENSG00000203711.14	11.7252948880696	12	0.467986189511145	0.829685201436224
ENSG00000123836.15		6	1	
ENSG00000146425.11	9.01198623707751	3	0.0291319467303805	0.156379905468528
ENSG00000162894.12	0.716873315063253	3	0.86922818124452	0.999999882499827
ENSG00000130338.13	1.76282448295297	6	0.94016880205162	0.999999882499827
ENSG00000162891.10		3	1	
ENSG00000143479.17	5.48151379936508	3	0.139748487238357	0.435581439463152
ENSG00000133065.11	4.36258833932334	6	0.627733745170316	0.934847187412958
ENSG00000215712.11	1.45323922526222	3	0.693103964389964	0.96857759502224
ENSG00000133059.17	5.78448961882941	3	0.122579215898054	0.401965916649565
ENSG00000029639.11	44.0411218049758	12	1.50272041919013e-05	0.000500513603101586
ENSG00000170382.12	3.64765763966898	6	0.724232020782663	0.978327342210082
ENSG00000213079.10	4.48836999047307	3	0.213330006517793	0.560249605384052
ENSG00000198625.13		9	1	
ENSG00000133056.13	13.2682366617355	9	0.150839711935762	0.456751920690287
ENSG00000143845.15	2.21139775919278	6	0.899265931564142	0.999999882499827
ENSG00000182004.13	43.6393423101981	12	1.75895206304742e-05	0.000564658328397361
ENSG00000112031.16	19.1197923263062	12	0.0856782330102232	0.320357806876156
ENSG00000163444.12	38.4679749776115	12	0.00012871615300783	0.00286136887745653
ENSG00000117153.16	0.322614085876921	3	0.95572075819597	0.999999882499827
ENSG00000225511.7		3	1	
ENSG00000134369.15	2.57655880791026	6	0.859803045265253	0.999999882499827
ENSG00000120254.15	20.9451572482431	15	0.138590736007847	0.434052308312123
ENSG00000174307.7	0.0646749226107204	3	0.995709460739665	0.999999882499827
ENSG00000118193.12	2.90806625716505	3	0.406017817829546	0.777024937622417
ENSG00000203722.8	3.27735730751664	3	0.350806539659717	0.721508539928214
ENSG00000120265.18	2.47841477257316	6	0.87087553166425	0.999999882499827
ENSG00000203724.11	1.53105335866712	6	0.957405168573946	0.999999882499827
ENSG00000055211.14	0.563872624483338	3	0.904650758923946	0.999999882499827
ENSG00000134371.14	18.9702729574856	18	0.393656222071459	0.764972335960845
ENSG00000023572.10	8.04285908065504	3	0.0451341925681162	0.212272089287829
ENSG00000116747.13	46.7261846867114	18	0.000232254800539904	0.00455135461539944
ENSG00000116750.13	20.03774393411	21	0.518871632853332	0.867512123525041
ENSG00000055208.19	2.6772696124608	6	0.848124734375842	0.999999882499827
ENSG00000111962.8	12.1971811378307	3	0.00673733846149761	0.057052143927428
ENSG00000047410.14	21.3159924639331	6	0.00160950621524728	0.0211972620170016
ENSG00000116679.16	67.9967558321732	12	7.57697423420901e-10	1.02699571599508e-07
ENSG00000121486.12	1.45049170330276	3	0.693743030542913	0.96857759502224
ENSG00000121481.11	19.1820175742887	9	0.0236889581168194	0.136309281994128
ENSG00000112425.16	4.67685060620283	9	0.861519566114456	0.999999882499827
ENSG00000152818.18	9.25585192981634	9	0.414000017191487	0.784053205467052
ENSG00000135829.17	7.3504136610718	6	0.289652849762823	0.660128029576952
ENSG00000143324.14	2.2184026595969	3	0.528332723035321	0.875976731923496
ENSG00000034693.15	11.5291076602698	6	0.0733369849053687	0.28847063107275
ENSG00000230124.8	2.91055437245814	3	0.40562251776313	0.776627457494681
ENSG00000116260.17	19.0921201713136	9	0.0244209116040324	0.139289115338254
ENSG00000169905.12	6.76566044819447	9	0.66150257468614	0.953784648887685
ENSG00000057252.13	3.65284238570166	6	0.72353601806298	0.977996800255245
ENSG00000009844.16	0.278612541736948	3	0.963999382008439	0.999999882499827
ENSG00000075391.17	2.25431679816074	3	0.521329040431354	0.870129999242275
ENSG00000164442.10		6	1	
ENSG00000120333.4	5.29963463360764	3	0.151126100926553	0.457314610524722
ENSG00000116161.18	1.19404032308375	6	0.977178055445884	0.999999882499827
ENSG00000051620.11	0.205397467028888	3	0.976713294477526	0.999999882499827
ENSG00000185278.15	11.1872536401903	3	0.010755241834942	0.0797507924612257
ENSG00000203739.4	0.615354830417118	3	0.892908414466596	0.999999882499827
ENSG00000027697.15	2.4797023123283	3	0.478970500942134	0.839133688719748
ENSG00000076258.10	0.814902244013638	3	0.845899393188983	0.999999882499827
ENSG00000120370.13	70.2313181883183	15	4.06262560940937e-09	4.34049402327602e-07
ENSG00000000457.14	13.6263594582551	9	0.13625089439435	0.430034154645252
ENSG00000146410.12	5.8252512337067	6	0.443047710249959	0.809230730832122
ENSG00000143156.14	27.0559324450442	9	0.001369276607501	0.0188473489599468
ENSG00000143153.13	0.72883865784388	3	0.866400746863769	0.999999882499827
ENSG00000143155.13	1.31728353134895	3	0.725033079789471	0.978646352059374
ENSG00000143157.12	7.15864583122857	6	0.306424715288679	0.679018800295689
ENSG00000143179.16	9.09582348197	6	0.168260314063619	0.488706072900849
ENSG00000143183.17	3.27806115243584	6	0.773224533701185	0.999999882499827
ENSG00000143198.13	4.65965906303609	9	0.862910727104059	0.999999882499827
ENSG00000162733.19	6.48614017411364	6	0.370987640924486	0.741899259791406
ENSG00000079950.14	2.2708847253798	3	0.518121555703717	0.866703507389883
ENSG00000081721.12	2.17006616404251	3	0.537868443876859	0.881898209642854
ENSG00000158882.15	7.60460944835268	3	0.0549306409913598	0.239316127426197
ENSG00000158864.12	0.300373083882732	3	0.959958298026912	0.999999882499827
ENSG00000158796.17	16.8622950809549	15	0.327162876935892	0.700940179147612
ENSG00000158793.14	25.7659574478203	18	0.105230912066007	0.368875169127932
ENSG00000158773.14	26.8241704677566	9	0.00149555469868144	0.0202709976450446
ENSG00000162735.19	9.25376278425756	12	0.681116482748804	0.96263805288133
ENSG00000158716.9	1.69291131317732	6	0.945667214604759	0.999999882499827
ENSG00000027869.12	0.567208616622338	6	0.996921942933719	0.999999882499827
ENSG00000152894.14		6	1	
ENSG00000143303.12	13.5888946245177	12	0.327726995029502	0.701518394957764
ENSG00000160818.17	3.12494560440973	6	0.793009414068042	0.999999882499827
ENSG00000163382.12	5.93783683379297	6	0.43018960084001	0.798444335222073
ENSG00000163467.12	14.0394339474548	6	0.0291987533740163	0.156566282514849
ENSG00000242252.2		3	1	
ENSG00000093144.19	3.53666698577581	9	0.939184761661998	0.999999882499827
ENSG00000132680.11	43.7276187821844	18	0.000630909664116272	0.010365399683688
ENSG00000143622.11	12.9746635720585	12	0.370884936081796	0.741889816241317
ENSG00000203760.9	2.89463405843708	3	0.408157440654392	0.779312124948373
ENSG00000116539.13	11.3543935954663	6	0.0780218623607137	0.301909339721731
ENSG00000143630.10	0.819510784367367	3	0.844794844288637	0.999999882499827
ENSG00000160766.14	31.6493341499972	18	0.0241835716742447	0.138258626812509
ENSG00000169231.13	9.16230229384564	9	0.42242927443449	0.792604980811241
ENSG00000143590.14	1.78091243722974	6	0.938705362980817	0.999999882499827
ENSG00000172594.13	5.91091603949371	6	0.433243050608094	0.801368258317738
ENSG00000025156.13		6	1	
ENSG00000163346.17	4.31606592747994	6	0.633987055881915	0.93885243764052
ENSG00000160710.17	59.1449801460258	12	3.23034430982402e-08	2.65715330812834e-06
ENSG00000143515.18	17.0723128143954	9	0.047595534083622	0.219096611850032
ENSG00000153975.10	8.98929055649296	9	0.438263355286589	0.806391743590971
ENSG00000111832.13	13.7486831911665	9	0.131550092680269	0.420090757351683
ENSG00000196591.12	6.89383224427002	9	0.648172075508388	0.946051160990578
ENSG00000176171.11	8.6329423607458	6	0.195297609077389	0.530893974090874
ENSG00000148773.14	6.52050051539118	6	0.367471797775134	0.738652373735847
ENSG00000143614.10	0.59289596046392	3	0.898056737916151	0.999999882499827
ENSG00000203778.8	0.779333703232624	3	0.854403482260478	0.999999882499827
ENSG00000074935.14	25.3120892225961	15	0.0459059069738771	0.214312967811638
ENSG00000143553.11	2.81538027492934	3	0.420974304324286	0.791259833113155
ENSG00000160679.13	43.7219836737058	12	1.70295503795151e-05	0.000550302589912875
ENSG00000203780.12	4.50993138961746	6	0.608014827963122	0.925463738182057
ENSG00000188643.11	3.37487575849082	6	0.760535593417835	0.995032262928555
ENSG00000196754.13	18.7752822718103	12	0.0940977832405199	0.343077323496966
ENSG00000188015.10	3.71386169715743	3	0.294065693593917	0.665180334193257
ENSG00000188690.15	10.9027793153145	12	0.537268422775809	0.881655042520451
ENSG00000159445.13	49.7024805316432	12	1.57564875474568e-06	7.62970077107101e-05
ENSG00000182134.16	22.9366683447088	15	0.0854937966428762	0.319913328772174
ENSG00000143436.11	24.831685547033	6	0.000366842961974118	0.00673932068102356
ENSG00000203791.15		6	1	
ENSG00000143376.14	1.28845096496116	3	0.731877319214376	0.981822491447177
ENSG00000107902.14	4.02841512011946	6	0.672830912310925	0.960186663179453
ENSG00000173214.7	40.9182918019255	15	0.000329094071100393	0.00613360796930145
ENSG00000112394.17	5.5411053461894	9	0.784821555377977	0.999999882499827
ENSG00000154473.18	13.8560264523549	12	0.309996560152713	0.682748009598359
ENSG00000197498.13	15.8198646884812	6	0.0147541870727675	0.0989595269025003
ENSG00000143416.21	3.27680330554722	3	0.350884263807696	0.721508539928214
ENSG00000143393.16	38.0138352164177	18	0.00385705578034513	0.0389255505278057
ENSG00000123505.19	16.7539111536462	6	0.0102315047125296	0.0775829483213494
ENSG00000159352.16	0.00825691502541304	3	0.999800946415094	0.999999882499827
ENSG00000095574.12	12.8411957404187	9	0.169924630410762	0.491637850038135
ENSG00000179988.14	8.38895761660388	9	0.495472930360498	0.850217684791745
ENSG00000119965.13	1.60739936062419	3	0.657713230517365	0.952347832742076
ENSG00000213185.7	15.0553484147677	6	0.0198305697336358	0.120352319670741
ENSG00000163156.12	21.6073172640608	9	0.0102103881189077	0.0774830308339192
ENSG00000163155.12	4.82412329232102	3	0.185138096062866	0.515518163008848
ENSG00000143458.12	21.342910938356	12	0.0455789734466872	0.21354066340193
ENSG00000135537.17	3.90617052632115	6	0.689372498168822	0.967467388274874
ENSG00000166033.13	2.41118225833634	6	0.87827235368413	0.999999882499827
ENSG00000107679.14	10.7978224610856	6	0.094829590129963	0.344477890756584
ENSG00000025796.14	9.9669816235255	12	0.618857452308774	0.930413316319045
ENSG00000107672.15	30.7409512424638	12	0.00215726782081401	0.0261200703018907
ENSG00000164494.12	2.27493510801014	3	0.517339673899011	0.866520416893377
ENSG00000130348.11	7.68846438886249	6	0.261827066862349	0.62504166964522
ENSG00000143374.17	2.40132980734779	3	0.493387127497501	0.848993921486694
ENSG00000130347.13		3	1	
ENSG00000163125.15	1.01675808216987	3	0.797197085725247	0.999999882499827
ENSG00000107651.13	31.3886526993083	12	0.00171817791953862	0.0220918291393641
ENSG00000198825.15	5.75936564039898	3	0.123922916577887	0.40541861980677
ENSG00000151929.10	0.496636922493053	3	0.919629641487099	0.999999882499827
ENSG00000151923.17	46.7137660608496	15	4.09143447663611e-05	0.00109995341756176
ENSG00000057657.17		3	1	
ENSG00000118292.9	2.37424359549914	3	0.498447176980888	0.852646099939786
ENSG00000085377.15	3.19893749253606	6	0.783495771294283	0.999999882499827
ENSG00000143401.15	47.3014732887677	9	3.44842147221293e-07	2.12994589540038e-05
ENSG00000023902.14	6.04241181942672	3	0.109564931451164	0.377557968231606
ENSG00000136631.15	33.9403801852022	12	0.000689298302392484	0.0111371889620004
ENSG00000014914.21	36.3359467666969	21	0.0200391374751254	0.121166011536399
ENSG00000107581.13	0.0809267027216265	3	0.994023634118645	0.999999882499827
ENSG00000178096.9	2.33025320886372	6	0.886960380628794	0.999999882499827
ENSG00000151893.15	10.6251077787583	9	0.302283297648323	0.674898810741246
ENSG00000165669.14	4.16818605751178	6	0.653928040015953	0.949999584556553
ENSG00000263513.5	2.55563711534251	3	0.465320064748233	0.828485245406201
ENSG00000165868.16	9.21290741733469	6	0.161953611343252	0.477494046253414
ENSG00000271383.7	5.58005223893269	6	0.47183459240453	0.832814937109027
ENSG00000132424.16	75.9111774754856	12	2.47042627800436e-11	4.72723334255776e-09
ENSG00000151553.15	2.76487394770857	3	0.429314979916314	0.797883239193166
ENSG00000165813.20	6.82230930331434	6	0.337593125385894	0.710189695491576
ENSG00000131788.16	6.40462958917306	6	0.379420847399337	0.750374726990419
ENSG00000196865.4	9.42527291082274	3	0.024139764425855	0.13817006512136
ENSG00000131779.11	4.06983613489865	3	0.254021163400742	0.614158415293689
ENSG00000265241.7	6.95559734856943	6	0.324973075323394	0.698548952000221
ENSG00000121851.13	1.30987010142053	3	0.726790668016108	0.97969640018103
ENSG00000135341.18	17.0958740932874	12	0.146026300848887	0.447431921502132
ENSG00000162825.16	1.99431082435626	3	0.573588353532098	0.906389441050141
ENSG00000220323.4	11.2108528763156	3	0.0106386797788283	0.0795577593575366
ENSG00000112159.12	3.42423987804523	3	0.330721695469731	0.704082248274238
ENSG00000023041.11	31.6836992479293	6	1.87607463510713e-05	0.00059251172699063
ENSG00000092621.13	3.64789579296485	3	0.302081001560996	0.674601486094683
ENSG00000196505.11	14.3392901233665	12	0.279568580355595	0.648516704466425
ENSG00000116830.12	14.1015510730576	18	0.722447681226501	0.977699696067769
ENSG00000111880.16	0.586780239825202	3	0.899451954111734	0.999999882499827
ENSG00000182712.16	1.84570854823687	3	0.605039112541672	0.92374479025253
ENSG00000116815.16	0.00727670397100155	3	0.999835269887388	0.999999882499827
ENSG00000203865.11	10.3307805245213	9	0.324376265025689	0.698034833602138
ENSG00000165775.18	0.538953295967076	3	0.910253885872446	0.999999882499827
ENSG00000130830.15	2.03106415756156	3	0.565984321008371	0.899876342248403
ENSG00000146282.18	0.810862176214869	3	0.846867218955058	0.999999882499827
ENSG00000130826.18	14.7726858961978	3	0.00202157797385323	0.0250045366880021
ENSG00000203872.7		3	1	
ENSG00000119953.14	5.21739908833843	9	0.814960113987136	0.999999882499827
ENSG00000203875.13	19.7228725364694	18	0.348635915272398	0.719310337662437
ENSG00000160211.19	3.26473902113503	3	0.352580545493921	0.724081132886191
ENSG00000155380.12	1.15428052948846	3	0.763989289082013	0.997081010343366
ENSG00000102178.13	2.38056269344816	3	0.497263127006712	0.851217480522452
ENSG00000065615.14	5.28772585307706	6	0.507474592065312	0.860202316237042
ENSG00000130827.6	18.8186674618519	15	0.222068919476632	0.573629059071585
ENSG00000116459.11	3.44195492775179	9	0.944173779663209	0.999999882499827
ENSG00000156384.14	3.7771324106443	6	0.706806184560516	0.973417026750243
ENSG00000146242.9	3.70767701494879	3	0.294809014204931	0.66593571734474
ENSG00000071553.17	0.560347135819029	3	0.905446879899496	0.999999882499827
ENSG00000121931.16	0.320112152027832	3	0.956202595442899	0.999999882499827
ENSG00000102125.16	19.8042543228657	21	0.533688572789059	0.879329188223607
ENSG00000168679.18		6	1	
ENSG00000107954.10	3.1211812722886	6	0.793490879273068	0.999999882499827
ENSG00000162775.16	30.4368976528676	12	0.00239897520400394	0.0281389411248491
ENSG00000143093.15	21.6838048564223	9	0.00993696188201702	0.075702428576584
ENSG00000148843.15	18.4106266897361	6	0.00528391676295317	0.0481396163241166
ENSG00000102119.11	5.74175061358255	6	0.452732172785648	0.817513048621068
ENSG00000181754.7	2.42459116898772	3	0.489073401157705	0.845503511407979
ENSG00000162650.16	17.660447746382	12	0.126396175297549	0.410482620542025
ENSG00000148842.18	13.9211269445623	6	0.030529736614111	0.162188187053407
ENSG00000166272.18	6.09911295989332	3	0.106886481521646	0.372537561846338
ENSG00000130590.14	3.08432959782385	6	0.798190609830287	0.999999882499827
ENSG00000156398.13	35.0866084376175	12	0.000453664135730809	0.00804965145563084
ENSG00000107882.12	2.64237011480191	3	0.450109889692953	0.815683118663746
ENSG00000134222.16	70.1074336453312	24	2.10606639810266e-06	9.60425326125415e-05
ENSG00000138107.13	8.77102129269042	3	0.0324954067839393	0.169765885869627
ENSG00000107874.11	1.62848619707802	3	0.652948152444889	0.949503951677794
ENSG00000184216.14	0.352553350327071	3	0.949859633066127	0.999999882499827
ENSG00000196586.16	23.1641127520252	9	0.00583807669264696	0.0515599913516214
ENSG00000166197.17	4.50236492186377	9	0.875355894510463	0.999999882499827
ENSG00000102030.16	29.7653752984479	18	0.0397909497594561	0.193772394562142
ENSG00000134186.12	30.194614081538	12	0.00261004956316662	0.0296870322691644
ENSG00000162639.16	10.7326384642402	6	0.096999460742782	0.349443274168814
ENSG00000112695.11	2.78641977836378	6	0.835136272270035	0.999999882499827
ENSG00000130589.16	4.58403945796317	9	0.868958263229967	0.999999882499827
ENSG00000125531.7	2.82927336524023	3	0.418703643648202	0.78882482259006
ENSG00000107833.10	0.067664926420548	3	0.995412613448329	0.999999882499827
ENSG00000162694.14	25.3350295059172	9	0.00262208684984378	0.0297545878693319
ENSG00000137992.14	1.22865912301972	3	0.746139193626439	0.988424864171939
ENSG00000122435.10	13.2966633618234	9	0.149635580112173	0.454353959649874
ENSG00000166171.13	3.22700403517592	3	0.357932220550322	0.729849674122564
ENSG00000117620.15	53.1086966765197	33	0.0147123376832014	0.0988146617001806
ENSG00000125534.10	0.405774777551414	3	0.939046994373664	0.999999882499827
ENSG00000166167.18	1.45053120549642	3	0.693733840505051	0.96857759502224
ENSG00000117569.19	65.8862652507214	21	1.57925971488507e-06	7.62970077107101e-05
ENSG00000107821.15	15.4918010028487	12	0.215636213199557	0.56357627333007
ENSG00000172339.10	4.77047209532452	3	0.189396774856739	0.523011637189281
ENSG00000213397.10	1.13323014056368	9	0.999064053594785	0.999999882499827
ENSG00000186862.20	2.06057130942611	3	0.559930545697376	0.895788817912747
ENSG00000107816.17	1.94743821194425	3	0.583387450209968	0.91194587964105
ENSG00000023909.10	15.1152379234445	6	0.0193791124357412	0.118393512608191
ENSG00000117505.13	1.58663616182457	3	0.662423762357077	0.953784648887685
ENSG00000147383.11	3.65198123900336	3	0.3015789847404	0.673943052915404
ENSG00000221867.9	2.13026824450753	3	0.545813603494677	0.887840483874862
ENSG00000117500.13	13.1697529636585	9	0.155074362427979	0.464366585742451
ENSG00000143033.18	24.9779423789205	21	0.248120679260656	0.606417218600819
ENSG00000135297.16	26.7282270014111	24	0.317279735564539	0.691575328793463
ENSG00000154511.12	2.55745906037555	3	0.46499637797248	0.828083878217779
ENSG00000164430.16	1.60971035127659	3	0.657190072447794	0.952347832742076
ENSG00000102287.19	83.22921061542	15	1.78478012185796e-11	3.5546263692269e-09
ENSG00000067208.14	4.41842075606064	6	0.620245093727293	0.931124627072958
ENSG00000149658.18	3.24581803056572	3	0.355255237212225	0.72666859357663
ENSG00000174842.17	15.7793066919321	6	0.0149888342747482	0.0998764322270544
ENSG00000063601.17	6.39057779806899	6	0.380887827861633	0.751821020566153
ENSG00000213341.11	0.897847596921565	3	0.825947202212645	0.999999882499827
ENSG00000107566.14	3.61866931220357	6	0.728120138141911	0.980088240613297
ENSG00000119900.9	0.995198034765053	3	0.802413889670102	0.999999882499827
ENSG00000119929.13	1.42751770652467	3	0.69909729407798	0.971695256815643
ENSG00000154079.6	1.33252669767808	3	0.72142416175832	0.977694541674691
ENSG00000155287.11	17.3515630743332	6	0.00807443857587585	0.0648871300169854
ENSG00000101188.5	8.02560178178538	3	0.045485546685989	0.213307760744145
ENSG00000182195.9	0.0979351594578475	3	0.992084056162344	0.999999882499827
ENSG00000143013.13	6.94017801911105	6	0.326414979693666	0.69995249106361
ENSG00000153936.17	3.17134367096514	3	0.365954303324126	0.737401443288076
ENSG00000097033.14	5.46523668696318	3	0.140732696455609	0.437670613355732
ENSG00000168216.13		24	1	
ENSG00000119943.13	11.6668277609188	9	0.232750150267803	0.587171684455484
ENSG00000117151.13	2.26447748837381	6	0.893839301294159	0.999999882499827
ENSG00000241935.9	2.99745508545948	9	0.964395783724877	0.999999882499827
ENSG00000117133.11	2.97801282239743	3	0.395027604375474	0.766020706140479
ENSG00000146166.17	0.681986487080508	3	0.877432506654411	0.999999882499827
ENSG00000022267.19	2.28490695868823	3	0.515418497947326	0.865147767710347
ENSG00000142875.19		3	1	
ENSG00000198689.12	11.6918367007565	15	0.702188915913757	0.973295851760876
ENSG00000168116.14	0.264453177973792	3	0.966569093184148	0.999999882499827
ENSG00000151917.18	0.401916849701934	3	0.939846234493998	0.999999882499827
ENSG00000137965.11		3	1	
ENSG00000162616.9	20.7711667996227	9	0.0137061522380338	0.0936683051057228
ENSG00000186376.15	4.59946653521729	3	0.203587849765986	0.544481728108044
ENSG00000203950.6	9.14666586215026	6	0.165496151698198	0.484390804996351
ENSG00000101928.13	8.06569973030128	6	0.233329395635806	0.587780478061392
ENSG00000156500.15	8.15685825099195	6	0.226835292252043	0.579498852640756
ENSG00000180488.15	16.6202571991093	9	0.0550056149901571	0.239428990494622
ENSG00000036549.13	8.87747207731263	15	0.883836360218187	0.999999882499827
ENSG00000101181.17	13.616444766958	9	0.136638086502165	0.430562184751253
ENSG00000117054.14	4.39143076448818	9	0.883815175100525	0.999999882499827
ENSG00000076770.14	8.2829043644233	9	0.505906929219412	0.859231765097849
ENSG00000101182.15	5.4034168086946	3	0.144530848674002	0.44482325169372
ENSG00000162623.16	20.9800262545086	9	0.0127394033310661	0.0895073086226579
ENSG00000171311.13	6.37842115807143	6	0.382160073000977	0.751821020566153
ENSG00000254685.6	2.01594675913702	3	0.569103501078815	0.9030700921997
ENSG00000116754.13	56.5669527251739	24	0.000191761518236658	0.00388342323315687
ENSG00000024526.17	8.5838704961443	9	0.476537877225925	0.837481207247938
ENSG00000116717.13	3.82973069352011	3	0.280446840297275	0.649754137769896
ENSG00000165879.9	4.79235095774027	3	0.187649168123522	0.520098901368205
ENSG00000124203.6		3	1	
ENSG00000213625.9	14.4287626382647	6	0.0251966482843514	0.141868916099031
ENSG00000096093.16	30.4981142828274	27	0.292242869682736	0.663409668581953
ENSG00000203965.13		6	1	
ENSG00000102038.16	1.00462442935304	3	0.800132982369698	0.999999882499827
ENSG00000077147.16	11.3665020988628	3	0.00990049905335863	0.0754835705169742
ENSG00000059573.9	3.97654849388346	3	0.264007629395462	0.627533782655339
ENSG00000162600.12		15	1	
ENSG00000101146.13	35.6218418901699	12	0.000372575171979767	0.00682169062542315
ENSG00000243725.7	5.05673095341626	6	0.536557837445763	0.881378208320687
ENSG00000232119.8	8.25951799824543	9	0.508219549127552	0.860788269628899
ENSG00000153291.16	3.51768063350391	15	0.998938237296596	0.999999882499827
ENSG00000173145.11	13.232834740551	6	0.0394839590614594	0.192688835962752
ENSG00000124098.10	1.82844739520442	3	0.608764116440269	0.925463738182057
ENSG00000181090.21	31.0184595795981	15	0.00873504764181758	0.0688017190770765
ENSG00000176273.15	11.5318116180824	9	0.241007950911234	0.596692752938102
ENSG00000101882.10	0.177084891347477	3	0.981200945388283	0.999999882499827
ENSG00000203993.6	20.4831139934613	6	0.00227088081438115	0.0269933323599825
ENSG00000101132.10	5.95475377331604	6	0.428277666439661	0.796865919310706
ENSG00000197070.14	12.7693296520847	12	0.386027415177936	0.755350357874424
ENSG00000058804.12	2.03936259878901	3	0.564277175565541	0.898626135173648
ENSG00000196284.17		9	1	
ENSG00000162385.11	1.27070598831051	3	0.736100701104884	0.983920934403858
ENSG00000157184.7	11.4620745835055	9	0.2453600035713	0.602533536701639
ENSG00000116171.19	4.32216262911243	6	0.633166929978892	0.93878396682832
ENSG00000188566.14	8.14313363214023	12	0.773847296367053	0.999999882499827
ENSG00000203995.10	0.83400089931456	3	0.84131836180904	0.999999882499827
ENSG00000162377.6	4.07487222434793	3	0.25349195607254	0.613396478877242
ENSG00000101096.20	2.49390704903055	3	0.476393222459739	0.837377784219127
ENSG00000085840.13	1.78281929676814	3	0.618680767151906	0.930413316319045
ENSG00000026559.14	7.53794977483267	12	0.820116427450418	0.999999882499827
ENSG00000176978.14	6.09180797575391	15	0.9781639746314	0.999999882499827
ENSG00000000419.13	0.807313967408845	3	0.847716840899726	0.999999882499827
ENSG00000177239.15	1.67363694388041	3	0.642810723084347	0.942753559823542
ENSG00000107281.10	7.87980071242782	9	0.546303437246645	0.887840483874862
ENSG00000148362.11	36.7596676246467	9	2.90479519542026e-05	0.000851288177540731
ENSG00000196396.10	2.09312533888078	3	0.553304805686694	0.891106862040296
ENSG00000184925.12	7.2710752493665	6	0.29650426542455	0.667783707710157
ENSG00000176919.13	5.82752921333577	6	0.442785261550581	0.809202503271933
ENSG00000203999.9	14.3926534856946	18	0.703159375770577	0.973295851760876
ENSG00000131724.11	2.07017133201771	3	0.557970836532781	0.894274493960159
ENSG00000240849.11	1.71700001840509	6	0.943801304275383	0.999999882499827
ENSG00000165716.11	0.253495647117234	3	0.968523450036031	0.999999882499827
ENSG00000169692.13	3.06072752225737	3	0.382356627591206	0.751998857046067
ENSG00000112759.19	20.1477094151633	15	0.166339311396521	0.48571735348111
ENSG00000148384.14	4.17750751335734	9	0.899345586597492	0.999999882499827
ENSG00000165688.12	1.70410280261422	3	0.636022034215714	0.939306754223843
ENSG00000085832.17		6	1	
ENSG00000187796.15	1.0092183964814	3	0.799021390549207	0.999999882499827
ENSG00000124201.15	7.26969120817194	3	0.0637809246025332	0.261968873399041
ENSG00000130560.9	16.6633684740373	6	0.0106033830763667	0.0794155145374235
ENSG00000124228.14	0.609112239551905	3	0.894343202687471	0.999999882499827
ENSG00000185104.20	9.78549294789264	12	0.634772856869704	0.93885243764052
ENSG00000160345.13	0.345595476752351	3	0.951236976454667	0.999999882499827
ENSG00000119922.10		3	1	
ENSG00000160293.17	0.902961927374236	3	0.824712969528709	0.999999882499827
ENSG00000162368.13	3.48922708818282	3	0.322162021538426	0.695767203369539
ENSG00000160326.14	4.24430583883441	6	0.643653074247141	0.942753559823542
ENSG00000138134.12	2.95602898462221	3	0.398454445267508	0.770226203413933
ENSG00000159658.13	2.52209716821835	6	0.865986489477915	0.999999882499827
ENSG00000148300.12	0.30518295015645	3	0.959050778248668	0.999999882499827
ENSG00000124126.14	8.89662485977988	6	0.179475829676325	0.507094563350102
ENSG00000171862.11	24.4060400793533	9	0.00370348730729297	0.0376482631582002
ENSG00000198870.8	1.3006949238586	3	0.728968066322534	0.980429900667256
ENSG00000148291.10	2.93423190929752	6	0.817055028763163	0.999999882499827
ENSG00000148290.10	3.47975690707972	3	0.323397088208631	0.696834658330311
ENSG00000085999.13	18.0861898890416	12	0.113098451581026	0.384976557021008
ENSG00000148248.14	5.95883645920549	6	0.427817039135666	0.796503593650316
ENSG00000085998.14	2.09471426676464	3	0.552982843132312	0.891106862040296
ENSG00000107789.16	0.557664309704705	3	0.906051975477779	0.999999882499827
ENSG00000124151.19	1.85833958386138	6	0.932254999444328	0.999999882499827
ENSG00000117472.10	23.320849956634	12	0.0251222838665127	0.141868916099031
ENSG00000148296.7	3.91791660474337	3	0.270465157815616	0.635863520867887
ENSG00000159596.7	3.23132561697275	3	0.357315776448646	0.728897295644301
ENSG00000107779.14	7.65895321159587	6	0.26416888332893	0.627533782655339
ENSG00000160271.16	9.77736116584856	15	0.833505840739246	0.999999882499827
ENSG00000132773.12	3.00205526272475	6	0.80858882889823	0.999999882499827
ENSG00000172315.6	4.75902547723035	3	0.190317130179104	0.524070223876377
ENSG00000125484.12	2.69883347108043	3	0.440425570131637	0.807966274988395
ENSG00000126107.15	17.4566035479093	9	0.0420276359239649	0.201348894934695
ENSG00000124688.14	3.69481896446086	3	0.296359771328906	0.667783707710157
ENSG00000122378.14	19.1651333676673	6	0.00389365024884555	0.0391329894732067
ENSG00000107263.18	4.61658891754451	6	0.593840461774505	0.917702148290956
ENSG00000173846.13	26.3745488112263	12	0.00949700799440467	0.0733238140960405
ENSG00000130717.13	29.7396679143676	9	0.000485774646351299	0.00851108576973488
ENSG00000142937.12	1.07322213705629	3	0.783541978788215	0.999999882499827
ENSG00000142945.13	0.392942149606824	3	0.941696591654017	0.999999882499827
ENSG00000170734.12		6	1	
ENSG00000126106.14	41.7444507429909	15	0.000246026005557077	0.00477329580165311
ENSG00000117419.16	3.3311873439161	9	0.949706070680208	0.999999882499827
ENSG00000160539.6	0.470606976724184	3	0.925299816181134	0.999999882499827
ENSG00000133678.14	28.6905493492195	9	0.000730672151616228	0.0116323483321742
ENSG00000159214.13	24.8845589175253	18	0.128129239764125	0.413496445389583
ENSG00000130720.13	14.0126315393791	9	0.121876608641822	0.40026604566603
ENSG00000117408.11	1.29274831398288	3	0.730855777239929	0.981345835179481
ENSG00000130713.16	31.0095405527391	15	0.00875909020968622	0.0688653263037057
ENSG00000117407.17		9	1	
ENSG00000151208.17	8.40123336284887	9	0.494270980169596	0.849368778350328
ENSG00000066135.13	2.92173286965772	3	0.403850510439711	0.774907025438684
ENSG00000107130.10	0.259849535328613	3	0.967393915211441	0.999999882499827
ENSG00000100982.12	10.134284911499	6	0.119109711657078	0.395731383876082
ENSG00000137207.12	1.9360123481747	3	0.585793211531773	0.91318728513165
ENSG00000147224.13	17.8464636647404	9	0.0369971986796429	0.185068061178939
ENSG00000178922.16	31.2477852668599	18	0.0269437582691848	0.148976848129731
ENSG00000136819.15	0.425159670026915	3	0.934997433317729	0.999999882499827
ENSG00000066322.15	1.66485967712651	6	0.947801791058746	0.999999882499827
ENSG00000198088.10	11.7338143469424	9	0.228734927899091	0.582110277513446
ENSG00000089682.16	6.7318771325854	12	0.874811728960587	0.999999882499827
ENSG00000148335.15	19.4254670646478	12	0.0787650201853017	0.303222024453002
ENSG00000148655.15		6	1	
ENSG00000117394.24	21.9634721304319	15	0.108765292288172	0.376397335971727
ENSG00000164011.18		12	1	
ENSG00000168612.4	0.938735572914084	3	0.816071371958413	0.999999882499827
ENSG00000177868.12	1.78119272265121	3	0.61903613719229	0.930413316319045
ENSG00000164008.16	1.22495316530808	3	0.747025942910479	0.988639297106505
ENSG00000165644.11	17.3036285764829	12	0.138528351732316	0.43399620691996
ENSG00000148341.18	21.2051660708821	24	0.626594254637159	0.934220033620531
ENSG00000127125.9	25.2789407709061	12	0.0135549854882213	0.0930549421324472
ENSG00000171793.16	45.3555110115267	9	7.92948095205105e-07	4.39680708017422e-05
ENSG00000172465.14	12.1633744266182	9	0.204254978897276	0.545070915793961
ENSG00000133142.17	6.96339459017327	9	0.640930693240665	0.942520537638341
ENSG00000185222.10	3.88580781065684	3	0.274061768077568	0.641015115476319
ENSG00000156671.15	27.1532600070732	9	0.00131939489198287	0.0182637939728522
ENSG00000117010.17	12.7771226260575	6	0.0467149944701488	0.21709125287342
ENSG00000187815.10	6.8816592204056	3	0.0757668904191058	0.296594096911373
ENSG00000084070.12	0.214120924151757	3	0.9752781361775	0.999999882499827
ENSG00000119333.11	9.02748746439465	6	0.172038086766295	0.495539832652946
ENSG00000084073.10	10.616970365867	6	0.100960677014862	0.358281907995652
ENSG00000122861.16	1.94381295708592	3	0.58415004002094	0.912115238490296
ENSG00000101109.12	3.04455708965997	6	0.8032340322345	0.999999882499827
ENSG00000168389.18		3	1	
ENSG00000116990.11		6	1	
ENSG00000172586.8	9.92900268408994	3	0.0191793801634244	0.117496278100979
ENSG00000137161.17	2.71875889859803	3	0.437048823416531	0.805050862159669
ENSG00000196968.11	6.33401923899601	9	0.706078495864839	0.973417026750243
ENSG00000167118.11	16.1828018726956	6	0.0128057114469856	0.0896428754734029
ENSG00000241343.10	2.06899601360783	6	0.913244863857662	0.999999882499827
ENSG00000090621.14	1.51777985341323	9	0.997012706404793	0.999999882499827
ENSG00000196839.13	26.9083947680701	12	0.00796524959459429	0.0644551167443165
ENSG00000167112.10	2.58385334530612	3	0.460327298281155	0.823828003654096
ENSG00000175854.13	0.397437761217589	3	0.940771283405601	0.999999882499827
ENSG00000024048.10	3.0618472238948	3	0.382187500054418	0.751821020566153
ENSG00000126953.8	0.23501098851375	3	0.971748717764098	0.999999882499827
ENSG00000138279.16	4.01474958162726	6	0.674680286406327	0.960611098028189
ENSG00000102384.13	9.3756899273194	6	0.153525747977423	0.461997463617535
ENSG00000188917.15	12.4045069143413	12	0.41376397385532	0.783910429208711
ENSG00000182180.14	11.7620208515436	6	0.0674933332473134	0.272966199403453
ENSG00000168653.11	0.117470549652353	3	0.98966147168903	0.999999882499827
ENSG00000101811.14	0.864392639818107	3	0.834011050470407	0.999999882499827
ENSG00000137413.16	13.3784704042755	9	0.146215248628672	0.447665889308765
ENSG00000122882.11	14.0369263208122	9	0.121017736970732	0.399260343170174
ENSG00000174574.16	1.54641813730268	3	0.671599219437008	0.959035265473801
ENSG00000164663.14	1.32742889442989	6	0.970123723545042	0.999999882499827
ENSG00000183520.12	3.89848909205466	3	0.27263616405619	0.638865102248223
ENSG00000183386.10	13.9666063862132	9	0.123518071862345	0.404229665762786
ENSG00000183431.12	7.00715478639177	6	0.32018603508642	0.694531121673344
ENSG00000204084.13	2.52256676468733	6	0.865933585064967	0.999999882499827
ENSG00000101052.13	9.7795104565048	9	0.368628350026577	0.740062552542555
ENSG00000188786.10		3	1	
ENSG00000197982.14	6.7709242369674	6	0.342552602365241	0.713700009923652
ENSG00000134697.13	6.40176700248412	3	0.0936181241147789	0.341795463238357
ENSG00000148339.12	30.7926715181693	12	0.0021185608566893	0.0258437942505386
ENSG00000171169.9	0.478108121302284	3	0.923673956253161	0.999999882499827
ENSG00000163874.11	6.99738167323085	3	0.0719812743147226	0.284860201150599
ENSG00000185513.17	57.3815675197329	21	3.15433894947951e-05	0.000902732956245471
ENSG00000214193.11	0.960944831918368	3	0.810700939135757	0.999999882499827
ENSG00000124596.17	23.2917989251655	15	0.0781378861440667	0.301999061734633
ENSG00000054116.12	1.62393398190034	3	0.653975208347195	0.949999584556553
ENSG00000198246.9	3.96768523846117	6	0.681049648062254	0.96263805288133
ENSG00000092847.13	3.37892039747885	6	0.760002858041596	0.994870893946106
ENSG00000134698.11		6	1	
ENSG00000136877.15	2.46102271522977	6	0.872804086940274	0.999999882499827
ENSG00000079332.15	3.98260385150206	6	0.679030713991727	0.96245206760886
ENSG00000126067.12	0.994802448345581	3	0.802509609402122	0.999999882499827
ENSG00000132793.12	3.29228009030157	9	0.951571639134414	0.999999882499827
ENSG00000136807.14	10.3670203515212	12	0.583796068477427	0.912023805232484
ENSG00000165288.11	12.6940754561415	3	0.00534713465017237	0.0484518914122861
ENSG00000171224.9	2.43007899008262	3	0.48805998981186	0.844349838782829
ENSG00000160401.15	0.412361709349739	3	0.937677181830302	0.999999882499827
ENSG00000136854.23	29.3023243047064	12	0.00355231713908197	0.0367235836443866
ENSG00000136830.12	1.85980164745706	3	0.602008680195097	0.9220029362875
ENSG00000102144.15	2.40253000624944	6	0.879212654811486	0.999999882499827
ENSG00000204104.12	6.22608316311153	6	0.398346686519562	0.770226203413933
ENSG00000131174.7	2.09930900658946	6	0.910342206871916	0.999999882499827
ENSG00000085224.23	19.5835520900364	18	0.356746416031235	0.727887993737993
ENSG00000136856.18	8.00232679864712	15	0.923689385218609	0.999999882499827
ENSG00000094841.14		12	1	
ENSG00000136895.19	21.3201923039569	18	0.263567785595454	0.627533782655339
ENSG00000123485.12	4.58488594000664	6	0.598043814994621	0.920263259308185
ENSG00000160094.15	8.57356981781186	9	0.477530352870425	0.838319610300859
ENSG00000101407.13	6.56843217618007	3	0.087002425982527	0.323696788091301
ENSG00000137200.13	1.82413041587824	3	0.609698018094708	0.925463738182057
ENSG00000169155.10	2.43487088809593	3	0.487176428688589	0.843944536462699
ENSG00000134684.11	43.9114565877098	9	1.46545704094549e-06	7.18663078521961e-05
ENSG00000162521.19	4.2930768521328	12	0.977548477064126	0.999999882499827
ENSG00000204116.11	2.50056229028223	3	0.475189473468647	0.835864108071473
ENSG00000119414.12	7.9912260849851	6	0.238746810230655	0.594507202237129
ENSG00000116478.12	1.16588555896305	3	0.761197445213593	0.995071128790791
ENSG00000147099.21	19.3218854248626	18	0.372258842454498	0.743132829071477
ENSG00000204120.15	32.8218789623497	21	0.0482299017971922	0.220349172379117
ENSG00000107625.13	1.5965266384701	3	0.660177637380655	0.953566679623831
ENSG00000160050.15	0.468835955347458	3	0.925682689622659	0.999999882499827
ENSG00000101363.12	1.88191210795776	3	0.597274160338551	0.919890120624735
ENSG00000084652.16	1.06937761407244	3	0.78447111230391	0.999999882499827
ENSG00000137409.19	6.00548020272981	6	0.42257646430586	0.792604980811241
ENSG00000119522.16	9.09824691407812	9	0.428255050267716	0.796865919310706
ENSG00000171448.9	1.84589175992005	3	0.604999653624924	0.92374479025253
ENSG00000121753.12	22.4448512809868	15	0.0966591624652585	0.348723388724014
ENSG00000084636.18	13.907733845921	18	0.735085855798908	0.983164200581862
ENSG00000164530.15		3	1	
ENSG00000147174.11	8.06363027912312	3	0.0447148020161405	0.211113571783026
ENSG00000147162.14	2.93636513226375	3	0.401540839253648	0.772145231581547
ENSG00000121769.8	11.3733961373273	6	0.0774993358883559	0.300483122341861
ENSG00000149636.16	12.6539982736795	15	0.629003423393764	0.935888227991042
ENSG00000116350.17	0.130426255891507	3	0.987951394868047	0.999999882499827
ENSG00000148180.20	10.2941689959844	6	0.112798118574822	0.384490687800101
ENSG00000188060.7	3.00236222361127	3	0.39126111122709	0.762139158575883
ENSG00000147166.11	4.96191479212303	3	0.174607267212242	0.498619675424651
ENSG00000180098.9	15.5019895051046	15	0.415898195204745	0.786274794072666
ENSG00000180198.16	3.24294478581578	6	0.777794843680187	0.999999882499827
ENSG00000204138.13	18.0905534995218	12	0.112968541716573	0.384802791836663
ENSG00000130772.14	2.77923150158858	3	0.426930202769794	0.79615782817147
ENSG00000158161.16	30.2976622538158	12	0.00251817743987969	0.0290501650566807
ENSG00000118707.11	16.188161043995	6	0.0127788829508548	0.0895898841360578
ENSG00000108064.11	16.0893241200756	9	0.0650395355784085	0.26579599150322
ENSG00000072401.15	26.1968521649787	9	0.00189680556100495	0.0237015691035177
ENSG00000117758.14		6	1	
ENSG00000175084.12	2.80283453890479	3	0.423033514024864	0.792832162443105
ENSG00000107984.10		6	1	
ENSG00000119401.10	3.02789289988505	6	0.805337923440279	0.999999882499827
ENSG00000196821.10	0.855169680373365	3	0.836230647778074	0.999999882499827
ENSG00000204149.12	16.5568299865463	6	0.0110576612634688	0.0810834249161102
ENSG00000186501.14	18.2678038143713	9	0.0321906397005095	0.168572506343531
ENSG00000172650.13	2.68750169768418	6	0.846921324571627	0.999999882499827
ENSG00000197444.10	28.545373574254	9	0.000772899299856341	0.0120298632652281
ENSG00000142751.15		6	1	
ENSG00000204160.12	9.0703421366743	6	0.169660556325309	0.491456624867525
ENSG00000148229.13	1.65323825040832	6	0.948673957572297	0.999999882499827
ENSG00000136875.13	0.0755505013403308	3	0.994600509837822	0.999999882499827
ENSG00000136868.11	4.36808587174164	3	0.224362874295627	0.575460639532578
ENSG00000137288.10	10.9600151359045	9	0.278459663139715	0.64671295872929
ENSG00000148153.14	12.0412957243716	12	0.442368849528588	0.808895934523044
ENSG00000175087.10	5.28758049248427	6	0.507492649386691	0.860202316237042
ENSG00000061656.10	5.89472966055837	12	0.921295310620667	0.999999882499827
ENSG00000158006.14	2.31506819262586	3	0.509640389104204	0.861194903714642
ENSG00000127423.11	1.19437288999416	3	0.7543542391334	0.991958804678782
ENSG00000117640.18	13.0230197734672	9	0.161567405623405	0.476787514810647
ENSG00000204177.10		3	1	
ENSG00000204178.11	3.11022400118782	3	0.374941039015081	0.745426345841385
ENSG00000183726.11	14.0530305416178	9	0.12045129405745	0.398064401864766
ENSG00000169504.15	18.6755780095191	6	0.0047481012133479	0.0446403851069963
ENSG00000117602.12		9	1	
ENSG00000204186.10	9.64235197523271	3	0.0218642146500333	0.129004154032452
ENSG00000242372.9	0.876961150672287	6	0.989849641932878	0.999999882499827
ENSG00000165124.18	1.50262882391871	3	0.681663732183189	0.962853721577036
ENSG00000112514.18	2.82964847784024	9	0.970667410368231	0.999999882499827
ENSG00000117308.15	8.54619509550685	12	0.741124422030395	0.985813146004245
ENSG00000011009.11	4.33707980645704	3	0.227290941310968	0.580279213818354
ENSG00000112511.18	5.57147135247578	15	0.98608267706908	0.999999882499827
ENSG00000142676.14	4.62073294818401	9	0.866038466229249	0.999999882499827
ENSG00000117318.9	3.35733424453065	3	0.339742172421623	0.712213430536324
ENSG00000204217.15	13.781916139734	3	0.00321754449970807	0.0340933949757341
ENSG00000106771.13	12.2856407466898	6	0.055891579500813	0.242205117383852
ENSG00000204219.11	11.1993979793806	6	0.0824058586232073	0.312188965180078
ENSG00000204220.12	6.91958328761393	9	0.645491728866908	0.944263866649387
ENSG00000227057.10	1.33161421692057	6	0.969885876514361	0.999999882499827
ENSG00000181704.12	17.8875022762841	6	0.00651956900818249	0.0557620280025004
ENSG00000133216.16	9.04506948213202	12	0.699076152854327	0.971695256815643
ENSG00000070061.16	43.2795933129455	9	1.91523818012888e-06	8.88817259802182e-05
ENSG00000184677.18	10.0855925219266	6	0.121093502726826	0.399375293379892
ENSG00000204227.5	1.6244807280018	3	0.65385180573569	0.949999584556553
ENSG00000204228.4	0.386480280183605	3	0.943020972698531	0.999999882499827
ENSG00000136826.15	2.98224232936082	6	0.811072287521637	0.999999882499827
ENSG00000142798.20	5.73862001349335	6	0.453097678378624	0.817636879307876
ENSG00000112473.18	11.4022008596803	6	0.0767133846865672	0.298384185395062
ENSG00000204231.11	14.2777535995629	12	0.283324267708492	0.653911672528371
ENSG00000095209.12	1.11726552036635	3	0.772907838041083	0.999999882499827
ENSG00000106701.13	10.1656743094884	6	0.117846271821924	0.393991698085016
ENSG00000070214.16	0.489164360350515	3	0.92126542364295	0.999999882499827
ENSG00000204237.5	15.3372480874677	12	0.22350937924805	0.575043761053354
ENSG00000108094.16	5.53942743426887	12	0.93749962919439	0.999999882499827
ENSG00000001497.17	3.55670615647978	6	0.736410543347347	0.983937354003834
ENSG00000078804.13	5.38117658945703	6	0.495932826674523	0.850217684791745
ENSG00000204256.13	41.6163087706664	18	0.00125076859074934	0.0174624473206335
ENSG00000162551.14		3	1	
ENSG00000204257.15	27.7816032243084	9	0.0010373865512387	0.0152467701107507
ENSG00000240065.8		3	1	
ENSG00000204264.12	0.800253770539712	3	0.849406333858173	0.999999882499827
ENSG00000066697.15	12.2630870068497	12	0.42478887404027	0.794417087511263
ENSG00000204267.16	22.6566361687801	9	0.00701529075142327	0.0587603338916848
ENSG00000165591.6		3	1	
ENSG00000136891.14	5.19821286424121	3	0.157845248566846	0.468838859776167
ENSG00000204271.13	40.4200406709751	24	0.0192679732048303	0.117891003451999
ENSG00000204272.13	5.4562743973147	6	0.486757213722208	0.843944536462699
ENSG00000169188.5	4.98208370654174	3	0.173113774104465	0.497472709506912
ENSG00000106799.13	6.38959969004827	9	0.700380513903212	0.972506954721697
ENSG00000204291.11	6.83454949016959	9	0.654340397568555	0.950027039292796
ENSG00000189410.12	23.4847228865417	9	0.00519476911641235	0.0475488847370498
ENSG00000213654.10		6	1	
ENSG00000204304.12	14.0974560676259	9	0.118900513280471	0.395731383876082
ENSG00000204305.14	27.7073465420654	15	0.0234744107607431	0.135314101957526
ENSG00000158825.6	0.481921603015508	3	0.92284482233945	0.999999882499827
ENSG00000162545.6	4.28583351659381	3	0.232207591597531	0.586468397101528
ENSG00000204308.8	2.06771411400405	3	0.558471980816164	0.894783789326045
ENSG00000136932.14	14.8852440104047	9	0.094136742551381	0.343077323496966
ENSG00000136936.11	0.220284181970783	3	0.974250160413401	0.999999882499827
ENSG00000204311.15		6	1	
ENSG00000136937.13	16.0771123382292	6	0.0133460049791163	0.0921762472222689
ENSG00000040487.13	10.5688846219236	15	0.782514012458917	0.999999882499827
ENSG00000188486.3	50.2188750094065	3	7.17607191804247e-11	1.27329610633048e-08
ENSG00000006638.13	9.84959024042018	3	0.0198889094891448	0.120631365882265
ENSG00000127463.15	16.2752278902772	9	0.0613518577614696	0.257100265011281
ENSG00000213676.13	13.3706342197547	15	0.573693828346106	0.906389441050141
ENSG00000254876.5	1.00237509351086	3	0.800677254073418	0.999999882499827
ENSG00000127481.15	20.4134576654396	12	0.0596579290349363	0.252472562641779
ENSG00000158122.12	3.1384614875119	6	0.79127862422742	0.999999882499827
ENSG00000081377.17	9.76361132809507	9	0.369959111808713	0.74093553305611
ENSG00000168477.19	5.14030902434024	6	0.525947656123262	0.873655008699049
ENSG00000123600.20	38.7327782620996	21	0.0105618134623829	0.0792867212149191
ENSG00000160584.16	15.0683481562519	12	0.237719947566705	0.593023764903752
ENSG00000204344.14	54.8447351340001	18	1.35420400353851e-05	0.000460476546011579
ENSG00000124313.17	8.89087462163843	15	0.883153760187089	0.999999882499827
ENSG00000198176.13	15.0822753092798	3	0.00174767188657372	0.0223532502504233
ENSG00000150403.18	4.48137728269649	6	0.611824732303149	0.92621457428577
ENSG00000204351.12	22.3206546009606	15	0.0996676315820794	0.355712614148798
ENSG00000188938.17	3.09993272398788	6	0.796203788218545	0.999999882499827
ENSG00000204356.14	2.92990767382435	6	0.817591377209	0.999999882499827
ENSG00000184205.14	0.78264615606895	3	0.853613181283368	0.999999882499827
ENSG00000165233.18	7.92383141590108	9	0.541840084737344	0.884503304728832
ENSG00000142623.11	1.93668151901613	3	0.585652131267087	0.913145733988736
ENSG00000076053.11		6	1	
ENSG00000117118.10	0.720356834877748	3	0.868405690484505	0.999999882499827
ENSG00000204371.11	18.3219084041848	12	0.106260133373347	0.371282721657894
ENSG00000095739.11	2.69220511884123	3	0.441553578479608	0.808769026348067
ENSG00000117122.14	1.50503769872012	6	0.959159221186366	0.999999882499827
ENSG00000058453.17	33.8407700631869	12	0.000714656220082247	0.0114521018912687
ENSG00000188312.14	25.7653026903308	9	0.00223158919618373	0.0265910610080061
ENSG00000037637.11	6.93444072963666	6	0.326952693660208	0.70064368410847
ENSG00000204379.11	1.1549758608121	3	0.763821949527285	0.997081010343366
ENSG00000132881.12	2.18315310859475	3	0.535274302002229	0.880455404220421
ENSG00000196305.18	0.901893357920926	3	0.824970874272499	0.999999882499827
ENSG00000068650.18	16.7378191029347	15	0.334777681740272	0.708083094083944
ENSG00000204386.11	1.10070186116354	3	0.776904654237651	0.999999882499827
ENSG00000204387.14	22.5760833580862	9	0.00722193056349779	0.0602383080078419
ENSG00000204389.10	1.14013566543872	3	0.767395060618933	0.997994626661868
ENSG00000204392.11	14.4611806051689	3	0.00234011042813181	0.0276144349070597
ENSG00000204394.13	1.34503575784038	3	0.718467673492033	0.975924508114625
ENSG00000110660.15	6.46109474344848	6	0.373564996202634	0.744156113072362
ENSG00000204396.11	7.78953969125723	9	0.555486943418853	0.892718866851768
ENSG00000204410.16	86.3653345671482	27	3.95713224393798e-08	3.1915416172389e-06
ENSG00000169071.15	8.50498353467992	6	0.203390303089735	0.544102513117524
ENSG00000116809.12		15	1	
ENSG00000065526.12	17.2240462828104	6	0.00849416807081113	0.0673392251852525
ENSG00000213722.9	10.3729671277033	9	0.321143451371611	0.695581916845641
ENSG00000150051.14	7.61776851550621	6	0.267464737056561	0.631395348073288
ENSG00000116786.13	32.074558189719	9	0.000193304605254576	0.00388960751067918
ENSG00000187498.16	39.9073793391399	3	1.114780983464e-08	1.05315004408911e-06
ENSG00000116138.13	23.9522623195981	9	0.00437742459651126	0.0423802446799141
ENSG00000130045.16	6.05604248964045	3	0.108915243554899	0.376418754092771
ENSG00000106723.17	6.84546927990959	6	0.335374960589715	0.708425160258663
ENSG00000240053.8	0.694510139280283	3	0.874494454037626	0.999999882499827
ENSG00000204435.14	4.19841023365734	3	0.240821099156484	0.596692752938102
ENSG00000263020.6	3.21233678906901	6	0.781763184918036	0.999999882499827
ENSG00000107897.19	3.94488251694565	12	0.984410539961927	0.999999882499827
ENSG00000204438.11	4.8476197030941	6	0.563500530453874	0.898122109537703
ENSG00000204444.11	1.60893654256643	3	0.6573652204553	0.952347832742076
ENSG00000134899.23	36.5430614456163	15	0.00147510033737414	0.0200564497522499
ENSG00000204469.13	25.8133097776881	9	0.0021916872984053	0.0262828084342864
ENSG00000171729.14	8.02876170132549	6	0.236003716374169	0.591411336177241
ENSG00000151287.17	2.05705413561009	6	0.914377214194201	0.999999882499827
ENSG00000134900.12	25.0390495951942	12	0.0146389109186186	0.0984570169915914
ENSG00000107890.17	15.4069194021968	9	0.080348048068404	0.307376166640359
ENSG00000125968.9	4.73042709633592	3	0.192634817514571	0.526384753027184
ENSG00000204498.11	2.00582212769223	6	0.919162364035451	0.999999882499827
ENSG00000198563.14	50.4179828604683	12	1.17961109861456e-06	5.99574203717679e-05
ENSG00000148459.16	2.86662945360149	6	0.82539050199436	0.999999882499827
ENSG00000204525.16	3.59122401895002	9	0.936203315684137	0.999999882499827
ENSG00000137310.12	1.02034200562048	3	0.79632995508401	0.999999882499827
ENSG00000204536.14	8.28900921807508	18	0.974016468897369	0.999999882499827
ENSG00000175198.17	9.26869266919402	12	0.679825299807101	0.962625522463362
ENSG00000149243.15	3.8919239537845	3	0.273373365063847	0.639785528108621
ENSG00000012211.13	22.850081479538	12	0.0290260032574064	0.15598280054462
ENSG00000151025.11	2.51582443933023	3	0.472438039842077	0.833578526635116
ENSG00000166263.13	23.3062367816442	12	0.0252357727842546	0.141907189325678
ENSG00000185875.13	0.558743799886997	3	0.905808579859708	0.999999882499827
ENSG00000165113.13	1.82538715275587	6	0.935036773873796	0.999999882499827
ENSG00000011258.16	1.58475094475762	6	0.953667420396986	0.999999882499827
ENSG00000243279.4	1.72146013274323	3	0.632173303694955	0.938315742252177
ENSG00000125304.10	0.945974052825477	3	0.814321386720463	0.999999882499827
ENSG00000011052.21		3	1	
ENSG00000137337.15	5.17117748054079	12	0.952015597966819	0.999999882499827
ENSG00000148057.16	0.740129202563139	3	0.863726983990508	0.999999882499827
ENSG00000068400.13	4.25681653930951	6	0.641966302791576	0.942526976954288
ENSG00000204560.10	7.06799443342607	6	0.314604891026964	0.688580801923732
ENSG00000144134.18	16.4485405760292	12	0.171544706606562	0.495233206290448
ENSG00000196781.16	3.13563400524254	6	0.791640968061647	0.999999882499827
ENSG00000177000.13	18.8161745559528	12	0.0930623153955244	0.340658340564487
ENSG00000102096.9	1.56685929976265	3	0.666927374189453	0.956435598047741
ENSG00000148450.13	5.11642647504777	3	0.163467661991389	0.480072498758341
ENSG00000204569.10	8.08181676932145	3	0.0443507189662666	0.210111521120749
ENSG00000102572.14	13.7119080701887	6	0.0330251991902724	0.171568384646922
ENSG00000204576.12	20.8299167683581	15	0.142352124949347	0.440880478381681
ENSG00000116685.16	3.28117220736749	3	0.3502717313174	0.721508539928214
ENSG00000126768.12	2.84572035243036	3	0.416028730350187	0.786369238715374
ENSG00000204590.12	32.8162190395524	9	0.000143756031728819	0.0030945048766379
ENSG00000204592.9	4.5325857568896	6	0.604996468620099	0.92374479025253
ENSG00000204599.14	15.2735604438458	12	0.226816060378021	0.579498852640756
ENSG00000168283.14	5.67464207917146	6	0.460605047003756	0.824160023981395
ENSG00000185352.8	4.11896567674194	3	0.248901221457652	0.607560535318966
ENSG00000102595.20	6.77503528018497	9	0.660528347549374	0.953566679623831
ENSG00000197619.14		9	1	
ENSG00000187210.14	11.6335974659105	3	0.00874973488807184	0.0688618248166879
ENSG00000135002.12	20.0624419386986	6	0.00269940219808513	0.0303846205895187
ENSG00000204619.8	0.99687417216046	3	0.80200831511144	0.999999882499827
ENSG00000068354.16	1.63515060771806	3	0.651446177308191	0.948419598431548
ENSG00000204623.9	11.1656543426734	9	0.264524917428817	0.627533782655339
ENSG00000206503.13	1.31556160212494	3	0.725441178740903	0.979059668556558
ENSG00000120942.14	10.2487161189456	6	0.114561278240958	0.387744799116221
ENSG00000204628.12	0.0571046615950763	3	0.996432218678994	0.999999882499827
ENSG00000156017.13		6	1	
ENSG00000204634.12	9.51040678207573	12	0.658826669780642	0.952658093108503
ENSG00000224531.6	15.1789968965259	3	0.00166989998245515	0.0217577489035778
ENSG00000147118.12	0.638948256123967	3	0.887460990536822	0.999999882499827
ENSG00000116649.10	5.58335116435774	3	0.133737424597323	0.424851408413175
ENSG00000125814.17	6.99943598465143	6	0.320899361864123	0.695581916845641
ENSG00000160049.12	6.18609571102206	6	0.402669873537952	0.773401947619932
ENSG00000135048.14	12.984626643447	12	0.370159077594841	0.74093553305611
ENSG00000089094.19	4.64477796038409	9	0.864110086771199	0.999999882499827
ENSG00000078114.19	29.4971880715043	18	0.0426312028045891	0.203840229382648
ENSG00000204713.11	0.857196000957629	3	0.835743137596757	0.999999882499827
ENSG00000173614.14	9.48568927033602	6	0.148049009403561	0.45108032556021
ENSG00000162441.12	8.51405032785078	6	0.202807763454485	0.543437936175814
ENSG00000087206.17	13.7502399249643	9	0.131491170691099	0.420090757351683
ENSG00000178585.15	1.9576887953308	3	0.581234830469653	0.911004128395022
ENSG00000110046.13	2.23776325418567	6	0.896584618023693	0.999999882499827
ENSG00000165060.15	0.315625981504127	3	0.957063359656868	0.999999882499827
ENSG00000241058.4	0.777262370894277	3	0.854897482870329	0.999999882499827
ENSG00000101343.15	5.50650754527032	3	0.138249911801219	0.433471779565422
ENSG00000147996.16	3.7496089802662	6	0.710517510446207	0.973938352009056
ENSG00000215126.10	12.7356567851948	12	0.388543499955725	0.758966376314635
ENSG00000142583.18		9	1	
ENSG00000125821.13	1.34599305135225	3	0.718241613029364	0.975924508114625
ENSG00000102805.16	9.34076103626285	9	0.406431973171385	0.777414666048519
ENSG00000105483.18	16.7422381117558	15	0.334505517331197	0.708006760108594
ENSG00000136738.15		3	1	
ENSG00000204802.3	3.77169429852535	3	0.287195770475838	0.657149712561243
ENSG00000115307.17	3.87864583093324	6	0.69309480173004	0.96857759502224
ENSG00000204815.10	2.76073149706184	3	0.43000507251438	0.798290010002408
ENSG00000231527.7	2.27622122717207	3	0.517091588255563	0.866520416893377
ENSG00000118939.18	0.582879041365231	3	0.900340394487114	0.999999882499827
ENSG00000132664.12	0.834285717358398	3	0.84124997600126	0.999999882499827
ENSG00000136111.14	0.733516427939321	3	0.865293646947205	0.999999882499827
ENSG00000204852.16	25.3468851398793	24	0.387111239765476	0.756774557065561
ENSG00000162413.16	12.4827947740559	3	0.00589969580074936	0.0519631149093077
ENSG00000124549.14	0.151118800300537	6	0.999932056225961	0.999999882499827
ENSG00000204856.12	0.254832870865357	3	0.968286596355447	0.999999882499827
ENSG00000149474.13	15.3624348635331	9	0.0814495902884978	0.309527473374396
ENSG00000137124.8	1.66560346695223	3	0.644607809159073	0.94342045734604
ENSG00000125871.14	4.85204902088481	6	0.562924371265321	0.897527171172588
ENSG00000162408.11	4.44438668968633	6	0.616768945470303	0.929874909092901
ENSG00000158406.5	5.8704448103972	6	0.437858472329944	0.806085801069219
ENSG00000089006.16	318.190544574201	21	6.21965497086698e-55	3.03488064303454e-51
ENSG00000083520.15	4.73272597302275	9	0.856957158482982	0.999999882499827
ENSG00000136122.18	26.7761574526467	9	0.00152309601244067	0.0205871107831143
ENSG00000069812.11	0.26442566915631	3	0.966574037688884	0.999999882499827
ENSG00000066827.16	9.60414157385901	3	0.0222488915892353	0.130176497918169
ENSG00000125864.14	3.98035943668356	6	0.679334455968484	0.962625522463362
ENSG00000158286.13	23.4796227866063	18	0.172825813488214	0.496791491555663
ENSG00000204922.5	0.646278589876602	3	0.885760924164481	0.999999882499827
ENSG00000122707.12	6.05412880539279	6	0.417153955106717	0.787537292328415
ENSG00000147050.16	28.8193618720179	12	0.00419063959006341	0.0410195102902998
ENSG00000137103.20	7.67873731629697	9	0.566817527764898	0.900760829418278
ENSG00000204946.10	9.5439346443618	12	0.655902083505202	0.951248095248517
ENSG00000136100.14	11.3179342403346	9	0.254544085048569	0.615027414208712
ENSG00000107185.10	0.762611374161679	3	0.858387374486651	0.999999882499827
ENSG00000101247.18	23.5567320864175	15	0.0730135143459112	0.287689002705654
ENSG00000070610.14	49.8300515577648	15	1.2835751474397e-05	0.000437986358876364
ENSG00000204954.10	29.9278251602518	18	0.038154124475627	0.188912278415852
ENSG00000152465.18	4.4830045607323	9	0.876851545568763	0.999999882499827
ENSG00000147044.22	42.4182109163139	24	0.0115806744370088	0.0839641915533203
ENSG00000131697.18		12	1	
ENSG00000064313.12	5.41546061913687	6	0.491732744267884	0.847997853209097
ENSG00000152464.15	6.54514748086876	12	0.886152435743752	0.999999882499827
ENSG00000182197.12	3.97007750609919	6	0.68072590955015	0.96263805288133
ENSG00000137261.14		3	1	
ENSG00000116198.14	19.701153303613	24	0.713637749601211	0.974449531042145
ENSG00000197889.10		3	1	
ENSG00000204991.11	18.0251397290467	12	0.114929321672823	0.387960999725036
ENSG00000130764.10	2.64307699985511	3	0.449987590214842	0.815683118663746
ENSG00000188493.15	3.99360187689854	6	0.677542307246131	0.961228763255115
ENSG00000198931.11	0.370930146251339	3	0.946179958964284	0.999999882499827
ENSG00000130762.15	11.908663303886	9	0.218507556317426	0.568038157192797
ENSG00000187522.16	1.00206560696097	3	0.800752140665815	0.999999882499827
ENSG00000132623.16	7.63756218823096	6	0.265876690115009	0.629015907595727
ENSG00000102531.16	30.4069620909158	9	0.000373962456982709	0.00683426894699299
ENSG00000137135.18	12.3839793350962	9	0.192517564209608	0.526268601994837
ENSG00000157870.17	11.4351767770449	6	0.0758225966384017	0.29662025431158
ENSG00000182220.15	55.1468245375436	15	1.68720594005215e-06	8.03171370272097e-05
ENSG00000185267.10		3	1	
ENSG00000030066.13	5.12874043777265	3	0.162609245703193	0.478559598557738
ENSG00000157881.16	27.1865396363282	12	0.00726316503518329	0.0603244490028542
ENSG00000143919.15	3.45612490525036	6	0.749797642591964	0.989644416235252
ENSG00000198722.14	0.354550431857206	3	0.949462661503181	0.999999882499827
ENSG00000205060.11	23.7725352235848	9	0.00467579036149586	0.0443881693947841
ENSG00000116151.14	13.1385675160118	18	0.783276160391549	0.999999882499827
ENSG00000101955.15	19.6601762793594	9	0.0201293848812528	0.121636326350555
ENSG00000157933.10	3.3371789879202	3	0.34250145347376	0.713700009923652
ENSG00000162585.17	32.0837357893324	9	0.000192599373789298	0.00388342415043338
ENSG00000136156.15	4.00526871811599	6	0.675963373136639	0.960611098028189
ENSG00000154099.18	4.37540014861224	3	0.223677233011429	0.575043761053354
ENSG00000067606.17	6.5800191166727	6	0.361436782389301	0.732841979299015
ENSG00000078369.18	9.29573938754038	6	0.157616269360438	0.468813524135481
ENSG00000134569.10	1.35780039237488	6	0.968375078139169	0.999999882499827
ENSG00000130962.18	13.6095500425299	12	0.326333166156677	0.699930850224837
ENSG00000221829.10	9.95661693542206	15	0.822459919273563	0.999999882499827
ENSG00000205078.6	0.582878805640576	3	0.900340448132664	0.999999882499827
ENSG00000164405.11	3.52685175440274	6	0.740393827321112	0.985813146004245
ENSG00000065328.16	0.989729733488275	3	0.80373703877363	0.999999882499827
ENSG00000138050.15	8.43317100942477	6	0.208053884238232	0.55173854790242
ENSG00000205090.9	2.10575464206545	3	0.550749437658367	0.890526575140244
ENSG00000131437.15	8.09099607088319	12	0.777979514734096	0.999999882499827
ENSG00000133858.17	23.0783062371866	6	0.00077067149835445	0.0120298632652281
ENSG00000113522.14	5.88197753802524	6	0.436540204298947	0.804569566336813
ENSG00000213930.12	31.7810767968185	27	0.240289316923287	0.59623275968837
ENSG00000183049.13	3.77437632621877	6	0.707177963974529	0.973417026750243
ENSG00000166181.13	10.1521206377365	9	0.338311215566352	0.710475393310098
ENSG00000205133.12	34.9300913127081	24	0.0694441843578544	0.278204349404064
ENSG00000088766.12	23.5084587976489	9	0.0051499539531986	0.0473242943778391
ENSG00000135362.14	39.900417075085	24	0.0219193086123441	0.129217139633351
ENSG00000107404.20	0.995518117546453	3	0.802336439426258	0.999999882499827
ENSG00000167536.14	4.37621084491548	3	0.223601357230473	0.575043761053354
ENSG00000165609.13	23.6481053049793	6	0.000606083639965022	0.0100591330653378
ENSG00000198814.12	22.6087913825486	12	0.0312368549746445	0.164778631187868
ENSG00000119787.14	67.7825910900429	18	1.06809295088505e-07	7.77874560275166e-06
ENSG00000125772.14	1.71648419910423	3	0.633275220860632	0.938801895849751
ENSG00000105672.14	7.43330385377703	3	0.0592971544264929	0.251272657424292
ENSG00000169972.12	4.97638961629855	6	0.54684488707988	0.888111042272017
ENSG00000101868.12	32.202615570046	6	1.49211395750965e-05	0.000498682880525228
ENSG00000101290.14	39.1630570567977	12	9.89176613978848e-05	0.00229296308214242
ENSG00000205189.12	1.56219943268661	6	0.955256324635719	0.999999882499827
ENSG00000076554.15	32.8700005717692	18	0.017305118924458	0.110267204052516
ENSG00000232859.10		6	1	
ENSG00000288558.2		6	1	
ENSG00000067992.16	27.4315633443594	3	4.77993563093175e-06	0.000193557642416029
ENSG00000050393.11	23.3533574724497	3	3.40819673039815e-05	0.000964075127303059
ENSG00000186638.16	3.08642491851356	3	0.378491148645561	0.749228218992298
ENSG00000205208.5	2.55523489261941	3	0.465391547834491	0.828485245406201
ENSG00000205213.14	8.63178988489017	3	0.0346090036186763	0.177110260259393
ENSG00000134463.15	22.7785033566197	9	0.00671340205942561	0.0570200963428499
ENSG00000120675.6	0.476788732739806	3	0.923960419787531	0.999999882499827
ENSG00000184831.14	4.93246130962507	6	0.552504265533849	0.891106862040296
ENSG00000205221.12	10.3883846822428	9	0.319967496068238	0.694211381531777
ENSG00000130066.16	263.163748228952	15	2.3943301481297e-47	5.84156697889945e-44
ENSG00000145990.11	1.58900542374897	3	0.661885327754178	0.953784648887685
ENSG00000131591.17	8.99273551906663	9	0.437945036852546	0.806093099706526
ENSG00000168255.20		15	1	
ENSG00000188157.15	14.2460871332441	3	0.00258862126923747	0.0295120969234678
ENSG00000205250.9	25.4399784515917	12	0.0128701772728624	0.0898011523494807
ENSG00000186687.16	15.7727976922142	6	0.0150268238845481	0.0999607196057284
ENSG00000095951.17	18.8382574307511	9	0.0266038229336808	0.147515175005563
ENSG00000172766.19	29.9563887775021	18	0.0378726517407257	0.188186969622068
ENSG00000187583.11	2.09473160707506	3	0.552979330223137	0.891106862040296
ENSG00000205268.11	24.198179755289	9	0.00399874730928498	0.0397811995912035
ENSG00000171867.17	3.54000244792405	3	0.315610877900903	0.689820057656196
ENSG00000076108.11	40.6040006991479	15	0.000367385859443031	0.00673932068102356
ENSG00000205302.7	2.38343307793548	6	0.881278469363489	0.999999882499827
ENSG00000137210.14	1.61648980516475	3	0.65565667381412	0.951033513637336
ENSG00000189350.12	12.2312474807723	3	0.00663156182202433	0.0565217570490266
ENSG00000151657.12	15.097658979098	9	0.088288145085345	0.327310231393959
ENSG00000177189.14	3.61769908008864	9	0.93472828978927	0.999999882499827
ENSG00000173674.11	4.12093187618302	3	0.248698290623448	0.607217067349068
ENSG00000145782.13	2.79160065219185	6	0.834511736571285	0.999999882499827
ENSG00000188811.14	6.92401949028499	9	0.645029934093137	0.943755191426525
ENSG00000164221.13	2.56432232143152	3	0.463778662648976	0.826902514476152
ENSG00000165102.15	7.87778434931988	6	0.247194609395133	0.604964966772908
ENSG00000140859.16	7.94549873350479	9	0.539647860658968	0.88318354388242
ENSG00000124786.11	5.35610306976014	9	0.802227052129921	0.999999882499827
ENSG00000140854.13	6.0829253754091	6	0.413965185987041	0.784053205467052
ENSG00000147010.18	0.443092981297013	3	0.931203442187084	0.999999882499827
ENSG00000107262.25	4.89178548654309	6	0.557765633022639	0.894239331800219
ENSG00000124802.12	5.28807725140359	6	0.507430941165988	0.860202316237042
ENSG00000205339.10	2.84230188334914	3	0.416583532593716	0.786889441872747
ENSG00000140465.14	3.80638388186708	6	0.702858549236837	0.973295851760876
ENSG00000239264.9	2.31703501124866	3	0.509265308784867	0.861062771274723
ENSG00000170222.12	5.07121345299493	6	0.534712489261643	0.880152036205866
ENSG00000205352.11	1.87833375026821	3	0.598038741181132	0.920263259308185
ENSG00000096696.14	0.233809415054566	3	0.971955135471617	0.999999882499827
ENSG00000205363.5	1.33859657846688	3	0.719988974749916	0.9765632250986
ENSG00000120664.11	5.5547425225538	6	0.474865175794492	0.835650874710949
ENSG00000107201.10	7.45303380326502	3	0.0587775741518364	0.249721526403035
ENSG00000166233.15	16.2589687408763	12	0.179660662217833	0.507323033155044
ENSG00000134453.16	35.5610437651339	15	0.00204447391776214	0.0251601777596982
ENSG00000164308.17	4.80248594342947	6	0.569384031954086	0.903336172462286
ENSG00000044446.12	15.2314203480419	12	0.229024076064958	0.582346523793103
ENSG00000205726.15	17.2632877415563	18	0.505078585674818	0.858223570966625
ENSG00000134470.21	10.3792245694895	18	0.918822619597013	0.999999882499827
ENSG00000164292.13	15.916310535933	12	0.195099336331029	0.530502764907918
ENSG00000147894.17	4.04613836678755	6	0.670432542570122	0.958501332126943
ENSG00000164291.17	3.06292910567208	3	0.382024145649075	0.751821020566153
ENSG00000132256.19	13.6395961420367	15	0.553019699115446	0.891106862040296
ENSG00000047634.15	40.7668574759882	12	5.35987107159308e-05	0.00138378258697558
ENSG00000188158.16	4.89272515576636	3	0.179822990388358	0.507485612585165
ENSG00000096872.16		3	1	
ENSG00000125434.11	4.46437634411086	9	0.87828298398251	0.999999882499827
ENSG00000205436.7	1.4734333420995	3	0.688415333696387	0.966895333016327
ENSG00000133119.13	0.330332973702753	3	0.954226271525197	0.999999882499827
ENSG00000170545.17	9.96647735271745	12	0.618901692617911	0.930413316319045
ENSG00000125877.13	3.59691268817551	3	0.308408675414274	0.682021360382484
ENSG00000139618.16		3	1	
ENSG00000169895.6	1.87753314091242	3	0.598209893488207	0.920373695499197
ENSG00000205464.12	9.14441506812835	3	0.0274311705318095	0.150833925824484
ENSG00000138085.17	0.628990863217041	3	0.8897646755106	0.999999882499827
ENSG00000073910.22	18.9108320971136	12	0.0907031698629482	0.333928846655282
ENSG00000205476.9	20.2263608726025	12	0.0629233177316785	0.260587386925033
ENSG00000170037.14	14.596556600336	12	0.264244187423238	0.627533782655339
ENSG00000145945.7	4.03087865746056	3	0.25814903985352	0.620164530226553
ENSG00000168994.14	0.520475614182942	6	0.997580339160195	0.999999882499827
ENSG00000137266.14	1.78163945188703	6	0.938646195043287	0.999999882499827
ENSG00000138080.14	5.2417251717016	3	0.154928766958448	0.464366585742451
ENSG00000171843.17	11.034097042937	9	0.273378999099595	0.639785528108621
ENSG00000186312.10	1.52305043225351	9	0.996972128123249	0.999999882499827
ENSG00000145685.14	5.83310742177514	6	0.442142985492779	0.808895934523044
ENSG00000137274.13	34.1563656103299	18	0.0120469812870035	0.0862224391978461
ENSG00000169957.10	6.59154591618062	3	0.0861212390779478	0.321152912557009
ENSG00000087842.11	0.855998222701601	3	0.836031319746395	0.999999882499827
ENSG00000215305.10	15.3456999939681	12	0.223073295237346	0.575005887010371
ENSG00000205517.13	12.3801757601377	18	0.827001349976159	0.999999882499827
ENSG00000120915.14	14.4874924717233	18	0.696804255901743	0.970429237129295
ENSG00000102048.16	41.317210692956	9	4.37890741801983e-06	0.000178802332604417
ENSG00000130150.12	9.51455261011915	9	0.391192830665994	0.762139158575883
ENSG00000147874.11		6	1	
ENSG00000124570.21	13.9325537905388	12	0.30503601080695	0.677621407022257
ENSG00000205531.13	5.6609454145364	12	0.93220024571146	0.999999882499827
ENSG00000196139.14	7.40691028313722	6	0.284848854767714	0.655313525148071
ENSG00000185710.9	12.7671097832722	6	0.0468869964847905	0.217683253422964
ENSG00000102781.14	16.4590855430051	6	0.0114908975809695	0.0835543827161945
ENSG00000104765.16	28.4088241846785	6	7.86839353229916e-05	0.00188667450815006
ENSG00000044459.15	8.09722799475912	9	0.524378499090143	0.871938962791056
ENSG00000101911.13	2.04943216071842	6	0.915096616703791	0.999999882499827
ENSG00000173068.18	5.25945459339982	6	0.51099255728912	0.862270365776533
ENSG00000182093.16	5.46709341580208	3	0.140620096746327	0.437599338057207
ENSG00000205559.5	1.49695824603623	9	0.997169272068822	0.999999882499827
ENSG00000164985.15	6.02966516406741	15	0.979245126196722	0.999999882499827
ENSG00000129757.14	9.87857639250251	12	0.626612278628706	0.934220033620531
ENSG00000132522.16	11.8876817243363	9	0.219715605647733	0.570418886809318
ENSG00000183474.15	21.8046514624002	15	0.113029415741948	0.384875808871482
ENSG00000021355.13	20.0576705273415	9	0.0175598152166861	0.111132449221556
ENSG00000205571.14	6.58851324399439	6	0.360581206970613	0.732349739209309
ENSG00000205572.10		6	1	
ENSG00000151632.17	6.45823750749696	6	0.373859809853047	0.744207459601348
ENSG00000124535.16	3.70151798283041	6	0.716993795160803	0.975924508114625
ENSG00000164975.15	16.1527289255828	9	0.0637599015615929	0.261968873399041
ENSG00000085231.14	5.40493987768423	9	0.797677342345431	0.999999882499827
ENSG00000073464.13		3	1	
ENSG00000101365.21	2.47449411412526	3	0.479918208061811	0.839641769895162
ENSG00000187134.14	0.734101330469457	6	0.993725339766154	0.999999882499827
ENSG00000145740.19	9.67615040050441	9	0.377333065600826	0.747238917856831
ENSG00000047644.19	15.0105070840618	3	0.00180769191724545	0.0229309886053038
ENSG00000073169.14	4.17600625307387	3	0.243075119714993	0.599638547345455
ENSG00000147862.17	13.0406381438011	12	0.366093861331153	0.737401443288076
ENSG00000152520.14	5.89574306014538	3	0.116794203500716	0.391951386507388
ENSG00000101849.17	3.23204719888417	9	0.954380011566999	0.999999882499827
ENSG00000205629.12	9.46549697635055	6	0.149041394045677	0.452831558060946
ENSG00000123213.23	14.5106048684283	9	0.105286083526062	0.36893604636655
ENSG00000119782.14	6.65989376429462	3	0.0835655445949796	0.314628144175311
ENSG00000197860.10	9.25618093586797	3	0.0260717793830592	0.145308106795702
ENSG00000100416.15	39.3791842139472	9	9.84102766920049e-06	0.000355779220953697
ENSG00000075234.17	0.5436288676392	3	0.909206950794088	0.999999882499827
ENSG00000006757.12	3.32458353025868	6	0.767142651602473	0.997994626661868
ENSG00000130021.15	2.35314262235534	3	0.502416702583778	0.856433991356347
ENSG00000068796.19	18.7900711588372	9	0.0270382343354029	0.149330010684322
ENSG00000285756.2	52.7609542640203	30	0.0062979815601578	0.0542905372001884
ENSG00000122033.14	30.0402599927511	15	0.0117771477452123	0.0850097521046794
ENSG00000167842.16	5.1635455438045	6	0.523014986545919	0.871350070409924
ENSG00000002586.20		12	1	
ENSG00000002586.20_PAR_Y	18.9844931781408	9	0.0253250694370715	0.142202159169379
ENSG00000214717.12	8.8934126354834	12	0.712006459990878	0.974397358231553
ENSG00000214717.12_PAR_Y		12	1	
ENSG00000240857.2	1.17359916333589	3	0.759343034955923	0.99455491586832
ENSG00000123106.10	9.54548871101724	15	0.847315043484512	0.999999882499827
ENSG00000087448.11	12.1572504176584	6	0.0585512880464835	0.24930280106703
ENSG00000185736.16		6	1	
ENSG00000107077.19		9	1	
ENSG00000169093.16	8.7326039911045	9	0.462314412911072	0.825416457299516
ENSG00000169093.16_PAR_Y	8.69078154189356	9	0.466293358081725	0.829183105233156
ENSG00000134851.13	1.09616546770849	3	0.777999834744337	0.999999882499827
ENSG00000066654.14	17.6646362986994	9	0.0392698301375888	0.192001138433231
ENSG00000125835.19	1.57265322149033	3	0.665606290114518	0.955664526295068
ENSG00000067064.11	0.574831319143414	3	0.902169208777118	0.999999882499827
ENSG00000072042.13	0.470405258427491	3	0.925343444541199	0.999999882499827
ENSG00000205707.11	14.4826945008754	12	0.270951440184992	0.636512891170641
ENSG00000103540.16	5.63290573958147	9	0.776021717569897	0.999999882499827
ENSG00000163069.13	14.4299525082633	3	0.00237466549454124	0.0279209163388289
ENSG00000205730.6	2.79119441934745	3	0.424951524538356	0.794417087511263
ENSG00000183354.12	3.88921090346025	6	0.691666202779863	0.968531167803426
ENSG00000066117.15	8.69767330081595	12	0.728513177314157	0.980088240613297
ENSG00000214026.11	5.89866786639323	3	0.116645689148259	0.391722395181645
ENSG00000132964.12	2.81827006691128	6	0.831285824284113	0.999999882499827
ENSG00000167393.18		9	1	
ENSG00000167393.18_PAR_Y	30.3810903476515	12	0.00244608562563713	0.0283928616248762
ENSG00000122643.22	27.665346337526	9	0.00108470857038767	0.0157290801462306
ENSG00000074755.15	4.74125891668382	12	0.96606743261561	0.999999882499827
ENSG00000244627.5	7.92703888797837	9	0.541515387813957	0.884503304728832
ENSG00000205765.9	1.28942262657711	3	0.731646298006733	0.981822491447177
ENSG00000182378.14	34.9041596234929	15	0.00253747223790688	0.0291633457968125
ENSG00000182378.14_PAR_Y		15	1	
ENSG00000205771.6	2.66642140430963	6	0.84939728880544	0.999999882499827
ENSG00000100129.18	6.1666743090027	9	0.723127875734801	0.977830807717323
ENSG00000088832.17	3.07068837765837	6	0.799923849715699	0.999999882499827
ENSG00000139496.16	28.3796317977758	6	7.96882834964413e-05	0.00190607342804355
ENSG00000120158.12	11.8679611480238	3	0.00784943172590893	0.0637959951740969
ENSG00000248932.6	41.0320406044684	9	4.93522470486055e-06	0.000198201061295202
ENSG00000106993.12	8.05408157256716	6	0.234167875519391	0.589032790783191
ENSG00000151849.15	9.10281573733937	9	0.42783808155702	0.796503593650316
ENSG00000169299.14	4.55754418460856	6	0.601675780696573	0.9219849042507
ENSG00000104723.21	10.0601461176993	12	0.610683972892072	0.925516322245252
ENSG00000168724.17	13.6399053997593	18	0.752245495453094	0.990042318290862
ENSG00000080608.10	5.49170301003323	6	0.482460075636344	0.84192004128969
ENSG00000100284.21	2.79579099638431	6	0.834006092936125	0.999999882499827
ENSG00000147852.16	24.8569935117266	9	0.00313351254673503	0.03363393310457
ENSG00000100150.20	38.2423437127291	24	0.0327411994842411	0.170775716604334
ENSG00000032389.13	6.54728896742017	6	0.364746872684427	0.736360101474415
ENSG00000205861.13	1.50722670684218	3	0.680603417401109	0.962635478760564
ENSG00000027001.10	10.0523653100699	3	0.0181262157152553	0.113684922342659
ENSG00000205885.7	5.91984841314661	12	0.920068362580861	0.999999882499827
ENSG00000163257.11	12.7579002901693	6	0.0470457213631666	0.218108881132134
ENSG00000205903.7	4.76326173844518	3	0.189976032092517	0.523738194670758
ENSG00000162078.11	10.4615298013096	6	0.10651369308707	0.371636442916236
ENSG00000125841.13	17.8061557921246	12	0.121704316423543	0.40026604566603
ENSG00000151835.16	10.0811052792749	3	0.0178891439401539	0.112559739337177
ENSG00000205913.7	2.33811124878594	6	0.886127462593588	0.999999882499827
ENSG00000205918.9	1.53948723398099	3	0.67318713767524	0.960186663179453
ENSG00000155034.19	2.04240560000562	3	0.563652076280248	0.898216951733987
ENSG00000177030.17	25.3359307231986	18	0.115939184918843	0.390424605114902
ENSG00000129493.15	10.4660126474373	3	0.0149932342671006	0.0998764322270544
ENSG00000150459.12	5.16089808735705	6	0.523348735515101	0.871563192814312
ENSG00000205981.8	17.4647034328518	15	0.291851368153643	0.663137951527683
ENSG00000150457.9	1.64338810454046	3	0.64959235763598	0.946740116214088
ENSG00000171421.13	1.24414535699179	3	0.742437051742624	0.986445634847687
ENSG00000180185.11	2.11191333959141	3	0.549506376132225	0.889578748719866
ENSG00000188549.12		12	1	
ENSG00000142082.15	24.7618503569684	15	0.0532345863662169	0.234438776330285
ENSG00000150456.11	8.73229187042352	3	0.0330703213128961	0.171568384646922
ENSG00000102854.16	13.9456483412359	9	0.124271799723105	0.40628760251182
ENSG00000130997.16	16.559519276131	6	0.0110459667923442	0.0810834249161102
ENSG00000121741.16		18	1	
ENSG00000206195.11	19.1108388078501	15	0.20875508778	0.552547030551945
ENSG00000184702.20	13.4889644523755	12	0.334523944139843	0.708006760108594
ENSG00000206262.9	1.88787604002391	6	0.929716249946546	0.999999882499827
ENSG00000134490.14	12.0366056863295	9	0.211253511583347	0.556331727298304
ENSG00000206344.7	0.847577462076515	3	0.838056496118961	0.999999882499827
ENSG00000183323.13	7.04209116981292	9	0.632736976201393	0.938480801550215
ENSG00000206417.8	1.80231413674301	6	0.936952407322652	0.999999882499827
ENSG00000183624.14	4.0604929175388	9	0.907386063610622	0.999999882499827
ENSG00000242242.6	6.25682856590746	3	0.0997620289508556	0.355712614148798
ENSG00000206562.12	6.96150462060905	12	0.86014696569754	0.999999882499827
ENSG00000156990.14	1.35170213915262	3	0.716894017557782	0.975924508114625
ENSG00000156983.16	32.471266451872	15	0.00555089411042998	0.0496983262602625
ENSG00000197885.11	11.5830149488456	12	0.479721839769328	0.839636742207066
ENSG00000164074.15	17.9771318868443	9	0.0354397788605793	0.180133750989788
ENSG00000205336.13	18.5081360129116	12	0.101110262687009	0.358682316816621
ENSG00000145388.15	19.8463741400374	9	0.0188845180663836	0.116347229677928
ENSG00000102904.14	7.49886413673272	3	0.0575876443409994	0.247238167115099
ENSG00000211450.10	5.36724571112427	9	0.80119193993779	0.999999882499827
ENSG00000184178.16	3.6853199810239	6	0.719172418664463	0.975924508114625
ENSG00000169758.13	4.95478268842302	3	0.17513827957088	0.499612531520673
ENSG00000106133.18	62.3079086474954	9	4.80371747128777e-10	7.21222750804575e-08
ENSG00000188266.14	1.66878318794807	6	0.947505725911662	0.999999882499827
ENSG00000007202.15	10.3672257850994	9	0.321582119597631	0.695767203369539
ENSG00000074356.17	16.8710100046956	18	0.531989778429452	0.877883972725558
ENSG00000205309.14	4.1331546444253	9	0.902431903182952	0.999999882499827
ENSG00000211455.8	15.5427332432691	12	0.21308834764007	0.559899223990877
ENSG00000211456.13	9.69317018739821	3	0.0213627112306483	0.126966320889096
ENSG00000172795.17		15	1	
ENSG00000204764.14	16.0134229951655	15	0.381160118852668	0.751821020566153
ENSG00000134013.16	8.27195862994995	6	0.218848325110322	0.568621087527058
ENSG00000205423.11		15	1	
ENSG00000204842.18	40.5553507190489	30	0.0945484079572411	0.343649129703805
ENSG00000198780.12	3.95095524985118	6	0.683313566677404	0.963294765787066
ENSG00000144395.18	12.428724117086	21	0.927314325828526	0.999999882499827
ENSG00000106105.15	19.690618220513	6	0.00314316497503513	0.03363393310457
ENSG00000166450.13		9	1	
ENSG00000167632.17	6.67774223599099	9	0.6706303970734	0.958501332126943
ENSG00000087152.15	9.71317020646529	15	0.837383900089244	0.999999882499827
ENSG00000075399.14		9	1	
ENSG00000118058.23		6	1	
ENSG00000170921.15	7.33573206148071	3	0.061932868753443	0.258096032415299
ENSG00000146555.19	4.64344515169341	3	0.199846664628317	0.538460408643773
ENSG00000197608.11	10.1035539416664	6	0.120358331845972	0.397891924283483
ENSG00000168779.19	1.61147575539769	3	0.656790577523348	0.951970777669739
ENSG00000172986.13	2.69623829928565	3	0.440866934554073	0.807966274988395
ENSG00000080200.10	7.06582414088268	3	0.0698290652397977	0.27928764248983
ENSG00000179954.16	13.6289071615538	6	0.0340676336456469	0.175037662195667
ENSG00000137815.14	9.93340428957345	9	0.355903402932611	0.727080031237042
ENSG00000168803.16	14.1057254993302	12	0.294007868008095	0.665180334193257
ENSG00000048342.17	1.09238998040746	6	0.98186623885889	0.999999882499827
ENSG00000101680.15	2.65849420356506	3	0.447326912271801	0.813588756616141
ENSG00000146267.12	2.99756926190003	6	0.809151852358532	0.999999882499827
ENSG00000211460.12	18.338592193053	9	0.0314423911126537	0.165594330743868
ENSG00000133794.19		18	1	
ENSG00000155275.19	17.601923458531	12	0.128322906370684	0.413711015286258
ENSG00000144283.22	55.5731106452113	24	0.000261902790889585	0.00504307616663109
ENSG00000143669.14	7.03174987105712	3	0.0708926517584077	0.28193287113356
ENSG00000187775.17	0.298145876956255	3	0.960376812849979	0.999999882499827
ENSG00000163945.18	20.1213010624106	6	0.00263500753517283	0.0298664791356001
ENSG00000090061.17	29.5684691684819	12	0.00324155833468601	0.0343105941303696
ENSG00000203288.4	11.0213874086322	6	0.0877176734634737	0.325860972717945
ENSG00000011275.19	3.68363409448466	6	0.719399084485844	0.975927506600986
ENSG00000133983.16	0.647065996039601	3	0.885578102404456	0.999999882499827
ENSG00000152102.18	3.38261255595353	3	0.336309029710031	0.709017027638841
ENSG00000140104.14	18.5036100265252	15	0.237114982532416	0.592423224407028
ENSG00000068878.15	10.5281424323184	9	0.309442535453548	0.682350281325902
ENSG00000288596.1	16.8368659761213	9	0.0513327743510483	0.22885177930191
ENSG00000141376.22	16.6478158057143	6	0.0106685593914731	0.0796569274471703
ENSG00000212123.4	3.40964028255803	3	0.332671947670172	0.706424711422333
ENSG00000182185.18		15	1	
ENSG00000240356.6	0.367803237324097	3	0.946810258062177	0.999999882499827
ENSG00000178935.5	1.15966532601215	3	0.762693580638795	0.996269127754518
ENSG00000083828.16	12.0870546396591	9	0.208445965213464	0.552328040868366
ENSG00000131848.9		27	1	
ENSG00000197483.10	3.9364419461599	6	0.685277333745633	0.964646066071446
ENSG00000167646.14	28.793840455658	12	0.0042272606468111	0.0412538366522295
ENSG00000105619.13	2.44434976077719	6	0.874643085326894	0.999999882499827
ENSG00000182986.14	28.7153292245494	15	0.0174969069235413	0.110950171973255
ENSG00000104960.15	25.4391944543168	12	0.0128734308983424	0.0898011523494807
ENSG00000126457.21	0.0548847299651243	3	0.996635996132545	0.999999882499827
ENSG00000177614.11	0.311170047851761	3	0.957914188080277	0.999999882499827
ENSG00000104884.16	11.8622490019861	9	0.221186939017611	0.572858001003601
ENSG00000163283.7	7.85117880968028	6	0.249210384935342	0.608011036646
ENSG00000218739.10	4.87925782756065	6	0.559390037069427	0.895731206075105
ENSG00000079246.16	1.94688158473582	3	0.583504495759597	0.911982763311643
ENSG00000245680.11	8.46533114156819	3	0.037312720084893	0.186258227779269
ENSG00000186017.14	20.5912761169716	18	0.300532680691983	0.672191036177465
ENSG00000273018.7	6.31231039002796	12	0.899527404458053	0.999999882499827
ENSG00000197841.15	21.9932742877108	15	0.107980385097253	0.374915100130905
ENSG00000116030.17	1.58578722899256	3	0.662616746877191	0.953784648887685
ENSG00000141580.16	1.99016556817514	3	0.574450384812011	0.906542901904982
ENSG00000141526.17	0.11459482240025	3	0.99003023556229	0.999999882499827
ENSG00000132341.12	7.60837111319415	12	0.814937588228567	0.999999882499827
ENSG00000006016.11	9.8069570880325	9	0.366338129354739	0.737494762697652
ENSG00000170035.16	24.3696258338168	12	0.0181093037325322	0.113651893971564
ENSG00000152492.15	10.7190678617808	3	0.0133461458474297	0.0921762472222689
ENSG00000129657.16	14.4301863835299	9	0.107824468139866	0.374602700098594
ENSG00000170144.20	19.3573423729977	9	0.0223202269191097	0.130276970396885
ENSG00000135090.14		3	1	
ENSG00000111445.14	2.39855328069825	6	0.879643928599582	0.999999882499827
ENSG00000136518.17	16.9251760112093	6	0.00956220309561869	0.0737505255019219
ENSG00000154265.16	19.9427711634116	9	0.0182688875306548	0.11422427971958
ENSG00000150455.13	25.1795791503664	15	0.0475830748524224	0.219096611850032
ENSG00000134910.14	4.44995812069101	12	0.973882615595614	0.999999882499827
ENSG00000114209.15	4.28665405884385	6	0.637946043012457	0.940079541210666
ENSG00000164889.14	5.58846910385182	6	0.470829155351027	0.831792492228579
ENSG00000256269.10	14.5249875163354	9	0.104837634742798	0.36810440784947
ENSG00000196405.13		15	1	
ENSG00000224043.8	5.52904379955908	3	0.136911759805518	0.431007052884534
ENSG00000219481.10	3.91756918298961	6	0.687830618675192	0.966667483820738
ENSG00000151572.18	2.66343202578264	6	0.849747354819887	0.999999882499827
ENSG00000162836.12	48.7606268578038	21	0.000541213604902461	0.0092176327578414
ENSG00000175066.16	19.9983247568707	24	0.69687141037013	0.970429237129295
ENSG00000141378.15	4.42305626989401	3	0.219257034150231	0.569531380429095
ENSG00000214182.5	12.0120097599702	3	0.00734213316579109	0.0606705144495811
ENSG00000151532.14	11.3462527139573	9	0.252719586892697	0.61268411860909
ENSG00000166266.14	7.26142565534201	9	0.60992155291543	0.925463738182057
ENSG00000115107.20	5.98317943357324	6	0.425076974883585	0.794417087511263
ENSG00000122783.16	23.3937395946559	12	0.0245632319451817	0.139779892380281
ENSG00000165948.11	1.65674146657693	6	0.94841180079153	0.999999882499827
ENSG00000196954.14	14.1199515595245	12	0.293114086588152	0.664151467614065
ENSG00000243678.12	0.0729070184752345	3	0.994877361757729	0.999999882499827
ENSG00000134247.10	2.35213956352754	3	0.502606000043971	0.856607047577561
ENSG00000172765.17	19.898499488032	12	0.0690305372537532	0.276972700640201
ENSG00000187109.15	34.8307605743758	15	0.00259916028062276	0.0295976723204172
ENSG00000056050.7	1.71993138199832	3	0.632511722470598	0.938382775857489
ENSG00000221955.10	7.89005199535495	9	0.545263276100297	0.887840483874862
ENSG00000144182.17	7.84608756466741	12	0.797039485705269	0.999999882499827
ENSG00000135272.12	10.2987301779185	6	0.112622533815571	0.384160540896945
ENSG00000233175.2	0.695309117677425	3	0.874306733604558	0.999999882499827
ENSG00000230006.7	2.94750210939191	3	0.399790343045671	0.771177041448787
ENSG00000040199.18	7.28849447570974	9	0.607110565726197	0.924983191565981
ENSG00000168310.11	1.38161477001813	3	0.709849933697116	0.973417026750243
ENSG00000061987.16	11.5099425232593	15	0.715679368495099	0.975885269897334
ENSG00000223705.9	44.0255838833255	21	0.00232040644585671	0.0275484750670506
ENSG00000068120.15	12.8238845130109	6	0.0459195015569356	0.214312967811638
ENSG00000185633.10	13.8698736705539	6	0.0311240095982434	0.164450032306041
ENSG00000173786.17	0.1469434650935	3	0.985662291321575	0.999999882499827
ENSG00000141698.17	44.138826848488	9	1.33067477579607e-06	6.69384285412056e-05
ENSG00000144824.21	3.62414274450566	9	0.934366507506001	0.999999882499827
ENSG00000173227.14	6.96000892511438	9	0.641283189378699	0.942526976954288
ENSG00000173599.15	10.3218629092516	12	0.587746410595184	0.914352816293909
ENSG00000119636.16	3.77208381194623	6	0.707487187214741	0.973417026750243
ENSG00000114423.23	21.2910526380126	12	0.0462774707635581	0.215536308936201
ENSG00000065911.12	3.66557976345939	6	0.721825424046184	0.977699696067769
ENSG00000114021.12	6.84405727310514	6	0.335509891736708	0.708556813126711
ENSG00000185551.15	6.99179649274993	9	0.637973553812203	0.940079541210666
ENSG00000173575.22	166.412601609085	12	2.58304143563987e-29	1.80056438360068e-26
ENSG00000109390.13	2.27114854202955	3	0.518070601803993	0.866703507389883
ENSG00000213445.10	15.7231691635989	9	0.0728924643390945	0.287417195751605
ENSG00000141741.12	24.2251841772668	6	0.000474715849989036	0.00836236819502347
ENSG00000170439.7	3.49474872948059	3	0.321443831909459	0.695767203369539
ENSG00000166965.12	24.2325088563885	18	0.14755703520791	0.450425119360023
ENSG00000140553.18	2.95050292278029	6	0.815033124867218	0.999999882499827
ENSG00000196975.16	1.72977292099677	6	0.94279967811595	0.999999882499827
ENSG00000213462.5	1.86497519612612	6	0.931688360299976	0.999999882499827
ENSG00000100650.16	53.2363525867113	12	3.73907727562317e-07	2.26643820700661e-05
ENSG00000005194.15	7.85576114759897	9	0.5487449713445	0.888977784752819
ENSG00000159579.14	27.907889941318	15	0.0221527708763026	0.129999333121971
ENSG00000156697.13	1.07487616462458	3	0.783142275191242	0.999999882499827
ENSG00000115484.15	5.62959773070179	3	0.131089473617035	0.419248648591496
ENSG00000125651.14	8.58318622739898	3	0.0353780154268731	0.18000732666885
ENSG00000217801.10	19.4216546657653	12	0.0788481407965592	0.303422320991175
ENSG00000005059.16	1.85010517481351	3	0.604092653604932	0.92374479025253
ENSG00000166164.16		6	1	
ENSG00000164659.15	41.4061338473321	21	0.00499273957855432	0.0462256852891301
ENSG00000089775.11	5.0213769515658	9	0.83244080820701	0.999999882499827
ENSG00000163938.17	71.9474513155583	12	1.38178600451415e-10	2.29185865008484e-08
ENSG00000015479.20	6.19167791240034	9	0.720591647440743	0.977109057575964
ENSG00000185670.9	3.50970566334468	3	0.319505508789655	0.693671693054115
ENSG00000140795.13	13.7173420381914	6	0.0329580142335062	0.171539872482553
ENSG00000198720.13	15.8686554380211	18	0.601713480394785	0.9219849042507
ENSG00000227540.1	15.1048512068019	6	0.0194566988266988	0.118599577670052
ENSG00000094880.11	9.80035237719858	3	0.0203417216876577	0.122476784901227
ENSG00000127948.16	86.5561113295844	6	1.57089727396174e-16	5.89630249868948e-14
ENSG00000149476.15	12.8391232320428	12	0.380841601489609	0.751821020566153
ENSG00000169752.17	37.1028783814509	21	0.0163820134728821	0.105809272333155
ENSG00000127957.18	20.4477694954039	12	0.059075772907732	0.250552137247526
ENSG00000197746.14	6.88467328203842	9	0.649125282260657	0.946740116214088
ENSG00000174428.18	0.0710823850640736	3	0.99506576969606	0.999999882499827
ENSG00000107738.20	4.42993595882717	6	0.618702972563517	0.930413316319045
ENSG00000186577.14	11.1266994831421	12	0.518092892383905	0.866703507389883
ENSG00000237190.4	4.66826893419056	3	0.197763263993733	0.535062848160477
ENSG00000115904.13		6	1	
ENSG00000178401.16	0.588265679868073	3	0.899113345053634	0.999999882499827
ENSG00000110031.13	5.1051202134978	6	0.53040319408881	0.877883972725558
ENSG00000181619.11	3.31279105906816	3	0.34586633158242	0.717113456669006
ENSG00000177335.11	3.78503267867973	3	0.285631887902158	0.656443520649503
ENSG00000149925.22	11.5982293018606	9	0.236918117223226	0.592234607064924
ENSG00000123444.14	2.56323940199218	6	0.861324117343924	0.999999882499827
ENSG00000099840.14	8.11339375238708	6	0.229912977963593	0.583164252076614
ENSG00000213626.13	5.87231741055234	3	0.117990227218725	0.394067976532353
ENSG00000165449.11	14.6909141359392	3	0.00210077294324431	0.0257232661896126
ENSG00000198039.11	5.22554266956263	6	0.515228145798036	0.865125855960605
ENSG00000025434.19	62.4824888076983	30	0.000456127051583566	0.00807866405880947
ENSG00000149182.15		6	1	
ENSG00000168175.15	10.214674042767	6	0.115897899676765	0.390420297875576
ENSG00000178252.18	6.72728559108509	9	0.665488748699336	0.95563635941095
ENSG00000224281.5	1.56869465223542	3	0.666508741408153	0.956256807909757
ENSG00000108448.21	4.78287575044669	6	0.571947340721371	0.905668359256832
ENSG00000240445.5	1.24952250648585	3	0.741152889869161	0.985813146004245
ENSG00000130487.9	0.356046196494049	3	0.949164866281515	0.999999882499827
ENSG00000197930.13	2.29613271510607	6	0.890549686802769	0.999999882499827
ENSG00000164051.14	5.06389358405068	6	0.53564483004314	0.880751576352343
ENSG00000128165.9	0.060963038095224	3	0.996069120023123	0.999999882499827
ENSG00000139132.14	1.42129632073829	3	0.700550436027158	0.972506954721697
ENSG00000151746.15	27.4329774295511	24	0.284679002517235	0.65519429339352
ENSG00000100483.14	11.3375980243118	9	0.253276142068337	0.613178335511015
ENSG00000155097.12	36.3009220908207	9	3.50560630592533e-05	0.000988763350853331
ENSG00000103353.16	51.5615886344094	9	5.47044457281607e-08	4.3403307793587e-06
ENSG00000002746.15	15.3724333063292	9	0.0812008408639861	0.309024918427623
ENSG00000187607.16	8.38567433646676	12	0.754311892346239	0.991958804678782
ENSG00000106571.14	2.60437942515546	3	0.456722294323767	0.820687326515493
ENSG00000170946.15	9.76572443621626	12	0.636505004773923	0.939593456600925
ENSG00000204427.12	10.5924805692848	6	0.101817868875133	0.360734162234624
ENSG00000113391.19	0.386872664009388	3	0.94294074408255	0.999999882499827
ENSG00000114978.18	26.4385327653072	6	0.000184421956180659	0.00378899762182537
ENSG00000185219.17	6.57787948228906	6	0.361652523035563	0.732841979299015
ENSG00000156170.13	16.025098261005	12	0.190089218723622	0.523738194670758
ENSG00000213762.12		6	1	
ENSG00000111261.14	7.35808737058051	9	0.599890858629454	0.921335790581968
ENSG00000072864.16	11.4873453905529	9	0.243776079317196	0.600814181398974
ENSG00000166783.22	11.8110043855547	6	0.0663203381420578	0.270118285669384
ENSG00000129084.18	9.94586771418108	9	0.354885303331538	0.726216329463719
ENSG00000198951.12	11.9346060471999	6	0.0634436645737869	0.261133160090927
ENSG00000187735.14	0.100833425385645	3	0.991737222235479	0.999999882499827
ENSG00000137869.15	34.6055997142721	21	0.0311789269234431	0.164562005324976
ENSG00000196417.13	3.3998826154658	3	0.333981024068894	0.707580728186206
ENSG00000100167.20	0.613531912442795	3	0.893327684060852	0.999999882499827
ENSG00000144645.14	10.3551525066614	9	0.322505915299887	0.696005136535072
ENSG00000159921.18	3.036295194579	9	0.962838573771631	0.999999882499827
ENSG00000081052.13	2.49410991170817	3	0.476356494726801	0.837377784219127
ENSG00000106460.19	9.14120176768483	9	0.424343534670292	0.793864629208118
ENSG00000063169.11	13.1658681613199	9	0.155243419547361	0.464543372618606
ENSG00000115661.14	39.9702519420498	27	0.0515661207345347	0.229577450843214
ENSG00000144597.14		6	1	
ENSG00000140993.11	6.88944063858048	6	0.331192877218416	0.704698294885785
ENSG00000010539.12	8.27383105794525	9	0.50680367236992	0.859856926053208
ENSG00000085644.14	6.44548800457187	9	0.694635698101921	0.968698167730301
ENSG00000167604.14	63.2659581367125	12	5.69375042135999e-09	5.7901797556614e-07
ENSG00000140265.12	3.64362526985951	12	0.989043129502286	0.999999882499827
ENSG00000233822.4	3.85529274067267	6	0.696251716028827	0.969843062621371
ENSG00000132388.12	10.0164616254769	9	0.349154193156956	0.719770969796945
ENSG00000158669.11	22.8491572922794	18	0.196453386033327	0.532798603618479
ENSG00000129535.13	1.45166922920203	3	0.693469107758991	0.96857759502224
ENSG00000196639.6	3.12588709097008	3	0.372620159732426	0.743225172865626
ENSG00000213963.6	1.65163116493113	3	0.647740275775142	0.945735689899703
ENSG00000116044.16	12.5824286526622	6	0.050167617673596	0.22540781808316
ENSG00000169490.17	7.11388962851925	9	0.625263060769563	0.933161371777056
ENSG00000151881.14	6.38799097615993	12	0.895275128615177	0.999999882499827
ENSG00000164849.10	3.33193583698198	6	0.766178788249245	0.997994626661868
ENSG00000078246.17	1.53309987102512	3	0.674652235841844	0.960611098028189
ENSG00000126870.16		3	1	
ENSG00000085788.14	18.7621464722688	15	0.224715301065063	0.575855803603223
ENSG00000157212.19	9.12803407860429	6	0.166504533445998	0.48592037736229
ENSG00000007168.14	25.0256485158971	9	0.00294293895279815	0.0324155093006288
ENSG00000250151.9	1.38833115530292	3	0.708272238656988	0.973417026750243
ENSG00000241553.12	25.4457924919843	9	0.00251566527128852	0.0290501650566807
ENSG00000232807.2	5.74119249816795	6	0.452797321486906	0.817513048621068
ENSG00000099331.13	7.00732042025265	9	0.63635720714719	0.939567975917195
ENSG00000214022.11	18.9019608409581	9	0.0260395252110139	0.145211272305305
ENSG00000137055.15	0.769382174137718	3	0.856775509184615	0.999999882499827
ENSG00000243789.11	2.85631310641475	6	0.826652979828603	0.999999882499827
ENSG00000063854.13	7.71655840185849	9	0.562943315375285	0.897527171172588
ENSG00000011243.18	8.87254787016718	15	0.88408662060745	0.999999882499827
ENSG00000214087.8	6.65486716842861	9	0.673002375858799	0.960186663179453
ENSG00000177042.14	7.9055965310763	12	0.792463498468321	0.999999882499827
ENSG00000126001.16	31.5675584094133	24	0.138083295004	0.433471779565422
ENSG00000214106.9	10.5483646595014	6	0.103378587540931	0.364213586935722
ENSG00000135127.11	1.00467440462171	3	0.800120889882881	0.999999882499827
ENSG00000214114.9	6.99457221249759	6	0.321349449790508	0.695767203369539
ENSG00000099849.15	14.0906468115863	9	0.119137084314779	0.395731383876082
ENSG00000146842.17	4.37832431283096	3	0.223403662221583	0.575043761053354
ENSG00000214145.7	2.66558310333045	3	0.446107805466432	0.812080968764579
ENSG00000142102.16	5.70285500555474	12	0.93031394501259	0.999999882499827
ENSG00000214160.10	16.4192979657673	9	0.0586252984092981	0.249457595719638
ENSG00000214174.8	0.652988063764042	3	0.884201853892274	0.999999882499827
ENSG00000214176.9	16.4913816372687	9	0.0573027652595443	0.246677408984514
ENSG00000214188.9	1.58479630394004	3	0.662842048199211	0.953784648887685
ENSG00000129472.15	4.89200779950988	6	0.557736823404768	0.894239331800219
ENSG00000214194.9	8.54842848681437	3	0.035938170708815	0.181720522252501
ENSG00000108510.10	13.1273465599343	3	0.00436915024780977	0.0423713574762806
ENSG00000154134.15	15.1035168045164	18	0.654847384296583	0.950424691158589
ENSG00000131165.16	22.0910702044275	9	0.00859478757495539	0.0679162201975625
ENSG00000196605.7	5.01330037229377	3	0.170825812374232	0.493569957973017
ENSG00000100154.14	8.13834511503148	3	0.0432374043599162	0.20570463505875
ENSG00000128563.13	6.78964754861954	9	0.659009549056085	0.952781361368642
ENSG00000170677.6	3.85759265319666	3	0.27725783514392	0.645676915574797
ENSG00000104613.12	0.453359937331697	3	0.929011821710386	0.999999882499827
ENSG00000076984.18	9.68652609363198	9	0.376453565610345	0.746709420079544
ENSG00000258818.4	10.1340981566768	6	0.119117264636947	0.395731383876082
ENSG00000166225.8	8.0222313667964	9	0.531907391010653	0.877883972725558
ENSG00000086848.15	5.82894263110939	6	0.442622467150779	0.809192963635122
ENSG00000153815.16	19.5904340266661	15	0.188213278615893	0.520656731252703
ENSG00000214293.9	30.982355256433	12	0.00198225443351295	0.0246117315733498
ENSG00000175215.11	18.6896344617344	6	0.00472120105771842	0.0446023244165286
ENSG00000214309.5	6.77217843280573	3	0.079524839877524	0.3053040567918
ENSG00000204677.13	5.72473313119781	3	0.125798173061916	0.409285798170446
ENSG00000088247.17	8.14728948747506	15	0.917741905275751	0.999999882499827
ENSG00000131871.15	0.133299998859002	3	0.987561647419455	0.999999882499827
ENSG00000168802.14	14.1355009633044	12	0.292139283079743	0.663409668581953
ENSG00000138867.16	7.19726017412904	6	0.302989472221649	0.675691387443916
ENSG00000154359.13		12	1	
ENSG00000184939.16	36.7861084374126	18	0.00558708802089641	0.0499765279522714
ENSG00000214401.4	5.1833131610681	3	0.158855766433568	0.471052089566937
ENSG00000214413.9	32.7492325410494	15	0.00508334421075315	0.046795117183895
ENSG00000272391.6	6.32622614788124	9	0.70687613085539	0.973417026750243
ENSG00000161647.19	11.7870325831937	15	0.695072292843953	0.969019554503898
ENSG00000160183.17	2.25379067758513	6	0.894940959609486	0.999999882499827
ENSG00000177082.13	59.5617973983754	21	1.48754874562932e-05	0.000498682880525228
ENSG00000138069.18	14.0577776086866	9	0.120284759022736	0.397783450797315
ENSG00000144747.17	23.310185443097	9	0.00553601784188366	0.0496983262602625
ENSG00000115464.15	9.89751610540043	12	0.624951153593957	0.932906699006366
ENSG00000237651.6	16.4018725812093	12	0.173514971456089	0.497892562905021
ENSG00000111371.16	4.36738090982544	3	0.224429059745977	0.575460639532578
ENSG00000115970.18	13.4841414359689	15	0.56495643091361	0.899267625067023
ENSG00000104885.18	7.62593372527408	6	0.266808736253128	0.630609459213919
ENSG00000214655.11		30	1	
ENSG00000185686.18	25.914595487382	12	0.0110364927273003	0.0810834249161102
ENSG00000041880.14	19.765085901352	15	0.181130680600816	0.508384904222998
ENSG00000214694.11	2.60557874634765	6	0.856469644453925	0.999999882499827
ENSG00000119471.15	5.35208726114797	6	0.499511047998093	0.854166517857612
ENSG00000236200.6		15	1	
ENSG00000090238.12	15.4940591696914	12	0.215522760302537	0.56357627333007
ENSG00000168061.17	3.59456675448746	9	0.936018094158032	0.999999882499827
ENSG00000214719.13	0.907584240163033	3	0.823597182231072	0.999999882499827
ENSG00000250462.8	2.6967091446088	3	0.440786830481974	0.807966274988395
ENSG00000184743.13	58.1983921415558	9	2.97742224863186e-09	3.30189360504526e-07
ENSG00000214736.7	1.99587440339383	3	0.573263428944632	0.906389441050141
ENSG00000204839.9	10.0785911036508	6	0.121381155774925	0.399648683943148
ENSG00000145723.17	16.9245029770927	9	0.0499114617895564	0.224878095846852
ENSG00000257267.3	1.39639616000477	6	0.966077276697582	0.999999882499827
ENSG00000164096.13	0.745159945830892	3	0.862533905255747	0.999999882499827
ENSG00000113356.13	3.92819492274612	6	0.68639312343952	0.965187500575446
ENSG00000091542.9	11.1776638775991	3	0.0108029669348093	0.0799288508846123
ENSG00000186487.20	12.410791690012	3	0.00610061554956447	0.0532045640287754
ENSG00000214922.9	3.73189662179402	6	0.712904109563408	0.974397358231553
ENSG00000214941.8	53.2644105008221	15	3.48452246312638e-06	0.000148495435448255
ENSG00000205670.12	3.67629494025823	3	0.298606698732772	0.670371008266188
ENSG00000183808.11	33.6585596930308	9	0.000102503290957838	0.00235371674460599
ENSG00000060749.16	1.28186768067599	6	0.972648118880741	0.999999882499827
ENSG00000092148.13	12.2549974222129	12	0.425423957033444	0.794768142473996
ENSG00000177054.14	1.1225155983102	3	0.771641696475888	0.999999882499827
ENSG00000100445.17	32.8452736676845	24	0.107380495777371	0.37372548441204
ENSG00000103222.19	7.21971877766191	3	0.0652147331129768	0.266288945794787
ENSG00000215021.9	15.5199389082845	6	0.0165762477595435	0.106777294973851
ENSG00000231890.8	18.6892712470994	15	0.228161460095914	0.581668675307216
ENSG00000206560.11	26.9111830400143	12	0.00795790210531215	0.0644491009508226
ENSG00000215039.7	32.5790414536677	3	3.95116347197314e-07	2.38021014339419e-05
ENSG00000095015.6	2.09625030048539	3	0.552671725507807	0.891106862040296
ENSG00000215067.10	2.9245068370692	15	0.99965676296316	0.999999882499827
ENSG00000215068.8	10.2558602429799	15	0.80334436065023	0.999999882499827
ENSG00000215114.10	13.9128260714861	9	0.125460139059544	0.408939711784267
ENSG00000089486.17	5.10411705851948	9	0.825139264173727	0.999999882499827
ENSG00000180626.10	3.53957693773646	6	0.738696928952853	0.985309589011068
ENSG00000008513.16	10.5215102076399	9	0.309936499432039	0.682748009598359
ENSG00000168137.18	22.6931163729605	24	0.537969321033895	0.881915438261345
ENSG00000215190.9	4.8372438642773	12	0.963195195090956	0.999999882499827
ENSG00000215196.5	6.32586304632059	9	0.70691328682715	0.973417026750243
ENSG00000073614.13		9	1	
ENSG00000067900.8	11.261209388831	6	0.0806312267690012	0.307852327588975
ENSG00000185201.16	2.60282152623404	6	0.856787482048096	0.999999882499827
ENSG00000157796.18	22.9060661207677	18	0.194225644486205	0.529011460938005
ENSG00000215256.4	6.46466813810821	12	0.890873074383414	0.999999882499827
ENSG00000174007.8	2.04722757789023	3	0.562662529895361	0.897372712738818
ENSG00000103148.17	8.98259795922058	9	0.438882105627812	0.806904760516545
ENSG00000215301.11	2.81243483875005	3	0.421457009927242	0.791623663408459
ENSG00000215302.8	0.842481958460667	3	0.839281216581445	0.999999882499827
ENSG00000250305.9	47.5976537314045	15	2.95225794303714e-05	0.000860032396002968
ENSG00000215375.6	17.2258961309271	18	0.507628883239354	0.860202316237042
ENSG00000215386.13		15	1	
ENSG00000160305.18	15.0054083586838	15	0.45102770543106	0.816013974286562
ENSG00000215417.13	5.21631715710646	3	0.156625545541284	0.466720213415997
ENSG00000183570.16		9	1	
ENSG00000223768.2	1.89944107953625	6	0.928710645567101	0.999999882499827
ENSG00000100031.19	15.6147050341351	15	0.408110092559543	0.779312124948373
ENSG00000215644.10	2.07469764862856	3	0.557048537080668	0.893585413746463
ENSG00000185122.11	4.94138777116314	9	0.839387396748677	0.999999882499827
ENSG00000221978.12	54.8103743099346	15	1.92171781758644e-06	8.88817259802182e-05
ENSG00000251503.8	5.49771895184665	3	0.138775112991411	0.434259004819713
ENSG00000215808.4	9.76351663520632	6	0.134970634472554	0.427794225988195
ENSG00000162601.11	14.5531145935129	9	0.103965451998988	0.366016899732368
ENSG00000132763.15	6.20901354785565	3	0.101872431731024	0.360734162234624
ENSG00000055070.17	5.51547589630354	12	0.938514302126228	0.999999882499827
ENSG00000128908.17	3.75034876513291	6	0.710417798880682	0.973938352009056
ENSG00000162994.16	29.0286527964599	15	0.0159485138422981	0.104108057917717
ENSG00000099957.16	8.72056464139087	9	0.463458146845289	0.826702258282431
ENSG00000082898.17	5.42851780541241	6	0.490138052468946	0.846191884352359
ENSG00000250479.9	1.97237551293802	3	0.578160022060513	0.909309211166567
ENSG00000216895.9	18.4275904634287	9	0.0305246040478369	0.162188187053407
ENSG00000223361.5	0.0178207205409535	3	0.99937065896973	0.999999882499827
ENSG00000153310.19	5.89293676199304	9	0.750584006106951	0.989644416235252
ENSG00000227345.8	11.1158709884785	9	0.267850146423846	0.631846647075251
ENSG00000100379.17	18.2442772537433	15	0.250041052968321	0.609428230748713
ENSG00000183579.16	12.9774937479008	3	0.00468553014687035	0.0444374039876654
ENSG00000138081.21	5.33675429548748	12	0.94577535217786	0.999999882499827
ENSG00000108883.13	5.89580094309349	6	0.434963298818403	0.802572666509509
ENSG00000152689.18	2.84670583771981	6	0.827826341328476	0.999999882499827
ENSG00000100003.18	28.5776110830575	18	0.0537919585324836	0.236466542035364
ENSG00000152700.14		12	1	
ENSG00000181588.16	1.40988844631102	3	0.703218470208621	0.973295851760876
ENSG00000109472.14		3	1	
ENSG00000100068.13	17.7627173981371	9	0.0380283935895476	0.1885767749189
ENSG00000049323.16	3.43756511391621	9	0.944399245615276	0.999999882499827
ENSG00000106443.17	9.04984502944353	12	0.69866720849042	0.971603478634665
ENSG00000114933.16	1.38945355983856	3	0.708008727126119	0.973417026750243
ENSG00000220201.7	12.5938247497738	6	0.0499591294007235	0.22498899114982
ENSG00000220785.7	4.78754085603759	6	0.571337174195109	0.904933263447205
ENSG00000171863.15	1.72864946024492	3	0.630583261037038	0.937443877115345
ENSG00000133193.12	10.3593647710695	9	0.322183405343079	0.695767203369539
ENSG00000151718.16	32.5958685328278	15	0.00533647046889941	0.0484238576541605
ENSG00000196204.12	8.22916622365665	9	0.511227106818328	0.862270365776533
ENSG00000163510.14	2.50279565487017	3	0.474786057769603	0.835650874710949
ENSG00000218510.8	22.3907776973847	6	0.00102843300174124	0.0151608423927384
ENSG00000160007.19	8.40983879432997	6	0.209588180572043	0.553919441708407
ENSG00000243989.9	29.1235926451918	6	5.76462850855609e-05	0.00146502629205726
ENSG00000105889.15		3	1	
ENSG00000286070.2	3.47254433888884	3	0.324340525100446	0.698034833602138
ENSG00000243244.7	8.53340957057253	6	0.201568614268995	0.541306578605153
ENSG00000164880.16	3.71081994772976	3	0.294431063581613	0.665590166665037
ENSG00000239282.8	9.98769511228909	3	0.0186710216261794	0.11566089747109
ENSG00000100242.15	10.1663105117841	9	0.337190064187117	0.709954225760964
ENSG00000057935.14		12	1	
ENSG00000169762.17	5.47329243611057	12	0.940277438106593	0.999999882499827
ENSG00000104805.16	2.03267047583358	3	0.565653589970906	0.89964364154597
ENSG00000196465.10	46.1231377156655	12	6.60747693478661e-06	0.000254871017417322
ENSG00000100109.17	36.9699107431061	18	0.00528800785935577	0.0481396163241166
ENSG00000229036.7	29.2362226504079	12	0.00363382076809898	0.0372075121820734
ENSG00000176624.12	1.49535117650294	3	0.68334369130964	0.963294765787066
ENSG00000115977.19	2.13218813530875	9	0.989200440154709	0.999999882499827
ENSG00000176623.12	15.9928759531249	15	0.38252529015072	0.752178985811178
ENSG00000185340.15	8.54337126712562	15	0.900158602528439	0.999999882499827
ENSG00000219545.11	8.81976492017748	9	0.454075239633737	0.818341692259582
ENSG00000242028.8	1.17506862269511	3	0.758989884261902	0.994454936758956
ENSG00000100288.20	35.4409371175098	21	0.0252434553406472	0.141907189325678
ENSG00000087095.13	7.88612887205272	9	0.545661270736731	0.887840483874862
ENSG00000204406.14	15.8834510472434	12	0.196632731050074	0.533029684224477
ENSG00000216490.4	2.70590004860424	3	0.439225573904669	0.807232085825926
ENSG00000183671.12	13.2995577621903	6	0.038518042628217	0.189841568160377
ENSG00000066044.15	0.355262882505485	3	0.949320868469503	0.999999882499827
ENSG00000061455.11	0.379619186452118	3	0.944419756058382	0.999999882499827
ENSG00000064547.14	8.77609564431623	9	0.458194138007701	0.821667878136192
ENSG00000236782.7	1.21994239892132	3	0.748225381641099	0.989244047655617
ENSG00000188739.15	18.1398938192579	12	0.111508417030222	0.381443517820268
ENSG00000169220.18	10.7953350311218	15	0.766963186116092	0.997994626661868
ENSG00000221909.3	0.5135205879551	3	0.915911113758746	0.999999882499827
ENSG00000221886.4	7.3421075172962	3	0.061757233649064	0.25777965918786
ENSG00000221990.4		3	1	
ENSG00000115275.14	27.1734643034288	12	0.00729480797355819	0.0604843084230708
ENSG00000256053.9	55.3939955044989	12	1.53809112822228e-07	1.07987275685764e-05
ENSG00000071189.21	26.354238672684	15	0.0344601072023651	0.176533431069754
ENSG00000181350.12	2.10620881334455	3	0.550657699733896	0.890526575140244
ENSG00000164904.18	9.64482781867264	12	0.647087900050463	0.945065970756131
ENSG00000148218.16	15.7709622198927	6	0.0150375532632388	0.0999607196057284
ENSG00000170417.16	14.5157086120653	18	0.694907324746513	0.968938502957739
ENSG00000222011.9	8.83621850315467	15	0.885924104469024	0.999999882499827
ENSG00000243449.6	2.79036023089429	3	0.425089254122739	0.794417087511263
ENSG00000228300.14	2.21340951503953	3	0.529311946869525	0.8773021891134
ENSG00000222009.8	2.74624380887281	6	0.839955166802598	0.999999882499827
ENSG00000160949.17	3.60431397128195	3	0.30748282214215	0.680720771701704
ENSG00000197191.6	2.78101974092533	3	0.426633943932565	0.795932070127682
ENSG00000282907.1	1.71084468202173	3	0.634525472108243	0.93885243764052
ENSG00000267060.6	9.23945298963997	6	0.160552485564464	0.474653652415511
ENSG00000222020.3	10.0069210153633	3	0.0185073958160692	0.115187293220038
ENSG00000127526.15	12.63296845689	6	0.0492491517367808	0.222802834023427
ENSG00000185269.12	5.04719268523058	3	0.168373901506594	0.488890480453095
ENSG00000132405.19	1.64303713126901	6	0.949433629082547	0.999999882499827
ENSG00000122591.12	15.3715676655484	9	0.0812223502169129	0.309024918427623
ENSG00000222019.7		9	1	
ENSG00000176407.18	0.711910440360953	6	0.99423040949899	0.999999882499827
ENSG00000169221.14	4.50847805462399	6	0.608208596957922	0.925463738182057
ENSG00000231742.6	19.2946702306144	6	0.00369386961936053	0.0376003714531285
ENSG00000183604.14	3.80427923562729	3	0.283388776087115	0.653911672528371
ENSG00000234494.7	1.43993398542597	3	0.696201255412341	0.969843062621371
ENSG00000232442.1	1.71009963143661	3	0.634690755615423	0.93885243764052
ENSG00000226950.8	1.22251859749667	6	0.975757842705313	0.999999882499827
ENSG00000232388.5	0.805968382570427	3	0.848038948827535	0.999999882499827
ENSG00000223745.8	47.8266737106419	18	0.000159757338936663	0.00341153582206324
ENSG00000115568.15	13.4674976027682	12	0.335995615382947	0.709012337281993
ENSG00000223572.10		3	1	
ENSG00000113282.14	28.477910928792	12	0.00470672921598112	0.0445518626758097
ENSG00000136279.21	9.42980736419122	9	0.398581228983549	0.770248359138704
ENSG00000130600.19	13.4527197794669	15	0.567373552907228	0.901299046798906
ENSG00000178665.16	2.64134105733319	9	0.976837598427387	0.999999882499827
ENSG00000179869.15	2.74474999525137	6	0.840133503722955	0.999999882499827
ENSG00000234741.8	15.5353825360071	9	0.0772411376517262	0.299897898508835
ENSG00000229891.2	11.0533122260495	9	0.272072355711615	0.638104811196744
ENSG00000228274.4	13.7821896875112	6	0.0321661515081002	0.168572506343531
ENSG00000179406.8	9.13549290065748	15	0.870326971546032	0.999999882499827
ENSG00000204261.9	33.4244072388492	9	0.000112630016317849	0.0025467490873464
ENSG00000237491.10	17.1181445754976	15	0.311850924516534	0.685748799539624
ENSG00000204054.14	57.3226792973292	33	0.0054179904354838	0.0488670690017435
ENSG00000180229.12	35.3581751164638	24	0.0632636050187886	0.260721926257753
ENSG00000224424.8	5.49139767482461	3	0.139154037951386	0.434700466186804
ENSG00000083099.11	9.16689988337021	12	0.688612723815785	0.966895333016327
ENSG00000233327.11		3	1	
ENSG00000248643.5	7.62508104529752	6	0.266877181876736	0.630618503131977
ENSG00000232931.6	16.3541336488226	6	0.0119742734795365	0.0860218047184524
ENSG00000283154.2	22.3376923733267	18	0.217337142483881	0.56622695704879
ENSG00000067601.8	1.605582030194	3	0.658124795143471	0.952347832742076
ENSG00000228705.2	21.9545030362588	15	0.109002450033277	0.376418754092771
ENSG00000105281.12	3.75720603612717	6	0.709493428895432	0.973417026750243
ENSG00000234745.11	3.51485449037864	9	0.94035480379049	0.999999882499827
ENSG00000234546.4		3	1	
ENSG00000070371.16	28.0340142091809	15	0.0213570859123834	0.126966320889096
ENSG00000231074.9	39.0968711429596	15	0.000619838905146945	0.0102179187083261
ENSG00000232677.9	5.60100593219522	6	0.469333797314689	0.830654430176651
ENSG00000234072.1	3.66275100077428	3	0.300259168045107	0.671902788798161
ENSG00000212719.13	41.6158298331829	9	3.86282994981992e-06	0.000160414287150181
ENSG00000136045.12	4.08009957578906	6	0.665837551873791	0.95583964571973
ENSG00000225518.3	6.91833518015301	6	0.328465638763	0.702343595242796
ENSG00000227764.2	20.9320463971562	15	0.139014548216982	0.434542913532841
ENSG00000163882.9	6.26518065491109	9	0.713112458349412	0.974397358231553
ENSG00000241769.7	15.4005244757604	12	0.220260138639778	0.571347354786034
ENSG00000237232.9	8.10874332862022	6	0.23024428644051	0.583624413343621
ENSG00000230185.5	1.3094403691739	3	0.726892597184162	0.97969640018103
ENSG00000231871.5		3	1	
ENSG00000013374.16	4.17497053255647	9	0.899523385006665	0.999999882499827
ENSG00000225265.2	8.87044991084008	9	0.44931784933927	0.815187375293166
ENSG00000235703.6		3	1	
ENSG00000234327.8	1.05198070996266	3	0.78867690701755	0.999999882499827
ENSG00000233639.7	11.9278975225907	9	0.217404693929892	0.56622695704879
ENSG00000184203.8	9.68023295990133	6	0.138780151081278	0.434259004819713
ENSG00000224032.7	10.8786879298714	12	0.539342825391499	0.883045991390835
ENSG00000226419.8	25.2329683846792	12	0.0137566814022941	0.0939478333134979
ENSG00000231419.6	1.0888569698534	6	0.982018485871091	0.999999882499827
ENSG00000189423.13	1.98163275112586	3	0.576227634664077	0.907879477992691
ENSG00000224597.10	7.10739866355289	9	0.625938606149638	0.933883940898076
ENSG00000237883.2	4.9476968810809	9	0.83884360024532	0.999999882499827
ENSG00000176124.15	39.0152815721594	12	0.000104625497928105	0.00238560802401958
ENSG00000142396.10	21.0061062516397	9	0.0126233363397609	0.0890109388292824
ENSG00000231365.6	25.6616374924415	12	0.0119806987116432	0.0860218047184524
ENSG00000269335.5	7.73703296545136	9	0.560848814103942	0.896456209130102
ENSG00000229043.3	12.9414884682155	12	0.373307877415768	0.744099586540132
ENSG00000196756.13	40.9580547842998	18	0.00154279728139601	0.0207403695452988
ENSG00000236287.8	11.935904725171	6	0.063414061476691	0.261121445548957
ENSG00000232973.13	18.4923446975363	9	0.0298725663433172	0.159391129001877
ENSG00000236830.7	21.0867670021316	9	0.0122706857814878	0.0872632042488681
ENSG00000144589.22	16.4054111627956	9	0.0588832414934417	0.249985910831297
ENSG00000236859.7	22.0719451122104	15	0.105931265353378	0.370664474214275
ENSG00000233237.8	21.5684998484926	9	0.0103518803207631	0.0783131783335868
ENSG00000224189.8		3	1	
ENSG00000224660.2	16.9629610223028	6	0.00942033627703009	0.0730431501959147
ENSG00000242125.3	10.0864224559919	3	0.0178456187083414	0.112358318048196
ENSG00000226688.7	22.4839039187336	21	0.37209965180346	0.743057192950678
ENSG00000176209.12	1.94869331854716	6	0.924356232301492	0.999999882499827
ENSG00000224078.15	59.6278384759062	24	7.2077817778968e-05	0.00175413322619688
ENSG00000230373.8	0.980956945643072	3	0.805859677974887	0.999999882499827
ENSG00000214135.8	7.03275044912152	9	0.633709481221662	0.93885243764052
ENSG00000225470.8	31.6614026122224	18	0.024104764698629	0.138050703458874
ENSG00000233016.7	23.6388884220214	6	0.000608448294259826	0.0100812341318873
ENSG00000215183.5		3	1	
ENSG00000242294.6	10.7206590397327	9	0.295343353147569	0.666417522165809
ENSG00000228109.1	4.71890495845264	3	0.193576015130693	0.528126455594194
ENSG00000130429.15	11.9558851148759	9	0.21580773512513	0.563873544065902
ENSG00000213742.7	8.15408338344719	9	0.518696118459232	0.867367275538664
ENSG00000237438.7	8.9252344163524	6	0.177826702535685	0.504147602952065
ENSG00000162923.16	25.6256552710402	12	0.0121210384267673	0.0864261992456199
ENSG00000223773.7		3	1	
ENSG00000223773.7_PAR_Y		6	1	
ENSG00000186056.10	3.46793011255977	3	0.324945359014357	0.698548952000221
ENSG00000144426.18	17.5015634626718	9	0.0414169334823567	0.199334637870079
ENSG00000075624.17	1.92150346096605	3	0.588857702044778	0.914927927759113
ENSG00000242086.8	56.4856491718056	27	0.000747146446523142	0.0117983853909698
ENSG00000156162.16	5.72092647973113	9	0.767491512767427	0.997994626661868
ENSG00000215424.10		15	1	
ENSG00000225377.6	9.74993853114483	6	0.135585360007376	0.428906816308585
ENSG00000214706.10	8.32957683269342	6	0.214938208354562	0.562505222668858
ENSG00000227543.5	5.86843272073472	3	0.118189690809085	0.394550439785203
ENSG00000223749.11	15.1160202591163	12	0.235152877732926	0.590520944033952
ENSG00000228192.8	16.4739493705742	9	0.0576200913148547	0.247238167115099
ENSG00000133835.17	31.8021081121842	18	0.023203132508737	0.134146546299031
ENSG00000237943.7	2.98931340689097	3	0.393275775108443	0.764537507825357
ENSG00000099949.21	9.48016423598347	12	0.661462523555956	0.953784648887685
ENSG00000205356.10	14.0763358820122	12	0.295860196531395	0.666812854029997
ENSG00000203879.12	3.34320433650282	9	0.949121698430809	0.999999882499827
ENSG00000233223.3	19.277211461369	12	0.0820545438127336	0.31120248284939
ENSG00000244038.11	1.80350045976229	3	0.614173492895281	0.928230328371569
ENSG00000235374.2	10.1383076426916	6	0.118947122764169	0.395731383876082
ENSG00000160953.16	15.537206624489	18	0.624810678832251	0.932906699006366
ENSG00000223820.5	21.1307969628024	6	0.00173792778343699	0.0222870397352977
ENSG00000223960.7	32.7713204517604	24	0.108991261798833	0.376418754092771
ENSG00000136485.15	24.7090396510794	3	1.77616720154626e-05	0.000568315269504589
ENSG00000228794.10	26.8151388925958	18	0.0825286629875027	0.31253287624953
ENSG00000234545.8	27.5418329488603	9	0.00113728706194789	0.0163217418199256
ENSG00000236081.1	0.529539892930188	3	0.912355315844585	0.999999882499827
ENSG00000178234.13	7.30248991432381	6	0.293776672373978	0.66503515325856
ENSG00000236540.7	9.83632232250829	3	0.0200099429486145	0.121064496736224
ENSG00000212766.9	1.58932606477345	3	0.661812477546587	0.953784648887685
ENSG00000237126.8	5.03345822688289	3	0.169363499047188	0.491179312689899
ENSG00000237298.10	26.0616677128919	18	0.0983562308899014	0.352241635689742
ENSG00000234678.2	0.367596826867839	3	0.946851805432768	0.999999882499827
ENSG00000225828.1	12.4002529916331	3	0.00613058508685274	0.0533337829473403
ENSG00000228649.9	34.7217144484403	18	0.0102440998772593	0.0776181449551035
ENSG00000228727.9		3	1	
ENSG00000225648.5	3.70288593482837	6	0.716809739939431	0.975924508114625
ENSG00000127990.19	23.0217894773596	12	0.0275415249914676	0.151253653568786
ENSG00000108799.13	16.9907565428912	15	0.319417281232668	0.69363445650859
ENSG00000115556.14	1.33352803465328	3	0.721187326350236	0.977550980502817
ENSG00000272140.2	3.3681217133348	3	0.338273352509615	0.710475393310098
ENSG00000181315.11	22.3561923112866	3	5.49942976373286e-05	0.00141234039642813
ENSG00000273066.5	0.450208997425762	3	0.929685902125913	0.999999882499827
ENSG00000226696.6	6.11886132281279	6	0.410007846929308	0.780583759500108
ENSG00000220804.8	9.78730423342904	12	0.634614129893039	0.93885243764052
ENSG00000140320.12	16.7788800892595	9	0.0522934104363709	0.232179887374224
ENSG00000224934.5	6.38787007368683	6	0.381170952941332	0.751821020566153
ENSG00000241990.5	7.55541246413486	3	0.0561516331307249	0.242803545081621
ENSG00000236753.7	16.3901700743136	12	0.174011860376292	0.49838323528601
ENSG00000233461.6	21.6400579099918	15	0.117595180297467	0.393691720248022
ENSG00000244560.7	9.00975461251164	12	0.702097034971709	0.973295851760876
ENSG00000092203.15	14.8361945398938	15	0.463279598026907	0.826534844084933
ENSG00000229980.5	9.07118938566782	3	0.0283592064872808	0.154042627086868
ENSG00000231431.7	0.484948758235987	3	0.922185440534438	0.999999882499827
ENSG00000012171.20	1.76693928879104	9	0.99464007421936	0.999999882499827
ENSG00000233184.7	42.4928082451261	18	0.000943368093481112	0.0141854071252422
ENSG00000232537.2		3	1	
ENSG00000223546.7	6.25139058899117	3	0.0999999142568782	0.356427744058756
ENSG00000187186.15	6.03859577742696	6	0.41888048248862	0.788856547396072
ENSG00000242282.6	11.3403841130678	6	0.0784091557800982	0.302209696389407
ENSG00000234127.9	10.15255334022	6	0.11837293660198	0.394805703451376
ENSG00000243406.6	3.46616417917005	3	0.325177100902156	0.698833589012143
ENSG00000088888.18	1.1571534763616	3	0.763297931709475	0.996658351023918
ENSG00000226124.7		9	1	
ENSG00000160796.18	20.1769544821691	21	0.510078816581579	0.861370335874655
ENSG00000179304.16	14.8325491328851	6	0.0215998624174964	0.127986070025712
ENSG00000139651.11	27.6818163482349	9	0.00107787886047801	0.0156980210322679
ENSG00000266967.7	8.5737588344964	6	0.199006337872285	0.53723453701124
ENSG00000104299.15	8.40255338626957	9	0.494141806345327	0.849368778350328
ENSG00000231721.7	25.4355821998906	21	0.228791818578129	0.582110277513446
ENSG00000226853.3	2.90682399724301	6	0.820447306435319	0.999999882499827
ENSG00000244625.7	14.1146590952726	12	0.293446380089729	0.664750051832791
ENSG00000233927.5	0.390140843112022	3	0.942271550895711	0.999999882499827
ENSG00000227775.3	17.3711552465852	6	0.00801175412980319	0.0646705612512402
ENSG00000223784.2	4.85990109348666	6	0.561903536277021	0.896895094950515
ENSG00000264522.6	0.0211738753005193	3	0.999185741513489	0.999999882499827
ENSG00000272578.5	1.46900843002209	6	0.961526576489307	0.999999882499827
ENSG00000119446.14	8.93727777811546	6	0.177136374757903	0.503120409689135
ENSG00000227082.3	8.19693213979053	6	0.224027731491168	0.575067173029971
ENSG00000121671.12	4.01752256444388	6	0.674305010096998	0.960607141959613
ENSG00000163866.9	7.82963739411207	9	0.551401806665209	0.890526575140244
ENSG00000228288.7	2.52103636450909	3	0.471501334477217	0.83254750146716
ENSG00000233937.7	26.4483996992076	6	0.000183641095456196	0.00378899762182537
ENSG00000237037.9	0.666430400816125	3	0.881069985176373	0.999999882499827
ENSG00000248538.8		3	1	
ENSG00000138399.18	29.5573392818369	12	0.00325401386286825	0.0343678801815273
ENSG00000235954.7	29.6374588165963	15	0.0132980582354746	0.0921048618310832
ENSG00000224177.8	9.10427033762244	6	0.167798345585149	0.487954844022804
ENSG00000189077.11	7.30896317501174	12	0.836538920300612	0.999999882499827
ENSG00000239883.8	1.01188170888463	3	0.79837696481747	0.999999882499827
ENSG00000113141.18	1.8176849867159	3	0.611094067260166	0.925747749517535
ENSG00000225733.6	21.6787834034985	15	0.116507350659573	0.391392507775137
ENSG00000227372.12	28.4450729444798	27	0.388308678685169	0.758659538596309
ENSG00000272419.6	8.2185609340695	9	0.512279600650454	0.862745940295295
ENSG00000180694.14	0.936825538427001	3	0.816533077820594	0.999999882499827
ENSG00000230798.5	7.37776575490761	6	0.287319299387697	0.657278256616159
ENSG00000272734.1	12.7031268996307	9	0.176505941945259	0.502265483989767
ENSG00000226471.6	17.2117591782317	6	0.00853570844298827	0.0675949726873861
ENSG00000149177.13	5.59802638686597	3	0.13289170699317	0.422715178796071
ENSG00000238227.8	7.68980426223425	6	0.261721135546753	0.624941659359128
ENSG00000011007.12	9.57756389242786	6	0.143606250898944	0.443217394852244
ENSG00000227252.2	4.9643256916105	3	0.174428108176413	0.498619675424651
ENSG00000123154.12	27.6993656385621	9	0.00107064769282709	0.0156413934645202
ENSG00000238005.4		3	1	
ENSG00000205485.13	1.58234292989255	3	0.663400035894229	0.954151816752086
ENSG00000236104.3	1.25545164759751	3	0.739737701763574	0.985578928364237
ENSG00000100784.12	0.257148560390647	3	0.96787533841985	0.999999882499827
ENSG00000224870.7		12	1	
ENSG00000230590.11	21.6307577246553	21	0.421048500190246	0.791259833113155
ENSG00000126464.14	0.639833736676337	3	0.887255812748373	0.999999882499827
ENSG00000237094.12	43.1238922206958	12	2.15146525380788e-05	0.000660256270814814
ENSG00000169246.16	78.494924223095	15	1.31482290400632e-10	2.25111521406976e-08
ENSG00000266028.7	10.8270516244447	15	0.764755253864882	0.997335253990522
ENSG00000234585.6	3.55891721355374	3	0.313200765307793	0.68725492218697
ENSG00000109854.13	24.3202215818455	15	0.0598512968877364	0.253071406554341
ENSG00000088970.16	8.1024207550945	12	0.777076182638929	0.999999882499827
ENSG00000099810.21	43.8079489617157	18	0.000614493092603978	0.0101641323571563
ENSG00000232445.2	0.674926273100027	3	0.879085088718278	0.999999882499827
ENSG00000224687.2	0.351932570370792	3	0.949982881186257	0.999999882499827
ENSG00000231770.6	7.38340549980603	6	0.286839955352868	0.657149712561243
ENSG00000254806.5		3	1	
ENSG00000104375.17		9	1	
ENSG00000285230.2	1.56985284887128	3	0.666244635418456	0.956142176009564
ENSG00000147535.17	5.43869255750178	9	0.794513598240402	0.999999882499827
ENSG00000225484.7	11.7210100903321	18	0.861301541412981	0.999999882499827
ENSG00000236017.8		3	1	
ENSG00000236017.8_PAR_Y	13.8219978559305	9	0.128799487200184	0.414836368180394
ENSG00000121716.20	27.4145605679514	18	0.0715414621718977	0.283620709750573
ENSG00000239665.8	32.751038381266	24	0.109436458395281	0.377381765893833
ENSG00000104343.21	7.39691551216492	9	0.595867913470255	0.919547135175851
ENSG00000250303.4	4.59338333393544	6	0.596916333754338	0.919846818275834
ENSG00000204044.6	2.43116326967828	3	0.487859954202576	0.844327015588011
ENSG00000244558.6	1.94746790292993	3	0.583381207342401	0.91194587964105
ENSG00000224843.8	11.8131518028931	12	0.460800058661422	0.824220632785341
ENSG00000272333.7	15.0913587571167	9	0.0884568827984616	0.327609381112025
ENSG00000139428.12	2.90545681875665	6	0.820616069747787	0.999999882499827
ENSG00000228242.6	10.8495657184185	6	0.0931385516927243	0.340809571042106
ENSG00000254087.8	8.92187743256636	6	0.178019534765121	0.504147602952065
ENSG00000170653.19	13.339733085435	6	0.0379472166678812	0.188461520336821
ENSG00000211454.15	2.76723739612766	3	0.428921660578817	0.797607943138086
ENSG00000233483.3	8.81037852311286	3	0.0319211906193771	0.167573372380044
ENSG00000142188.17	5.54587955815896	9	0.784366451595704	0.999999882499827
ENSG00000180537.13	9.78119008601061	6	0.134174180831303	0.425684600368234
ENSG00000227946.1	3.06398744698981	3	0.381864403217553	0.751821020566153
ENSG00000103342.13	7.71676681477402	12	0.806854004272032	0.999999882499827
ENSG00000139620.13	83.4442555488495	18	2.1248445221265e-10	3.39940290023484e-08
ENSG00000231889.7	7.3270508608291	9	0.603109273655609	0.923253866918446
ENSG00000225826.2	11.3097997136321	6	0.0792607887945681	0.304529936159918
ENSG00000135976.20	21.0899187807609	12	0.0490791337832999	0.222566573694806
ENSG00000214870.9	7.48214553498576	3	0.0580189885866035	0.248227667521554
ENSG00000229388.1	3.49834215971697	3	0.320977200792275	0.695581916845641
ENSG00000229950.1	1.14275639865991	3	0.766763814577893	0.997994626661868
ENSG00000223797.6	4.90179945036789	3	0.179130724661087	0.506412729422813
ENSG00000022976.15	46.2194321438219	18	0.000275569651183828	0.00528346606267775
ENSG00000230438.7		15	1	
ENSG00000245556.3	1.49322850496856	3	0.683834067473099	0.963548464405136
ENSG00000228315.12	46.4598166461647	21	0.00110961831292455	0.0159952217368252
ENSG00000229852.4	2.0541014264395	3	0.561254015961999	0.896456209130102
ENSG00000227671.4	11.634535817615	9	0.234705081566951	0.589723710353213
ENSG00000231711.2	6.75813763004408	6	0.343794859420204	0.715338038065957
ENSG00000273032.3	2.38517483706914	3	0.496400288395085	0.850217684791745
ENSG00000232451.2	5.11767582319891	3	0.163380374926833	0.47996446597209
ENSG00000258388.7	21.9851467999215	12	0.037686620491321	0.187453480823039
ENSG00000240498.9	69.9915006543906	39	0.00168255431362223	0.0218642444029818
ENSG00000230844.3	1.92609460145968	3	0.587886828162496	0.914352816293909
ENSG00000167110.18	50.9059756579518	15	8.5553974704095e-06	0.00031746054720048
ENSG00000144959.11		6	1	
ENSG00000115760.14	7.21876580538083	12	0.842824342569399	0.999999882499827
ENSG00000235944.8	9.13355288519779	12	0.691482890698246	0.968531167803426
ENSG00000171130.18	10.4214000475258	6	0.107991223124088	0.374915100130905
ENSG00000184220.12	6.73045894173265	6	0.346495042812205	0.717471912328518
ENSG00000211448.13	5.22668548787351	6	0.515085131741902	0.865112048847377
ENSG00000237686.7	9.47934390615046	6	0.148360239453812	0.451420876974624
ENSG00000241489.8	4.62472890482025	3	0.20143094681133	0.541085772070402
ENSG00000239332.6	8.54590855879792	3	0.0359791170681387	0.181833352391489
ENSG00000214783.9	0.348586374946478	3	0.950646009821421	0.999999882499827
ENSG00000148541.13		6	1	
ENSG00000166595.12	0.412910495651886	3	0.937562763887374	0.999999882499827
ENSG00000169714.17	0.606462197960354	3	0.894951420396474	0.999999882499827
ENSG00000231064.7	12.2480170998624	12	0.425972336072663	0.79545809945142
ENSG00000237765.8	22.9859814271767	18	0.191129407911892	0.524747135202924
ENSG00000122778.10	1.82893589008518	3	0.608658496728609	0.925463738182057
ENSG00000237523.2	7.32770810814054	6	0.291601062574858	0.662877887181001
ENSG00000167378.8	0.927004859864837	3	0.818906505172937	0.999999882499827
ENSG00000116127.19	40.3070816090622	18	0.00189531732705667	0.0237015691035177
ENSG00000233901.6	13.3484004251422	6	0.0378251168207637	0.188046518111988
ENSG00000153363.13	29.9492209887758	15	0.0121059227080829	0.0864240670871845
ENSG00000184465.16	54.9505043115823	33	0.0095960820530356	0.0738550195233237
ENSG00000230061.2	4.01636077651875	3	0.259702872567183	0.62240676163633
ENSG00000235750.10	6.97739188997639	6	0.32294305066016	0.696598400723964
ENSG00000236088.10	36.2018694850904	18	0.00664744334047282	0.0565583256841101
ENSG00000161888.11	6.48058876060895	6	0.37155785739241	0.74234606725568
ENSG00000185189.18	28.9024605643153	21	0.116363012044157	0.391311727959657
ENSG00000225439.3	5.91503987120245	6	0.432774445938059	0.800653235622658
ENSG00000131747.15	1.33085314139316	3	0.721820055958784	0.977699696067769
ENSG00000213347.10	34.4916945819787	12	0.00056400335508941	0.0094898426591682
ENSG00000087087.20	2.31008032303362	12	0.998761200493883	0.999999882499827
ENSG00000237036.5	24.444530634677	15	0.0579189476303779	0.247908337686341
ENSG00000228801.6	9.27587756701723	9	0.412207964370748	0.781873182564456
ENSG00000236499.2	4.78630025482926	3	0.188130965382869	0.520656731252703
ENSG00000224271.7		3	1	
ENSG00000143429.10	1.91650274580707	6	0.927215328579896	0.999999882499827
ENSG00000169136.12	23.7131852439052	6	0.000589642179436765	0.00983644107542459
ENSG00000089335.21	48.9702802637876	18	0.000107864108222946	0.00245371988845625
ENSG00000174353.17	42.6960696291135	9	2.45087074541741e-06	0.000108718398202402
ENSG00000185946.16	29.313855596658	15	0.0146508905478407	0.0984697251076982
ENSG00000184319.16	7.03552135892824	18	0.989823367643865	0.999999882499827
ENSG00000171316.12	21.0634713595155	9	0.0123715617306324	0.0876790638556582
ENSG00000224259.7	1.42050962873054	3	0.700734281039659	0.972506954721697
ENSG00000256546.2	34.9828686955643	9	5.99993214925335e-05	0.00151300614585435
ENSG00000111361.13	31.8798123821398	6	1.72063797817506e-05	0.000554181717129056
ENSG00000132912.13	8.53688618168235	3	0.0361260959398442	0.182292952573392
ENSG00000019485.13	19.1644804850866	15	0.206376975443897	0.548932380309891
ENSG00000238113.7		3	1	
ENSG00000126005.17	5.60687981403316	6	0.468634097334471	0.830319563523438
ENSG00000102221.14	4.64892196381925	3	0.199385261832853	0.53795984800299
ENSG00000225806.8	5.50150879988905	6	0.481274364470798	0.841260347997585
ENSG00000257108.2		3	1	
ENSG00000228630.5	8.94606032712909	6	0.176634403222961	0.502265483989767
ENSG00000065054.14	6.94694429737501	12	0.8610996794845	0.999999882499827
ENSG00000101246.20	14.1187609228	6	0.0283373098325161	0.154042627086868
ENSG00000241015.2	11.3708555582557	3	0.00988059587698153	0.0753907233490717
ENSG00000153721.19	3.65890804086121	6	0.722721544209985	0.977699696067769
ENSG00000265972.6	0.267199450787302	3	0.966074522269453	0.999999882499827
ENSG00000228782.7	4.69990708991827	6	0.582837026014255	0.911684745363059
ENSG00000168026.18	2.29581466112387	3	0.513323180957156	0.863710503958774
ENSG00000197603.15	32.0847679757972	21	0.0574032399198469	0.246783356113562
ENSG00000246334.2	4.27278649743585	6	0.63981406101517	0.941817993092117
ENSG00000233429.9	19.9480278677438	12	0.068075509990312	0.274071329206046
ENSG00000243649.9		15	1	
ENSG00000164181.14		3	1	
ENSG00000225062.1	1.71127940530857	3	0.634429044044359	0.93885243764052
ENSG00000235453.10	8.61560149014076	9	0.473486522408312	0.83467394728734
ENSG00000160352.16	14.356510134483	15	0.498680456188369	0.852895648780633
ENSG00000227617.9	1.50714844932008	3	0.680621457469812	0.962635478760564
ENSG00000224389.9	3.78373808105971	6	0.705914996555467	0.973417026750243
ENSG00000104522.16	9.4947629369708	9	0.392910844748973	0.764237415989231
ENSG00000250506.7	5.17492795496537	3	0.159427140153692	0.471898532229262
ENSG00000237149.5	10.4554385150641	9	0.314887417329582	0.688855930445951
ENSG00000237441.10	24.6074867996049	15	0.0554695802058691	0.240987542294434
ENSG00000225032.5	0.471977003526149	3	0.925003371039315	0.999999882499827
ENSG00000228889.7	32.0093816955778	12	0.00137917972224177	0.0189302600694197
ENSG00000186908.14	42.7947338248468	15	0.000169427061830843	0.00357114189288812
ENSG00000233554.6		3	1	
ENSG00000226328.7	4.25800957857609	6	0.641805482506005	0.942526976954288
ENSG00000196922.10	6.63573097471272	15	0.966981350756394	0.999999882499827
ENSG00000225335.3	3.1003415608966	6	0.796151668063575	0.999999882499827
ENSG00000277072.5	16.0045528394257	12	0.19102762269324	0.524694221745941
ENSG00000231925.12	0.564196047176665	3	0.904577669452031	0.999999882499827
ENSG00000228395.2	0.350687870528759	3	0.950229788501855	0.999999882499827
ENSG00000234171.3	2.24338923617324	6	0.896008829877861	0.999999882499827
ENSG00000263002.8	0.214789537019669	3	0.975167171515249	0.999999882499827
ENSG00000225264.3	7.43215076918	3	0.0593276578870839	0.251292800920162
ENSG00000237380.7	1.43516853470283	3	0.697312130785358	0.97053775034899
ENSG00000233967.7	7.3742729099865	3	0.0608784599559894	0.255942816968913
ENSG00000108592.17	9.54426330864226	3	0.0228651056285784	0.132821765374581
ENSG00000232995.7	25.5216435244583	12	0.0125354710634794	0.0885667966300269
ENSG00000213468.7	34.569526364372	18	0.0107028789285089	0.0796715449758342
ENSG00000129932.10	4.54400106677349	3	0.208398912280877	0.552328040868366
ENSG00000118894.15	4.63050070516692	9	0.865256533661393	0.999999882499827
ENSG00000152475.7		3	1	
ENSG00000230530.2	6.678133317625	3	0.0828959711927774	0.313437343227553
ENSG00000119559.17	17.6778456907596	18	0.477057217140419	0.83797549009628
ENSG00000236810.6	2.13226361640773	6	0.907141117835834	0.999999882499827
ENSG00000231584.8	4.48837270289459	6	0.610890798289296	0.925583496429939
ENSG00000212694.8	31.3226622920229	12	0.00175862743955003	0.0224639334850376
ENSG00000241370.6	3.9739982260071	6	0.680195323904537	0.962635478760564
ENSG00000285077.2	35.9953464242672	9	3.97220403185061e-05	0.00108532596731333
ENSG00000225177.6	18.7042432296819	6	0.00469340094781114	0.0444688348055232
ENSG00000234608.8	30.607125726885	18	0.0319458194385336	0.167612501021854
ENSG00000229180.7	18.8697491376424	12	0.0917206371917934	0.336884342625033
ENSG00000023697.13	9.14971873223112	9	0.423570295953627	0.793249379814133
ENSG00000234476.3	24.0134272899986	15	0.0648658185415672	0.265381479726969
ENSG00000234705.2		3	1	
ENSG00000285085.1	1.72641586269765	3	0.631077002001659	0.937536986228374
ENSG00000224905.7		6	1	
ENSG00000237649.8	2.4563171041591	3	0.483237310920879	0.842426581809709
ENSG00000224596.8	0.616934904116704	3	0.892544805474765	0.999999882499827
ENSG00000244731.8	14.3868118090177	15	0.496417703447419	0.850217684791745
ENSG00000114062.22	16.4472502946173	9	0.0581091982918441	0.248287069233847
ENSG00000236078.2		3	1	
ENSG00000285219.2	4.8681265563302	3	0.181712198481316	0.509284705622965
ENSG00000178440.7	5.63113588953866	3	0.13100226468189	0.419248648591496
ENSG00000133657.16	11.9600880838261	12	0.448890336828144	0.81486621969975
ENSG00000237886.1	3.72481146497285	3	0.292753782962023	0.663901011358029
ENSG00000233221.7	4.74858699907134	3	0.191160061800099	0.524747135202924
ENSG00000262919.8	0.977600243044435	6	0.986447208853738	0.999999882499827
ENSG00000277147.6	7.93312295635042	3	0.0474142628773343	0.218778151971586
ENSG00000225077.3	1.89258526871936	3	0.594997455860827	0.918908082251276
ENSG00000223802.7	8.03535905446518	6	0.235524243599006	0.590869175651081
ENSG00000114480.13		3	1	
ENSG00000224945.1	0.854536888748271	3	0.836382873325251	0.999999882499827
ENSG00000233101.10	47.4335735855734	9	3.25825377316154e-07	2.02530564154672e-05
ENSG00000214331.8	10.8820606673335	12	0.539052291214394	0.883045991390835
ENSG00000230513.2	5.44688886876884	6	0.487899007842291	0.844327015588011
ENSG00000225339.4	12.5392635312455	3	0.00574671343290242	0.0510301877995402
ENSG00000231764.10	8.63641843388177	6	0.195081603759945	0.530502764907918
ENSG00000214796.8	4.24855742078125	6	0.643079779588565	0.942753559823542
ENSG00000221983.8	5.54636147385463	3	0.135891834370216	0.429041867233562
ENSG00000231187.3		3	1	
ENSG00000225190.11	18.3009629043536	15	0.247173762055855	0.604964966772908
ENSG00000167258.15	19.8022093128529	15	0.179652194269404	0.507323033155044
ENSG00000100888.15	38.4572884216504	15	0.000771973014908864	0.0120298632652281
ENSG00000162496.9	3.67234868243941	3	0.299087333629528	0.670753491978203
ENSG00000078319.10	27.5170775370352	18	0.0697947346993538	0.279264787179579
ENSG00000284874.1	1.67903155188287	3	0.641605579375668	0.942526976954288
ENSG00000272808.4	0.528353806410905	3	0.912619479498829	0.999999882499827
ENSG00000237499.7	25.8467411115062	9	0.00216430970863187	0.0261576530838678
ENSG00000224877.4	14.8294886380609	6	0.0216251844657558	0.128048525430447
ENSG00000272645.3	9.0633658980455	3	0.0284601584605279	0.154215816999607
ENSG00000165121.11	2.9859421092915	3	0.393797708745377	0.765079805014048
ENSG00000230615.7	31.8375114511509	24	0.131073506737336	0.419248648591496
ENSG00000198001.14	22.2078084577397	9	0.00824319395950866	0.065669657021098
ENSG00000254929.6	11.2457428904366	3	0.0104686289510326	0.0786476904796978
ENSG00000232485.3	2.58526236924786	6	0.858806068564515	0.999999882499827
ENSG00000174485.16	8.04108106699459	9	0.530011598549563	0.877643789045171
ENSG00000227388.3	12.7735779292561	6	0.0467758181515858	0.217270447092492
ENSG00000226562.4	10.3851108800145	15	0.794841844948799	0.999999882499827
ENSG00000263001.6	6.90294216122129	15	0.960287220726548	0.999999882499827
ENSG00000111671.9	3.6449951968134	3	0.302437876976498	0.675089487972015
ENSG00000228701.2	6.99076118626135	3	0.0721928286142668	0.285575280306794
ENSG00000204685.7	6.53486736004106	9	0.685420173282537	0.964669090144833
ENSG00000226953.8	1.28172812492994	3	0.73347641931935	0.982220322277297
ENSG00000145191.15	33.0450622107128	6	1.02785477760708e-05	0.000368780690245129
ENSG00000235106.10	1.96289473314755	3	0.580143647906796	0.910497697476505
ENSG00000205746.9	1.89469919447038	6	0.929123744590774	0.999999882499827
ENSG00000136143.16	3.65019068299443	6	0.723892005468087	0.978050959623848
ENSG00000235437.8	49.5872911943861	12	1.65067469402206e-06	7.92066787661856e-05
ENSG00000111752.11	18.7867677254735	9	0.0270682569669111	0.149411266821315
ENSG00000178607.16	19.372458691652	3	0.000228955563540397	0.00451389362543583
ENSG00000248275.2	21.7063549404265	12	0.0409457218370529	0.197718604358139
ENSG00000224046.2	3.3193230058223	3	0.344962284350067	0.716345311702122
ENSG00000134516.18	2.03346939021765	3	0.565489148657124	0.899623266000984
ENSG00000213689.14	20.5948723282272	9	0.0145759225069531	0.0981009846519695
ENSG00000257103.8	12.3136509298929	15	0.655149695061538	0.950722063064023
ENSG00000189114.8	10.9515275857871	6	0.0898861333297616	0.33164414940081
ENSG00000228436.3	22.9528769795334	9	0.00630302066275371	0.0542905372001884
ENSG00000234129.8	12.3280826455729	3	0.00633976788488719	0.0545589019299948
ENSG00000149262.17	13.3986283405775	18	0.767368634131356	0.997994626661868
ENSG00000235387.5	1.55101928001466	3	0.670546137946234	0.958501332126943
ENSG00000230989.7	0.681305597303435	6	0.994885657998464	0.999999882499827
ENSG00000229299.2		3	1	
ENSG00000196118.12	25.5522108632467	21	0.224039900795158	0.575067173029971
ENSG00000228696.10	49.0029252852946	12	2.08922001664229e-06	9.57215875230617e-05
ENSG00000228748.2	0.547307325905422	3	0.908381838011695	0.999999882499827
ENSG00000274020.4		6	1	
ENSG00000228409.6	2.00684873152431	6	0.919067648814787	0.999999882499827
ENSG00000236778.8	0.647256517071355	3	0.885533860892223	0.999999882499827
ENSG00000111490.15	0.260437938797622	3	0.967288791073042	0.999999882499827
ENSG00000175203.16	5.20884473195474	6	0.517319931808104	0.866520416893377
ENSG00000112787.13	13.3644878178893	15	0.574167386471152	0.906389441050141
ENSG00000178386.13	1.86124505796863	3	0.601698859819511	0.9219849042507
ENSG00000102878.17	52.6727501485293	30	0.00643910890231846	0.0552190367115342
ENSG00000223891.6	28.6761305473428	21	0.121996605812404	0.40026604566603
ENSG00000180747.15	21.6551144568966	12	0.0415719220278464	0.199750795058182
ENSG00000164142.16	5.30342008947372	3	0.150880620564425	0.456751920690287
ENSG00000237595.5	10.8467704313248	6	0.0932292020441424	0.341013411824882
ENSG00000235706.8	16.2658632939456	9	0.061532997300637	0.25744734477477
ENSG00000132361.17	66.7928011756521	12	1.26879786158443e-09	1.60807770535097e-07
ENSG00000230337.1	2.73664837347951	3	0.434035171264884	0.801693904086163
ENSG00000225163.4	12.6303597555399	3	0.00550814772650141	0.0495885734897853
ENSG00000166912.17	3.6878977626011	6	0.718825806900756	0.975924508114625
ENSG00000168461.13	1.67446470988943	3	0.642625716811249	0.942753559823542
ENSG00000234420.7	5.89585807769527	9	0.750294348420148	0.989644416235252
ENSG00000197948.11	23.6260221179546	24	0.483140652702963	0.842426581809709
ENSG00000055163.20	48.098021888949	24	0.00245452507057857	0.0284148400519291
ENSG00000204514.10	0.311499087628249	3	0.957851502638786	0.999999882499827
ENSG00000169855.20		21	1	
ENSG00000250067.12		3	1	
ENSG00000166289.6	2.4885607860947	6	0.869745692671221	0.999999882499827
ENSG00000102901.13	21.1295507206087	12	0.048515263791888	0.221052853165337
ENSG00000235172.8	7.28566670863211	9	0.607404149771492	0.924983191565981
ENSG00000178917.16	0.938555442627148	3	0.816114915457675	0.999999882499827
ENSG00000227403.2	5.33011632872422	6	0.502222389506936	0.856314038516691
ENSG00000175772.11		3	1	
ENSG00000225973.4	2.00861183832603	3	0.570621210635023	0.904478523025431
ENSG00000272410.5	2.55922685418375	3	0.464682483301887	0.827675917967352
ENSG00000225614.4	2.13848590859908	3	0.544166124509648	0.887008052294915
ENSG00000254996.5	7.44643391284626	6	0.281524981460537	0.650888958558014
ENSG00000227630.4	0.751850848481411	3	0.860945520672698	0.999999882499827
ENSG00000230487.8	10.2214658910966	9	0.332855724208193	0.706424711422333
ENSG00000214654.8	0.24587584654455	3	0.969864132475231	0.999999882499827
ENSG00000203706.8	1.62490130512379	6	0.950770507329087	0.999999882499827
ENSG00000227258.6	12.6699657248955	6	0.0485867783625011	0.221052853165337
ENSG00000175573.7	14.8508671830095	6	0.0214488920150216	0.127323441103769
ENSG00000100744.15	3.88368032914877	3	0.274301593720786	0.641329480862759
ENSG00000225793.3	6.86547667518931	3	0.0763113586066214	0.297338567029999
ENSG00000232956.9	48.8919201397221	12	2.18469026915629e-06	9.91646155195174e-05
ENSG00000234996.4	6.13950371678726	3	0.105016845466043	0.368521896764875
ENSG00000206145.8	3.2900798982098	3	0.349025726437357	0.719770969796945
ENSG00000137601.17	6.90024190464987	6	0.330171449892828	0.703755270047036
ENSG00000268043.7	2.50231610629817	6	0.868208366277475	0.999999882499827
ENSG00000228716.7	51.3147264024738	12	8.19622395538109e-07	4.49364885284068e-05
ENSG00000223393.2	0.738027428778651	3	0.864225125094607	0.999999882499827
ENSG00000258315.5	14.9812923865102	12	0.242461115051966	0.598577794533806
ENSG00000196214.11	13.6468237551135	9	0.135454661571078	0.428771340341274
ENSG00000224914.4	18.1053004240821	12	0.11253044537685	0.383980635116321
ENSG00000238197.6	1.08808075138558	3	0.779952189058806	0.999999882499827
ENSG00000062822.15	28.9479808620308	12	0.00401065865750489	0.0398574519741245
ENSG00000230533.4		3	1	
ENSG00000150764.14	3.81377245708018	6	0.701860940164188	0.973295851760876
ENSG00000226314.8	12.4888778996944	6	0.0519100465737339	0.23068767965076
ENSG00000140474.14	14.5317215290561	9	0.104628242715324	0.367687079819536
ENSG00000241764.4	1.44997443451848	6	0.962748059279274	0.999999882499827
ENSG00000109189.13	10.6215008299498	9	0.302547507010424	0.67517976695969
ENSG00000105409.19	6.07025917662691	3	0.1082415509712	0.375223061953244
ENSG00000237004.4	1.09764114177983	3	0.777643551710118	0.999999882499827
ENSG00000083857.14	2.58306345134224	6	0.859058175588089	0.999999882499827
ENSG00000223396.4	10.8106684694344	3	0.0127949804618883	0.0896383448151956
ENSG00000120708.17	0.570744018139408	3	0.903095961428105	0.999999882499827
ENSG00000174109.5	12.9895028320025	3	0.00465936124304336	0.0442752739735736
ENSG00000228606.3	8.63424373025435	3	0.0345706149730928	0.17700662724156
ENSG00000211584.14	3.02238614656199	6	0.806031933319317	0.999999882499827
ENSG00000227627.3	19.3498967313266	6	0.00361176411443141	0.0371783288895489
ENSG00000163214.21	10.4392623845588	9	0.316107821354322	0.690442307206095
ENSG00000232645.5	2.54256721228586	3	0.467647328465019	0.829685201436224
ENSG00000186715.11	11.8773303856995	6	0.0647620340093051	0.265105994084232
ENSG00000223652.2	1.45292160660267	3	0.693177827654042	0.96857759502224
ENSG00000254726.3	1.74517514187573	3	0.626937467401688	0.934322194112858
ENSG00000269343.9	17.3775013487898	9	0.0431222589200982	0.205383174622371
ENSG00000167635.11	4.58569571748012	6	0.597936342772525	0.920263259308185
ENSG00000285437.1	26.9021846593641	15	0.0295434927994123	0.157894275043518
ENSG00000235162.9	4.33551847250783	6	0.631370962815763	0.937830932438208
ENSG00000103657.14		18	1	
ENSG00000225855.7	15.631920210828	9	0.0749774143274931	0.293843247828812
ENSG00000224577.3	4.73532690518911	3	0.192235865476256	0.526066499784599
ENSG00000227619.3		18	1	
ENSG00000171953.16	16.8232020373544	12	0.156369761231747	0.46646290252733
ENSG00000160999.10	0.249693001279411	3	0.969194433570757	0.999999882499827
ENSG00000128965.13	3.51760379933148	3	0.31848613401442	0.692653705119827
ENSG00000232098.3	0.470169974177225	3	0.925394326407664	0.999999882499827
ENSG00000224699.9	21.3834934904717	12	0.0450390262951454	0.212100000923783
ENSG00000204650.14	34.7199909978008	15	0.00269498405806866	0.0303699185019539
ENSG00000236144.8	38.9454694666601	15	0.000652984793436894	0.0106385285461613
ENSG00000234772.2	3.56610204907616	3	0.312289560785047	0.686249453659373
ENSG00000180592.17	0.0745057180743061	3	0.994710475001571	0.999999882499827
ENSG00000244041.7	2.82665762431213	3	0.419130377353959	0.789174870267661
ENSG00000228393.4	9.14417325159548	3	0.0274341857094435	0.150833925824484
ENSG00000237310.2	20.5151817757906	9	0.0149860179261806	0.0998764322270544
ENSG00000007080.11	0.30370306209079	3	0.959330536441339	0.999999882499827
ENSG00000223501.9	10.6142571583623	15	0.77942908001859	0.999999882499827
ENSG00000100519.12	10.6387749127898	3	0.0138484610253944	0.0945084833194572
ENSG00000234684.7	18.7400726178848	12	0.0949973198723704	0.344895403509845
ENSG00000170322.14	3.5479261632554	6	0.737582796886061	0.984475029894256
ENSG00000145050.19	0.461659638036508	3	0.927230168541755	0.999999882499827
ENSG00000236751.2	3.91204936094709	6	0.688577301576185	0.966895333016327
ENSG00000228307.2		3	1	
ENSG00000232671.6	84.0851777544785	9	2.48418639546189e-14	7.13034559803313e-12
ENSG00000164164.17	11.9416016659497	9	0.216621586461658	0.564639439711356
ENSG00000188599.17	17.377379555136	3	0.000591024575732831	0.0098426771921104
ENSG00000163597.15	12.5576586983225	9	0.18366413667505	0.513236063032991
ENSG00000281398.4	53.6508374362311	9	2.19941383211511e-08	1.93370086374877e-06
ENSG00000173531.15		18	1	
ENSG00000227496.3	0.678673003013074	3	0.878208437026054	0.999999882499827
ENSG00000079387.14	33.2966656115505	12	0.000869993811205948	0.0133285237104534
ENSG00000233527.9	0.228272306846634	3	0.972901076206296	0.999999882499827
ENSG00000141337.12	29.2689838265551	9	0.000583686224323302	0.00977048690080806
ENSG00000223573.7	1.81926514126826	3	0.610751625705443	0.925516322245252
ENSG00000166250.12	20.6815619112658	3	0.000122585802837418	0.00275014908020773
ENSG00000233608.4	0.431782906449371	3	0.933601392812041	0.999999882499827
ENSG00000183666.17	13.5737389915339	9	0.138316540789704	0.433471779565422
ENSG00000236901.6		3	1	
ENSG00000185664.14	9.34602886567882	6	0.155032404665972	0.464366585742451
ENSG00000178971.16	47.1708584191329	24	0.00319265899752939	0.033977272799225
ENSG00000103356.18	19.0049188166122	9	0.0251511039479728	0.141868916099031
ENSG00000231784.8		3	1	
ENSG00000233871.2	1.8300678965461	3	0.608413785378937	0.925463738182057
ENSG00000223872.2	1.25892873243731	3	0.738908175010526	0.985309589011068
ENSG00000196510.12	10.6532447844293	9	0.300227838440708	0.671902788798161
ENSG00000215347.4		3	1	
ENSG00000177685.17	16.3260690515949	15	0.360718125361752	0.732349739209309
ENSG00000196275.14	2.3174350825484	6	0.888314015396665	0.999999882499827
ENSG00000251595.7	7.8722794678913	6	0.247610607349313	0.605470287427198
ENSG00000142871.18	58.1911136330746	6	1.04812775688629e-10	1.82654978204524e-08
ENSG00000232936.6	2.5815066819639	6	0.859236568082357	0.999999882499827
ENSG00000226742.4	19.0077084386066	9	0.0251274316623146	0.141868916099031
ENSG00000100983.12	2.86450400097237	3	0.412991189284558	0.782902295304585
ENSG00000235194.9	6.58463158711675	12	0.883799287899368	0.999999882499827
ENSG00000231806.3	1.07969007753968	3	0.781979103067616	0.999999882499827
ENSG00000131389.17		9	1	
ENSG00000233382.7	7.38641620551755	3	0.0605498626751407	0.255125746115937
ENSG00000092758.18	20.4897600817785	12	0.0583702440163673	0.248915815539791
ENSG00000235652.9	12.0275340820463	6	0.0613573641983066	0.257100265011281
ENSG00000223855.2	5.27362089602684	6	0.509228256677537	0.861062771274723
ENSG00000243708.10	0.385955632966216	3	0.943128205460774	0.999999882499827
ENSG00000279170.3	3.55406230136714	6	0.736763603623613	0.98418502219797
ENSG00000254413.8	6.79942190158567	6	0.339795648383761	0.712213430536324
ENSG00000234949.2	1.01607768303944	3	0.797361711420258	0.999999882499827
ENSG00000235919.4	0.673916650797764	3	0.87932118324194	0.999999882499827
ENSG00000233396.8	10.545546713059	3	0.0144550893641039	0.09758047386612
ENSG00000105519.18	0.922322574336931	3	0.820037788695293	0.999999882499827
ENSG00000234028.3	0.0613720058399849	3	0.996029983973963	0.999999882499827
ENSG00000233369.7	10.4536561390669	3	0.0150785923418145	0.100020181574415
ENSG00000225791.7		12	1	
ENSG00000119402.17	35.3052941955575	9	5.26289607251329e-05	0.00136235020614475
ENSG00000146556.14	1.90228875456364	3	0.592932559908175	0.917040043134608
ENSG00000227036.8	1.99813271985755	3	0.572794355910858	0.906274338413434
ENSG00000233006.8	27.9234327959111	12	0.00567649432702418	0.0505446242129827
ENSG00000269313.5	5.94194553073919	6	0.42972475375342	0.798049488591153
ENSG00000075218.19	6.64863156015781	6	0.354566557657503	0.72617165333522
ENSG00000223509.8	3.46417001342752	3	0.325438968605763	0.698934615894287
ENSG00000235823.3	71.3012223263286	18	2.71867526484596e-08	2.26765400937024e-06
ENSG00000225361.4		15	1	
ENSG00000225663.8	6.37814347729545	6	0.382189167233188	0.751821020566153
ENSG00000175470.20	5.96874873583511	9	0.743041939558866	0.986873308489188
ENSG00000224903.2	1.32428645824416	3	0.723374254442062	0.977996800255245
ENSG00000186952.15		3	1	
ENSG00000231566.2	0.534107365930993	3	0.911336759070663	0.999999882499827
ENSG00000283050.2	3.24297867423513	3	0.355658125748525	0.727080031237042
ENSG00000227354.7	12.8888303107283	9	0.167701433110105	0.487954169863301
ENSG00000227674.3	0.35918768317913	3	0.948538110650534	0.999999882499827
ENSG00000123870.10		3	1	
ENSG00000228812.7		9	1	
ENSG00000137802.14	8.82640495250871	9	0.453450564824434	0.817705786980448
ENSG00000250903.9	4.10323855458546	6	0.662707659512532	0.953784648887685
ENSG00000229833.10	20.1888175461499	6	0.00256298717021425	0.0293570326222076
ENSG00000237753.2	1.83006600702299	3	0.60841419379402	0.925463738182057
ENSG00000139921.13	6.08944526040432	6	0.413245385845016	0.783205646533539
ENSG00000235531.11	0.310084177680153	3	0.958120895347027	0.999999882499827
ENSG00000184007.22	44.4776985162898	15	9.25388703109561e-05	0.00218136916754739
ENSG00000213799.13	0.135306664407381	3	0.987287323553482	0.999999882499827
ENSG00000226754.2	5.61708838204459	6	0.467419448428556	0.829685201436224
ENSG00000183309.12	18.2670093839383	6	0.00559844566501409	0.049990082287259
ENSG00000226752.9	23.726267990487	18	0.164201787053923	0.481793517696703
ENSG00000183401.12	24.681109935791	21	0.26123948216979	0.624096966094243
ENSG00000224817.2	8.08114246101263	3	0.0443641665116328	0.210111521120749
ENSG00000169203.16	11.3267642664105	15	0.729105394040424	0.980479473672385
ENSG00000197594.13	2.66725442737788	3	0.44582077405301	0.811948106828099
ENSG00000244026.6	12.6344771791505	6	0.0492219764612833	0.222800217201143
ENSG00000271147.8	0.829393638690931	3	0.842424309134433	0.999999882499827
ENSG00000175061.18	10.6163205208723	9	0.302927249479231	0.675691387443916
ENSG00000122432.18	3.76559914288987	6	0.708361747881294	0.973417026750243
ENSG00000197816.16	6.75465575111625	3	0.0801427670739537	0.307072345455325
ENSG00000101158.15	39.6415643322689	15	0.000513552996836916	0.0088547061769107
ENSG00000219626.9		3	1	
ENSG00000077152.11	15.2731784157222	3	0.0015974727853892	0.0210957197734956
ENSG00000163785.13	3.86840024290723	6	0.694479974991933	0.968698167730301
ENSG00000204934.10	1.95584213140387	3	0.581622231786683	0.911184416723936
ENSG00000255154.8	4.81743141904644	6	0.567433276312376	0.901299046798906
ENSG00000197989.14	41.3194134062651	12	4.33283072804962e-05	0.00115530314412667
ENSG00000163714.18	42.0753636709414	15	0.000218828934204826	0.00434055196931891
ENSG00000239213.6	3.17766700289576	9	0.956832271643258	0.999999882499827
ENSG00000240204.3	7.91693229032535	3	0.0477600255905016	0.21954314165695
ENSG00000254901.8	11.0600307451532	12	0.523781170860771	0.871648944390205
ENSG00000242474.3	24.9381307908261	18	0.126629917715499	0.410831571471262
ENSG00000170265.12	0.647068081594625	3	0.885577618123339	0.999999882499827
ENSG00000114744.9	16.3078262073468	9	0.0607250658472707	0.255548045538385
ENSG00000243701.7	7.26166964062486	12	0.839847898284203	0.999999882499827
ENSG00000158887.19		3	1	
ENSG00000240338.6	0.359757131102072	3	0.948424311662654	0.999999882499827
ENSG00000196369.11	16.6844128047733	9	0.0538935886405557	0.236487199434885
ENSG00000239523.6	13.375765773817	18	0.768783966745583	0.998823675326394
ENSG00000243926.2	52.5132104587597	6	1.47027627929949e-09	1.77277478688584e-07
ENSG00000109689.17	33.2980228081724	18	0.0153565487683202	0.101328302521999
ENSG00000133624.13	6.67208568165825	9	0.671217066405942	0.958923635054252
ENSG00000114786.16		3	1	
ENSG00000283580.3	1.4334552538794	3	0.697711710596667	0.97073995536582
ENSG00000244300.3	2.16656851596417	9	0.988551199165011	0.999999882499827
ENSG00000241316.8	0.225440543660966	3	0.973381451103015	0.999999882499827
ENSG00000177679.16	1.26456610231253	3	0.737563901429464	0.984475029894256
ENSG00000114126.18	19.7479966059618	18	0.347184546566745	0.718137768110399
ENSG00000243224.1	2.30712515386239	3	0.511157291100326	0.862270365776533
ENSG00000242265.5	27.6757134701002	9	0.00108040467582103	0.0156980210322679
ENSG00000006530.18	20.800378638618	18	0.289603572565076	0.660128029576952
ENSG00000173889.16		24	1	
ENSG00000128408.9	3.48899014445124	3	0.322192872039692	0.695767203369539
ENSG00000198843.13	28.29365346743	12	0.00500993293791606	0.0462777305069941
ENSG00000254485.5	17.3775105189416	6	0.00799152197612354	0.0646141366735623
ENSG00000118655.7	1.94394556113821	3	0.584122134284581	0.912115238490296
ENSG00000144867.12	5.78866934563848	9	0.760868687297413	0.995071128790791
ENSG00000028310.18	43.8813182479935	12	1.59990201266907e-05	0.000527481207487752
ENSG00000128928.10	34.3331861995466	15	0.00305683339556109	0.0330727684116194
ENSG00000241313.3	10.247612614944	6	0.114604388981077	0.387744799116221
ENSG00000203326.12		9	1	
ENSG00000206573.9	27.1207688874056	15	0.0277676358579137	0.152067541154534
ENSG00000160214.13	18.1121330790775	9	0.0338946606908823	0.174645192018121
ENSG00000171084.15	3.3320243005644	3	0.343210271682899	0.714463483496644
ENSG00000171914.16		12	1	
ENSG00000240005.6	4.92518561432962	6	0.553443903508069	0.891106862040296
ENSG00000240024.5	3.9930114162762	6	0.677622217177546	0.961228763255115
ENSG00000229320.3	1.01333453234292	3	0.798025437941782	0.999999882499827
ENSG00000242622.2	2.64709773582513	3	0.449292466323993	0.815187375293166
ENSG00000242802.9	41.5633262842493	24	0.0144354422806073	0.0975591975183147
ENSG00000272030.1	0.552588039515626	3	0.907195132396675	0.999999882499827
ENSG00000187172.15	1.07023430345618	3	0.784264059775092	0.999999882499827
ENSG00000196668.4	9.21065540938616	9	0.418060623797774	0.788529885512656
ENSG00000184983.11	0.969564591156086	3	0.808615857573788	0.999999882499827
ENSG00000275052.5	20.9520918842572	9	0.012864846796455	0.0898011523494807
ENSG00000182796.14	11.8259908929385	15	0.692149620787407	0.96857759502224
ENSG00000117593.12	20.794198927244	6	0.00199749825331146	0.0247694859645064
ENSG00000184208.12		9	1	
ENSG00000271853.5	4.42648479884065	6	0.619165063992563	0.930422154528976
ENSG00000240875.6	20.5981946564493	6	0.00216573252298035	0.0261576530838678
ENSG00000242759.8		6	1	
ENSG00000169583.13	0.869900756633797	3	0.83268469290004	0.999999882499827
ENSG00000213433.5	3.75034453114495	3	0.289714965742196	0.660128029576952
ENSG00000269609.6	76.8324898199935	15	2.63740609458574e-10	4.15136227049391e-08
ENSG00000157741.15	3.20249114462905	3	0.361446248619349	0.732841979299015
ENSG00000284954.1		9	1	
ENSG00000255152.8	7.06861967855002	6	0.314547914264176	0.688580801923732
ENSG00000257524.6	3.58079079203003	6	0.733191650786107	0.982154579833515
ENSG00000112584.14	1.37601008506772	3	0.711167609019012	0.973938352009056
ENSG00000239969.5	38.6747417871056	6	8.28886171766991e-07	4.5190503632816e-05
ENSG00000122484.9	1.23696443697008	6	0.97501957258462	0.999999882499827
ENSG00000204152.13	31.461951543773	6	2.06864168512394e-05	0.000638856778643181
ENSG00000266338.6	16.0338226023541	12	0.189691832448291	0.523443258146998
ENSG00000180953.11	10.9767310786028	6	0.08909825422523	0.329198947782759
ENSG00000240990.10	26.0032184733527	12	0.0107226410059405	0.0796970705079767
ENSG00000276850.5	3.83366241156	6	0.699174515151085	0.971695256815643
ENSG00000259332.3	2.37972415986587	3	0.49742012370244	0.851325669736996
ENSG00000026036.22	5.67162320484181	6	0.460961059973652	0.824357519568053
ENSG00000189339.12	8.51132969957871	9	0.483547041061145	0.842426581809709
ENSG00000145743.17	22.7067021895323	6	0.000900903815675917	0.0136668508851666
ENSG00000259024.6	0.583814337197509	3	0.900127506925176	0.999999882499827
ENSG00000244513.7	5.38748018514366	3	0.145525598986525	0.446598842927515
ENSG00000220848.5	15.7639105054673	3	0.001267623938535	0.017597072569222
ENSG00000269713.7	7.74749273645102	6	0.257192474201795	0.618516844685884
ENSG00000283189.2	6.62994942047811	3	0.0846761151389871	0.317462238817278
ENSG00000113811.11	2.57143870664004	6	0.860388425964274	0.999999882499827
ENSG00000158457.6	3.25535984083308	3	0.35390420541811	0.72603555616467
ENSG00000171135.15	1.65940018132096	3	0.645997458184995	0.944263866649387
ENSG00000138061.12	2.45208557352817	3	0.484012557040657	0.842575551937169
ENSG00000284024.3	3.34053662773295	3	0.342040433874717	0.713700009923652
ENSG00000006377.11	4.9408579303049	6	0.551420665998527	0.890526575140244
ENSG00000270800.3	2.84826071711996	6	0.827636593879708	0.999999882499827
ENSG00000242539.2	10.9925519027811	6	0.088606897747139	0.32791608460915
ENSG00000153006.16	16.1939149253976	6	0.0127501386889994	0.0895073086226579
ENSG00000248592.7	1.65275617222983	3	0.647487737864713	0.945508429421178
ENSG00000255508.7	1.04407293898657	3	0.790589284846498	0.999999882499827
ENSG00000247828.8	23.8714302588778	24	0.46896879845563	0.830460262044727
ENSG00000264538.6	10.2878488389852	12	0.590723795567065	0.916149345185912
ENSG00000162086.16	41.1377137325762	24	0.016086630216109	0.104659616186005
ENSG00000261716.2		3	1	
ENSG00000284691.1		6	1	
ENSG00000245958.6	11.8741295776053	15	0.688530439495289	0.966895333016327
ENSG00000246273.8	13.464700318837	6	0.0362221468058021	0.182414953734373
ENSG00000248049.7	8.11462345931568	9	0.52263754910307	0.871124582188683
ENSG00000245248.8	8.55569899952025	12	0.740337743590865	0.985813146004245
ENSG00000245573.9	2.45697666178103	6	0.873251247523142	0.999999882499827
ENSG00000245146.7		9	1	
ENSG00000247240.8	11.8121583135539	9	0.224107285174195	0.575088876154345
ENSG00000246596.7	3.84683128711731	6	0.69739522177506	0.97053775034899
ENSG00000244879.8	44.9241466980511	9	9.52951918210971e-07	5.05427052707656e-05
ENSG00000245937.8	25.5264038422629	21	0.22508530152077	0.576498697748693
ENSG00000245149.4	24.2682286562163	3	2.19574347151111e-05	0.000667547057273425
ENSG00000247708.8	9.83587283991073	15	0.829934944209893	0.999999882499827
ENSG00000247796.3	24.9676550313861	9	0.00300716925880868	0.0328633424375295
ENSG00000247400.4	2.32019811580739	3	0.508662531484507	0.861042929241206
ENSG00000247081.8	3.13373557253624	3	0.371461849309096	0.74234606725568
ENSG00000245281.8	1.65646672292309	3	0.646655203630403	0.944858232104971
ENSG00000246982.7	0.520117064561646	3	0.914450066812024	0.999999882499827
ENSG00000245904.4	2.96487658060951	3	0.397072278842878	0.768702314863647
ENSG00000245532.9	7.35526466253214	12	0.833271318612923	0.999999882499827
ENSG00000245105.4	5.31443468897305	6	0.504162151771803	0.85761172026164
ENSG00000247679.3	1.93731441312991	3	0.585518720174741	0.913083603417274
ENSG00000245849.8	9.24287981819907	9	0.415163202586539	0.785189475589542
ENSG00000246695.8	18.6574607987677	12	0.0971370800333603	0.349578933360736
ENSG00000254166.3	36.3819052467443	15	0.00155670378576257	0.0207612419344101
ENSG00000246174.9	9.88123401053235	9	0.360185364339216	0.732300566259365
ENSG00000246089.3	0.73936346789742	3	0.86390849204445	0.999999882499827
ENSG00000247572.8		12	1	
ENSG00000246889.2	5.15176468774769	3	0.161015578998816	0.47544660679257
ENSG00000248092.8	3.26855883119515	12	0.993332622452971	0.999999882499827
ENSG00000247092.7	10.7152509140724	9	0.295733102083364	0.666812854029997
ENSG00000247095.3	7.08100964221376	6	0.313420447572157	0.687341606259929
ENSG00000245614.4	1.27435173321328	3	0.73523233280525	0.983164200581862
ENSG00000247137.9	42.9443379625118	18	0.000814853030338897	0.0126224614652021
ENSG00000245522.2	4.10165648526879	3	0.250694228927204	0.610105980074959
ENSG00000244968.7	17.5794374088448	3	0.000537022368306839	0.00917828597601828
ENSG00000248008.3	2.65477043401552	3	0.447968385027945	0.813949631258186
ENSG00000246859.3	26.9137962823288	9	0.0014454328866889	0.0197562738672226
ENSG00000247134.7	31.0028461867728	6	2.53175863932168e-05	0.000750985792131924
ENSG00000246582.3	5.89094716709769	9	0.75078123525018	0.989644416235252
ENSG00000247556.6		15	1	
ENSG00000246067.8	34.7365614770533	24	0.0724037831193838	0.286044366283546
ENSG00000247271.7	17.6478354568662	12	0.126809334745794	0.411077117323924
ENSG00000248079.3	2.32198180994317	3	0.508322860730745	0.860788269628899
ENSG00000245694.10	48.6692570655068	24	0.002083826924628	0.0255799584370373
ENSG00000245275.8	18.4188830586654	9	0.0306132860219552	0.162455170357945
ENSG00000245552.7	5.61871440445452	9	0.777388697916619	0.999999882499827
ENSG00000246228.6	0.603711709565516	3	0.895582139001976	0.999999882499827
ENSG00000248015.7		6	1	
ENSG00000247982.6	0.367843586519598	3	0.946802135504742	0.999999882499827
ENSG00000247516.8	9.94764778576064	3	0.0190164307655268	0.117012199142986
ENSG00000245025.3	1.48178433667147	3	0.686480832205571	0.965187500575446
ENSG00000174695.10	11.9969266000553	9	0.213482624151007	0.56030047059911
ENSG00000146067.16	51.3093998078257	33	0.0220073954881339	0.129457608540505
ENSG00000196670.14	15.0739727821638	9	0.0889240090152883	0.328840244024327
ENSG00000250365.7	2.60519283335782	3	0.456579903327846	0.820582555538941
ENSG00000048162.21	1.54719805039349	3	0.671420657297079	0.959035265473801
ENSG00000269556.8	3.32748052374882	9	0.949885551214438	0.999999882499827
ENSG00000249332.2	1.4117619952836	3	0.702779985044341	0.973295851760876
ENSG00000113716.13	37.1725930192624	12	0.000209455070109222	0.00418010639917361
ENSG00000198585.12	3.76962909036229	3	0.287438595761062	0.657320852626935
ENSG00000248161.5		3	1	
ENSG00000218336.9	3.76498588258528	3	0.287985213008244	0.658062203197905
ENSG00000272602.6	0.760458372632456	3	0.85889956795418	0.999999882499827
ENSG00000183718.5	22.7100663227402	9	0.00688136591076177	0.0578425925263774
ENSG00000250362.1	3.16118237113892	3	0.367435414546771	0.738652373735847
ENSG00000250337.7	60.7933200073749	21	9.67955271332564e-06	0.000352472966154272
ENSG00000237187.9	18.3819268432799	12	0.104576432793632	0.367637394680495
ENSG00000284968.1	12.5329407008243	6	0.0510824397737028	0.228257110692109
ENSG00000251141.6		18	1	
ENSG00000249592.6	43.362787377584	15	0.000138274106321106	0.00301209152586533
ENSG00000234616.9	28.1636936696514	12	0.00523491688242762	0.0477900410248935
ENSG00000129128.13	16.9936926807022	3	0.000708856469950623	0.0113965902640002
ENSG00000249378.6	20.2231141112861	12	0.0629813617772298	0.260587386925033
ENSG00000250420.8	0.195859325626998	3	0.97825496015236	0.999999882499827
ENSG00000250132.6	8.55120599826842	9	0.479688343854551	0.839636742207066
ENSG00000251022.6	75.3584910206773	18	5.48813934837189e-09	5.69773956391077e-07
ENSG00000249673.7	24.0890247144034	12	0.0197812193410071	0.120277208441675
ENSG00000151611.16	3.14455048137381	3	0.369870804643983	0.74093553305611
ENSG00000134987.11	20.9222575204221	6	0.00189455830156028	0.0237015691035177
ENSG00000138767.13	6.99651733486917	6	0.321169394129159	0.695581916845641
ENSG00000251136.9	9.16805028193266	6	0.164345289566165	0.481924783917129
ENSG00000150779.12	11.7767586956034	6	0.0671384122277093	0.272320766803913
ENSG00000213888.3	6.38864925362793	3	0.0941588727535284	0.343077323496966
ENSG00000248508.8	11.1953711358437	9	0.262554667373169	0.626318992641104
ENSG00000249042.6	7.23116042559639	3	0.0648837186831179	0.265381479726969
ENSG00000001084.13	3.78660065245458	6	0.705528747106563	0.973417026750243
ENSG00000249492.2		3	1	
ENSG00000248593.3	13.9062154901121	3	0.00303562909003388	0.0330454103458747
ENSG00000063438.18	24.8292783205111	9	0.00316594982398328	0.03381435741122
ENSG00000249859.12	58.6192299293143	24	9.97991216940118e-05	0.00230791381187645
ENSG00000174780.17	5.62546401732834	9	0.776738836944104	0.999999882499827
ENSG00000250073.3		3	1	
ENSG00000251432.7		3	1	
ENSG00000109323.11	32.9018966726435	12	0.00100272941140766	0.0148717877293729
ENSG00000250451.5		3	1	
ENSG00000224186.8	6.34363230089389	6	0.385816819788528	0.755209754447052
ENSG00000196312.15		21	1	
ENSG00000251365.4	3.37904893832365	6	0.759985924164178	0.994870893946106
ENSG00000113658.18	26.8924708839804	12	0.00800733483179434	0.0646705612512402
ENSG00000249740.3	4.68777799073541	6	0.58443478185514	0.91241385956236
ENSG00000215158.9	11.6985985930542	6	0.0690405214027799	0.276972700640201
ENSG00000249637.2		3	1	
ENSG00000248445.5	1.98057249104147	3	0.576448732755872	0.908081224045933
ENSG00000206149.10	14.8353308303922	12	0.250565547633748	0.610105980074959
ENSG00000250012.2	1.13351022888992	3	0.768991353988649	0.998823675326394
ENSG00000250159.7	1.27437056251915	3	0.735227848794654	0.983164200581862
ENSG00000250548.7	7.98647531238851	3	0.046292048727357	0.215536308936201
ENSG00000251562.8	27.1562364749261	15	0.0274888745660846	0.151049508384245
ENSG00000250222.2	4.88577957014513	3	0.180354550790496	0.507794518721261
ENSG00000249196.6	16.4894229858473	6	0.0113547111238472	0.0828181060221413
ENSG00000272414.6	12.1708229713963	6	0.0582646654976984	0.248733539191618
ENSG00000178980.15	0.877109783614287	6	0.989845033178397	0.999999882499827
ENSG00000250299.6	2.18590938077011	3	0.534729113911731	0.880152036205866
ENSG00000177034.17	10.8355173983382	6	0.0935949446272865	0.341795463238357
ENSG00000251151.2	13.3632820794155	9	0.146845249944201	0.449095203448904
ENSG00000251257.2	1.5864963712591	3	0.662455538307418	0.953784648887685
ENSG00000080819.9	9.46768184562461	6	0.148933735430227	0.452717984692662
ENSG00000249550.7		12	1	
ENSG00000249199.2	0.0359992101148237	3	0.998202897643937	0.999999882499827
ENSG00000250934.2	3.76047027439455	3	0.288517703369698	0.658878015825825
ENSG00000248323.7	28.9554884261088	18	0.0489257815648807	0.22218087589189
ENSG00000251580.3	92.4217009889535	9	5.31195791244519e-16	1.91997767657602e-13
ENSG00000108819.11	2.85323591718043	3	0.414811148738539	0.784828670691792
ENSG00000251493.5	3.06887290856571	3	0.381127746113679	0.751821020566153
ENSG00000251026.2	10.9365599903167	6	0.0903570229584731	0.333129651322908
ENSG00000253642.6	2.24942804873569	3	0.522278314990994	0.870969596035049
ENSG00000085719.13		3	1	
ENSG00000185728.17	7.84566796939907	6	0.249629563647086	0.608577294936775
ENSG00000253320.7	0.494150871633337	3	0.920174547730882	0.999999882499827
ENSG00000253716.6	21.212019325616	6	0.0016804154008162	0.0218642444029818
ENSG00000253227.2	1.77255140471152	6	0.939383896019748	0.999999882499827
ENSG00000254109.6		3	1	
ENSG00000253552.8		9	1	
ENSG00000169139.12	3.87998167231854	12	0.985505934554798	0.999999882499827
ENSG00000253686.2	11.6356349772548	9	0.234638332014052	0.589707824394832
ENSG00000185697.16	10.2657615711537	6	0.113897200756534	0.386885757808219
ENSG00000167912.6		3	1	
ENSG00000253210.2	2.1234120489803	3	0.547190886475484	0.88837728516291
ENSG00000253669.4	13.1289545068382	9	0.156857500967462	0.467126137302856
ENSG00000169499.15	0.858645290027198	3	0.835394404219662	0.999999882499827
ENSG00000253981.5	2.36514196135067	6	0.883244613860647	0.999999882499827
ENSG00000265690.7	1.66960255119329	3	0.643712853495597	0.942753559823542
ENSG00000197763.18	4.25242273432377	6	0.642558632235472	0.942753559823542
ENSG00000204758.8	0.181508610599622	3	0.980517747705011	0.999999882499827
ENSG00000253352.9	11.345062619188	9	0.252796063377616	0.61268411860909
ENSG00000253710.4	19.4504287589625	12	0.0782226838939664	0.30211763941106
ENSG00000239704.11		3	1	
ENSG00000253187.2	4.29947998362695	3	0.230888863643997	0.584802600649303
ENSG00000175445.17	30.0783894702618	6	3.79822552670953e-05	0.00104708708799882
ENSG00000253978.2	2.92027879752737	3	0.404080640776407	0.77503558029996
ENSG00000245910.8	5.51375217735767	6	0.479796127858443	0.839636742207066
ENSG00000254004.7	5.43132272871731	6	0.489795840101057	0.84615287724309
ENSG00000253559.1	17.2415732104927	6	0.00843525092625183	0.0669265152758469
ENSG00000253616.5	3.68471995619166	3	0.297582880799518	0.669304294473956
ENSG00000254615.3		6	1	
ENSG00000197892.13	1.37398439282674	3	0.711644103163934	0.974397358231553
ENSG00000253819.2	5.94216212246852	3	0.11445832197912	0.387712170841455
ENSG00000223508.5	6.53232312750413	6	0.366267455133982	0.737494762697652
ENSG00000253368.4	3.30393222618659	3	0.347095726938997	0.718106253804892
ENSG00000255248.9	34.1990386437756	24	0.0811933072414161	0.309024918427623
ENSG00000160695.15	1.18059564659779	3	0.757661939795225	0.994095880224176
ENSG00000278615.5	31.1552771330025	6	2.36761071613089e-05	0.000710938860883734
ENSG00000110367.13	3.6994986362788	3	0.295794532847453	0.666812854029997
ENSG00000255517.6	3.02670124267161	6	0.805488158825031	0.999999882499827
ENSG00000255185.6	12.1930821389906	3	0.00675017778028988	0.057052143927428
ENSG00000160172.10	9.38672366987839	9	0.402368596974909	0.77331641273281
ENSG00000196696.13	0.58143412118261	6	0.996701875532975	0.999999882499827
ENSG00000151503.13	18.9740997959052	15	0.214909954545092	0.562505222668858
ENSG00000254860.6	8.4031940997088	6	0.210026847968847	0.554259602306105
ENSG00000226232.8	5.10712232404762	6	0.530149231251087	0.877646539063504
ENSG00000254986.7	6.18753856496915	15	0.9764223795153	0.999999882499827
ENSG00000284969.1	9.41363967003872	9	0.400000037286094	0.771177041448787
ENSG00000255284.2	10.5259436144388	9	0.309606241255196	0.682350340652542
ENSG00000254837.2		3	1	
ENSG00000071894.17	20.587224074181	15	0.150544060563989	0.45654427813672
ENSG00000149428.19	1.00680116569856	3	0.799606280231579	0.999999882499827
ENSG00000118369.13	16.3758479235803	12	0.174621523937031	0.498619675424651
ENSG00000255100.1	5.62919327682539	3	0.131112414083662	0.419248648591496
ENSG00000254416.6	12.0370795949293	9	0.21122699959942	0.556331727298304
ENSG00000256235.2	1.90150512355035	3	0.593099140153457	0.917040043134608
ENSG00000230724.9	1.06966172380612	3	0.784402445422965	0.999999882499827
ENSG00000182359.15	7.4258603987405	9	0.592871666318842	0.917040043134608
ENSG00000255031.5	0.856987201528227	3	0.835793376241599	0.999999882499827
ENSG00000196535.16	7.38747821583456	12	0.830981796781128	0.999999882499827
ENSG00000255236.3	2.2240077757881	3	0.527235081762415	0.874819426016255
ENSG00000137710.17	12.5441495846244	9	0.184340711837046	0.514141470939621
ENSG00000254531.1	3.94561567519872	3	0.267396853638257	0.631387828370614
ENSG00000255339.6		3	1	
ENSG00000254788.7	13.6046151577891	3	0.0034958620178718	0.0363323934317475
ENSG00000213906.10	4.27836205670656	3	0.232932525192379	0.587306935101982
ENSG00000254635.6	0.0983815241443153	6	0.999980879611938	0.999999882499827
ENSG00000178814.17	4.73305100961989	6	0.578478419941428	0.909663374187624
ENSG00000254469.7	19.8311196628565	18	0.342407379345025	0.713700009923652
ENSG00000255521.2		3	1	
ENSG00000175390.14	3.08205245598219	6	0.798480187137299	0.999999882499827
ENSG00000283341.2	4.87916298048174	3	0.18086229976924	0.507968518960884
ENSG00000255439.6	6.97263193344224	3	0.072775220534591	0.287070888115228
ENSG00000255302.5	4.72744956705719	3	0.192877630574404	0.526662785891329
ENSG00000255135.4	0.721427280463104	3	0.868152836360606	0.999999882499827
ENSG00000255198.4	1.00378037675546	3	0.80033721748607	0.999999882499827
ENSG00000255468.7	13.0074462639797	6	0.0429178519338406	0.20459976040654
ENSG00000254681.6	2.2270080344756	3	0.526648240783332	0.874223538323615
ENSG00000254632.2	3.14337346529214	3	0.370043678149333	0.74093553305611
ENSG00000225138.8	45.7216556379426	24	0.00478057965291597	0.0449024801085726
ENSG00000231887.7	10.9352204376796	6	0.0903992751947549	0.333159564435655
ENSG00000275778.2	0.547447373353862	3	0.908350399122289	0.999999882499827
ENSG00000255717.7	138.918473270373	24	3.67828636642552e-18	1.56071289782377e-15
ENSG00000111530.13	32.3709048852033	12	0.00121258616489573	0.0171580560532878
ENSG00000255857.6	12.8866715316472	9	0.167801665799829	0.487954844022804
ENSG00000159403.18		12	1	
ENSG00000256364.1	0.217210742790485	3	0.974764209452942	0.999999882499827
ENSG00000256894.1		3	1	
ENSG00000033030.15	19.8703975070821	18	0.340163310072404	0.71253108989867
ENSG00000104983.8	20.106560509329	9	0.0172660489031564	0.110130308003858
ENSG00000256591.5	1.34318027019799	3	0.718905917366368	0.975924508114625
ENSG00000214029.5	17.6855354180641	3	0.000510660675942297	0.00882042041862103
ENSG00000256594.8	6.59033042194233	6	0.360398355976707	0.732349739209309
ENSG00000125447.18		30	1	
ENSG00000256967.1	1.61196848090879	3	0.656679102085813	0.951970777669739
ENSG00000161714.12	21.4928014115285	15	0.121809181264831	0.40026604566603
ENSG00000256940.2	4.5784736186215	9	0.869398706828733	0.999999882499827
ENSG00000205307.12		3	1	
ENSG00000256525.8	29.9443009064598	15	0.0121239334734352	0.0864261992456199
ENSG00000265491.5	0.671845616084283	3	0.879805302386465	0.999999882499827
ENSG00000105289.15	8.20075181142863	6	0.22376162518009	0.575067173029971
ENSG00000258839.4	10.733798173047	6	0.0969604665300607	0.349443274168814
ENSG00000256433.3	0.741730499526739	3	0.863347337334971	0.999999882499827
ENSG00000256092.2	1.7073849550311	3	0.635293201063009	0.93885243764052
ENSG00000105197.11	4.97132894031529	12	0.958929731319713	0.999999882499827
ENSG00000250988.7	17.6973726862198	12	0.125193051769219	0.408707422762403
ENSG00000100714.17	10.8751072976738	6	0.0923139412235029	0.338681109924874
ENSG00000089022.14	34.8591941653576	12	0.000493106346041786	0.00859325862682463
ENSG00000219200.11	0.659961253288202	3	0.8825785572275	0.999999882499827
ENSG00000257489.6	4.82937134162467	6	0.56587659457643	0.89985166799273
ENSG00000257167.2	3.96420146925993	3	0.265355761554138	0.628240387434942
ENSG00000257337.7	23.2662031233099	15	0.0786491072279208	0.30289527917809
ENSG00000257698.2	34.0797620575104	15	0.00331862634848424	0.0348616518136251
ENSG00000244306.11	21.7146555543714	18	0.24490026415792	0.602313930926698
ENSG00000257556.2	4.49816487399625	3	0.212454034830724	0.558851462510253
ENSG00000135441.7	2.15476363507332	9	0.98877696475894	0.999999882499827
ENSG00000225210.10	18.5760428850444	12	0.0992864278181542	0.355051758547954
ENSG00000161939.19	4.73002083268784	3	0.192667930916395	0.526384753027184
ENSG00000258017.2	8.67863450147161	6	0.192474316175087	0.526268601994837
ENSG00000258289.8	3.38938406676607	6	0.758623731379401	0.994413565417269
ENSG00000257660.5	2.82878795697206	3	0.418782806213659	0.78882482259006
ENSG00000258325.2	3.90532491508202	6	0.689486874667276	0.967467388274874
ENSG00000257433.6	2.75292737606537	3	0.431307642726082	0.799303320426099
ENSG00000258365.1	5.53087260712789	3	0.136803710036351	0.430944934230067
ENSG00000139405.16	14.0932227108642	9	0.119047543285912	0.395731383876082
ENSG00000257285.6		3	1	
ENSG00000258057.6	0.0912137392926979	3	0.992870548445774	0.999999882499827
ENSG00000257122.5		3	1	
ENSG00000257815.7	9.47958384547837	6	0.148348460422373	0.451420876974624
ENSG00000257303.2	0.10148478123574	3	0.991658650883586	0.999999882499827
ENSG00000136098.17	13.1931109436578	12	0.355162265293086	0.726630722640509
ENSG00000255769.7	33.7484210843013	12	0.000738973915148161	0.0117241387974952
ENSG00000257261.6	7.72372174942029	6	0.259050922739959	0.621302028758726
ENSG00000257621.8	28.3858191992476	21	0.129544443101491	0.416137004683162
ENSG00000258171.2	0.17749334556072	3	0.981138154502215	0.999999882499827
ENSG00000205659.11	13.4789208187499	6	0.0360305974337778	0.181999275546707
ENSG00000258890.7	46.0114042062269	24	0.00441307332493495	0.0425658735553896
ENSG00000259065.2	9.14597041568777	6	0.16553369552852	0.484390804996351
ENSG00000126778.12	8.83019754482848	6	0.183355253255177	0.512858674840148
ENSG00000258643.5	5.58917164742525	6	0.470745287278733	0.831792492228579
ENSG00000258458.8	4.05720174863666	3	0.255353253978525	0.616013569991319
ENSG00000140022.13	1.90920890678035	6	0.927856285828179	0.999999882499827
ENSG00000272888.7	4.60605104341812	9	0.867210091412387	0.999999882499827
ENSG00000259153.2	3.76451768143693	6	0.7085075831107	0.973417026750243
ENSG00000258301.3	3.44631306342899	3	0.327792179629819	0.701518394957764
ENSG00000100796.17	12.0066809353011	18	0.846892372899941	0.999999882499827
ENSG00000259146.4	8.29343513095751	6	0.217384050206232	0.56622695704879
ENSG00000258779.8		3	1	
ENSG00000258704.6	14.7718413686202	6	0.0221074709634388	0.129889710495003
ENSG00000258927.2	3.94241826256643	3	0.267749423963615	0.631761757364825
ENSG00000165949.12	2.67219434997972	3	0.444973273184615	0.811510434535049
ENSG00000258441.1	3.45335820704599	3	0.326861978411263	0.700603129214917
ENSG00000258674.5	0.244827366143682	3	0.97004740075051	0.999999882499827
ENSG00000258620.2	3.70473830608444	3	0.295162798663443	0.666194760321053
ENSG00000100918.13	8.20610520802745	3	0.0419387503780132	0.201120523311563
ENSG00000140443.15	17.4116552194901	15	0.294856874131225	0.66593571734474
ENSG00000273749.5	16.6340735266349	9	0.0547643833303038	0.239125555669098
ENSG00000259448.3	2.44301247483969	3	0.485678088685059	0.843666498593007
ENSG00000232386.9	0.402546666841658	3	0.939715912059262	0.999999882499827
ENSG00000259349.2		3	1	
ENSG00000259343.7	0.417050097820379	3	0.936698254253528	0.999999882499827
ENSG00000259426.6	30.6865438440002	12	0.00219872130697923	0.0263280015151047
ENSG00000259772.6		3	1	
ENSG00000092439.16	18.9989174271996	9	0.0252021015304135	0.141868916099031
ENSG00000229212.8	15.1434159281484	6	0.0191701156107565	0.117496278100979
ENSG00000259429.5	0.530436235743878	3	0.912155591142332	0.999999882499827
ENSG00000259479.6	2.80841407444586	3	0.4221166829662	0.792199367128297
ENSG00000259687.2	3.2576667710764	6	0.775881031944175	0.999999882499827
ENSG00000259248.7	11.5549953028403	6	0.0726652235545	0.286752897965372
ENSG00000259456.4	10.6582579443912	6	0.0995302628881401	0.355712614148798
ENSG00000259488.2	1.02347715877829	3	0.795571429677531	0.999999882499827
ENSG00000181827.15		6	1	
ENSG00000259330.3	2.87392204432763	3	0.411475149741918	0.781394432055142
ENSG00000259357.2	13.1931863180507	3	0.00423691975911946	0.0413067931361107
ENSG00000259498.1	0.833113387953745	3	0.841531443940187	0.999999882499827
ENSG00000261824.7	38.4798971291948	30	0.137813299466817	0.433186575182002
ENSG00000260442.5	2.56218671805618	3	0.46415729950461	0.82705554912058
ENSG00000197774.13	8.38355244555442	9	0.496002552672835	0.850217684791745
ENSG00000261008.7	5.56632027738544	6	0.473477516655257	0.83467394728734
ENSG00000166446.15	10.6546719407834	6	0.0996537708965315	0.355712614148798
ENSG00000167962.14	37.0858286183466	15	0.00122948739901483	0.0173158723282069
ENSG00000213599.10	14.1093077649339	9	0.118489720884052	0.394925268479324
ENSG00000261822.1		3	1	
ENSG00000259972.3	5.46014306400116	6	0.4862869877307	0.843825518005672
ENSG00000261094.2	1.92028780979945	3	0.589114951066819	0.914967995762303
ENSG00000261777.6	3.68648743183167	6	0.719015446461291	0.975924508114625
ENSG00000162065.14	12.5965851905939	6	0.0499087497742744	0.224878095846852
ENSG00000161999.13	7.45460713699504	12	0.826168870501171	0.999999882499827
ENSG00000261373.1	4.53383637867182	3	0.209291944005104	0.553727966245817
ENSG00000261113.1	4.61286465356784	3	0.202441260372247	0.543052297958428
ENSG00000288568.1	1.92458277933338	6	0.926502310919395	0.999999882499827
ENSG00000048471.14	6.93167320576379	3	0.074107761810588	0.290916189665941
ENSG00000260007.3	2.88183585701927	6	0.823524905056203	0.999999882499827
ENSG00000260565.7	20.723380428266	12	0.0545808312086035	0.238994426597043
ENSG00000260136.6	14.1152343227504	6	0.0283750891277623	0.154042627086868
ENSG00000261253.2	2.16561321522875	3	0.538753214981713	0.882903883292449
ENSG00000260279.4		3	1	
ENSG00000261360.1	2.88622843003566	3	0.409501172050167	0.779922314214984
ENSG00000284906.2	1.98235659095849	3	0.576076724284828	0.907788269384084
ENSG00000260448.6		3	1	
ENSG00000260630.7	46.7959842013861	12	5.05649644188384e-06	0.00020223913432928
ENSG00000214575.9	3.72392712506007	9	0.928625759734448	0.999999882499827
ENSG00000261251.1	2.1751591920729	3	0.536857794709036	0.881425844307786
ENSG00000261305.2	0.805731178871611	3	0.848095725575226	0.999999882499827
ENSG00000260498.6	0.584872665216039	3	0.899886529775708	0.999999882499827
ENSG00000260001.6	7.49242644907463	6	0.27769517473169	0.646013637713125
ENSG00000261790.2	20.3181522139212	6	0.00243035362280692	0.0283763407546107
ENSG00000261279.5	2.7829805752624	3	0.42630928609741	0.795932070127682
ENSG00000260643.2	1.58805989288658	6	0.953431961696196	0.999999882499827
ENSG00000261840.3		6	1	
ENSG00000261684.2	1.03097468742544	3	0.793757579431944	0.999999882499827
ENSG00000260083.2	12.2747710112822	9	0.198258537895103	0.535957083467677
ENSG00000261556.10	2.62507345152062	6	0.85421573736817	0.999999882499827
ENSG00000261740.6	0.170345655278652	3	0.982228273035069	0.999999882499827
ENSG00000205923.3		3	1	
ENSG00000261188.1	10.3379780535079	3	0.0159012436675979	0.103891093762225
ENSG00000260874.5	1.81012754381305	3	0.612733552515087	0.926944870896631
ENSG00000260276.2	0.636755738612351	3	0.887968805151161	0.999999882499827
ENSG00000261040.7	5.98957246244754	12	0.916606790154862	0.999999882499827
ENSG00000285035.1	5.43788320702697	3	0.142401456432471	0.440893341790763
ENSG00000261326.4	0.628690988950496	3	0.889833949243357	0.999999882499827
ENSG00000261609.8	22.6103274755667	6	0.000938065882293302	0.0141274459032413
ENSG00000261408.7	9.24297468699785	3	0.0262288991425369	0.145680819879636
ENSG00000260233.3	12.5849264772974	3	0.00562587957804058	0.0501855199287916
ENSG00000260853.2	3.89824151910682	3	0.272663931458337	0.638865102248223
ENSG00000261652.3		3	1	
ENSG00000260880.5	5.42113077729806	3	0.143432712139261	0.442961973976915
ENSG00000260261.2	2.10879295730092	3	0.550135937495807	0.890196752449276
ENSG00000262580.5	5.12924551398737	9	0.822899143168895	0.999999882499827
ENSG00000262879.6		27	1	
ENSG00000184009.12	9.32582978112623	6	0.156065774915736	0.465905750199654
ENSG00000141543.12	1.98073545182706	6	0.921461800373408	0.999999882499827
ENSG00000263327.6	0.550769378276243	3	0.907604119289932	0.999999882499827
ENSG00000174292.12	8.93678347470268	9	0.443130020595393	0.809230730832122
ENSG00000263072.8	46.4114531346186	21	0.00112625580869165	0.0162111068392652
ENSG00000262454.4		9	1	
ENSG00000261971.8	23.957807646676	12	0.0206114680977096	0.12332760095987
ENSG00000141086.18		6	1	
ENSG00000262185.3	3.14009858538793	9	0.958480315485751	0.999999882499827
ENSG00000182310.14	14.5641627476361	18	0.691643462420481	0.968531167803426
ENSG00000261879.7	17.28931995222	9	0.0443733830341084	0.210111521120749
ENSG00000182612.10	1.37163360222507	3	0.712197233349042	0.974397358231553
ENSG00000262877.5	1.04101740688861	3	0.791328308725745	0.999999882499827
ENSG00000262633.2		3	1	
ENSG00000185332.8	3.03771667863703	3	0.385846483827544	0.755209754447052
ENSG00000262468.6	19.5515484659663	12	0.0760590668185706	0.297203438661653
ENSG00000263069.6	0.877718542405773	3	0.830801233875189	0.999999882499827
ENSG00000181222.18	5.66642089543166	3	0.129016790026146	0.415399159968709
ENSG00000262001.1	4.40052796100372	3	0.221336437933487	0.572858001003601
ENSG00000226137.5	0.0974034570820095	3	0.992147188074401	0.999999882499827
ENSG00000261884.2	4.68920757303749	3	0.196021662337867	0.53188283783432
ENSG00000263280.2		3	1	
ENSG00000263004.2	0.961394111404161	3	0.810592268717584	0.999999882499827
ENSG00000284634.1	11.0762050380542	6	0.0860495844504415	0.321131126061896
ENSG00000264112.1	5.90344805205405	6	0.434092457913083	0.801693904086163
ENSG00000264920.2	5.04904697294296	3	0.168240713005977	0.488706072900849
ENSG00000263753.8	7.16882425044992	6	0.305516363448912	0.677621407022257
ENSG00000265096.2	14.7038980580157	3	0.00208799574051697	0.0255989327031472
ENSG00000264247.2	27.1446173365412	18	0.0763226878174145	0.297338567029999
ENSG00000265190.7	0.727511407701854	3	0.866714696157269	0.999999882499827
ENSG00000266401.2	9.87191904820611	6	0.1301504465267	0.417577014557542
ENSG00000265218.1	0.186113956009251	3	0.979799225064792	0.999999882499827
ENSG00000161970.15	0.815789947286248	3	0.845686677893632	0.999999882499827
ENSG00000270882.2	22.0747436780657	6	0.00117368245732343	0.0167700836032494
ENSG00000076351.13	10.7663250516471	9	0.292066904762488	0.663409668581953
ENSG00000263528.8	1.58536475417441	3	0.662712797673934	0.953784648887685
ENSG00000265458.2	0.579061876177775	3	0.901208498086038	0.999999882499827
ENSG00000266412.5	1.71876440940105	3	0.632770127492614	0.938480801550215
ENSG00000215769.8	1.30884666424873	3	0.727033427918139	0.97969640018103
ENSG00000265681.7	8.25375332124531	9	0.508790240080666	0.861042929241206
ENSG00000263412.1	1.32038997414747	3	0.724297063988917	0.978327342210082
ENSG00000264235.6	3.95727573933539	3	0.26611468914487	0.629273867546592
ENSG00000270820.6	5.45783196662114	9	0.792712752368403	0.999999882499827
ENSG00000005243.10	4.87452553964613	6	0.560004129568112	0.895788817912747
ENSG00000270276.2		3	1	
ENSG00000266405.3	11.8668982079222	3	0.00785330089387765	0.0637959951740969
ENSG00000265479.7	1.39780851053558	3	0.706048508878671	0.973417026750243
ENSG00000214425.8	0.320900583508774	6	0.99938931144325	0.999999882499827
ENSG00000266472.6	12.3452938486589	3	0.00628925014775834	0.0542905372001884
ENSG00000104904.12	1.51628506346606	6	0.958405468891444	0.999999882499827
ENSG00000270629.6	14.9874854566033	6	0.0203542736716379	0.122476784901227
ENSG00000263424.1	1.66124868833845	3	0.645583179327115	0.944263866649387
ENSG00000265752.3	0.184353067317943	3	0.980074824458622	0.999999882499827
ENSG00000266053.2	3.56257045742171	3	0.31273715464339	0.686769102647355
ENSG00000270231.4	0.75375361249462	3	0.860493491503914	0.999999882499827
ENSG00000264230.9	4.12464809605899	3	0.248315153149254	0.606585126303773
ENSG00000130175.9	6.71459243522259	12	0.87588388942197	0.999999882499827
ENSG00000267278.6		3	1	
ENSG00000267080.6	27.7515863335611	12	0.00601389370596781	0.0525421563800715
ENSG00000267121.6	29.7507846006083	12	0.00304393094831183	0.0330454103458747
ENSG00000178093.14	13.7597356725275	6	0.0324382819512997	0.169649085510576
ENSG00000127540.12	0.0765473433420993	3	0.994494933104106	0.999999882499827
ENSG00000186185.14	16.631650255058	6	0.0107367134556249	0.0797409334957709
ENSG00000005206.17	32.4577142602575	18	0.0193956601070666	0.118393512608191
ENSG00000267198.1	1.7088240787694	3	0.634973786115765	0.93885243764052
ENSG00000267106.8	14.0805347680948	9	0.119489151329834	0.396226513023393
ENSG00000267575.7	60.0226195547566	27	0.000261998116249817	0.00504307616663109
ENSG00000142279.13	0.144187930896805	3	0.986052263968341	0.999999882499827
ENSG00000161847.14	2.54759800154716	3	0.466750437863092	0.829492650524855
ENSG00000267523.1		3	1	
ENSG00000267795.6		6	1	
ENSG00000267530.3	26.8180258988796	12	0.0082069006620432	0.0654874436311362
ENSG00000267248.3	19.8658752084245	9	0.0187584201641108	0.115833227479195
ENSG00000266903.2	3.14730639039044	6	0.790144238021804	0.999999882499827
ENSG00000132478.10	14.1202502212182	12	0.293095342412195	0.664151467614065
ENSG00000267395.5	4.65547861743744	6	0.588696432508676	0.914927927759113
ENSG00000175322.12	19.7133981852367	24	0.712952338981859	0.974397358231553
ENSG00000267199.1	2.12948174936946	3	0.545971468797178	0.887840483874862
ENSG00000197256.10	7.83325789084483	12	0.79802118973192	0.999999882499827
ENSG00000267280.5	1.4098984838223	3	0.703216120712214	0.973295851760876
ENSG00000267265.5	7.02432152753215	3	0.0711265896852789	0.282508908725534
ENSG00000266921.2		3	1	
ENSG00000267419.2	3.04796757793224	6	0.802802767766723	0.999999882499827
ENSG00000167674.15	12.1715726913972	6	0.0582488710759599	0.248733539191618
ENSG00000099821.14	2.66679876104899	3	0.445899014840057	0.811948106828099
ENSG00000267757.4	12.6136109139261	6	0.0495990675148348	0.223884042496426
ENSG00000263465.4	3.97571734811208	3	0.264098184183955	0.627533782655339
ENSG00000267283.1	0.938932875931869	3	0.816023676943565	0.999999882499827
ENSG00000266970.1	0.549546757843928	3	0.907878896121638	0.999999882499827
ENSG00000152242.11	4.1251266730269	6	0.659747799642669	0.953566679623831
ENSG00000006125.18	4.91720553804043	6	0.554475249021846	0.89189450390707
ENSG00000174652.19	11.6202238368987	18	0.866211915673127	0.999999882499827
ENSG00000267751.5	4.67718998268356	9	0.861492043299775	0.999999882499827
ENSG00000267169.2	0.137186193296031	3	0.987028779222632	0.999999882499827
ENSG00000267432.6	7.76158583472352	9	0.558339807781175	0.894718913651311
ENSG00000267288.2	3.15612960227645	3	0.368173824021237	0.739705263179235
ENSG00000267322.2	4.23193863381312	3	0.237483612326896	0.5928539684769
ENSG00000267064.2	1.38318841895824	3	0.70948014781243	0.973417026750243
ENSG00000267002.4	10.0638585061515	15	0.815703920411723	0.999999882499827
ENSG00000267374.2	36.8678956134208	24	0.0451058060110989	0.212240868303913
ENSG00000267040.6		6	1	
ENSG00000267321.3	2.38853478876626	3	0.495772436566765	0.850217684791745
ENSG00000268061.5	0.621090898004695	3	0.891587572844704	0.999999882499827
ENSG00000167747.15	19.3038775780733	6	0.00368005583597103	0.0375664907387129
ENSG00000267978.5	6.25714944384254	6	0.395009247634228	0.766020706140479
ENSG00000225950.8		3	1	
ENSG00000269837.1		3	1	
ENSG00000268388.6		24	1	
ENSG00000267858.6	1.69356345464894	6	0.945617098684983	0.999999882499827
ENSG00000269352.1	13.0888152503276	6	0.0416470351984561	0.199918060256632
ENSG00000268750.7	13.7385661059686	6	0.0326968378749696	0.170726827620026
ENSG00000268460.2	7.63999102513287	3	0.0540685107317442	0.237041597588091
ENSG00000268621.6	31.0190698733932	12	0.00195686695118543	0.0243274707982403
ENSG00000171570.11	0.99671775737454	3	0.802046162813152	0.999999882499827
ENSG00000267898.1	1.31727691569336	3	0.725034647544756	0.978646352059374
ENSG00000161677.12	4.17319592305284	9	0.899647663727179	0.999999882499827
ENSG00000268364.2	8.24888363778166	6	0.220430660924708	0.571515095633427
ENSG00000268650.3	0.368253221871328	3	0.946719657288426	0.999999882499827
ENSG00000268362.6	82.8816337690714	24	2.10029920409294e-08	1.88044219566449e-06
ENSG00000268751.1	3.26362781813592	3	0.352737142093037	0.724113912049873
ENSG00000269439.6	25.4344311888026	9	0.00252638578684729	0.0290742911483994
ENSG00000269737.2	5.72750716742019	3	0.125646976731268	0.409185643859195
ENSG00000198816.7	0.602398637629449	3	0.895883041159969	0.999999882499827
ENSG00000268350.7	8.19877457803159	6	0.223899341251057	0.575067173029971
ENSG00000104783.14	4.90207865919365	6	0.556432351066171	0.893155769730281
ENSG00000269293.3	10.5688148795107	3	0.0143012790395927	0.096805562577807
ENSG00000269186.3	5.15538999221553	3	0.160765990893183	0.474997064827907
ENSG00000269893.8	12.0732625271776	15	0.673475376988911	0.960186663179453
ENSG00000270049.3	9.74408665201645	6	0.135851053897607	0.429041867233562
ENSG00000269929.3	15.5918102975184	6	0.0161209224447528	0.104673374676209
ENSG00000270885.2		3	1	
ENSG00000270647.6	9.49348388823273	12	0.660301882171086	0.953566679623831
ENSG00000271133.5	3.79871828247224	3	0.284035251211801	0.654367331580729
ENSG00000271335.6	1.97863753278034	6	0.921652776070186	0.999999882499827
ENSG00000271334.6	4.05168761002847	3	0.255936621195406	0.616864778030617
ENSG00000270804.1		3	1	
ENSG00000271270.7	17.7191537425488	9	0.0385752464045524	0.189841568160377
ENSG00000270195.2	1.07200639976372	3	0.7838357818714	0.999999882499827
ENSG00000272398.6	10.0789340000611	6	0.121367053736194	0.399648683943148
ENSG00000272146.6	5.93075076471359	9	0.746828566328628	0.988512136009912
ENSG00000272288.6	3.62351320699781	3	0.305092633707777	0.677621407022257
ENSG00000272462.3	0.637946994538424	3	0.887692934512501	0.999999882499827
ENSG00000272142.4	1.60567227642355	6	0.952168742091636	0.999999882499827
ENSG00000271895.2	10.2320799090578	3	0.0166929714715413	0.10738741502358
ENSG00000272047.3	0.158491934997073	3	0.983994338368655	0.999999882499827
ENSG00000273249.1	6.8057343644598	3	0.0783543134900494	0.30211763941106
ENSG00000273297.2	3.21507059422044	3	0.359639224196225	0.73193470453371
ENSG00000273061.1	3.70834336103599	3	0.294728847100764	0.66593571734474
ENSG00000272758.6	7.2244482357055	6	0.300588347359203	0.672191036177465
ENSG00000272721.5		3	1	
ENSG00000273247.5	1.38002275690246	6	0.967062381358972	0.999999882499827
ENSG00000272599.2	0.54369427823076	3	0.909192289650384	0.999999882499827
ENSG00000272702.1	0.638077109650794	3	0.887662796841254	0.999999882499827
ENSG00000272870.3	20.6451152428815	6	0.00212424081741692	0.0258484615176705
ENSG00000272677.1	1.5277456203512	3	0.675881619114834	0.960611098028189
ENSG00000273136.7	2.54811558075562	3	0.466658241386914	0.829492650524855
ENSG00000275835.5	9.04892317952726	6	0.17084530362054	0.493569957973017
ENSG00000277791.5	0.138490924495272	3	0.986848400750839	0.999999882499827
ENSG00000278535.5	8.02120580879455	6	0.236553828306536	0.591921378027268
ENSG00000278259.4	1.70387851283886	6	0.944821447384741	0.999999882499827
ENSG00000275895.7	1.05397581777652	3	0.788194476490275	0.999999882499827
ENSG00000277258.5	11.3337825549843	12	0.500550675593553	0.854746114281275
ENSG00000276291.5	1.56857844528895	6	0.954809684286698	0.999999882499827
ENSG00000278133.1	4.19665598242318	3	0.240996898073365	0.596692752938102
ENSG00000276234.5	33.769700394103	18	0.0134458851262412	0.092602959031043
ENSG00000286261.1	0.18538138606209	3	0.979914010335897	0.999999882499827
ENSG00000274602.5	10.9521867103372	6	0.0898654482364819	0.33164414940081
ENSG00000274333.4	11.7466952473042	9	0.227969023745078	0.581481887801416
ENSG00000275111.5		9	1	
ENSG00000278311.5	39.0291362313692	12	0.000104076931348554	0.00237865754808089
ENSG00000275023.5	17.1852622718725	12	0.142760259631692	0.441444034773665
ENSG00000275074.2	2.38525118126927	3	0.496386015657674	0.850217684791745
ENSG00000276141.4	3.34836862412385	6	0.764021947406713	0.997081010343366
ENSG00000269586.7	7.0993366086974	3	0.0687980787148102	0.276410230620763
ENSG00000276045.3	1.31776942155557	3	0.724917938617189	0.978646352059374
ENSG00000274265.5	3.80509328690187	6	0.703032786986364	0.973295851760876
ENSG00000277053.4	27.1081363728208	9	0.00134229760186848	0.0185545075023151
ENSG00000273559.5	15.1051459957416	15	0.443870195131847	0.809971808955067
ENSG00000275066.5	13.2851161360886	15	0.580286022558145	0.910497697476505
ENSG00000278540.5	21.2331479095119	9	0.0116544868178491	0.0842489902632515
ENSG00000277363.5	12.7657977700223	9	0.173493162446381	0.497892562905021
ENSG00000278053.5	3.30715945254451	3	0.346647424665611	0.717482972918706
ENSG00000275131.3	3.03019356255072	6	0.805047791523662	0.999999882499827
ENSG00000273611.5	3.15304670233309	3	0.368624984166013	0.740062552542555
ENSG00000274605.2	1.03626654655818	3	0.792477459027045	0.999999882499827
ENSG00000277117.5	5.6124905206284	6	0.467966296633466	0.829685201436224
ENSG00000273590.4	18.0339786265388	6	0.00614783953094096	0.0534254372061022
ENSG00000276043.5	4.68156515157898	9	0.861137017480754	0.999999882499827
ENSG00000274512.5	1.13634637101245	3	0.768307952904167	0.998790104221628
ENSG00000274211.6	7.75090940304244	9	0.559430443798316	0.895731206075105
ENSG00000276550.4	12.0095685163033	6	0.0617556826934377	0.25777965918786
ENSG00000276075.1	5.66119024574437	3	0.129309299672115	0.415738851528547
ENSG00000277972.2	2.35731449763262	6	0.884082225212614	0.999999882499827
ENSG00000226067.7	3.70143401899986	6	0.717005091997105	0.975924508114625
ENSG00000263956.6	8.51053541637884	9	0.483624041046403	0.842426581809709
ENSG00000278611.2		3	1	
ENSG00000276997.4		3	1	
ENSG00000276293.4	2.714564859647	6	0.843723949144788	0.999999882499827
ENSG00000278768.2	6.23207975197397	3	0.100849073938291	0.358016046767473
ENSG00000277161.2	9.54085000634586	6	0.145367416583191	0.446598842927515
ENSG00000273654.1		3	1	
ENSG00000274372.5	25.0727336124508	6	0.000331026707837435	0.00615331360340101
ENSG00000275832.5	4.38026062319295	12	0.975556968865421	0.999999882499827
ENSG00000275325.4	4.400562817474	3	0.221333206610019	0.572858001003601
ENSG00000275342.5		3	1	
ENSG00000278390.5	8.7423864660708	6	0.188592804246681	0.521381636442879
ENSG00000277693.2	4.2718391107	3	0.233567126281995	0.588193924431025
ENSG00000273812.3	3.56394287475007	3	0.312563146945618	0.686541469962253
ENSG00000275496.4		3	1	
ENSG00000278175.4	4.1636008728658	9	0.90031832608867	0.999999882499827
ENSG00000274253.5	3.89937226271422	3	0.272537129806079	0.638865102248223
ENSG00000101447.15	1.14095054508653	3	0.767198772688691	0.997994626661868
ENSG00000274471.2	1.27377123783367	3	0.735370576422413	0.983214338307484
ENSG00000280071.4	5.14749105344527	3	0.161310270702189	0.476172695639038
ENSG00000274629.1		3	1	
ENSG00000142867.14	19.0649191504413	6	0.00405538798265507	0.0401792196169856
ENSG00000278212.2	1.76604101112778	3	0.622352524101411	0.931953089259732
ENSG00000278932.4	3.11562605007703	6	0.794200936351823	0.999999882499827
ENSG00000280145.3		12	1	
ENSG00000280018.4		9	1	
ENSG00000277991.4	7.40092922966596	3	0.0601593967488151	0.254043943259059
ENSG00000279094.3	3.90260590680123	6	0.689854636906129	0.967839476936013
ENSG00000280179.1		3	1	
ENSG00000278921.2	11.473354162522	3	0.00942323251323462	0.0730431501959147
ENSG00000278903.3	16.3493665472724	6	0.011996687798116	0.0860218047184524
ENSG00000280441.3	18.7590026584185	9	0.0273218276770532	0.150555458102971
ENSG00000287151.1	1.35540787306718	6	0.968514733908426	0.999999882499827
ENSG00000280184.2	3.86799734160195	3	0.276075352154375	0.644395924820509
ENSG00000281649.2	15.2111217671154	12	0.230093382305058	0.583393431518593
ENSG00000280721.1	14.040578919329	3	0.00285043502713665	0.0317188089279664
ENSG00000281357.3	2.21913185212907	6	0.898482318273308	0.999999882499827
ENSG00000280670.3	12.34039472846	6	0.0547918335504382	0.239138418434135
ENSG00000280832.1	24.3754377944597	3	2.08539440176017e-05	0.000641998863305283
ENSG00000280594.1	0.804038388694153	3	0.848500862199798	0.999999882499827
ENSG00000281856.1	8.66884148562258	3	0.0340337683216889	0.174992384115575
ENSG00000281091.3	11.7861256972704	3	0.00815289402865543	0.0651630571872632
ENSG00000282458.1	35.2776102899807	12	0.000422926558446366	0.00761501897394481
ENSG00000282851.2	50.5795268157563	21	0.000302819110489426	0.00572715445594245
ENSG00000283103.3	5.49386319231417	12	0.939421454745338	0.999999882499827
ENSG00000282885.2	4.37227873842255	3	0.223969597877816	0.575067173029971
ENSG00000282988.2	5.40164373564312	6	0.49342318442109	0.848993921486694
ENSG00000283674.3	2.44204988636875	6	0.874895996485788	0.999999882499827
ENSG00000283196.2	1.86405389067568	6	0.931767162985063	0.999999882499827
ENSG00000283405.2	3.29330208280965	3	0.348575958585243	0.719310337662437
ENSG00000284428.1	14.1208099396308	15	0.516387064339721	0.86617761445365
ENSG00000284600.1	0.751272206118756	3	0.861082957475654	0.999999882499827
ENSG00000283782.2	1.42220011622203	3	0.700339251122112	0.972506954721697
ENSG00000283761.1	5.41357707049508	9	0.796869233677328	0.999999882499827
ENSG00000284707.2	1.76779876564069	3	0.62196722771849	0.931953089259732
ENSG00000285053.1		3	1	
ENSG00000285184.3	0.118665459945305	3	0.98950706263145	0.999999882499827
ENSG00000284879.1	0.163665535407745	3	0.983230083522581	0.999999882499827
ENSG00000285967.1	11.1906904408224	6	0.0826587035282463	0.31268512009071
ENSG00000285906.2	7.85889377038893	3	0.0490197630096905	0.222400682106727
ENSG00000286162.2	0.0821426430325118	3	0.99389065382242	0.999999882499827
ENSG00000286264.2	1.09876686702501	3	0.777371775146015	0.999999882499827
ENSG00000286193.2	2.24090619755225	3	0.52393613154964	0.871648944390205
ENSG00000286619.1		3	1	
ENSG00000286905.1	0.0609859874748508	3	0.996066927143776	0.999999882499827
ENSG00000287126.1	5.26570269010767	3	0.153343437457872	0.461591180182411
ENSG00000287737.1	16.8771573267791	9	0.0506747935436584	0.226747047314334
ENSG00000287769.1	4.01421446626432	3	0.259933309601259	0.622425544115417
ENSG00000287670.1	0.929505693836006	3	0.818302194170185	0.999999882499827
ENSG00000286340.1	1.59400704861184	3	0.660749443468131	0.953566679623831
ENSG00000288534.1	9.77660201383833	3	0.0205637452561141	0.123117539849336
ENSG00000288612.1	2.72912590277429	3	0.435300322814631	0.802739200746028
ENSG00000288640.1	0.987595776817443	3	0.804253377046859	0.999999882499827
