transcript_id,gene_id,gene_name,gene_type,transcript_name,transcript_type,protein_id,event_id,delta_psi,suppa_pvalue,time_min,analysis,padj_BH,candidate,delta_usage,direction_agrees
ENST00000423670.1,ENSG00000000457.14,SCYL3,protein_coding,SCYL3-204,protein_coding,ENSP00000407993.1,ENSG00000000457.14;ENST00000423670.1,0.1309177459,0.044955045,12,isoform,1.0,True,0.1309177459377984,True
ENST00000494857.6,ENSG00000003989.18,SLC7A2,protein_coding,SLC7A2-204,protein_coding,ENSP00000419140.2,ENSG00000003989.18;ENST00000494857.6,0.4721456863,0.001998002,12,isoform,1.0,True,0.4721456862517693,True
ENST00000605392.1,ENSG00000005238.20,FAM214B,protein_coding,FAM214B-209,processed_transcript,,ENSG00000005238.20;ENST00000605392.1,0.1054573741,0.043956044,12,isoform,1.0,True,0.1054573741179056,True
ENST00000621465.5,ENSG00000005243.10,COPZ2,protein_coding,COPZ2-210,protein_coding,ENSP00000480707.1,ENSG00000005243.10;ENST00000621465.5,0.1092802558,0.0294705295,12,isoform,1.0,True,0.1092802558007982,True
ENST00000563645.1,ENSG00000006007.12,GDE1,protein_coding,GDE1-202,retained_intron,,ENSG00000006007.12;ENST00000563645.1,0.1012815287,0.008991009,12,isoform,1.0,True,0.1012815286824178,True
ENST00000007414.8,ENSG00000006025.12,OSBPL7,protein_coding,OSBPL7-201,protein_coding,ENSP00000007414.3,ENSG00000006025.12;ENST00000007414.8,0.1458696155,0.0394605395,12,isoform,1.0,True,0.1458696154515384,True
ENST00000395969.6,ENSG00000006715.16,VPS41,protein_coding,VPS41-203,protein_coding,ENSP00000379297.2,ENSG00000006715.16;ENST00000395969.6,0.1457917211,0.010989011,12,isoform,1.0,True,0.1457917210840922,True
ENST00000528896.7,ENSG00000007202.15,KIAA0100,protein_coding,KIAA0100-202,protein_coding,ENSP00000436773.2,ENSG00000007202.15;ENST00000528896.7,0.1283789493,0.006993007,12,isoform,1.0,True,0.1283789492783725,True
ENST00000361729.3,ENSG00000007968.7,E2F2,protein_coding,E2F2-201,protein_coding,ENSP00000355249.2,ENSG00000007968.7;ENST00000361729.3,0.1051839393,0.042957043,12,isoform,1.0,True,0.1051839393411063,True
ENST00000487237.1,ENSG00000007968.7,E2F2,protein_coding,E2F2-202,processed_transcript,,ENSG00000007968.7;ENST00000487237.1,-0.1051839393,0.042957043,12,isoform,1.0,True,-0.1051839393411062,True
ENST00000412441.5,ENSG00000008277.14,ADAM22,protein_coding,ADAM22-206,protein_coding,ENSP00000413899.1,ENSG00000008277.14;ENST00000412441.5,0.1443585614,0.0344655345,12,isoform,1.0,True,0.1443585614412891,True
ENST00000370441.8,ENSG00000010404.18,IDS,protein_coding,IDS-202,protein_coding,ENSP00000359470.4,ENSG00000010404.18;ENST00000370441.8,0.1274426629,0.0114885115,12,isoform,1.0,True,0.1274426628710446,True
ENST00000316757.4,ENSG00000011132.12,APBA3,protein_coding,APBA3-201,protein_coding,ENSP00000315136.2,ENSG00000011132.12;ENST00000316757.4,0.1570319234,0.0114885115,12,isoform,1.0,True,0.1570319233572644,True
ENST00000589934.1,ENSG00000011132.12,APBA3,protein_coding,APBA3-204,retained_intron,,ENSG00000011132.12;ENST00000589934.1,-0.1027091577,0.0274725275,12,isoform,1.0,True,-0.1027091576931644,True
ENST00000373647.9,ENSG00000011454.18,RABGAP1,protein_coding,RABGAP1-202,protein_coding,ENSP00000362751.4,ENSG00000011454.18;ENST00000373647.9,0.1096181493,0.026973027,12,isoform,1.0,True,0.1096181492567062,True
ENST00000261388.7,ENSG00000011638.10,TMEM159,protein_coding,TMEM159-202,protein_coding,ENSP00000261388.3,ENSG00000011638.10;ENST00000261388.7,-0.1193692649,0.025974026,12,isoform,1.0,True,-0.1193692649061687,True
ENST00000523149.5,ENSG00000012232.9,EXTL3,protein_coding,EXTL3-213,protein_coding,ENSP00000428691.1,ENSG00000012232.9;ENST00000523149.5,-0.1473109011,0.026973027,12,isoform,1.0,True,-0.1473109010999695,True
ENST00000548263.5,ENSG00000012822.16,CALCOCO1,protein_coding,CALCOCO1-210,protein_coding,ENSP00000447647.1,ENSG00000012822.16;ENST00000548263.5,0.1139180776,0.0154845155,12,isoform,1.0,True,0.1139180776353172,True
ENST00000432425.5,ENSG00000013441.16,CLK1,protein_coding,CLK1-204,nonsense_mediated_decay,ENSP00000400487.1,ENSG00000013441.16;ENST00000432425.5,0.2056283588,0.0004995005,12,isoform,1.0,True,0.205628358778304,True
ENST00000473565.5,ENSG00000013441.16,CLK1,protein_coding,CLK1-210,retained_intron,,ENSG00000013441.16;ENST00000473565.5,-0.1656465662,0.0024975025,12,isoform,1.0,True,-0.1656465662175691,True
ENST00000251089.8,ENSG00000013523.11,ANGEL1,protein_coding,ANGEL1-201,protein_coding,ENSP00000251089.3,ENSG00000013523.11;ENST00000251089.8,0.1049992133,0.032967033,12,isoform,1.0,True,0.1049992133264001,True
ENST00000014914.6,ENSG00000013588.9,GPRC5A,protein_coding,GPRC5A-201,protein_coding,ENSP00000014914.6,ENSG00000013588.9;ENST00000014914.6,-0.1456741055,0.001998002,12,isoform,1.0,True,-0.1456741055028356,True
ENST00000464149.1,ENSG00000013619.14,MAMLD1,protein_coding,MAMLD1-206,retained_intron,,ENSG00000013619.14;ENST00000464149.1,-0.2371294119,0.0154845155,12,isoform,1.0,True,-0.237129411910902,True
ENST00000265465.8,ENSG00000014138.9,POLA2,protein_coding,POLA2-201,protein_coding,ENSP00000265465.3,ENSG00000014138.9;ENST00000265465.8,0.1253308892,0.0054945055,12,isoform,1.0,True,0.125330889153637,True
ENST00000532469.1,ENSG00000014138.9,POLA2,protein_coding,POLA2-206,retained_intron,,ENSG00000014138.9;ENST00000532469.1,-0.1025187756,0.0134865135,12,isoform,1.0,True,-0.1025187756191549,True
ENST00000381604.9,ENSG00000015171.20,ZMYND11,protein_coding,ZMYND11-204,protein_coding,ENSP00000371017.6,ENSG00000015171.20;ENST00000381604.9,-0.1216372335,0.0174825175,12,isoform,1.0,True,-0.1216372334826741,True
ENST00000381006.8,ENSG00000018189.13,RUFY3,protein_coding,RUFY3-202,protein_coding,ENSP00000370394.3,ENSG00000018189.13;ENST00000381006.8,-0.1453796745,0.0414585415,12,isoform,1.0,True,-0.1453796744778483,True
ENST00000264167.10,ENSG00000018510.16,AGPS,protein_coding,AGPS-201,protein_coding,ENSP00000264167.4,ENSG00000018510.16;ENST00000264167.10,-0.1532699763,0.0104895105,12,isoform,1.0,True,-0.1532699762862612,True
ENST00000216923.5,ENSG00000020256.20,ZFP64,protein_coding,ZFP64-201,protein_coding,ENSP00000216923.4,ENSG00000020256.20;ENST00000216923.5,-0.129351902,0.0294705295,12,isoform,1.0,True,-0.1293519019593086,True
ENST00000323929.8,ENSG00000020922.13,MRE11,protein_coding,MRE11-201,protein_coding,ENSP00000325863.4,ENSG00000020922.13;ENST00000323929.8,-0.1939488702,0.004995005,12,isoform,1.0,True,-0.1939488701711159,True
ENST00000407439.7,ENSG00000020922.13,MRE11,protein_coding,MRE11-204,protein_coding,ENSP00000385614.3,ENSG00000020922.13;ENST00000407439.7,0.1878913331,0.005994006,12,isoform,1.0,True,0.1878913330954159,True
ENST00000536144.1,ENSG00000020922.13,MRE11,protein_coding,MRE11-206,processed_transcript,,ENSG00000020922.13;ENST00000536144.1,0.1613541415,0.0084915085,12,isoform,1.0,True,0.1613541415344496,True
ENST00000233072.10,ENSG00000021826.17,CPS1,protein_coding,CPS1-201,protein_coding,ENSP00000233072.5,ENSG00000021826.17;ENST00000233072.10,-0.1387227404,0.0,12,isoform,0.0,True,-0.1387227403837421,True
ENST00000370238.8,ENSG00000023909.10,GCLM,protein_coding,GCLM-201,protein_coding,ENSP00000359258.3,ENSG00000023909.10;ENST00000370238.8,-0.1084920593,0.0154845155,12,isoform,1.0,True,-0.1084920593089548,True
ENST00000467772.1,ENSG00000023909.10,GCLM,protein_coding,GCLM-203,processed_transcript,,ENSG00000023909.10;ENST00000467772.1,0.125082711,0.0094905095,12,isoform,1.0,True,0.1250827109519248,True
ENST00000617560.1,ENSG00000025293.17,PHF20,protein_coding,PHF20-216,processed_transcript,,ENSG00000025293.17;ENST00000617560.1,0.1337452987,0.0034965035,12,isoform,1.0,True,0.133745298660486,True
ENST00000652401.1,ENSG00000025708.14,TYMP,protein_coding,TYMP-217,protein_coding,ENSP00000498619.1,ENSG00000025708.14;ENST00000652401.1,0.1364786637,0.013986014,12,isoform,1.0,True,0.136478663663929,True
ENST00000492259.6,ENSG00000026036.22,RTEL1-TNFRSF6B,protein_coding,RTEL1-TNFRSF6B-202,nonsense_mediated_decay,ENSP00000457428.1,ENSG00000026036.22;ENST00000492259.6,0.1417252832,0.048951049,12,isoform,1.0,True,0.1417252832250198,True
ENST00000352159.8,ENSG00000026103.22,FAS,protein_coding,FAS-202,protein_coding,ENSP00000345601.4,ENSG00000026103.22;ENST00000352159.8,-0.1092130161,0.0484515485,12,isoform,1.0,True,-0.1092130161287203,True
ENST00000028008.9,ENSG00000026297.16,RNASET2,protein_coding,RNASET2-201,nonsense_mediated_decay,ENSP00000028008.5,ENSG00000026297.16;ENST00000028008.9,0.1073629083,0.033966034,12,isoform,1.0,True,0.1073629083149519,True
ENST00000467963.6,ENSG00000028310.18,BRD9,protein_coding,BRD9-202,protein_coding,ENSP00000419765.1,ENSG00000028310.18;ENST00000467963.6,0.1231238111,0.002997003,12,isoform,1.0,True,0.1231238111077244,True
ENST00000470239.1,ENSG00000029639.11,TFB1M,protein_coding,TFB1M-204,processed_transcript,,ENSG00000029639.11;ENST00000470239.1,0.1139089214,0.0374625375,12,isoform,1.0,True,0.1139089213986265,True
ENST00000495806.1,ENSG00000029639.11,TFB1M,protein_coding,TFB1M-209,processed_transcript,,ENSG00000029639.11;ENST00000495806.1,-0.1167695035,0.0364635365,12,isoform,1.0,True,-0.116769503515134,True
ENST00000506571.1,ENSG00000033178.13,UBA6,protein_coding,UBA6-205,retained_intron,,ENSG00000033178.13;ENST00000506571.1,0.1499432094,0.0154845155,12,isoform,1.0,True,0.149943209412868,True
ENST00000545237.1,ENSG00000033800.14,PIAS1,protein_coding,PIAS1-202,protein_coding,ENSP00000438574.1,ENSG00000033800.14;ENST00000545237.1,0.1615015122,0.013986014,12,isoform,1.0,True,0.1615015121550222,True
ENST00000611270.1,ENSG00000033800.14,PIAS1,protein_coding,PIAS1-208,processed_transcript,,ENSG00000033800.14;ENST00000611270.1,-0.1530754908,0.0154845155,12,isoform,1.0,True,-0.1530754907789348,True
ENST00000264595.7,ENSG00000038002.9,AGA,protein_coding,AGA-201,protein_coding,ENSP00000264595.2,ENSG00000038002.9;ENST00000264595.7,0.1527499666,0.0164835165,12,isoform,1.0,True,0.1527499666389435,True
ENST00000514931.5,ENSG00000039560.14,RAI14,protein_coding,RAI14-226,retained_intron,,ENSG00000039560.14;ENST00000514931.5,0.1077001678,0.020979021,12,isoform,1.0,True,0.1077001678076857,True
ENST00000393454.6,ENSG00000042088.14,TDP1,protein_coding,TDP1-203,protein_coding,ENSP00000377099.2,ENSG00000042088.14;ENST00000393454.6,0.1132628975,0.018981019,12,isoform,1.0,True,0.1132628974581158,True
ENST00000467810.1,ENSG00000047410.14,TPR,protein_coding,TPR-203,processed_transcript,,ENSG00000047410.14;ENST00000467810.1,0.1190218309,0.0094905095,12,isoform,1.0,True,0.1190218308520842,True
ENST00000545860.1,ENSG00000047617.15,ANO2,protein_coding,ANO2-210,protein_coding,ENSP00000443813.1,ENSG00000047617.15;ENST00000545860.1,-0.146911458,0.0134865135,12,isoform,1.0,True,-0.1469114580076901,True
ENST00000487842.1,ENSG00000047634.15,SCML1,protein_coding,SCML1-207,retained_intron,,ENSG00000047634.15;ENST00000487842.1,-0.1587694419,0.004995005,12,isoform,1.0,True,-0.158769441868233,True
ENST00000308488.10,ENSG00000048649.13,RSF1,protein_coding,RSF1-201,protein_coding,ENSP00000311513.6,ENSG00000048649.13;ENST00000308488.10,-0.1769274087,0.01998002,12,isoform,1.0,True,-0.1769274086680363,True
ENST00000636254.1,ENSG00000049618.24,ARID1B,protein_coding,ARID1B-215,retained_intron,,ENSG00000049618.24;ENST00000636254.1,0.1242753334,0.025974026,12,isoform,1.0,True,0.1242753333801128,True
ENST00000617539.1,ENSG00000049759.19,NEDD4L,protein_coding,NEDD4L-237,protein_coding,ENSP00000479462.1,ENSG00000049759.19;ENST00000617539.1,0.1072410309,0.0324675325,12,isoform,1.0,True,0.1072410309188974,True
ENST00000380639.10,ENSG00000049883.15,PTCD2,protein_coding,PTCD2-202,protein_coding,ENSP00000370013.4,ENSG00000049883.15;ENST00000380639.10,-0.128035172,0.0324675325,12,isoform,1.0,True,-0.1280351720321985,True
ENST00000511752.5,ENSG00000049883.15,PTCD2,protein_coding,PTCD2-209,nonsense_mediated_decay,ENSP00000429665.1,ENSG00000049883.15;ENST00000511752.5,0.1393593273,0.0284715285,12,isoform,1.0,True,0.1393593272872989,True
ENST00000379170.8,ENSG00000050393.11,MCUR1,protein_coding,MCUR1-201,protein_coding,ENSP00000368468.3,ENSG00000050393.11;ENST00000379170.8,-0.2216901478,0.001998002,12,isoform,1.0,True,-0.2216901477680726,True
ENST00000488770.1,ENSG00000050393.11,MCUR1,protein_coding,MCUR1-202,nonsense_mediated_decay,ENSP00000476162.1,ENSG00000050393.11;ENST00000488770.1,0.2295947134,0.001998002,12,isoform,1.0,True,0.2295947133754264,True
ENST00000606320.6,ENSG00000051825.15,MPHOSPH9,protein_coding,MPHOSPH9-220,protein_coding,ENSP00000475489.1,ENSG00000051825.15;ENST00000606320.6,-0.1736712958,0.0034965035,12,isoform,1.0,True,-0.1736712958081888,True
ENST00000313654.13,ENSG00000053747.16,LAMA3,protein_coding,LAMA3-202,protein_coding,ENSP00000324532.8,ENSG00000053747.16;ENST00000313654.13,-0.153363904,0.0404595405,12,isoform,1.0,True,-0.1533639039904433,True
ENST00000585600.5,ENSG00000053747.16,LAMA3,protein_coding,LAMA3-204,non_stop_decay,ENSP00000468316.1,ENSG00000053747.16;ENST00000585600.5,0.1543496984,0.0404595405,12,isoform,1.0,True,0.1543496983895922,True
ENST00000233057.9,ENSG00000055332.18,EIF2AK2,protein_coding,EIF2AK2-201,protein_coding,ENSP00000233057.4,ENSG00000055332.18;ENST00000233057.9,-0.1568063591,0.00999001,12,isoform,1.0,True,-0.1568063591376317,True
ENST00000647926.1,ENSG00000055332.18,EIF2AK2,protein_coding,EIF2AK2-208,nonsense_mediated_decay,ENSP00000497534.1,ENSG00000055332.18;ENST00000647926.1,0.1664684599,0.008991009,12,isoform,1.0,True,0.1664684599207532,True
ENST00000424877.5,ENSG00000055609.19,KMT2C,protein_coding,KMT2C-205,protein_coding,ENSP00000410411.1,ENSG00000055609.19;ENST00000424877.5,-0.1029188373,0.0484515485,12,isoform,1.0,True,-0.1029188372670578,True
ENST00000357244.7,ENSG00000056586.16,RC3H2,protein_coding,RC3H2-202,protein_coding,ENSP00000349783.2,ENSG00000056586.16;ENST00000357244.7,-0.1242080851,0.0124875125,12,isoform,1.0,True,-0.1242080851363733,True
ENST00000471874.2,ENSG00000056586.16,RC3H2,protein_coding,RC3H2-207,protein_coding,ENSP00000474148.1,ENSG00000056586.16;ENST00000471874.2,0.1635221083,0.0054945055,12,isoform,1.0,True,0.163522108319994,True
ENST00000356729.5,ENSG00000058668.15,ATP2B4,protein_coding,ATP2B4-202,protein_coding,ENSP00000349165.5,ENSG00000058668.15;ENST00000356729.5,0.1298491368,0.024975025,12,isoform,1.0,True,0.1298491367693086,True
ENST00000357681.10,ENSG00000058668.15,ATP2B4,protein_coding,ATP2B4-203,protein_coding,ENSP00000350310.5,ENSG00000058668.15;ENST00000357681.10,-0.1452650995,0.0214785215,12,isoform,1.0,True,-0.1452650994823124,True
ENST00000543719.5,ENSG00000060339.14,CCAR1,protein_coding,CCAR1-217,protein_coding,ENSP00000445254.1,ENSG00000060339.14;ENST00000543719.5,0.1098840838,0.008991009,12,isoform,1.0,True,0.1098840837549604,True
ENST00000261192.12,ENSG00000060982.15,BCAT1,protein_coding,BCAT1-201,protein_coding,ENSP00000261192.7,ENSG00000060982.15;ENST00000261192.12,-0.2275113683,0.0,12,isoform,0.0,True,-0.2275113683289908,True
ENST00000612790.1,ENSG00000060982.15,BCAT1,protein_coding,BCAT1-210,non_stop_decay,ENSP00000481749.1,ENSG00000060982.15;ENST00000612790.1,0.1354929809,0.004995005,12,isoform,1.0,True,0.1354929809074025,True
ENST00000262291.9,ENSG00000062716.13,VMP1,protein_coding,VMP1-201,protein_coding,ENSP00000262291.3,ENSG00000062716.13;ENST00000262291.9,0.1232972319,0.0014985015,12,isoform,1.0,True,0.1232972319467258,True
ENST00000084798.9,ENSG00000063180.9,CA11,protein_coding,CA11-201,protein_coding,ENSP00000084798.3,ENSG00000063180.9;ENST00000084798.9,-0.1276711016,0.0064935065,12,isoform,1.0,True,-0.1276711015841822,True
ENST00000510910.1,ENSG00000063438.18,AHRR,protein_coding,AHRR-205,retained_intron,,ENSG00000063438.18;ENST00000510910.1,-0.2264101856,0.008991009,12,isoform,1.0,True,-0.2264101855765437,True
ENST00000452918.7,ENSG00000064607.17,SUGP2,protein_coding,SUGP2-203,protein_coding,ENSP00000389380.1,ENSG00000064607.17;ENST00000452918.7,-0.1023426308,0.005994006,12,isoform,1.0,True,-0.1023426307992946,True
ENST00000331886.10,ENSG00000065357.20,DGKA,protein_coding,DGKA-201,protein_coding,ENSP00000328405.5,ENSG00000065357.20;ENST00000331886.10,0.245082108,0.0034965035,12,isoform,1.0,True,0.245082108003425,True
ENST00000551156.5,ENSG00000065357.20,DGKA,protein_coding,DGKA-229,protein_coding,ENSP00000450359.1,ENSG00000065357.20;ENST00000551156.5,-0.2375736416,0.0034965035,12,isoform,1.0,True,-0.2375736416227592,True
ENST00000551615.5,ENSG00000065357.20,DGKA,protein_coding,DGKA-232,retained_intron,,ENSG00000065357.20;ENST00000551615.5,0.1594976115,0.0114885115,12,isoform,1.0,True,0.1594976114514845,True
ENST00000568510.1,ENSG00000065457.10,ADAT1,protein_coding,ADAT1-210,protein_coding,ENSP00000455000.1,ENSG00000065457.10;ENST00000568510.1,0.1100776377,0.0134865135,12,isoform,1.0,True,0.1100776377382212,True
ENST00000264607.9,ENSG00000065802.12,ASB1,protein_coding,ASB1-201,protein_coding,ENSP00000264607.4,ENSG00000065802.12;ENST00000264607.9,-0.2393570119,0.0034965035,12,isoform,1.0,True,-0.2393570119203948,True
ENST00000438264.5,ENSG00000065802.12,ASB1,protein_coding,ASB1-203,nonsense_mediated_decay,ENSP00000411773.1,ENSG00000065802.12;ENST00000438264.5,0.2737614326,0.002997003,12,isoform,1.0,True,0.2737614325989947,True
ENST00000645826.1,ENSG00000065883.16,CDK13,protein_coding,CDK13-218,retained_intron,,ENSG00000065883.16;ENST00000645826.1,0.1006094134,0.0174825175,12,isoform,1.0,True,0.1006094133783402,True
ENST00000504047.1,ENSG00000066427.24,ATXN3,protein_coding,ATXN3-208,processed_transcript,,ENSG00000066427.24;ENST00000504047.1,0.3684158083,0.0014985015,12,isoform,1.0,True,0.3684158083219388,True
ENST00000569768.1,ENSG00000066654.14,THUMPD1,protein_coding,THUMPD1-204,retained_intron,,ENSG00000066654.14;ENST00000569768.1,-0.1685566977,0.013986014,12,isoform,1.0,True,-0.1685566976865513,True
ENST00000377838.8,ENSG00000066827.16,ZFAT,protein_coding,ZFAT-201,protein_coding,ENSP00000367069.3,ENSG00000066827.16;ENST00000377838.8,-0.2988047786,0.016983017,12,isoform,1.0,True,-0.2988047786071857,True
ENST00000451963.1,ENSG00000066923.17,STAG3,protein_coding,STAG3-209,nonsense_mediated_decay,ENSP00000393790.1,ENSG00000066923.17;ENST00000451963.1,-0.1627529831,0.04995005,12,isoform,1.0,True,-0.1627529831389802,True
ENST00000163678.11,ENSG00000067365.15,METTL22,protein_coding,METTL22-201,nonsense_mediated_decay,ENSP00000163678.6,ENSG00000067365.15;ENST00000163678.11,0.1267590252,0.014985015,12,isoform,1.0,True,0.1267590252297625,True
ENST00000562973.1,ENSG00000067365.15,METTL22,protein_coding,METTL22-206,protein_coding,ENSP00000460481.1,ENSG00000067365.15;ENST00000562973.1,-0.1051530554,0.022977023,12,isoform,1.0,True,-0.105153055432597,True
ENST00000411772.5,ENSG00000067369.14,TP53BP1,protein_coding,TP53BP1-204,nonsense_mediated_decay,ENSP00000413010.1,ENSG00000067369.14;ENST00000411772.5,0.1182045238,0.0164835165,12,isoform,1.0,True,0.1182045237808832,True
ENST00000366932.4,ENSG00000067533.6,RRP15,protein_coding,RRP15-201,protein_coding,ENSP00000355899.3,ENSG00000067533.6;ENST00000366932.4,-0.1118872119,0.01998002,12,isoform,1.0,True,-0.1118872119399922,True
ENST00000491428.1,ENSG00000067533.6,RRP15,protein_coding,RRP15-202,processed_transcript,,ENSG00000067533.6;ENST00000491428.1,0.1118872119,0.01998002,12,isoform,1.0,True,0.1118872119399922,True
ENST00000379162.9,ENSG00000067992.16,PDK3,protein_coding,PDK3-201,protein_coding,ENSP00000368460.4,ENSG00000067992.16;ENST00000379162.9,0.3432032897,0.0024975025,12,isoform,1.0,True,0.3432032896619731,True
ENST00000568479.2,ENSG00000067992.16,PDK3,protein_coding,PDK3-203,protein_coding,ENSP00000498864.1,ENSG00000067992.16;ENST00000568479.2,-0.3475980831,0.0024975025,12,isoform,1.0,True,-0.3475980831222,True
ENST00000401507.7,ENSG00000068796.19,KIF2A,protein_coding,KIF2A-202,protein_coding,ENSP00000385622.3,ENSG00000068796.19;ENST00000401507.7,-0.1075061166,0.0294705295,12,isoform,1.0,True,-0.1075061166344259,True
ENST00000674752.1,ENSG00000068796.19,KIF2A,protein_coding,KIF2A-214,protein_coding,ENSP00000502272.1,ENSG00000068796.19;ENST00000674752.1,0.1510364386,0.0174825175,12,isoform,1.0,True,0.1510364385506626,True
ENST00000404125.6,ENSG00000068878.15,PSME4,protein_coding,PSME4-202,protein_coding,ENSP00000384211.1,ENSG00000068878.15;ENST00000404125.6,-0.124884742,0.011988012,12,isoform,1.0,True,-0.1248847419878553,True
ENST00000476586.5,ENSG00000068878.15,PSME4,protein_coding,PSME4-206,processed_transcript,,ENSG00000068878.15;ENST00000476586.5,0.1118603541,0.0184815185,12,isoform,1.0,True,0.1118603541171435,True
ENST00000478278.1,ENSG00000068885.15,IFT80,protein_coding,IFT80-214,retained_intron,,ENSG00000068885.15;ENST00000478278.1,-0.1241917675,0.0204795205,12,isoform,1.0,True,-0.1241917675336393,True
ENST00000413872.6,ENSG00000070047.13,PHRF1,protein_coding,PHRF1-202,protein_coding,ENSP00000388589.2,ENSG00000070047.13;ENST00000413872.6,-0.1307768336,0.025974026,12,isoform,1.0,True,-0.1307768336062517,True
ENST00000174618.5,ENSG00000070444.15,MNT,protein_coding,MNT-201,protein_coding,ENSP00000174618.4,ENSG00000070444.15;ENST00000174618.5,0.1587955476,0.014985015,12,isoform,1.0,True,0.1587955475747093,True
ENST00000389709.8,ENSG00000070476.15,ZXDC,protein_coding,ZXDC-202,protein_coding,ENSP00000374359.3,ENSG00000070476.15;ENST00000389709.8,0.1890035609,0.008991009,12,isoform,1.0,True,0.1890035609397164,True
ENST00000514463.1,ENSG00000070476.15,ZXDC,protein_coding,ZXDC-203,retained_intron,,ENSG00000070476.15;ENST00000514463.1,-0.1709880686,0.0124875125,12,isoform,1.0,True,-0.1709880685762447,True
ENST00000563307.1,ENSG00000070770.9,CSNK2A2,protein_coding,CSNK2A2-203,protein_coding,ENSP00000457911.1,ENSG00000070770.9;ENST00000563307.1,-0.1062729573,0.017982018,12,isoform,1.0,True,-0.1062729572643775,True
ENST00000313367.7,ENSG00000070882.13,OSBPL3,protein_coding,OSBPL3-201,protein_coding,ENSP00000315410.2,ENSG00000070882.13;ENST00000313367.7,-0.1225103861,0.0164835165,12,isoform,1.0,True,-0.1225103860999562,True
ENST00000264926.7,ENSG00000070950.10,RAD18,protein_coding,RAD18-201,protein_coding,ENSP00000264926.2,ENSG00000070950.10;ENST00000264926.7,-0.1740633819,0.0084915085,12,isoform,1.0,True,-0.1740633819229047,True
ENST00000415439.5,ENSG00000070950.10,RAD18,protein_coding,RAD18-203,nonsense_mediated_decay,ENSP00000402049.1,ENSG00000070950.10;ENST00000415439.5,0.2125529393,0.0014985015,12,isoform,1.0,True,0.2125529393086418,True
ENST00000233154.9,ENSG00000071051.14,NCK2,protein_coding,NCK2-201,protein_coding,ENSP00000233154.4,ENSG00000071051.14;ENST00000233154.9,-0.2108700852,0.0184815185,12,isoform,1.0,True,-0.2108700851732128,True
ENST00000409484.5,ENSG00000071967.12,CYBRD1,protein_coding,CYBRD1-203,protein_coding,ENSP00000386739.1,ENSG00000071967.12;ENST00000409484.5,0.1151716478,0.020979021,12,isoform,1.0,True,0.1151716477571842,True
ENST00000396698.5,ENSG00000072195.15,SPEG,protein_coding,SPEG-205,protein_coding,ENSP00000379926.1,ENSG00000072195.15;ENST00000396698.5,0.1844882891,0.0164835165,12,isoform,1.0,True,0.1844882891342671,True
ENST00000571471.5,ENSG00000072818.12,ACAP1,protein_coding,ACAP1-206,processed_transcript,,ENSG00000072818.12;ENST00000571471.5,0.2115417525,0.017982018,12,isoform,1.0,True,0.2115417525368319,True
ENST00000513911.5,ENSG00000072832.15,CRMP1,protein_coding,CRMP1-206,processed_transcript,,ENSG00000072832.15;ENST00000513911.5,-0.1015322391,0.0394605395,12,isoform,1.0,True,-0.1015322391251939,True
ENST00000265056.12,ENSG00000073111.14,MCM2,protein_coding,MCM2-201,protein_coding,ENSP00000265056.7,ENSG00000073111.14;ENST00000265056.12,-0.1394855732,0.001998002,12,isoform,1.0,True,-0.1394855732354817,True
ENST00000167462.9,ENSG00000073350.14,LLGL2,protein_coding,LLGL2-201,protein_coding,ENSP00000167462.5,ENSG00000073350.14;ENST00000167462.9,0.1230061109,0.0214785215,12,isoform,1.0,True,0.1230061109014281,True
ENST00000394553.6,ENSG00000073417.15,PDE8A,protein_coding,PDE8A-203,protein_coding,ENSP00000378056.1,ENSG00000073417.15;ENST00000394553.6,0.2671141404,0.0044955045,12,isoform,1.0,True,0.2671141403627859,True
ENST00000380833.9,ENSG00000073464.13,CLCN4,protein_coding,CLCN4-202,protein_coding,ENSP00000370213.4,ENSG00000073464.13;ENST00000380833.9,-0.1783273568,0.037962038,12,isoform,1.0,True,-0.1783273568437297,True
ENST00000674669.1,ENSG00000073464.13,CLCN4,protein_coding,CLCN4-205,protein_coding,ENSP00000501922.1,ENSG00000073464.13;ENST00000674669.1,0.1617911897,0.0454545455,12,isoform,1.0,True,0.1617911896809221,True
ENST00000346192.7,ENSG00000073792.16,IGF2BP2,protein_coding,IGF2BP2-201,protein_coding,ENSP00000320204.5,ENSG00000073792.16;ENST00000346192.7,0.2628315688,0.0124875125,12,isoform,1.0,True,0.2628315688173402,True
ENST00000448044.5,ENSG00000073849.15,ST6GAL1,protein_coding,ST6GAL1-211,protein_coding,ENSP00000389337.1,ENSG00000073849.15;ENST00000448044.5,0.1624047621,0.021978022,12,isoform,1.0,True,0.1624047621014331,True
ENST00000574911.5,ENSG00000074356.17,NCBP3,protein_coding,NCBP3-204,nonsense_mediated_decay,ENSP00000467742.1,ENSG00000074356.17;ENST00000574911.5,0.1775434635,0.0084915085,12,isoform,1.0,True,0.1775434635345177,True
ENST00000300141.11,ENSG00000074603.19,DPP8,protein_coding,DPP8-201,protein_coding,ENSP00000300141.6,ENSG00000074603.19;ENST00000300141.11,-0.1164603595,0.0264735265,12,isoform,1.0,True,-0.1164603594675844,True
ENST00000548180.5,ENSG00000075089.9,ACTR6,protein_coding,ACTR6-204,nonsense_mediated_decay,ENSP00000450330.1,ENSG00000075089.9;ENST00000548180.5,0.1084677233,0.0124875125,12,isoform,1.0,True,0.108467723290386,True
ENST00000431155.1,ENSG00000075240.17,GRAMD4,protein_coding,GRAMD4-204,protein_coding,ENSP00000408042.1,ENSG00000075240.17;ENST00000431155.1,-0.1566790629,0.0094905095,12,isoform,1.0,True,-0.1566790628845546,True
ENST00000473232.1,ENSG00000075340.23,ADD2,protein_coding,ADD2-211,processed_transcript,,ENSG00000075340.23;ENST00000473232.1,-0.1729929526,0.008991009,12,isoform,1.0,True,-0.172992952560013,True
ENST00000496178.1,ENSG00000075340.23,ADD2,protein_coding,ADD2-213,processed_transcript,,ENSG00000075340.23;ENST00000496178.1,0.1668277512,0.0094905095,12,isoform,1.0,True,0.1668277511568008,True
ENST00000421757.5,ENSG00000075420.13,FNDC3B,protein_coding,FNDC3B-204,protein_coding,ENSP00000408496.1,ENSG00000075420.13;ENST00000421757.5,0.2373237452,0.013986014,12,isoform,1.0,True,0.2373237451972059,True
ENST00000265562.5,ENSG00000076201.15,PTPN23,protein_coding,PTPN23-201,protein_coding,ENSP00000265562.4,ENSG00000076201.15;ENST00000265562.5,0.1799099999,0.011988012,12,isoform,1.0,True,0.1799099998606318,True
ENST00000602307.5,ENSG00000076201.15,PTPN23,protein_coding,PTPN23-206,nonsense_mediated_decay,ENSP00000473266.1,ENSG00000076201.15;ENST00000602307.5,-0.1202412391,0.0324675325,12,isoform,1.0,True,-0.1202412391192473,True
ENST00000189444.11,ENSG00000077150.20,NFKB2,protein_coding,NFKB2-201,protein_coding,ENSP00000189444.6,ENSG00000077150.20;ENST00000189444.11,-0.1241427697,0.008991009,12,isoform,1.0,True,-0.124142769728184,True
ENST00000651907.1,ENSG00000077150.20,NFKB2,protein_coding,NFKB2-209,processed_transcript,,ENSG00000077150.20;ENST00000651907.1,0.1580852737,0.003996004,12,isoform,1.0,True,0.1580852736995846,True
ENST00000170630.6,ENSG00000077238.14,IL4R,protein_coding,IL4R-201,protein_coding,ENSP00000170630.3,ENSG00000077238.14;ENST00000170630.6,-0.32150378,0.0054945055,12,isoform,1.0,True,-0.3215037799542711,True
ENST00000366592.8,ENSG00000077585.14,GPR137B,protein_coding,GPR137B-202,protein_coding,ENSP00000355551.3,ENSG00000077585.14;ENST00000366592.8,0.1057220585,0.0434565435,12,isoform,1.0,True,0.1057220584730945,True
ENST00000675700.1,ENSG00000078114.19,NEBL,protein_coding,NEBL-220,processed_transcript,,ENSG00000078114.19;ENST00000675700.1,-0.2055216762,0.0244755245,12,isoform,1.0,True,-0.205521676178947,True
ENST00000261427.10,ENSG00000078140.14,UBE2K,protein_coding,UBE2K-201,protein_coding,ENSP00000261427.5,ENSG00000078140.14;ENST00000261427.10,-0.1323327202,0.001998002,12,isoform,1.0,True,-0.1323327202214679,True
ENST00000355585.9,ENSG00000078269.15,SYNJ2,protein_coding,SYNJ2-201,protein_coding,ENSP00000347792.4,ENSG00000078269.15;ENST00000355585.9,-0.1595132424,0.0314685315,12,isoform,1.0,True,-0.1595132423628968,True
ENST00000367113.5,ENSG00000078269.15,SYNJ2,protein_coding,SYNJ2-203,protein_coding,ENSP00000356080.4,ENSG00000078269.15;ENST00000367113.5,0.2018700519,0.017982018,12,isoform,1.0,True,0.2018700518857488,True
ENST00000343483.7,ENSG00000078399.19,HOXA9,protein_coding,HOXA9-201,protein_coding,ENSP00000343619.6,ENSG00000078399.19;ENST00000343483.7,-0.268866608,0.0054945055,12,isoform,1.0,True,-0.2688666079980998,True
ENST00000465783.6,ENSG00000079277.22,MKNK1,protein_coding,MKNK1-207,protein_coding,ENSP00000434834.2,ENSG00000079277.22;ENST00000465783.6,0.1182068399,0.010989011,12,isoform,1.0,True,0.1182068398976103,True
ENST00000170168.9,ENSG00000079313.15,REXO1,protein_coding,REXO1-201,protein_coding,ENSP00000170168.3,ENSG00000079313.15;ENST00000170168.9,0.1759676794,0.005994006,12,isoform,1.0,True,0.1759676793720129,True
ENST00000541284.5,ENSG00000080802.18,CNOT4,protein_coding,CNOT4-212,protein_coding,ENSP00000445508.1,ENSG00000080802.18;ENST00000541284.5,0.1252111887,0.038961039,12,isoform,1.0,True,0.1252111887243533,True
ENST00000261842.10,ENSG00000081014.11,AP4E1,protein_coding,AP4E1-201,protein_coding,ENSP00000261842.5,ENSG00000081014.11;ENST00000261842.10,-0.196228059,0.0204795205,12,isoform,1.0,True,-0.1962280589905831,True
ENST00000612242.4,ENSG00000081019.13,RSBN1,protein_coding,RSBN1-204,protein_coding,ENSP00000479490.1,ENSG00000081019.13;ENST00000612242.4,-0.4580622746,0.0014985015,12,isoform,1.0,True,-0.458062274611026,True
ENST00000477955.1,ENSG00000081026.19,MAGI3,protein_coding,MAGI3-205,processed_transcript,,ENSG00000081026.19;ENST00000477955.1,0.1950460822,0.026973027,12,isoform,1.0,True,0.1950460821675564,True
ENST00000261464.10,ENSG00000082512.15,TRAF5,protein_coding,TRAF5-201,protein_coding,ENSP00000261464.5,ENSG00000082512.15;ENST00000261464.10,0.1784808565,0.012987013,12,isoform,1.0,True,0.1784808564640123,True
ENST00000473385.1,ENSG00000082512.15,TRAF5,protein_coding,TRAF5-205,processed_transcript,,ENSG00000082512.15;ENST00000473385.1,-0.1638057331,0.017982018,12,isoform,1.0,True,-0.1638057331378983,True
ENST00000264235.13,ENSG00000082701.16,GSK3B,protein_coding,GSK3B-201,protein_coding,ENSP00000264235.9,ENSG00000082701.16;ENST00000264235.13,-0.2320317291,0.000999001,12,isoform,1.0,True,-0.2320317290569838,True
ENST00000650344.1,ENSG00000082701.16,GSK3B,protein_coding,GSK3B-205,protein_coding,ENSP00000497956.1,ENSG00000082701.16;ENST00000650344.1,0.1726405465,0.002997003,12,isoform,1.0,True,0.172640546462629,True
ENST00000360905.9,ENSG00000082805.20,ERC1,protein_coding,ERC1-203,protein_coding,ENSP00000354158.3,ENSG00000082805.20;ENST00000360905.9,0.2879089484,0.0024975025,12,isoform,1.0,True,0.2879089484473237,True
ENST00000261584.9,ENSG00000083093.10,PALB2,protein_coding,PALB2-201,protein_coding,ENSP00000261584.4,ENSG00000083093.10;ENST00000261584.9,-0.1097052855,0.043956044,12,isoform,1.0,True,-0.1097052855376137,True
ENST00000566069.5,ENSG00000083093.10,PALB2,protein_coding,PALB2-204,protein_coding,ENSP00000459237.1,ENSG00000083093.10;ENST00000566069.5,0.1293325792,0.0354645355,12,isoform,1.0,True,0.1293325791855458,True
ENST00000356489.9,ENSG00000083123.15,BCKDHB,protein_coding,BCKDHB-202,protein_coding,ENSP00000348880.5,ENSG00000083123.15;ENST00000356489.9,0.119241118,0.02997003,12,isoform,1.0,True,0.1192411180149939,True
ENST00000337273.9,ENSG00000083312.17,TNPO1,protein_coding,TNPO1-201,protein_coding,ENSP00000336712.5,ENSG00000083312.17;ENST00000337273.9,-0.1175233877,0.008991009,12,isoform,1.0,True,-0.1175233876598807,True
ENST00000475061.1,ENSG00000083750.13,RRAGB,protein_coding,RRAGB-205,processed_transcript,,ENSG00000083750.13;ENST00000475061.1,0.1350523467,0.0224775225,12,isoform,1.0,True,0.1350523466684617,True
ENST00000396154.7,ENSG00000083828.16,ZNF586,protein_coding,ZNF586-203,protein_coding,ENSP00000379458.1,ENSG00000083828.16;ENST00000396154.7,0.1259034914,0.030969031,12,isoform,1.0,True,0.1259034913549953,True
ENST00000651718.1,ENSG00000083828.16,ZNF586,protein_coding,ZNF586-207,nonsense_mediated_decay,ENSP00000498256.1,ENSG00000083828.16;ENST00000651718.1,-0.1180684039,0.0344655345,12,isoform,1.0,True,-0.1180684038987377,True
ENST00000594369.6,ENSG00000083838.16,ZNF446,protein_coding,ZNF446-203,protein_coding,ENSP00000472802.1,ENSG00000083838.16;ENST00000594369.6,0.1604271231,0.026973027,12,isoform,1.0,True,0.1604271231280186,True
ENST00000594468.1,ENSG00000083838.16,ZNF446,protein_coding,ZNF446-204,retained_intron,,ENSG00000083838.16;ENST00000594468.1,-0.1208905952,0.0444555445,12,isoform,1.0,True,-0.1208905952048184,True
ENST00000263095.10,ENSG00000083844.10,ZNF264,protein_coding,ZNF264-201,protein_coding,ENSP00000263095.5,ENSG00000083844.10;ENST00000263095.10,-0.2185945429,0.0144855145,12,isoform,1.0,True,-0.2185945428869029,True
ENST00000551165.5,ENSG00000084112.15,SSH1,protein_coding,SSH1-209,protein_coding,ENSP00000448824.1,ENSG00000084112.15;ENST00000551165.5,0.1253103896,0.0484515485,12,isoform,1.0,True,0.1253103896014342,True
ENST00000348332.7,ENSG00000084676.15,NCOA1,protein_coding,NCOA1-202,protein_coding,ENSP00000320940.5,ENSG00000084676.15;ENST00000348332.7,0.1887166539,0.0484515485,12,isoform,1.0,True,0.1887166539205639,True
ENST00000264712.8,ENSG00000084731.15,KIF3C,protein_coding,KIF3C-201,protein_coding,ENSP00000264712.3,ENSG00000084731.15;ENST00000264712.8,-0.331695398,0.003996004,12,isoform,1.0,True,-0.3316953979754151,True
ENST00000356716.8,ENSG00000085274.15,MYNN,protein_coding,MYNN-202,protein_coding,ENSP00000349150.3,ENSG00000085274.15;ENST00000356716.8,0.1516337955,0.0324675325,12,isoform,1.0,True,0.1516337954814427,True
ENST00000621526.4,ENSG00000085719.13,CPNE3,protein_coding,CPNE3-211,protein_coding,ENSP00000479670.1,ENSG00000085719.13;ENST00000621526.4,-0.1062098257,0.0204795205,12,isoform,1.0,True,-0.106209825722878,True
ENST00000532222.5,ENSG00000085788.14,DDHD2,protein_coding,DDHD2-223,protein_coding,ENSP00000433578.1,ENSG00000085788.14;ENST00000532222.5,0.1097615586,0.021978022,12,isoform,1.0,True,0.1097615585671978,True
ENST00000566911.1,ENSG00000087253.13,LPCAT2,protein_coding,LPCAT2-207,retained_intron,,ENSG00000087253.13;ENST00000566911.1,0.1312138978,0.01998002,12,isoform,1.0,True,0.1312138977935608,True
ENST00000503393.8,ENSG00000087266.17,SH3BP2,protein_coding,SH3BP2-206,protein_coding,ENSP00000422168.3,ENSG00000087266.17;ENST00000503393.8,-0.1424175677,0.018981019,12,isoform,1.0,True,-0.1424175676563117,True
ENST00000511747.6,ENSG00000087266.17,SH3BP2,protein_coding,SH3BP2-220,protein_coding,ENSP00000424846.2,ENSG00000087266.17;ENST00000511747.6,0.236902543,0.005994006,12,isoform,1.0,True,0.2369025429631164,True
ENST00000421284.7,ENSG00000087299.12,L2HGDH,protein_coding,L2HGDH-203,protein_coding,ENSP00000405559.3,ENSG00000087299.12;ENST00000421284.7,0.1713324767,0.008991009,12,isoform,1.0,True,0.1713324766714372,True
ENST00000539176.1,ENSG00000087448.11,KLHL42,protein_coding,KLHL42-202,nonsense_mediated_decay,ENSP00000444748.1,ENSG00000087448.11;ENST00000539176.1,0.1697221158,0.017982018,12,isoform,1.0,True,0.1697221158191995,True
ENST00000590822.1,ENSG00000087903.13,RFX2,protein_coding,RFX2-217,processed_transcript,,ENSG00000087903.13;ENST00000590822.1,0.1687671012,0.041958042,12,isoform,1.0,True,0.168767101202883,True
ENST00000263708.7,ENSG00000088179.9,PTPN4,protein_coding,PTPN4-201,protein_coding,ENSP00000263708.2,ENSG00000088179.9;ENST00000263708.7,-0.1590131182,0.0424575425,12,isoform,1.0,True,-0.1590131181573544,True
ENST00000460289.5,ENSG00000088179.9,PTPN4,protein_coding,PTPN4-208,processed_transcript,,ENSG00000088179.9;ENST00000460289.5,0.238539844,0.0154845155,12,isoform,1.0,True,0.2385398439854201,True
ENST00000262919.10,ENSG00000088812.18,ATRN,protein_coding,ATRN-201,protein_coding,ENSP00000262919.5,ENSG00000088812.18;ENST00000262919.10,-0.1082215674,0.032967033,12,isoform,1.0,True,-0.1082215674246987,True
ENST00000446916.2,ENSG00000088812.18,ATRN,protein_coding,ATRN-202,protein_coding,ENSP00000416587.2,ENSG00000088812.18;ENST00000446916.2,0.1082215674,0.032967033,12,isoform,1.0,True,0.1082215674246988,True
ENST00000327551.6,ENSG00000089234.16,BRAP,protein_coding,BRAP-201,protein_coding,ENSP00000330813.5,ENSG00000089234.16;ENST00000327551.6,0.1182129219,0.0314685315,12,isoform,1.0,True,0.1182129219291837,True
ENST00000419234.9,ENSG00000089234.16,BRAP,protein_coding,BRAP-202,protein_coding,ENSP00000403524.3,ENSG00000089234.16;ENST00000419234.9,-0.1176500254,0.031968032,12,isoform,1.0,True,-0.1176500253804719,True
ENST00000608382.5,ENSG00000089775.11,ZBTB25,protein_coding,ZBTB25-204,protein_coding,ENSP00000476746.1,ENSG00000089775.11;ENST00000608382.5,-0.1234609742,0.0424575425,12,isoform,1.0,True,-0.1234609742142568,True
ENST00000261530.12,ENSG00000089916.18,GPATCH2L,protein_coding,GPATCH2L-201,protein_coding,ENSP00000261530.7,ENSG00000089916.18;ENST00000261530.12,-0.1071613859,0.0384615385,12,isoform,1.0,True,-0.107161385946256,True
ENST00000599275.1,ENSG00000090661.12,CERS4,protein_coding,CERS4-215,retained_intron,,ENSG00000090661.12;ENST00000599275.1,0.1408347816,0.036963037,12,isoform,1.0,True,0.1408347815911803,True
ENST00000542749.5,ENSG00000090975.12,PITPNM2,protein_coding,PITPNM2-208,protein_coding,ENSP00000437611.1,ENSG00000090975.12;ENST00000542749.5,-0.3762756631,0.004995005,12,isoform,1.0,True,-0.3762756630829503,True
ENST00000338983.7,ENSG00000091436.17,MAP3K20,protein_coding,MAP3K20-201,protein_coding,ENSP00000340257.3,ENSG00000091436.17;ENST00000338983.7,-0.1055805727,0.0244755245,12,isoform,1.0,True,-0.1055805727331177,True
ENST00000375213.8,ENSG00000091436.17,MAP3K20,protein_coding,MAP3K20-202,protein_coding,ENSP00000364361.3,ENSG00000091436.17;ENST00000375213.8,0.1089359746,0.0214785215,12,isoform,1.0,True,0.108935974556396,True
ENST00000264454.8,ENSG00000093183.14,SEC22C,protein_coding,SEC22C-201,protein_coding,ENSP00000264454.3,ENSG00000093183.14;ENST00000264454.8,-0.1003638738,0.012987013,12,isoform,1.0,True,-0.1003638737587753,True
ENST00000649234.1,ENSG00000093217.11,XYLB,protein_coding,XYLB-206,nonsense_mediated_decay,ENSP00000497023.1,ENSG00000093217.11;ENST00000649234.1,0.1769823819,0.042957043,12,isoform,1.0,True,0.1769823818798332,True
ENST00000209875.9,ENSG00000094916.16,CBX5,protein_coding,CBX5-201,protein_coding,ENSP00000209875.4,ENSG00000094916.16;ENST00000209875.9,-0.3102712863,0.000999001,12,isoform,1.0,True,-0.3102712862947422,True
ENST00000439541.6,ENSG00000094916.16,CBX5,protein_coding,CBX5-202,protein_coding,ENSP00000401009.2,ENSG00000094916.16;ENST00000439541.6,0.1523087566,0.001998002,12,isoform,1.0,True,0.1523087566080474,True
ENST00000550411.5,ENSG00000094916.16,CBX5,protein_coding,CBX5-204,protein_coding,ENSP00000449207.1,ENSG00000094916.16;ENST00000550411.5,0.1593217543,0.0014985015,12,isoform,1.0,True,0.1593217542584403,True
ENST00000592512.1,ENSG00000095066.11,HOOK2,protein_coding,HOOK2-222,retained_intron,,ENSG00000095066.11;ENST00000592512.1,-0.1249215177,0.048951049,12,isoform,1.0,True,-0.1249215177138773,True
ENST00000370558.8,ENSG00000097033.14,SH3GLB1,protein_coding,SH3GLB1-201,protein_coding,ENSP00000473267.1,ENSG00000097033.14;ENST00000370558.8,-0.134943232,0.0194805195,12,isoform,1.0,True,-0.1349432319708258,True
ENST00000482504.1,ENSG00000097033.14,SH3GLB1,protein_coding,SH3GLB1-202,protein_coding,ENSP00000418744.1,ENSG00000097033.14;ENST00000482504.1,0.1689960246,0.0104895105,12,isoform,1.0,True,0.1689960246384378,True
ENST00000215057.7,ENSG00000099326.9,MZF1,protein_coding,MZF1-201,protein_coding,ENSP00000215057.1,ENSG00000099326.9;ENST00000215057.7,0.1000006276,0.038961039,12,isoform,1.0,True,0.1000006276244939,True
ENST00000215730.12,ENSG00000099940.12,SNAP29,protein_coding,SNAP29-201,protein_coding,ENSP00000215730.6,ENSG00000099940.12;ENST00000215730.12,-0.1162391566,0.0174825175,12,isoform,1.0,True,-0.1162391565834514,True
ENST00000437398.5,ENSG00000100014.20,SPECC1L,protein_coding,SPECC1L-204,protein_coding,ENSP00000393363.1,ENSG00000100014.20;ENST00000437398.5,0.1095999314,0.0404595405,12,isoform,1.0,True,0.1095999313706177,True
ENST00000610821.4,ENSG00000100068.13,LRP5L,protein_coding,LRP5L-208,protein_coding,ENSP00000482378.1,ENSG00000100068.13;ENST00000610821.4,-0.1728051312,0.046953047,12,isoform,1.0,True,-0.1728051311515381,True
ENST00000418590.3,ENSG00000100241.21,SBF1,protein_coding,SBF1-204,protein_coding,ENSP00000401538.1,ENSG00000100241.21;ENST00000418590.3,0.1104678102,0.0134865135,12,isoform,1.0,True,0.1104678102326549,True
ENST00000381551.8,ENSG00000100311.17,PDGFB,protein_coding,PDGFB-202,protein_coding,ENSP00000370963.4,ENSG00000100311.17;ENST00000381551.8,0.101764679,0.03996004,12,isoform,1.0,True,0.1017646789626099,True
ENST00000405409.6,ENSG00000100320.23,RBFOX2,protein_coding,RBFOX2-205,protein_coding,ENSP00000384944.2,ENSG00000100320.23;ENST00000405409.6,-0.1199325039,0.0134865135,12,isoform,1.0,True,-0.1199325038733454,True
ENST00000416721.6,ENSG00000100320.23,RBFOX2,protein_coding,RBFOX2-208,protein_coding,ENSP00000405651.2,ENSG00000100320.23;ENST00000416721.6,0.1763424178,0.005994006,12,isoform,1.0,True,0.1763424178450398,True
ENST00000335727.13,ENSG00000100354.21,TNRC6B,protein_coding,TNRC6B-202,protein_coding,ENSP00000338371.8,ENSG00000100354.21;ENST00000335727.13,-0.3655775668,0.011988012,12,isoform,1.0,True,-0.3655775667704792,True
ENST00000402203.5,ENSG00000100354.21,TNRC6B,protein_coding,TNRC6B-203,protein_coding,ENSP00000384795.1,ENSG00000100354.21;ENST00000402203.5,0.2932784841,0.0194805195,12,isoform,1.0,True,0.2932784840563439,True
ENST00000446273.1,ENSG00000100354.21,TNRC6B,protein_coding,TNRC6B-205,protein_coding,ENSP00000409429.1,ENSG00000100354.21;ENST00000446273.1,0.2214868505,0.033966034,12,isoform,1.0,True,0.2214868505056067,True
ENST00000263253.9,ENSG00000100393.14,EP300,protein_coding,EP300-201,protein_coding,ENSP00000263253.7,ENSG00000100393.14;ENST00000263253.9,-0.2129164875,0.010989011,12,isoform,1.0,True,-0.2129164875486089,True
ENST00000674155.1,ENSG00000100393.14,EP300,protein_coding,EP300-212,protein_coding,ENSP00000501078.1,ENSG00000100393.14;ENST00000674155.1,0.2394098918,0.0084915085,12,isoform,1.0,True,0.2394098917711494,True
ENST00000554609.5,ENSG00000100478.15,AP4S1,protein_coding,AP4S1-206,protein_coding,ENSP00000452383.1,ENSG00000100478.15;ENST00000554609.5,0.2028773111,0.023976024,12,isoform,1.0,True,0.2028773111318452,True
ENST00000382043.8,ENSG00000100503.25,NIN,protein_coding,NIN-204,protein_coding,ENSP00000371474.4,ENSG00000100503.25;ENST00000382043.8,0.1901023815,0.0284715285,12,isoform,1.0,True,0.1901023815067922,True
ENST00000357758.3,ENSG00000100523.16,DDHD1,protein_coding,DDHD1-202,protein_coding,ENSP00000350401.3,ENSG00000100523.16;ENST00000357758.3,0.3293629798,0.00999001,12,isoform,1.0,True,0.3293629798179932,True
ENST00000673822.2,ENSG00000100523.16,DDHD1,protein_coding,DDHD1-211,protein_coding,ENSP00000500986.2,ENSG00000100523.16;ENST00000673822.2,-0.2259669163,0.031968032,12,isoform,1.0,True,-0.2259669162634052,True
ENST00000216484.7,ENSG00000100596.7,SPTLC2,protein_coding,SPTLC2-201,protein_coding,ENSP00000216484.2,ENSG00000100596.7;ENST00000216484.7,-0.3191185999,0.001998002,12,isoform,1.0,True,-0.3191185999159066,True
ENST00000554901.1,ENSG00000100596.7,SPTLC2,protein_coding,SPTLC2-203,protein_coding,ENSP00000452189.1,ENSG00000100596.7;ENST00000554901.1,0.2215306115,0.0044955045,12,isoform,1.0,True,0.2215306114512661,True
ENST00000342745.5,ENSG00000100647.8,SUSD6,protein_coding,SUSD6-201,protein_coding,ENSP00000344424.4,ENSG00000100647.8;ENST00000342745.5,0.1590712519,0.0404595405,12,isoform,1.0,True,0.1590712519327043,True
ENST00000556993.1,ENSG00000100647.8,SUSD6,protein_coding,SUSD6-203,retained_intron,,ENSG00000100647.8;ENST00000556993.1,-0.1590712519,0.0404595405,12,isoform,1.0,True,-0.1590712519327043,True
ENST00000554691.5,ENSG00000100731.16,PCNX1,protein_coding,PCNX1-207,protein_coding,ENSP00000451016.1,ENSG00000100731.16;ENST00000554691.5,0.1666585226,0.0144855145,12,isoform,1.0,True,0.1666585225682063,True
ENST00000262238.10,ENSG00000100811.14,YY1,protein_coding,YY1-201,protein_coding,ENSP00000262238.4,ENSG00000100811.14;ENST00000262238.10,-0.205482462,0.000999001,12,isoform,1.0,True,-0.2054824619537049,True
ENST00000267622.8,ENSG00000100815.12,TRIP11,protein_coding,TRIP11-201,protein_coding,ENSP00000267622.4,ENSG00000100815.12;ENST00000267622.8,-0.112042165,0.034965035,12,isoform,1.0,True,-0.1120421650160437,True
ENST00000555105.1,ENSG00000100815.12,TRIP11,protein_coding,TRIP11-203,processed_transcript,,ENSG00000100815.12;ENST00000555105.1,0.1616763897,0.015984016,12,isoform,1.0,True,0.1616763896713348,True
ENST00000557643.1,ENSG00000100852.13,ARHGAP5,protein_coding,ARHGAP5-211,nonsense_mediated_decay,ENSP00000452606.1,ENSG00000100852.13;ENST00000557643.1,0.1274964924,0.0314685315,12,isoform,1.0,True,0.1274964923672815,True
ENST00000216807.12,ENSG00000100916.14,BRMS1L,protein_coding,BRMS1L-201,protein_coding,ENSP00000216807.6,ENSG00000100916.14;ENST00000216807.12,0.1394311522,0.0394605395,12,isoform,1.0,True,0.1394311521972664,True
ENST00000460006.6,ENSG00000101290.14,CDS2,protein_coding,CDS2-203,protein_coding,ENSP00000419879.1,ENSG00000101290.14;ENST00000460006.6,-0.1214355746,0.0224775225,12,isoform,1.0,True,-0.1214355745726861,True
ENST00000574538.2,ENSG00000101574.15,METTL4,protein_coding,METTL4-203,protein_coding,ENSP00000458290.1,ENSG00000101574.15;ENST00000574538.2,-0.1287953119,0.0384615385,12,isoform,1.0,True,-0.128795311880738,True
ENST00000587929.1,ENSG00000101624.11,CEP76,protein_coding,CEP76-206,nonsense_mediated_decay,ENSP00000466833.1,ENSG00000101624.11;ENST00000587929.1,0.1113669388,0.0204795205,12,isoform,1.0,True,0.1113669387931337,True
ENST00000540847.6,ENSG00000101639.18,CEP192,protein_coding,CEP192-212,processed_transcript,,ENSG00000101639.18;ENST00000540847.6,0.1089172307,0.0384615385,12,isoform,1.0,True,0.1089172306688187,True
ENST00000383314.7,ENSG00000101654.18,RNMT,protein_coding,RNMT-202,protein_coding,ENSP00000372804.2,ENSG00000101654.18;ENST00000383314.7,-0.1734129675,0.0134865135,12,isoform,1.0,True,-0.1734129675011438,True
ENST00000592764.5,ENSG00000101654.18,RNMT,protein_coding,RNMT-209,protein_coding,ENSP00000466111.1,ENSG00000101654.18;ENST00000592764.5,0.1119355621,0.0384615385,12,isoform,1.0,True,0.1119355620635068,True
ENST00000541916.5,ENSG00000102531.16,FNDC3A,protein_coding,FNDC3A-206,protein_coding,ENSP00000441831.1,ENSG00000102531.16;ENST00000541916.5,-0.1628965802,0.013986014,12,isoform,1.0,True,-0.1628965802090046,True
ENST00000380615.8,ENSG00000102781.14,KATNAL1,protein_coding,KATNAL1-201,protein_coding,ENSP00000369989.3,ENSG00000102781.14;ENST00000380615.8,-0.204278741,0.00999001,12,isoform,1.0,True,-0.2042787410077775,True
ENST00000380617.7,ENSG00000102781.14,KATNAL1,protein_coding,KATNAL1-202,protein_coding,ENSP00000369991.3,ENSG00000102781.14;ENST00000380617.7,0.2274025046,0.008991009,12,isoform,1.0,True,0.2274025046345796,True
ENST00000469430.5,ENSG00000102786.15,INTS6,protein_coding,INTS6-207,nonsense_mediated_decay,ENSP00000417442.1,ENSG00000102786.15;ENST00000469430.5,0.1107769582,0.0224775225,12,isoform,1.0,True,0.1107769582460377,True
ENST00000426654.6,ENSG00000102908.22,NFAT5,protein_coding,NFAT5-204,nonsense_mediated_decay,ENSP00000413126.2,ENSG00000102908.22;ENST00000426654.6,0.2747771962,0.0144855145,12,isoform,1.0,True,0.2747771961803243,True
ENST00000565423.5,ENSG00000102921.8,N4BP1,protein_coding,N4BP1-204,processed_transcript,,ENSG00000102921.8;ENST00000565423.5,0.1581314414,0.0174825175,12,isoform,1.0,True,0.158131441390615,True
ENST00000219207.10,ENSG00000102934.10,PLLP,protein_coding,PLLP-201,protein_coding,ENSP00000219207.5,ENSG00000102934.10;ENST00000219207.10,0.1917427499,0.0054945055,12,isoform,1.0,True,0.1917427499369586,True
ENST00000564376.1,ENSG00000102934.10,PLLP,protein_coding,PLLP-203,processed_transcript,,ENSG00000102934.10;ENST00000564376.1,-0.2227979228,0.0034965035,12,isoform,1.0,True,-0.222797922808508,True
ENST00000219320.9,ENSG00000103042.9,SLC38A7,protein_coding,SLC38A7-201,protein_coding,ENSP00000219320.3,ENSG00000103042.9;ENST00000219320.9,0.1405903794,0.0194805195,12,isoform,1.0,True,0.1405903794273181,True
ENST00000611875.5,ENSG00000103148.17,NPRL3,protein_coding,NPRL3-211,protein_coding,ENSP00000478273.1,ENSG00000103148.17;ENST00000611875.5,0.1033776788,0.0104895105,12,isoform,1.0,True,0.1033776788100162,True
ENST00000570346.1,ENSG00000103226.18,NOMO3,protein_coding,NOMO3-203,protein_coding,ENSP00000459996.1,ENSG00000103226.18;ENST00000570346.1,0.2286259697,0.0164835165,12,isoform,1.0,True,0.2286259697110263,True
ENST00000570732.1,ENSG00000103226.18,NOMO3,protein_coding,NOMO3-205,retained_intron,,ENSG00000103226.18;ENST00000570732.1,-0.1469410236,0.044955045,12,isoform,1.0,True,-0.1469410236219917,True
ENST00000567139.1,ENSG00000103249.18,CLCN7,protein_coding,CLCN7-211,retained_intron,,ENSG00000103249.18;ENST00000567139.1,-0.1009779841,0.011988012,12,isoform,1.0,True,-0.1009779840539021,True
ENST00000518793.6,ENSG00000103335.22,PIEZO1,protein_coding,PIEZO1-213,protein_coding,ENSP00000456680.1,ENSG00000103335.22;ENST00000518793.6,0.1130143216,0.0014985015,12,isoform,1.0,True,0.1130143215852656,True
ENST00000395878.8,ENSG00000103353.16,UBFD1,protein_coding,UBFD1-201,protein_coding,ENSP00000379217.3,ENSG00000103353.16;ENST00000395878.8,-0.1398973241,0.002997003,12,isoform,1.0,True,-0.139897324080418,True
ENST00000563366.5,ENSG00000103353.16,UBFD1,protein_coding,UBFD1-202,processed_transcript,,ENSG00000103353.16;ENST00000563366.5,0.11998243,0.004995005,12,isoform,1.0,True,0.1199824299550572,True
ENST00000566096.5,ENSG00000103494.14,RPGRIP1L,protein_coding,RPGRIP1L-207,protein_coding,ENSP00000458705.1,ENSG00000103494.14;ENST00000566096.5,0.1077852144,0.0374625375,12,isoform,1.0,True,0.107785214418467,True
ENST00000539683.2,ENSG00000103510.20,KAT8,protein_coding,KAT8-205,retained_intron,,ENSG00000103510.20;ENST00000539683.2,-0.126268894,0.0114885115,12,isoform,1.0,True,-0.1262688939603941,True
ENST00000570264.5,ENSG00000103528.17,SYT17,protein_coding,SYT17-209,protein_coding,ENSP00000456790.1,ENSG00000103528.17;ENST00000570264.5,0.136957632,0.043956044,12,isoform,1.0,True,0.1369576320416491,True
ENST00000394132.7,ENSG00000103852.13,TTC23,protein_coding,TTC23-203,protein_coding,ENSP00000377690.2,ENSG00000103852.13;ENST00000394132.7,-0.1511384348,0.0314685315,12,isoform,1.0,True,-0.1511384348134248,True
ENST00000304330.9,ENSG00000103932.12,RPAP1,protein_coding,RPAP1-201,protein_coding,ENSP00000306123.4,ENSG00000103932.12;ENST00000304330.9,0.1093339289,0.030969031,12,isoform,1.0,True,0.1093339289060627,True
ENST00000450735.7,ENSG00000103942.13,HOMER2,protein_coding,HOMER2-202,protein_coding,ENSP00000407634.2,ENSG00000103942.13;ENST00000450735.7,0.1673846705,0.008991009,12,isoform,1.0,True,0.1673846705216324,True
ENST00000380950.7,ENSG00000103995.14,CEP152,protein_coding,CEP152-202,protein_coding,ENSP00000370337.2,ENSG00000103995.14;ENST00000380950.7,-0.1096120693,0.040959041,12,isoform,1.0,True,-0.1096120693409097,True
ENST00000651945.1,ENSG00000104343.21,UBE2W,protein_coding,UBE2W-209,protein_coding,ENSP00000499153.1,ENSG00000104343.21;ENST00000651945.1,0.1358176753,0.021978022,12,isoform,1.0,True,0.1358176753224816,True
ENST00000352041.7,ENSG00000104368.18,PLAT,protein_coding,PLAT-202,protein_coding,ENSP00000270188.6,ENSG00000104368.18;ENST00000352041.7,0.162978475,0.031968032,12,isoform,1.0,True,0.1629784750489337,True
ENST00000523159.5,ENSG00000104375.17,STK3,protein_coding,STK3-215,processed_transcript,,ENSG00000104375.17;ENST00000523159.5,-0.1070778448,0.041958042,12,isoform,1.0,True,-0.1070778447897009,True
ENST00000321250.13,ENSG00000104660.19,LEPROTL1,protein_coding,LEPROTL1-201,protein_coding,ENSP00000314625.8,ENSG00000104660.19;ENST00000321250.13,-0.1591687653,0.0034965035,12,isoform,1.0,True,-0.1591687652940087,True
ENST00000520682.5,ENSG00000104660.19,LEPROTL1,protein_coding,LEPROTL1-206,protein_coding,ENSP00000429656.1,ENSG00000104660.19;ENST00000520682.5,0.135200167,0.005994006,12,isoform,1.0,True,0.1352001670230483,True
ENST00000265616.10,ENSG00000104691.15,UBXN8,protein_coding,UBXN8-201,protein_coding,ENSP00000479216.1,ENSG00000104691.15;ENST00000265616.10,-0.1226778664,0.0084915085,12,isoform,1.0,True,-0.1226778663720505,True
ENST00000270583.10,ENSG00000104731.14,KLHDC4,protein_coding,KLHDC4-201,protein_coding,ENSP00000270583.4,ENSG00000104731.14;ENST00000270583.10,0.1226829745,0.003996004,12,isoform,1.0,True,0.1226829745094037,True
ENST00000518611.5,ENSG00000104765.16,BNIP3L,protein_coding,BNIP3L-202,protein_coding,ENSP00000429851.1,ENSG00000104765.16;ENST00000518611.5,0.2098938754,0.002997003,12,isoform,1.0,True,0.2098938753733108,True
ENST00000360957.10,ENSG00000104881.16,PPP1R13L,protein_coding,PPP1R13L-201,protein_coding,ENSP00000354218.4,ENSG00000104881.16;ENST00000360957.10,0.1198560431,0.0154845155,12,isoform,1.0,True,0.119856043078201,True
ENST00000482627.1,ENSG00000104953.20,TLE6,protein_coding,TLE6-208,protein_coding,ENSP00000467126.1,ENSG00000104953.20;ENST00000482627.1,0.114975095,0.0134865135,12,isoform,1.0,True,0.1149750949553835,True
ENST00000316763.8,ENSG00000105053.11,VRK3,protein_coding,VRK3-201,protein_coding,ENSP00000324636.2,ENSG00000105053.11;ENST00000316763.8,-0.1174042358,0.0274725275,12,isoform,1.0,True,-0.117404235751303,True
ENST00000269701.7,ENSG00000105127.9,AKAP8,protein_coding,AKAP8-201,protein_coding,ENSP00000269701.1,ENSG00000105127.9;ENST00000269701.7,-0.1179780816,0.0164835165,12,isoform,1.0,True,-0.1179780815654931,True
ENST00000426954.6,ENSG00000105136.21,ZNF419,protein_coding,ZNF419-206,protein_coding,ENSP00000390916.1,ENSG00000105136.21;ENST00000426954.6,0.1698924088,0.027972028,12,isoform,1.0,True,0.1698924088422835,True
ENST00000246802.10,ENSG00000105373.19,NOP53,protein_coding,NOP53-201,protein_coding,ENSP00000246802.4,ENSG00000105373.19;ENST00000246802.10,0.1200380531,0.001998002,12,isoform,1.0,True,0.1200380530674755,True
ENST00000594525.5,ENSG00000105373.19,NOP53,protein_coding,NOP53-203,retained_intron,,ENSG00000105373.19;ENST00000594525.5,-0.1178104495,0.0024975025,12,isoform,1.0,True,-0.1178104494509416,True
ENST00000519332.5,ENSG00000105483.18,CARD8,protein_coding,CARD8-211,protein_coding,ENSP00000430108.1,ENSG00000105483.18;ENST00000519332.5,0.1199080255,0.023976024,12,isoform,1.0,True,0.1199080255440016,True
ENST00000545217.5,ENSG00000105497.8,ZNF175,protein_coding,ZNF175-203,protein_coding,ENSP00000444424.1,ENSG00000105497.8;ENST00000545217.5,0.1808221849,0.044955045,12,isoform,1.0,True,0.1808221848683468,True
ENST00000600460.1,ENSG00000105497.8,ZNF175,protein_coding,ZNF175-205,retained_intron,,ENSG00000105497.8;ENST00000600460.1,-0.2038616305,0.0324675325,12,isoform,1.0,True,-0.2038616305075816,True
ENST00000619835.4,ENSG00000105556.11,MIER2,protein_coding,MIER2-205,protein_coding,ENSP00000482489.2,ENSG00000105556.11;ENST00000619835.4,0.1107309401,0.0364635365,12,isoform,1.0,True,0.1107309401218842,True
ENST00000379656.7,ENSG00000105643.10,ARRDC2,protein_coding,ARRDC2-202,protein_coding,ENSP00000368977.1,ENSG00000105643.10;ENST00000379656.7,0.16595574,0.006993007,12,isoform,1.0,True,0.1659557399716348,True
ENST00000578963.5,ENSG00000105655.19,ISYNA1,protein_coding,ISYNA1-206,protein_coding,ENSP00000475677.1,ENSG00000105655.19;ENST00000578963.5,-0.151051654,0.028971029,12,isoform,1.0,True,-0.1510516539514714,True
ENST00000582287.6,ENSG00000105655.19,ISYNA1,protein_coding,ISYNA1-209,retained_intron,,ENSG00000105655.19;ENST00000582287.6,0.211671852,0.0164835165,12,isoform,1.0,True,0.211671852017458,True
ENST00000520577.1,ENSG00000105808.18,RASA4,protein_coding,RASA4-208,retained_intron,,ENSG00000105808.18;ENST00000520577.1,-0.2044467411,0.0274725275,12,isoform,1.0,True,-0.2044467410888614,True
ENST00000466182.5,ENSG00000105875.14,WDR91,protein_coding,WDR91-204,retained_intron,,ENSG00000105875.14;ENST00000466182.5,-0.1295706798,0.0294705295,12,isoform,1.0,True,-0.1295706797757665,True
ENST00000645220.1,ENSG00000105928.16,GSDME,protein_coding,GSDME-214,protein_coding,ENSP00000494186.1,ENSG00000105928.16;ENST00000645220.1,0.1950334143,0.021978022,12,isoform,1.0,True,0.1950334143322711,True
ENST00000242351.10,ENSG00000105939.13,ZC3HAV1,protein_coding,ZC3HAV1-201,protein_coding,ENSP00000242351.5,ENSG00000105939.13;ENST00000242351.10,-0.1142841956,0.028971029,12,isoform,1.0,True,-0.11428419560008,True
ENST00000460845.5,ENSG00000105939.13,ZC3HAV1,protein_coding,ZC3HAV1-202,protein_coding,ENSP00000420107.1,ENSG00000105939.13;ENST00000460845.5,0.1123549986,0.028971029,12,isoform,1.0,True,0.1123549986025842,True
ENST00000464848.5,ENSG00000105948.13,TTC26,protein_coding,TTC26-203,protein_coding,ENSP00000419279.1,ENSG00000105948.13;ENST00000464848.5,-0.2056147774,0.0134865135,12,isoform,1.0,True,-0.2056147773950778,True
ENST00000222693.5,ENSG00000105971.15,CAV2,protein_coding,CAV2-201,protein_coding,ENSP00000222693.4,ENSG00000105971.15;ENST00000222693.5,-0.1600700662,0.005994006,12,isoform,1.0,True,-0.1600700661602304,True
ENST00000343213.2,ENSG00000105971.15,CAV2,protein_coding,CAV2-202,protein_coding,ENSP00000345679.2,ENSG00000105971.15;ENST00000343213.2,0.1257922904,0.0114885115,12,isoform,1.0,True,0.125792290417516,True
ENST00000395542.6,ENSG00000106078.19,COBL,protein_coding,COBL-203,protein_coding,ENSP00000378912.3,ENSG00000106078.19;ENST00000395542.6,0.1492458182,0.0384615385,12,isoform,1.0,True,0.149245818240847,True
ENST00000482979.5,ENSG00000106261.17,ZKSCAN1,protein_coding,ZKSCAN1-204,retained_intron,,ENSG00000106261.17;ENST00000482979.5,0.125355167,0.0184815185,12,isoform,1.0,True,0.1253551669978939,True
ENST00000222990.8,ENSG00000106266.11,SNX8,protein_coding,SNX8-201,protein_coding,ENSP00000222990.3,ENSG00000106266.11;ENST00000222990.8,-0.2812976654,0.0,12,isoform,0.0,True,-0.28129766540559,True
ENST00000436587.7,ENSG00000106392.11,C1GALT1,protein_coding,C1GALT1-204,protein_coding,ENSP00000389176.2,ENSG00000106392.11;ENST00000436587.7,-0.1239890011,0.011988012,12,isoform,1.0,True,-0.1239890011003096,True
ENST00000463331.5,ENSG00000106404.14,CLDN15,protein_coding,CLDN15-207,retained_intron,,ENSG00000106404.14;ENST00000463331.5,-0.108052692,0.041958042,12,isoform,1.0,True,-0.108052691999619,True
ENST00000675328.1,ENSG00000106477.20,CEP41,protein_coding,CEP41-222,retained_intron,,ENSG00000106477.20;ENST00000675328.1,-0.1311289169,0.0284715285,12,isoform,1.0,True,-0.131128916862513,True
ENST00000341567.8,ENSG00000106609.16,TMEM248,protein_coding,TMEM248-201,protein_coding,ENSP00000340668.4,ENSG00000106609.16;ENST00000341567.8,-0.1465385986,0.0024975025,12,isoform,1.0,True,-0.146538598592758,True
ENST00000433271.6,ENSG00000106609.16,TMEM248,protein_coding,TMEM248-205,nonsense_mediated_decay,ENSP00000405558.2,ENSG00000106609.16;ENST00000433271.6,0.1647965081,0.0014985015,12,isoform,1.0,True,0.1647965080833909,True
ENST00000374586.8,ENSG00000106771.13,TMEM245,protein_coding,TMEM245-201,protein_coding,ENSP00000363714.3,ENSG00000106771.13;ENST00000374586.8,-0.1110519774,0.013986014,12,isoform,1.0,True,-0.1110519774330683,True
ENST00000378357.9,ENSG00000107159.13,CA9,protein_coding,CA9-201,protein_coding,ENSP00000367608.4,ENSG00000107159.13;ENST00000378357.9,-0.106372899,0.036963037,12,isoform,1.0,True,-0.1063728990081751,True
ENST00000438511.5,ENSG00000107186.16,MPDZ,protein_coding,MPDZ-207,protein_coding,ENSP00000415964.1,ENSG00000107186.16;ENST00000438511.5,0.1031416618,0.027972028,12,isoform,1.0,True,0.1031416618098123,True
ENST00000355624.8,ENSG00000107560.12,RAB11FIP2,protein_coding,RAB11FIP2-201,protein_coding,ENSP00000347839.3,ENSG00000107560.12;ENST00000355624.8,0.1557202088,0.047952048,12,isoform,1.0,True,0.1557202087768882,True
ENST00000224784.10,ENSG00000107796.13,ACTA2,protein_coding,ACTA2-201,protein_coding,ENSP00000224784.6,ENSG00000107796.13;ENST00000224784.10,-0.1221625811,0.04995005,12,isoform,1.0,True,-0.1221625811312646,True
ENST00000311916.8,ENSG00000107815.10,TWNK,protein_coding,TWNK-201,protein_coding,ENSP00000309595.2,ENSG00000107815.10;ENST00000311916.8,-0.1153199407,0.018981019,12,isoform,1.0,True,-0.1153199406515655,True
ENST00000315994.6,ENSG00000107957.16,SH3PXD2A,protein_coding,SH3PXD2A-201,processed_transcript,,ENSG00000107957.16;ENST00000315994.6,0.2210406686,0.004995005,12,isoform,1.0,True,0.2210406686470293,True
ENST00000369774.8,ENSG00000107957.16,SH3PXD2A,protein_coding,SH3PXD2A-203,protein_coding,ENSP00000358789.4,ENSG00000107957.16;ENST00000369774.8,-0.2210406686,0.004995005,12,isoform,1.0,True,-0.2210406686470293,True
ENST00000373970.4,ENSG00000107984.10,DKK1,protein_coding,DKK1-201,protein_coding,ENSP00000363081.3,ENSG00000107984.10;ENST00000373970.4,-0.1968462637,0.011988012,12,isoform,1.0,True,-0.1968462637380619,True
ENST00000264658.11,ENSG00000108306.13,FBXL20,protein_coding,FBXL20-201,protein_coding,ENSP00000264658.6,ENSG00000108306.13;ENST00000264658.11,-0.3053339073,0.013986014,12,isoform,1.0,True,-0.3053339072569053,True
ENST00000394294.7,ENSG00000108306.13,FBXL20,protein_coding,FBXL20-202,protein_coding,ENSP00000377832.3,ENSG00000108306.13;ENST00000394294.7,0.2611740911,0.020979021,12,isoform,1.0,True,0.2611740911323528,True
ENST00000340993.10,ENSG00000108423.15,TUBD1,protein_coding,TUBD1-202,protein_coding,ENSP00000342399.5,ENSG00000108423.15;ENST00000340993.10,0.154590437,0.037962038,12,isoform,1.0,True,0.1545904370184197,True
ENST00000443572.6,ENSG00000108443.14,RPS6KB1,protein_coding,RPS6KB1-204,protein_coding,ENSP00000441993.1,ENSG00000108443.14;ENST00000443572.6,0.1166664957,0.02997003,12,isoform,1.0,True,0.1166664957388635,True
ENST00000397786.7,ENSG00000108510.10,MED13,protein_coding,MED13-201,protein_coding,ENSP00000380888.2,ENSG00000108510.10;ENST00000397786.7,-0.1576426151,0.030969031,12,isoform,1.0,True,-0.1576426150592123,True
ENST00000583958.1,ENSG00000108510.10,MED13,protein_coding,MED13-206,protein_coding,ENSP00000464131.1,ENSG00000108510.10;ENST00000583958.1,0.1440710932,0.0374625375,12,isoform,1.0,True,0.1440710932415814,True
ENST00000490419.1,ENSG00000108511.10,HOXB6,protein_coding,HOXB6-204,processed_transcript,,ENSG00000108511.10;ENST00000490419.1,0.1375592498,0.021978022,12,isoform,1.0,True,0.1375592497837719,True
ENST00000586299.1,ENSG00000108669.16,CYTH1,protein_coding,CYTH1-206,retained_intron,,ENSG00000108669.16;ENST00000586299.1,-0.1225372767,0.003996004,12,isoform,1.0,True,-0.1225372767375716,True
ENST00000262065.8,ENSG00000108960.9,MMD,protein_coding,MMD-201,protein_coding,ENSP00000262065.3,ENSG00000108960.9;ENST00000262065.8,-0.1172037948,0.025974026,12,isoform,1.0,True,-0.1172037947669711,True
ENST00000590474.7,ENSG00000108984.15,MAP2K6,protein_coding,MAP2K6-206,protein_coding,ENSP00000468348.1,ENSG00000108984.15;ENST00000590474.7,-0.1057199114,0.021978022,12,isoform,1.0,True,-0.1057199113537934,True
ENST00000513702.5,ENSG00000109133.13,TMEM33,protein_coding,TMEM33-208,protein_coding,ENSP00000427006.1,ENSG00000109133.13;ENST00000513702.5,0.1125401605,0.002997003,12,isoform,1.0,True,0.1125401604619577,True
ENST00000644545.1,ENSG00000109323.11,MANBA,protein_coding,MANBA-209,nonsense_mediated_decay,ENSP00000493992.1,ENSG00000109323.11;ENST00000644545.1,0.2371702568,0.0084915085,12,isoform,1.0,True,0.2371702567735409,True
ENST00000646311.1,ENSG00000109323.11,MANBA,protein_coding,MANBA-213,nonsense_mediated_decay,ENSP00000493465.1,ENSG00000109323.11;ENST00000646311.1,-0.1497993017,0.0214785215,12,isoform,1.0,True,-0.1497993016969352,True
ENST00000226725.11,ENSG00000109466.14,KLHL2,protein_coding,KLHL2-201,protein_coding,ENSP00000226725.6,ENSG00000109466.14;ENST00000226725.11,-0.1191466362,0.047952048,12,isoform,1.0,True,-0.1191466362347035,True
ENST00000226760.5,ENSG00000109501.14,WFS1,protein_coding,WFS1-201,protein_coding,ENSP00000226760.1,ENSG00000109501.14;ENST00000226760.5,0.1019284298,0.0094905095,12,isoform,1.0,True,0.1019284297677449,True
ENST00000394631.7,ENSG00000109534.17,GAR1,protein_coding,GAR1-202,protein_coding,ENSP00000378127.3,ENSG00000109534.17;ENST00000394631.7,-0.2181685043,0.001998002,12,isoform,1.0,True,-0.2181685043183338,True
ENST00000478425.1,ENSG00000109689.17,STIM2,protein_coding,STIM2-208,processed_transcript,,ENSG00000109689.17;ENST00000478425.1,0.1025690765,0.01998002,12,isoform,1.0,True,0.1025690764866383,True
ENST00000263578.10,ENSG00000110074.11,FOXRED1,protein_coding,FOXRED1-201,protein_coding,ENSP00000263578.5,ENSG00000110074.11;ENST00000263578.10,0.1223662079,0.0094905095,12,isoform,1.0,True,0.1223662078562606,True
ENST00000528665.5,ENSG00000110315.7,RNF141,protein_coding,RNF141-202,protein_coding,ENSP00000434320.1,ENSG00000110315.7;ENST00000528665.5,0.1308902292,0.02997003,12,isoform,1.0,True,0.1308902291701296,True
ENST00000290510.10,ENSG00000110811.20,P3H3,protein_coding,P3H3-201,protein_coding,ENSP00000478600.1,ENSG00000110811.20;ENST00000290510.10,-0.1188788234,0.0414585415,12,isoform,1.0,True,-0.1188788234380121,True
ENST00000337174.7,ENSG00000110931.19,CAMKK2,protein_coding,CAMKK2-202,protein_coding,ENSP00000336634.3,ENSG00000110931.19;ENST00000337174.7,0.2139495828,0.00999001,12,isoform,1.0,True,0.2139495828137349,True
ENST00000412367.6,ENSG00000110931.19,CAMKK2,protein_coding,CAMKK2-208,protein_coding,ENSP00000388368.2,ENSG00000110931.19;ENST00000412367.6,-0.118390088,0.0394605395,12,isoform,1.0,True,-0.1183900880060123,True
ENST00000228811.8,ENSG00000111215.12,PRR4,protein_coding,PRR4-201,protein_coding,ENSP00000228811.4,ENSG00000111215.12;ENST00000228811.8,0.1554346364,0.0154845155,12,isoform,1.0,True,0.1554346364499215,True
ENST00000539285.2,ENSG00000111215.12,PRR4,protein_coding,PRR4-203,processed_transcript,,ENSG00000111215.12;ENST00000539285.2,-0.1171854094,0.028971029,12,isoform,1.0,True,-0.1171854094229556,True
ENST00000551007.1,ENSG00000111331.13,OAS3,protein_coding,OAS3-207,protein_coding,ENSP00000449299.1,ENSG00000111331.13;ENST00000551007.1,0.1218011207,0.0424575425,12,isoform,1.0,True,0.121801120727615,True
ENST00000229314.10,ENSG00000111711.10,GOLT1B,protein_coding,GOLT1B-201,protein_coding,ENSP00000229314.4,ENSG00000111711.10;ENST00000229314.10,-0.1096020669,0.012987013,12,isoform,1.0,True,-0.1096020668730833,True
ENST00000540574.5,ENSG00000111752.11,PHC1,protein_coding,PHC1-208,nonsense_mediated_decay,ENSP00000444308.1,ENSG00000111752.11;ENST00000540574.5,0.1552557604,0.0184815185,12,isoform,1.0,True,0.1552557604449007,True
ENST00000367055.8,ENSG00000112096.19,SOD2,protein_coding,SOD2-203,protein_coding,ENSP00000356022.4,ENSG00000112096.19;ENST00000367055.8,0.1006617882,0.013986014,12,isoform,1.0,True,0.1006617882364238,True
ENST00000229971.2,ENSG00000112234.9,FBXL4,protein_coding,FBXL4-201,protein_coding,ENSP00000229971.1,ENSG00000112234.9;ENST00000229971.2,0.1810976555,0.02997003,12,isoform,1.0,True,0.1810976555492142,True
ENST00000369244.7,ENSG00000112234.9,FBXL4,protein_coding,FBXL4-202,protein_coding,ENSP00000358247.1,ENSG00000112234.9;ENST00000369244.7,-0.1810976555,0.02997003,12,isoform,1.0,True,-0.1810976555492144,True
ENST00000346618.8,ENSG00000112242.15,E2F3,protein_coding,E2F3-201,protein_coding,ENSP00000262904.4,ENSG00000112242.15;ENST00000346618.8,0.1174759713,0.018981019,12,isoform,1.0,True,0.11747597131068,True
ENST00000535432.2,ENSG00000112242.15,E2F3,protein_coding,E2F3-202,protein_coding,ENSP00000443418.1,ENSG00000112242.15;ENST00000535432.2,-0.1174759713,0.018981019,12,isoform,1.0,True,-0.11747597131068,True
ENST00000427704.6,ENSG00000112419.14,PHACTR2,protein_coding,PHACTR2-207,protein_coding,ENSP00000391763.2,ENSG00000112419.14;ENST00000427704.6,-0.1429703593,0.046953047,12,isoform,1.0,True,-0.142970359322297,True
ENST00000358871.6,ENSG00000112561.18,TFEB,protein_coding,TFEB-203,protein_coding,ENSP00000351742.2,ENSG00000112561.18;ENST00000358871.6,0.1178435098,0.0244755245,12,isoform,1.0,True,0.1178435098435687,True
ENST00000645749.1,ENSG00000112855.17,HARS2,protein_coding,HARS2-218,protein_coding,ENSP00000494296.1,ENSG00000112855.17;ENST00000645749.1,0.1041740485,0.008991009,12,isoform,1.0,True,0.1041740485272936,True
ENST00000425764.5,ENSG00000112983.18,BRD8,protein_coding,BRD8-206,processed_transcript,,ENSG00000112983.18;ENST00000425764.5,-0.1142421907,0.008991009,12,isoform,1.0,True,-0.114242190663461,True
ENST00000231004.5,ENSG00000113083.14,LOX,protein_coding,LOX-201,protein_coding,ENSP00000231004.4,ENSG00000113083.14;ENST00000231004.5,-0.2230412825,0.014985015,12,isoform,1.0,True,-0.2230412824520589,True
ENST00000539687.5,ENSG00000113140.11,SPARC,protein_coding,SPARC-209,protein_coding,ENSP00000444998.1,ENSG00000113140.11;ENST00000539687.5,0.1995428345,0.0334665335,12,isoform,1.0,True,0.1995428345182932,True
ENST00000519583.5,ENSG00000113240.13,CLK4,protein_coding,CLK4-203,retained_intron,,ENSG00000113240.13;ENST00000519583.5,-0.1288588863,0.017982018,12,isoform,1.0,True,-0.1288588862956702,True
ENST00000514483.5,ENSG00000113356.13,POLR3G,protein_coding,POLR3G-206,protein_coding,ENSP00000425617.1,ENSG00000113356.13;ENST00000514483.5,0.1820578486,0.0044955045,12,isoform,1.0,True,0.1820578485633892,True
ENST00000326958.5,ENSG00000113389.16,NPR3,protein_coding,NPR3-202,protein_coding,ENSP00000318340.2,ENSG00000113389.16;ENST00000326958.5,-0.104720584,0.0134865135,12,isoform,1.0,True,-0.1047205839628955,True
ENST00000231368.10,ENSG00000113441.16,LNPEP,protein_coding,LNPEP-201,protein_coding,ENSP00000231368.5,ENSG00000113441.16;ENST00000231368.10,-0.388385564,0.0014985015,12,isoform,1.0,True,-0.3883855640248448,True
ENST00000395770.3,ENSG00000113441.16,LNPEP,protein_coding,LNPEP-202,protein_coding,ENSP00000379117.3,ENSG00000113441.16;ENST00000395770.3,0.3340334443,0.001998002,12,isoform,1.0,True,0.3340334443488434,True
ENST00000546160.5,ENSG00000113448.19,PDE4D,protein_coding,PDE4D-226,protein_coding,ENSP00000442734.2,ENSG00000113448.19;ENST00000546160.5,-0.114624153,0.012987013,12,isoform,1.0,True,-0.1146241530224271,True
ENST00000231498.8,ENSG00000113569.16,NUP155,protein_coding,NUP155-201,protein_coding,ENSP00000231498.3,ENSG00000113569.16;ENST00000231498.8,-0.1263117219,0.0024975025,12,isoform,1.0,True,-0.1263117219311962,True
ENST00000261308.10,ENSG00000113593.12,PPWD1,protein_coding,PPWD1-201,protein_coding,ENSP00000261308.4,ENSG00000113593.12;ENST00000261308.10,0.153327157,0.011988012,12,isoform,1.0,True,0.1533271570389451,True
ENST00000515151.1,ENSG00000113593.12,PPWD1,protein_coding,PPWD1-212,retained_intron,,ENSG00000113593.12;ENST00000515151.1,-0.1050728285,0.027972028,12,isoform,1.0,True,-0.1050728285161311,True
ENST00000438419.6,ENSG00000113597.18,TRAPPC13,protein_coding,TRAPPC13-204,protein_coding,ENSP00000409231.2,ENSG00000113597.18;ENST00000438419.6,0.1179299006,0.026973027,12,isoform,1.0,True,0.1179299005738427,True
ENST00000398844.7,ENSG00000113615.13,SEC24A,protein_coding,SEC24A-202,protein_coding,ENSP00000381823.2,ENSG00000113615.13;ENST00000398844.7,-0.106678702,0.0254745255,12,isoform,1.0,True,-0.1066787019935109,True
ENST00000337702.5,ENSG00000113638.14,TTC33,protein_coding,TTC33-201,protein_coding,ENSP00000338533.4,ENSG00000113638.14;ENST00000337702.5,-0.1523065517,0.0174825175,12,isoform,1.0,True,-0.1523065517265872,True
ENST00000503936.6,ENSG00000113638.14,TTC33,protein_coding,TTC33-202,processed_transcript,,ENSG00000113638.14;ENST00000503936.6,-0.1102928326,0.024975025,12,isoform,1.0,True,-0.1102928325641171,True
ENST00000504251.6,ENSG00000113638.14,TTC33,protein_coding,TTC33-203,processed_transcript,,ENSG00000113638.14;ENST00000504251.6,0.2555665342,0.0024975025,12,isoform,1.0,True,0.255566534204057,True
ENST00000502717.6,ENSG00000113716.13,HMGXB3,protein_coding,HMGXB3-201,protein_coding,ENSP00000421917.1,ENSG00000113716.13;ENST00000502717.6,0.1316987536,0.007992008,12,isoform,1.0,True,0.1316987536153381,True
ENST00000406870.7,ENSG00000113916.18,BCL6,protein_coding,BCL6-202,protein_coding,ENSP00000384371.2,ENSG00000113916.18;ENST00000406870.7,0.2289891851,0.002997003,12,isoform,1.0,True,0.22898918505151,True
ENST00000496823.1,ENSG00000113916.18,BCL6,protein_coding,BCL6-210,processed_transcript,,ENSG00000113916.18;ENST00000496823.1,-0.1083830955,0.026973027,12,isoform,1.0,True,-0.1083830955013022,True
ENST00000394206.5,ENSG00000113966.10,ARL6,protein_coding,ARL6-202,protein_coding,ENSP00000377756.1,ENSG00000113966.10;ENST00000394206.5,-0.1145083205,0.038961039,12,isoform,1.0,True,-0.1145083204890118,True
ENST00000463745.6,ENSG00000113966.10,ARL6,protein_coding,ARL6-204,protein_coding,ENSP00000419619.1,ENSG00000113966.10;ENST00000463745.6,-0.1465499638,0.0214785215,12,isoform,1.0,True,-0.1465499637860107,True
ENST00000264538.4,ENSG00000114446.5,IFT57,protein_coding,IFT57-201,protein_coding,ENSP00000264538.3,ENSG00000114446.5;ENST00000264538.4,-0.1146380337,0.0124875125,12,isoform,1.0,True,-0.1146380337492766,True
ENST00000232766.6,ENSG00000114648.12,KLHL18,protein_coding,KLHL18-201,protein_coding,ENSP00000232766.5,ENSG00000114648.12;ENST00000232766.6,-0.1227068428,0.013986014,12,isoform,1.0,True,-0.122706842772207,True
ENST00000483201.1,ENSG00000114648.12,KLHL18,protein_coding,KLHL18-206,processed_transcript,,ENSG00000114648.12;ENST00000483201.1,0.1736823907,0.005994006,12,isoform,1.0,True,0.1736823906533752,True
ENST00000443894.1,ENSG00000114735.10,HEMK1,protein_coding,HEMK1-204,protein_coding,ENSP00000404168.1,ENSG00000114735.10;ENST00000443894.1,0.1416347374,0.010989011,12,isoform,1.0,True,0.1416347373943919,True
ENST00000427120.6,ENSG00000114770.17,ABCC5,protein_coding,ABCC5-205,protein_coding,ENSP00000404809.2,ENSG00000114770.17;ENST00000427120.6,-0.1439327085,0.0074925075,12,isoform,1.0,True,-0.143932708510042,True
ENST00000242810.11,ENSG00000114796.16,KLHL24,protein_coding,KLHL24-201,protein_coding,ENSP00000242810.6,ENSG00000114796.16;ENST00000242810.11,-0.2310990761,0.0124875125,12,isoform,1.0,True,-0.2310990760551383,True
ENST00000232974.11,ENSG00000114853.14,ZBTB47,protein_coding,ZBTB47-201,protein_coding,ENSP00000232974.6,ENSG00000114853.14;ENST00000232974.11,-0.1665657249,0.0304695305,12,isoform,1.0,True,-0.1665657248820158,True
ENST00000505904.1,ENSG00000114853.14,ZBTB47,protein_coding,ZBTB47-202,protein_coding,ENSP00000420968.1,ENSG00000114853.14;ENST00000505904.1,0.1665657249,0.0304695305,12,isoform,1.0,True,0.1665657248820156,True
ENST00000429888.5,ENSG00000114857.18,NKTR,protein_coding,NKTR-202,nonsense_mediated_decay,ENSP00000404802.1,ENSG00000114857.18;ENST00000429888.5,0.1203326649,0.0184815185,12,isoform,1.0,True,0.1203326648813847,True
ENST00000396049.5,ENSG00000114978.18,MOB1A,protein_coding,MOB1A-201,protein_coding,ENSP00000379364.3,ENSG00000114978.18;ENST00000396049.5,-0.1222952296,0.0084915085,12,isoform,1.0,True,-0.122295229602252,True
ENST00000497054.5,ENSG00000114978.18,MOB1A,protein_coding,MOB1A-206,processed_transcript,,ENSG00000114978.18;ENST00000497054.5,0.1028409776,0.013986014,12,isoform,1.0,True,0.1028409775570019,True
ENST00000245680.7,ENSG00000115084.15,SLC35F5,protein_coding,SLC35F5-201,protein_coding,ENSP00000245680.2,ENSG00000115084.15;ENST00000245680.7,-0.1566131382,0.0024975025,12,isoform,1.0,True,-0.1566131381759402,True
ENST00000393106.6,ENSG00000115107.20,STEAP3,protein_coding,STEAP3-201,protein_coding,ENSP00000376818.2,ENSG00000115107.20;ENST00000393106.6,0.1055817823,0.0254745255,12,isoform,1.0,True,0.1055817823252036,True
ENST00000534855.5,ENSG00000115137.12,DNAJC27,protein_coding,DNAJC27-207,protein_coding,ENSP00000440086.2,ENSG00000115137.12;ENST00000534855.5,0.4051288075,0.0074925075,12,isoform,1.0,True,0.4051288074807422,True
ENST00000465242.5,ENSG00000115350.12,POLE4,protein_coding,POLE4-203,processed_transcript,,ENSG00000115350.12;ENST00000465242.5,-0.1190124483,0.0034965035,12,isoform,1.0,True,-0.1190124483443689,True
ENST00000483063.2,ENSG00000115350.12,POLE4,protein_coding,POLE4-205,protein_coding,ENSP00000420176.1,ENSG00000115350.12;ENST00000483063.2,0.144250935,0.0014985015,12,isoform,1.0,True,0.1442509350322727,True
ENST00000476734.5,ENSG00000115459.18,ELMOD3,protein_coding,ELMOD3-218,processed_transcript,,ENSG00000115459.18;ENST00000476734.5,0.1145546161,0.0484515485,12,isoform,1.0,True,0.11455461608655,True
ENST00000312912.10,ENSG00000115548.17,KDM3A,protein_coding,KDM3A-201,protein_coding,ENSP00000323659.5,ENSG00000115548.17;ENST00000312912.10,0.114259598,0.031968032,12,isoform,1.0,True,0.1142595979721706,True
ENST00000625239.2,ENSG00000115750.17,TAF1B,protein_coding,TAF1B-211,protein_coding,ENSP00000486572.1,ENSG00000115750.17;ENST00000625239.2,0.173267502,0.0114885115,12,isoform,1.0,True,0.1732675020105611,True
ENST00000495601.1,ENSG00000115947.14,ORC4,protein_coding,ORC4-212,retained_intron,,ENSG00000115947.14;ENST00000495601.1,0.1184999526,0.016983017,12,isoform,1.0,True,0.1184999525922472,True
ENST00000651057.1,ENSG00000116127.19,ALMS1,protein_coding,ALMS1-209,protein_coding,ENSP00000498504.1,ENSG00000116127.19;ENST00000651057.1,0.1678499888,0.035964036,12,isoform,1.0,True,0.1678499888090788,True
ENST00000375847.8,ENSG00000116138.13,DNAJC16,protein_coding,DNAJC16-202,protein_coding,ENSP00000365007.3,ENSG00000116138.13;ENST00000375847.8,0.2794598065,0.0054945055,12,isoform,1.0,True,0.2794598064892453,True
ENST00000402574.5,ENSG00000116141.16,MARK1,protein_coding,MARK1-203,protein_coding,ENSP00000386017.2,ENSG00000116141.16;ENST00000402574.5,0.1765845963,0.024975025,12,isoform,1.0,True,0.1765845962959769,True
ENST00000494279.2,ENSG00000116151.14,MORN1,protein_coding,MORN1-208,protein_coding,ENSP00000476189.1,ENSG00000116151.14;ENST00000494279.2,0.1910602023,0.0074925075,12,isoform,1.0,True,0.1910602023041425,True
ENST00000477248.1,ENSG00000116497.18,S100PBP,protein_coding,S100PBP-206,processed_transcript,,ENSG00000116497.18;ENST00000477248.1,0.110996374,0.0304695305,12,isoform,1.0,True,0.1109963739928828,True
ENST00000360595.7,ENSG00000116604.18,MEF2D,protein_coding,MEF2D-202,protein_coding,ENSP00000353803.3,ENSG00000116604.18;ENST00000360595.7,0.1283665827,0.013986014,12,isoform,1.0,True,0.1283665826618115,True
ENST00000400968.7,ENSG00000116747.13,RO60,protein_coding,RO60-206,protein_coding,ENSP00000383752.2,ENSG00000116747.13;ENST00000400968.7,-0.1316751272,0.015984016,12,isoform,1.0,True,-0.1316751272066701,True
ENST00000432079.5,ENSG00000116747.13,RO60,protein_coding,RO60-208,protein_coding,ENSP00000472298.1,ENSG00000116747.13;ENST00000432079.5,-0.1147286309,0.021978022,12,isoform,1.0,True,-0.1147286308938978,True
ENST00000527974.5,ENSG00000116977.19,LGALS8,protein_coding,LGALS8-222,protein_coding,ENSP00000431398.1,ENSG00000116977.19;ENST00000527974.5,0.1607432887,0.0064935065,12,isoform,1.0,True,0.1607432886598063,True
ENST00000372699.8,ENSG00000117010.17,ZNF684,protein_coding,ZNF684-203,protein_coding,ENSP00000361784.3,ENSG00000117010.17;ENST00000372699.8,-0.1644728378,0.048951049,12,isoform,1.0,True,-0.1644728377863284,True
ENST00000672578.1,ENSG00000117020.18,AKT3,protein_coding,AKT3-214,protein_coding,ENSP00000500597.1,ENSG00000117020.18;ENST00000672578.1,-0.1169393019,0.036963037,12,isoform,1.0,True,-0.1169393019466825,True
ENST00000360066.6,ENSG00000117266.15,CDK18,protein_coding,CDK18-201,protein_coding,ENSP00000353176.2,ENSG00000117266.15;ENST00000360066.6,0.1357183606,0.0214785215,12,isoform,1.0,True,0.1357183605552413,True
ENST00000324862.7,ENSG00000117360.13,PRPF3,protein_coding,PRPF3-201,protein_coding,ENSP00000315379.6,ENSG00000117360.13;ENST00000324862.7,0.1066371199,0.011988012,12,isoform,1.0,True,0.1066371198674316,True
ENST00000482519.1,ENSG00000117533.15,VAMP4,protein_coding,VAMP4-204,processed_transcript,,ENSG00000117533.15;ENST00000482519.1,-0.1268290019,0.0464535465,12,isoform,1.0,True,-0.1268290018968684,True
ENST00000370198.5,ENSG00000117569.19,PTBP2,protein_coding,PTBP2-202,protein_coding,ENSP00000359217.1,ENSG00000117569.19;ENST00000370198.5,-0.2986723251,0.0034965035,12,isoform,1.0,True,-0.2986723250776392,True
ENST00000674951.1,ENSG00000117569.19,PTBP2,protein_coding,PTBP2-213,protein_coding,ENSP00000502818.1,ENSG00000117569.19;ENST00000674951.1,0.1973941741,0.011988012,12,isoform,1.0,True,0.1973941740526915,True
ENST00000525165.5,ENSG00000117682.17,DHDDS,protein_coding,DHDDS-212,protein_coding,ENSP00000434185.1,ENSG00000117682.17;ENST00000525165.5,-0.1072368024,0.0134865135,12,isoform,1.0,True,-0.1072368023779175,True
ENST00000487995.1,ENSG00000117697.15,NSL1,protein_coding,NSL1-205,processed_transcript,,ENSG00000117697.15;ENST00000487995.1,0.1002286783,0.011988012,12,isoform,1.0,True,0.1002286782829463,True
ENST00000598699.1,ENSG00000118162.14,KPTN,protein_coding,KPTN-206,processed_transcript,,ENSG00000118162.14;ENST00000598699.1,0.1502651117,0.0114885115,12,isoform,1.0,True,0.150265111654637,True
ENST00000421199.5,ENSG00000118263.15,KLF7,protein_coding,KLF7-203,protein_coding,ENSP00000387510.1,ENSG00000118263.15;ENST00000421199.5,0.1301544654,0.046953047,12,isoform,1.0,True,0.1301544654285174,True
ENST00000548224.2,ENSG00000118412.13,CASP8AP2,protein_coding,CASP8AP2-204,processed_transcript,,ENSG00000118412.13;ENST00000548224.2,0.106158356,0.0354645355,12,isoform,1.0,True,0.1061583560299139,True
ENST00000393387.5,ENSG00000118482.12,PHF3,protein_coding,PHF3-202,protein_coding,ENSP00000377048.1,ENSG00000118482.12;ENST00000393387.5,0.1011611671,0.048951049,12,isoform,1.0,True,0.101161167067877,True
ENST00000237380.12,ENSG00000118579.13,MED28,protein_coding,MED28-201,protein_coding,ENSP00000237380.6,ENSG00000118579.13;ENST00000237380.12,-0.101998465,0.0144855145,12,isoform,1.0,True,-0.1019984650041661,True
ENST00000358399.8,ENSG00000119125.17,GDA,protein_coding,GDA-202,protein_coding,ENSP00000351170.4,ENSG00000119125.17;ENST00000358399.8,-0.1411189114,0.0,12,isoform,0.0,True,-0.1411189114195642,True
ENST00000453291.1,ENSG00000119402.17,FBXW2,protein_coding,FBXW2-201,protein_coding,ENSP00000398662.1,ENSG00000119402.17;ENST00000453291.1,0.1374027482,0.0034965035,12,isoform,1.0,True,0.1374027481860757,True
ENST00000608872.6,ENSG00000119402.17,FBXW2,protein_coding,FBXW2-205,protein_coding,ENSP00000476369.1,ENSG00000119402.17;ENST00000608872.6,-0.1258959589,0.004995005,12,isoform,1.0,True,-0.1258959589157857,True
ENST00000350259.8,ENSG00000119711.13,ALDH6A1,protein_coding,ALDH6A1-201,protein_coding,ENSP00000342564.4,ENSG00000119711.13;ENST00000350259.8,0.1648943553,0.0314685315,12,isoform,1.0,True,0.164894355250768,True
ENST00000553409.5,ENSG00000119720.18,NRDE2,protein_coding,NRDE2-202,nonsense_mediated_decay,ENSP00000451025.1,ENSG00000119720.18;ENST00000553409.5,0.1044164384,0.044955045,12,isoform,1.0,True,0.104416438399723,True
ENST00000471654.1,ENSG00000119771.15,KLHL29,protein_coding,KLHL29-202,retained_intron,,ENSG00000119771.15;ENST00000471654.1,-0.1330928264,0.0134865135,12,isoform,1.0,True,-0.1330928263680943,True
ENST00000486442.6,ENSG00000119771.15,KLHL29,protein_coding,KLHL29-203,protein_coding,ENSP00000420659.1,ENSG00000119771.15;ENST00000486442.6,0.1437877646,0.0104895105,12,isoform,1.0,True,0.1437877645729197,True
ENST00000380756.7,ENSG00000119772.17,DNMT3A,protein_coding,DNMT3A-204,nonsense_mediated_decay,ENSP00000370132.3,ENSG00000119772.17;ENST00000380756.7,0.1932944173,0.0244755245,12,isoform,1.0,True,0.1932944172921611,True
ENST00000405384.6,ENSG00000119787.14,ATL2,protein_coding,ATL2-203,nonsense_mediated_decay,ENSP00000383944.2,ENSG00000119787.14;ENST00000405384.6,-0.1167475428,0.0064935065,12,isoform,1.0,True,-0.1167475427785411,True
ENST00000238961.9,ENSG00000119906.13,SLF2,protein_coding,SLF2-201,protein_coding,ENSP00000238961.3,ENSG00000119906.13;ENST00000238961.9,-0.1669407392,0.0144855145,12,isoform,1.0,True,-0.1669407391778533,True
ENST00000609386.1,ENSG00000119906.13,SLF2,protein_coding,SLF2-205,protein_coding,ENSP00000476379.1,ENSG00000119906.13;ENST00000609386.1,0.1950769726,0.0094905095,12,isoform,1.0,True,0.1950769726436819,True
ENST00000371327.2,ENSG00000119969.15,HELLS,protein_coding,HELLS-203,protein_coding,ENSP00000360378.1,ENSG00000119969.15;ENST00000371327.2,-0.1588270365,0.0054945055,12,isoform,1.0,True,-0.1588270365297267,True
ENST00000470495.1,ENSG00000120093.11,HOXB3,protein_coding,HOXB3-205,protein_coding,ENSP00000417207.1,ENSG00000120093.11;ENST00000470495.1,-0.1363206477,0.042957043,12,isoform,1.0,True,-0.136320647736358,True
ENST00000552000.2,ENSG00000120093.11,HOXB3,protein_coding,HOXB3-213,processed_transcript,,ENSG00000120093.11;ENST00000552000.2,0.2307476835,0.010989011,12,isoform,1.0,True,0.2307476834908216,True
ENST00000520764.1,ENSG00000120314.18,WDR55,protein_coding,WDR55-205,processed_transcript,,ENSG00000120314.18;ENST00000520764.1,0.1030978421,0.0214785215,12,isoform,1.0,True,0.1030978420669169,True
ENST00000265909.8,ENSG00000120451.10,SNX19,protein_coding,SNX19-201,protein_coding,ENSP00000265909.4,ENSG00000120451.10;ENST00000265909.8,0.1229136626,0.020979021,12,isoform,1.0,True,0.1229136625946076,True
ENST00000527116.5,ENSG00000120451.10,SNX19,protein_coding,SNX19-205,retained_intron,,ENSG00000120451.10;ENST00000527116.5,-0.1232246252,0.0204795205,12,isoform,1.0,True,-0.1232246251542481,True
ENST00000374979.8,ENSG00000120458.13,MSANTD2,protein_coding,MSANTD2-202,protein_coding,ENSP00000364118.3,ENSG00000120458.13;ENST00000374979.8,0.1617598626,0.031968032,12,isoform,1.0,True,0.1617598625500309,True
ENST00000526629.1,ENSG00000120458.13,MSANTD2,protein_coding,MSANTD2-204,protein_coding,ENSP00000435705.1,ENSG00000120458.13;ENST00000526629.1,-0.2715502132,0.0064935065,12,isoform,1.0,True,-0.271550213165163,True
ENST00000352251.8,ENSG00000120685.20,PROSER1,protein_coding,PROSER1-201,protein_coding,ENSP00000332034.4,ENSG00000120685.20;ENST00000352251.8,0.1064066702,0.0274725275,12,isoform,1.0,True,0.1064066701677548,True
ENST00000492646.1,ENSG00000120685.20,PROSER1,protein_coding,PROSER1-206,retained_intron,,ENSG00000120685.20;ENST00000492646.1,-0.111457144,0.0244755245,12,isoform,1.0,True,-0.11145714400082,True
ENST00000239878.9,ENSG00000120686.12,UFM1,protein_coding,UFM1-201,protein_coding,ENSP00000239878.4,ENSG00000120686.12;ENST00000239878.9,0.1157904616,0.017982018,12,isoform,1.0,True,0.1157904616196864,True
ENST00000542866.2,ENSG00000120733.14,KDM3B,protein_coding,KDM3B-209,protein_coding,ENSP00000439462.2,ENSG00000120733.14;ENST00000542866.2,0.1163276441,0.012987013,12,isoform,1.0,True,0.1163276441047981,True
ENST00000527424.6,ENSG00000120925.16,RNF170,protein_coding,RNF170-206,protein_coding,ENSP00000434797.1,ENSG00000120925.16;ENST00000527424.6,-0.1687944108,0.012987013,12,isoform,1.0,True,-0.1687944107543397,True
ENST00000338910.9,ENSG00000121390.19,PSPC1,protein_coding,PSPC1-201,protein_coding,ENSP00000343966.4,ENSG00000121390.19;ENST00000338910.9,-0.1628876538,0.005994006,12,isoform,1.0,True,-0.162887653818389,True
ENST00000619300.4,ENSG00000121390.19,PSPC1,protein_coding,PSPC1-206,protein_coding,ENSP00000481916.1,ENSG00000121390.19;ENST00000619300.4,0.1003810363,0.0174825175,12,isoform,1.0,True,0.1003810363109456,True
ENST00000391703.3,ENSG00000121417.14,ZNF211,protein_coding,ZNF211-205,protein_coding,ENSP00000375584.3,ENSG00000121417.14;ENST00000391703.3,-0.3100989436,0.005994006,12,isoform,1.0,True,-0.3100989436432788,True
ENST00000367509.8,ENSG00000121481.11,RNF2,protein_coding,RNF2-201,protein_coding,ENSP00000356479.4,ENSG00000121481.11;ENST00000367509.8,0.122925715,0.0334665335,12,isoform,1.0,True,0.1229257150329139,True
ENST00000367510.8,ENSG00000121481.11,RNF2,protein_coding,RNF2-202,protein_coding,ENSP00000356480.3,ENSG00000121481.11;ENST00000367510.8,-0.1292714102,0.0314685315,12,isoform,1.0,True,-0.1292714102242133,True
ENST00000452089.5,ENSG00000121716.20,PILRB,protein_coding,PILRB-208,protein_coding,ENSP00000391748.1,ENSG00000121716.20;ENST00000452089.5,0.1017746458,0.0124875125,12,isoform,1.0,True,0.1017746457730755,True
ENST00000485960.6,ENSG00000121749.15,TBC1D15,protein_coding,TBC1D15-210,protein_coding,ENSP00000420678.2,ENSG00000121749.15;ENST00000485960.6,0.1120047468,0.020979021,12,isoform,1.0,True,0.1120047467694062,True
ENST00000497275.5,ENSG00000121769.8,FABP3,protein_coding,FABP3-203,processed_transcript,,ENSG00000121769.8;ENST00000497275.5,0.1321115442,0.012987013,12,isoform,1.0,True,0.1321115442054626,True
ENST00000484866.5,ENSG00000121864.10,ZNF639,protein_coding,ZNF639-206,protein_coding,ENSP00000418766.1,ENSG00000121864.10;ENST00000484866.5,0.1266028708,0.0164835165,12,isoform,1.0,True,0.1266028708491766,True
ENST00000621687.1,ENSG00000121864.10,ZNF639,protein_coding,ZNF639-210,protein_coding,ENSP00000477626.1,ENSG00000121864.10;ENST00000621687.1,-0.1204374142,0.0174825175,12,isoform,1.0,True,-0.120437414189612,True
ENST00000263967.4,ENSG00000121879.6,PIK3CA,protein_coding,PIK3CA-201,protein_coding,ENSP00000263967.3,ENSG00000121879.6;ENST00000263967.4,-0.1361747283,0.0444555445,12,isoform,1.0,True,-0.1361747282588283,True
ENST00000264126.9,ENSG00000121957.15,GPSM2,protein_coding,GPSM2-201,protein_coding,ENSP00000264126.3,ENSG00000121957.15;ENST00000264126.9,-0.1017443093,0.0274725275,12,isoform,1.0,True,-0.1017443093220565,True
ENST00000472452.1,ENSG00000121988.18,ZRANB3,protein_coding,ZRANB3-206,processed_transcript,,ENSG00000121988.18;ENST00000472452.1,0.314070375,0.0084915085,12,isoform,1.0,True,0.3140703750380195,True
ENST00000381120.7,ENSG00000122033.14,MTIF3,protein_coding,MTIF3-202,protein_coding,ENSP00000370512.3,ENSG00000122033.14;ENST00000381120.7,-0.1455431205,0.006993007,12,isoform,1.0,True,-0.1455431205242214,True
ENST00000464753.1,ENSG00000122033.14,MTIF3,protein_coding,MTIF3-206,processed_transcript,,ENSG00000122033.14;ENST00000464753.1,0.1144259438,0.010989011,12,isoform,1.0,True,0.1144259437538015,True
ENST00000357121.5,ENSG00000122126.17,OCRL,protein_coding,OCRL-201,protein_coding,ENSP00000349635.5,ENSG00000122126.17;ENST00000357121.5,0.119636081,0.028971029,12,isoform,1.0,True,0.1196360810173151,True
ENST00000371113.9,ENSG00000122126.17,OCRL,protein_coding,OCRL-202,protein_coding,ENSP00000360154.4,ENSG00000122126.17;ENST00000371113.9,-0.1576430094,0.014985015,12,isoform,1.0,True,-0.1576430093508849,True
ENST00000319715.10,ENSG00000122257.20,RBBP6,protein_coding,RBBP6-201,protein_coding,ENSP00000317872.4,ENSG00000122257.20;ENST00000319715.10,-0.1011867719,0.0144855145,12,isoform,1.0,True,-0.1011867719199667,True
ENST00000372185.5,ENSG00000122378.14,PRXL2A,protein_coding,PRXL2A-202,protein_coding,ENSP00000361259.1,ENSG00000122378.14;ENST00000372185.5,-0.1775737658,0.0044955045,12,isoform,1.0,True,-0.1775737658211151,True
ENST00000372187.9,ENSG00000122378.14,PRXL2A,protein_coding,PRXL2A-203,protein_coding,ENSP00000361261.5,ENSG00000122378.14;ENST00000372187.9,0.2000357211,0.0034965035,12,isoform,1.0,True,0.2000357210984724,True
ENST00000440481.5,ENSG00000122591.12,FAM126A,protein_coding,FAM126A-205,protein_coding,ENSP00000397168.1,ENSG00000122591.12;ENST00000440481.5,-0.1430318329,0.0154845155,12,isoform,1.0,True,-0.1430318329231347,True
ENST00000465661.1,ENSG00000122591.12,FAM126A,protein_coding,FAM126A-206,processed_transcript,,ENSG00000122591.12;ENST00000465661.1,0.1101726893,0.0254745255,12,isoform,1.0,True,0.1101726893014533,True
ENST00000377724.8,ENSG00000122741.16,DCAF10,protein_coding,DCAF10-202,protein_coding,ENSP00000366953.3,ENSG00000122741.16;ENST00000377724.8,-0.1219649815,0.026973027,12,isoform,1.0,True,-0.1219649815198058,True
ENST00000336430.11,ENSG00000123130.17,ACOT9,protein_coding,ACOT9-201,protein_coding,ENSP00000336580.7,ENSG00000123130.17;ENST00000336430.11,0.1417769485,0.003996004,12,isoform,1.0,True,0.1417769485151435,True
ENST00000425834.7,ENSG00000123154.12,WDR83,protein_coding,WDR83-202,nonsense_mediated_decay,ENSP00000396530.3,ENSG00000123154.12;ENST00000425834.7,0.1158888167,0.036963037,12,isoform,1.0,True,0.1158888167165196,True
ENST00000299906.5,ENSG00000123575.9,FAM199X,protein_coding,FAM199X-201,processed_transcript,,ENSG00000123575.9;ENST00000299906.5,0.1299516546,0.0324675325,12,isoform,1.0,True,0.1299516545835281,True
ENST00000493442.2,ENSG00000123575.9,FAM199X,protein_coding,FAM199X-202,protein_coding,ENSP00000417581.1,ENSG00000123575.9;ENST00000493442.2,-0.1299516546,0.0324675325,12,isoform,1.0,True,-0.1299516545835281,True
ENST00000502283.1,ENSG00000123739.11,PLA2G12A,protein_coding,PLA2G12A-202,protein_coding,ENSP00000425274.1,ENSG00000123739.11;ENST00000502283.1,0.214283153,0.005994006,12,isoform,1.0,True,0.2142831530134413,True
ENST00000367080.8,ENSG00000123836.15,PFKFB2,protein_coding,PFKFB2-202,protein_coding,ENSP00000356047.3,ENSG00000123836.15;ENST00000367080.8,-0.1223724904,0.0324675325,12,isoform,1.0,True,-0.1223724903855858,True
ENST00000220592.10,ENSG00000123908.12,AGO2,protein_coding,AGO2-201,protein_coding,ENSP00000220592.5,ENSG00000123908.12;ENST00000220592.10,-0.4433568346,0.000999001,12,isoform,1.0,True,-0.4433568346040553,True
ENST00000523609.5,ENSG00000123908.12,AGO2,protein_coding,AGO2-209,nonsense_mediated_decay,ENSP00000430164.1,ENSG00000123908.12;ENST00000523609.5,0.4465206901,0.000999001,12,isoform,1.0,True,0.4465206900734144,True
ENST00000373972.5,ENSG00000123992.19,DNPEP,protein_coding,DNPEP-205,protein_coding,ENSP00000363083.1,ENSG00000123992.19;ENST00000373972.5,0.1551857663,0.008991009,12,isoform,1.0,True,0.1551857663255397,True
ENST00000491381.6,ENSG00000124104.19,SNX21,protein_coding,SNX21-212,protein_coding,ENSP00000418593.1,ENSG00000124104.19;ENST00000491381.6,0.1196628831,0.0454545455,12,isoform,1.0,True,0.119662883100204,True
ENST00000371752.5,ENSG00000124201.15,ZNFX1,protein_coding,ZNFX1-202,protein_coding,ENSP00000360817.1,ENSG00000124201.15;ENST00000371752.5,0.2883428265,0.002997003,12,isoform,1.0,True,0.2883428265388884,True
ENST00000396105.6,ENSG00000124201.15,ZNFX1,protein_coding,ZNFX1-204,protein_coding,ENSP00000379412.1,ENSG00000124201.15;ENST00000396105.6,-0.2751451762,0.002997003,12,isoform,1.0,True,-0.2751451761739655,True
ENST00000371030.3,ENSG00000124203.6,ZNF831,protein_coding,ZNF831-201,protein_coding,ENSP00000360069.2,ENSG00000124203.6;ENST00000371030.3,-0.2752034925,0.003996004,12,isoform,1.0,True,-0.2752034924885536,True
ENST00000637017.1,ENSG00000124203.6,ZNF831,protein_coding,ZNF831-203,protein_coding,ENSP00000490240.1,ENSG00000124203.6;ENST00000637017.1,0.2752034925,0.003996004,12,isoform,1.0,True,0.2752034924885537,True
ENST00000379262.8,ENSG00000124523.16,SIRT5,protein_coding,SIRT5-203,protein_coding,ENSP00000368564.4,ENSG00000124523.16;ENST00000379262.8,-0.134746377,0.030969031,12,isoform,1.0,True,-0.1347463770282229,True
ENST00000505344.1,ENSG00000124574.15,ABCC10,protein_coding,ABCC10-210,protein_coding,ENSP00000422699.1,ENSG00000124574.15;ENST00000505344.1,0.263717276,0.0094905095,12,isoform,1.0,True,0.2637172759664106,True
ENST00000335515.10,ENSG00000124593.16,AL365205.1,protein_coding,AL365205.1-203,nonsense_mediated_decay,ENSP00000335185.6,ENSG00000124593.16;ENST00000335515.10,0.1354563205,0.0414585415,12,isoform,1.0,True,0.1354563205179405,True
ENST00000436367.6,ENSG00000124788.19,ATXN1,protein_coding,ATXN1-202,protein_coding,ENSP00000416360.1,ENSG00000124788.19;ENST00000436367.6,-0.2449942468,0.014985015,12,isoform,1.0,True,-0.2449942468147115,True
ENST00000498374.1,ENSG00000124788.19,ATXN1,protein_coding,ATXN1-210,processed_transcript,,ENSG00000124788.19;ENST00000498374.1,0.1371441151,0.04995005,12,isoform,1.0,True,0.1371441150800539,True
ENST00000264601.8,ENSG00000124839.13,RAB17,protein_coding,RAB17-201,protein_coding,ENSP00000264601.3,ENSG00000124839.13;ENST00000264601.8,0.1060976984,0.0264735265,12,isoform,1.0,True,0.1060976984060808,True
ENST00000371120.7,ENSG00000125703.15,ATG4C,protein_coding,ATG4C-203,protein_coding,ENSP00000360161.3,ENSG00000125703.15;ENST00000371120.7,0.1438060081,0.0354645355,12,isoform,1.0,True,0.1438060080867845,True
ENST00000610403.4,ENSG00000125844.16,RRBP1,protein_coding,RRBP1-210,protein_coding,ENSP00000479709.1,ENSG00000125844.16;ENST00000610403.4,0.1295252567,0.004995005,12,isoform,1.0,True,0.1295252566856102,True
ENST00000354200.5,ENSG00000125875.14,TBC1D20,protein_coding,TBC1D20-201,protein_coding,ENSP00000346139.4,ENSG00000125875.14;ENST00000354200.5,0.1718253239,0.018981019,12,isoform,1.0,True,0.1718253238769197,True
ENST00000494633.1,ENSG00000125875.14,TBC1D20,protein_coding,TBC1D20-204,processed_transcript,,ENSG00000125875.14;ENST00000494633.1,-0.194270859,0.0124875125,12,isoform,1.0,True,-0.1942708590331123,True
ENST00000378896.7,ENSG00000125885.13,MCM8,protein_coding,MCM8-204,protein_coding,ENSP00000368174.3,ENSG00000125885.13;ENST00000378896.7,0.1385598173,0.0204795205,12,isoform,1.0,True,0.1385598172901801,True
ENST00000610722.4,ENSG00000125885.13,MCM8,protein_coding,MCM8-205,protein_coding,ENSP00000478141.1,ENSG00000125885.13;ENST00000610722.4,-0.1389531896,0.0204795205,12,isoform,1.0,True,-0.1389531895827411,True
ENST00000246314.10,ENSG00000126070.20,AGO3,protein_coding,AGO3-201,protein_coding,ENSP00000246314.6,ENSG00000126070.20;ENST00000246314.10,0.1433384804,0.0324675325,12,isoform,1.0,True,0.1433384803827328,True
ENST00000373191.9,ENSG00000126070.20,AGO3,protein_coding,AGO3-203,protein_coding,ENSP00000362287.3,ENSG00000126070.20;ENST00000373191.9,-0.1837220514,0.01998002,12,isoform,1.0,True,-0.1837220514435306,True
ENST00000347631.8,ENSG00000126091.21,ST3GAL3,protein_coding,ST3GAL3-205,protein_coding,ENSP00000317192.6,ENSG00000126091.21;ENST00000347631.8,0.2053127718,0.013986014,12,isoform,1.0,True,0.2053127717876735,True
ENST00000372235.7,ENSG00000126106.14,TMEM53,protein_coding,TMEM53-201,protein_coding,ENSP00000361309.3,ENSG00000126106.14;ENST00000372235.7,-0.1083355716,0.045954046,12,isoform,1.0,True,-0.1083355715908366,True
ENST00000372244.3,ENSG00000126106.14,TMEM53,protein_coding,TMEM53-205,protein_coding,ENSP00000361318.3,ENSG00000126106.14;ENST00000372244.3,0.1253279065,0.0374625375,12,isoform,1.0,True,0.1253279064781302,True
ENST00000372168.7,ENSG00000126107.15,HECTD3,protein_coding,HECTD3-201,protein_coding,ENSP00000361241.3,ENSG00000126107.15;ENST00000372168.7,0.16568912,0.0084915085,12,isoform,1.0,True,0.1656891200261917,True
ENST00000247026.10,ENSG00000126653.18,NSRP1,protein_coding,NSRP1-201,protein_coding,ENSP00000247026.5,ENSG00000126653.18;ENST00000247026.10,0.1179302013,0.0174825175,12,isoform,1.0,True,0.1179302012587796,True
ENST00000484731.2,ENSG00000126822.17,PLEKHG3,protein_coding,PLEKHG3-204,protein_coding,ENSP00000450973.1,ENSG00000126822.17;ENST00000484731.2,-0.2348769447,0.005994006,12,isoform,1.0,True,-0.2348769446936135,True
ENST00000483497.6,ENSG00000126883.17,NUP214,protein_coding,NUP214-208,protein_coding,ENSP00000436793.1,ENSG00000126883.17;ENST00000483497.6,0.1109710997,0.0194805195,12,isoform,1.0,True,0.1109710996670611,True
ENST00000375522.1,ENSG00000127080.10,IPPK,protein_coding,IPPK-202,protein_coding,ENSP00000364672.1,ENSG00000127080.10;ENST00000375522.1,0.1283338477,0.0164835165,12,isoform,1.0,True,0.1283338477464771,True
ENST00000417413.7,ENSG00000127328.22,RAB3IP,protein_coding,RAB3IP-205,nonsense_mediated_decay,ENSP00000436304.2,ENSG00000127328.22;ENST00000417413.7,0.1746656343,0.0124875125,12,isoform,1.0,True,0.1746656342540184,True
ENST00000344096.4,ENSG00000127334.11,DYRK2,protein_coding,DYRK2-202,protein_coding,ENSP00000342105.4,ENSG00000127334.11;ENST00000344096.4,-0.1571552182,0.0384615385,12,isoform,1.0,True,-0.1571552182044769,True
ENST00000586073.1,ENSG00000127452.9,FBXL12,protein_coding,FBXL12-203,protein_coding,ENSP00000465439.1,ENSG00000127452.9;ENST00000586073.1,-0.1057088052,0.0424575425,12,isoform,1.0,True,-0.1057088052000237,True
ENST00000486515.1,ENSG00000127481.15,UBR4,protein_coding,UBR4-214,processed_transcript,,ENSG00000127481.15;ENST00000486515.1,0.125878085,0.003996004,12,isoform,1.0,True,0.1258780850192337,True
ENST00000265732.10,ENSG00000127993.16,RBM48,protein_coding,RBM48-201,protein_coding,ENSP00000265732.5,ENSG00000127993.16;ENST00000265732.10,0.1429518012,0.0394605395,12,isoform,1.0,True,0.1429518011664396,True
ENST00000358502.10,ENSG00000128335.14,APOL2,protein_coding,APOL2-202,protein_coding,ENSP00000351292.5,ENSG00000128335.14;ENST00000358502.10,0.1722151312,0.0094905095,12,isoform,1.0,True,0.1722151312051132,True
ENST00000451256.6,ENSG00000128335.14,APOL2,protein_coding,APOL2-203,protein_coding,ENSP00000403153.2,ENSG00000128335.14;ENST00000451256.6,-0.1483070902,0.0114885115,12,isoform,1.0,True,-0.148307090167763,True
ENST00000411938.1,ENSG00000128534.8,LSM8,protein_coding,LSM8-202,protein_coding,ENSP00000408267.1,ENSG00000128534.8;ENST00000411938.1,0.1016442248,0.0154845155,12,isoform,1.0,True,0.1016442248494868,True
ENST00000249344.7,ENSG00000128578.10,STRIP2,protein_coding,STRIP2-201,protein_coding,ENSP00000249344.2,ENSG00000128578.10;ENST00000249344.7,-0.1056966474,0.0484515485,12,isoform,1.0,True,-0.1056966473624921,True
ENST00000352689.11,ENSG00000128585.18,MKLN1,protein_coding,MKLN1-201,protein_coding,ENSP00000323527.6,ENSG00000128585.18;ENST00000352689.11,-0.1702857418,0.0074925075,12,isoform,1.0,True,-0.1702857418216222,True
ENST00000458153.5,ENSG00000128585.18,MKLN1,protein_coding,MKLN1-206,nonsense_mediated_decay,ENSP00000407705.1,ENSG00000128585.18;ENST00000458153.5,0.1038870405,0.0264735265,12,isoform,1.0,True,0.1038870405024517,True
ENST00000563945.1,ENSG00000128731.18,HERC2,protein_coding,HERC2-204,processed_transcript,,ENSG00000128731.18;ENST00000563945.1,0.104819424,0.010989011,12,isoform,1.0,True,0.104819423981078,True
ENST00000249806.11,ENSG00000128973.13,CLN6,protein_coding,CLN6-201,protein_coding,ENSP00000249806.5,ENSG00000128973.13;ENST00000249806.11,0.1236537058,0.006993007,12,isoform,1.0,True,0.1236537057679573,True
ENST00000249822.9,ENSG00000128989.11,ARPP19,protein_coding,ARPP19-201,protein_coding,ENSP00000249822.4,ENSG00000128989.11;ENST00000249822.9,-0.1256649436,0.008991009,12,isoform,1.0,True,-0.125664943576934,True
ENST00000503362.2,ENSG00000129128.13,SPCS3,protein_coding,SPCS3-201,protein_coding,ENSP00000427463.1,ENSG00000129128.13;ENST00000503362.2,-0.1753223739,0.000999001,12,isoform,1.0,True,-0.1753223738772304,True
ENST00000513139.1,ENSG00000129128.13,SPCS3,protein_coding,SPCS3-204,retained_intron,,ENSG00000129128.13;ENST00000513139.1,0.1790216106,0.0004995005,12,isoform,1.0,True,0.1790216106454172,True
ENST00000527884.5,ENSG00000129173.13,E2F8,protein_coding,E2F8-202,protein_coding,ENSP00000434199.1,ENSG00000129173.13;ENST00000527884.5,0.2030304473,0.0254745255,12,isoform,1.0,True,0.2030304473115402,True
ENST00000344862.9,ENSG00000129317.14,PUS7L,protein_coding,PUS7L-201,protein_coding,ENSP00000343081.5,ENSG00000129317.14;ENST00000344862.9,-0.3586783467,0.0054945055,12,isoform,1.0,True,-0.3586783466768383,True
ENST00000416848.6,ENSG00000129317.14,PUS7L,protein_coding,PUS7L-202,protein_coding,ENSP00000415899.2,ENSG00000129317.14;ENST00000416848.6,0.2162084363,0.025974026,12,isoform,1.0,True,0.2162084362890631,True
ENST00000262102.10,ENSG00000129422.14,MTUS1,protein_coding,MTUS1-201,protein_coding,ENSP00000262102.6,ENSG00000129422.14;ENST00000262102.10,-0.1455810991,0.022977023,12,isoform,1.0,True,-0.1455810991053148,True
ENST00000544260.3,ENSG00000129422.14,MTUS1,protein_coding,MTUS1-228,protein_coding,ENSP00000445738.1,ENSG00000129422.14;ENST00000544260.3,0.2041094753,0.00999001,12,isoform,1.0,True,0.2041094753305918,True
ENST00000382464.6,ENSG00000129493.15,HEATR5A,protein_coding,HEATR5A-201,protein_coding,ENSP00000371903.2,ENSG00000129493.15;ENST00000382464.6,0.1423115426,0.0044955045,12,isoform,1.0,True,0.1423115425736141,True
ENST00000553215.5,ENSG00000129521.15,EGLN3,protein_coding,EGLN3-209,protein_coding,ENSP00000447470.1,ENSG00000129521.15;ENST00000553215.5,0.1618782469,0.0224775225,12,isoform,1.0,True,0.1618782468574219,True
ENST00000379638.9,ENSG00000129625.13,REEP5,protein_coding,REEP5-202,protein_coding,ENSP00000368959.4,ENSG00000129625.13;ENST00000379638.9,-0.1375133151,0.0024975025,12,isoform,1.0,True,-0.1375133151322991,True
ENST00000436233.9,ENSG00000129657.16,SEC14L1,protein_coding,SEC14L1-204,protein_coding,ENSP00000390392.3,ENSG00000129657.16;ENST00000436233.9,-0.1270208401,0.014985015,12,isoform,1.0,True,-0.1270208400954501,True
ENST00000675367.1,ENSG00000129667.13,RHBDF2,protein_coding,RHBDF2-220,protein_coding,ENSP00000501790.1,ENSG00000129667.13;ENST00000675367.1,0.1511563283,0.0274725275,12,isoform,1.0,True,0.1511563282721142,True
ENST00000612128.1,ENSG00000130024.15,PHF10,protein_coding,PHF10-205,protein_coding,ENSP00000479515.1,ENSG00000130024.15;ENST00000612128.1,-0.116308942,0.007992008,12,isoform,1.0,True,-0.1163089420465784,True
ENST00000380492.8,ENSG00000130150.12,MOSPD2,protein_coding,MOSPD2-201,protein_coding,ENSP00000369860.3,ENSG00000130150.12;ENST00000380492.8,-0.1230661026,0.0494505495,12,isoform,1.0,True,-0.1230661025503458,True
ENST00000592176.1,ENSG00000130208.9,APOC1,protein_coding,APOC1-207,nonsense_mediated_decay,ENSP00000466227.1,ENSG00000130208.9;ENST00000592176.1,0.1777591475,0.032967033,12,isoform,1.0,True,0.1777591474715203,True
ENST00000252602.1,ENSG00000130312.6,MRPL34,protein_coding,MRPL34-201,protein_coding,ENSP00000252602.1,ENSG00000130312.6;ENST00000252602.1,-0.1689710031,0.001998002,12,isoform,1.0,True,-0.1689710030918491,True
ENST00000369044.1,ENSG00000130348.11,QRSL1,protein_coding,QRSL1-201,protein_coding,ENSP00000358040.1,ENSG00000130348.11;ENST00000369044.1,-0.1031863424,0.045954046,12,isoform,1.0,True,-0.1031863424178902,True
ENST00000594568.1,ENSG00000130529.16,TRPM4,protein_coding,TRPM4-203,retained_intron,,ENSG00000130529.16;ENST00000594568.1,-0.1443951678,0.048951049,12,isoform,1.0,True,-0.1443951678367744,True
ENST00000252971.11,ENSG00000130675.15,MNX1,protein_coding,MNX1-201,protein_coding,ENSP00000252971.5,ENSG00000130675.15;ENST00000252971.11,0.1817391948,0.0164835165,12,isoform,1.0,True,0.1817391947576765,True
ENST00000252979.6,ENSG00000130684.14,ZNF337,protein_coding,ZNF337-201,protein_coding,ENSP00000252979.5,ENSG00000130684.14;ENST00000252979.6,0.2181037401,0.020979021,12,isoform,1.0,True,0.2181037400944686,True
ENST00000376436.5,ENSG00000130684.14,ZNF337,protein_coding,ZNF337-202,protein_coding,ENSP00000365619.1,ENSG00000130684.14;ENST00000376436.5,-0.2492326021,0.015984016,12,isoform,1.0,True,-0.249232602097383,True
ENST00000644702.1,ENSG00000130703.17,OSBPL2,protein_coding,OSBPL2-221,protein_coding,ENSP00000494264.1,ENSG00000130703.17;ENST00000644702.1,0.1420115846,0.006993007,12,isoform,1.0,True,0.1420115846484692,True
ENST00000372358.10,ENSG00000130713.16,EXOSC2,protein_coding,EXOSC2-204,protein_coding,ENSP00000361433.5,ENSG00000130713.16;ENST00000372358.10,0.1154340438,0.006993007,12,isoform,1.0,True,0.1154340438281157,True
ENST00000253458.12,ENSG00000131149.19,GSE1,protein_coding,GSE1-201,protein_coding,ENSP00000253458.6,ENSG00000131149.19;ENST00000253458.12,0.1244756233,0.0164835165,12,isoform,1.0,True,0.1244756232568097,True
ENST00000253692.11,ENSG00000131374.14,TBC1D5,protein_coding,TBC1D5-201,protein_coding,ENSP00000253692.6,ENSG00000131374.14;ENST00000253692.11,0.1157586844,0.0384615385,12,isoform,1.0,True,0.1157586843540828,True
ENST00000254190.4,ENSG00000131873.7,CHSY1,protein_coding,CHSY1-201,protein_coding,ENSP00000254190.3,ENSG00000131873.7;ENST00000254190.4,0.1167078708,0.0454545455,12,isoform,1.0,True,0.1167078708432218,True
ENST00000254616.11,ENSG00000132286.12,TIMM10B,protein_coding,TIMM10B-201,protein_coding,ENSP00000254616.6,ENSG00000132286.12;ENST00000254616.11,-0.128267393,0.004995005,12,isoform,1.0,True,-0.1282673929821006,True
ENST00000649520.1,ENSG00000132535.21,DLG4,protein_coding,DLG4-221,protein_coding,ENSP00000497647.1,ENSG00000132535.21;ENST00000649520.1,0.2226455164,0.0054945055,12,isoform,1.0,True,0.2226455164019714,True
ENST00000304886.6,ENSG00000132639.13,SNAP25,protein_coding,SNAP25-202,protein_coding,ENSP00000307341.2,ENSG00000132639.13;ENST00000304886.6,0.2121773823,0.0064935065,12,isoform,1.0,True,0.2121773823067297,True
ENST00000497558.5,ENSG00000133114.18,GPALPP1,protein_coding,GPALPP1-206,nonsense_mediated_decay,ENSP00000432500.1,ENSG00000133114.18;ENST00000497558.5,-0.1571266487,0.0294705295,12,isoform,1.0,True,-0.1571266487165372,True
ENST00000611650.1,ENSG00000133114.18,GPALPP1,protein_coding,GPALPP1-207,protein_coding,ENSP00000480028.1,ENSG00000133114.18;ENST00000611650.1,0.1426615432,0.0314685315,12,isoform,1.0,True,0.1426615432462574,True
ENST00000445196.5,ENSG00000133247.14,KMT5C,protein_coding,KMT5C-203,nonsense_mediated_decay,ENSP00000397296.1,ENSG00000133247.14;ENST00000445196.5,0.1847384479,0.001998002,12,isoform,1.0,True,0.1847384478622405,True
ENST00000265140.10,ENSG00000133302.13,SLF1,protein_coding,SLF1-201,protein_coding,ENSP00000265140.5,ENSG00000133302.13;ENST00000265140.10,-0.1287565472,0.0014985015,12,isoform,1.0,True,-0.1287565472385324,True
ENST00000450932.2,ENSG00000133302.13,SLF1,protein_coding,SLF1-202,retained_intron,,ENSG00000133302.13;ENST00000450932.2,0.1452134474,0.000999001,12,isoform,1.0,True,0.1452134473919591,True
ENST00000372281.8,ENSG00000133678.14,TMEM254,protein_coding,TMEM254-205,protein_coding,ENSP00000361355.3,ENSG00000133678.14;ENST00000372281.8,-0.1345690685,0.017982018,12,isoform,1.0,True,-0.1345690684637538,True
ENST00000539277.6,ENSG00000133687.16,TMTC1,protein_coding,TMTC1-203,protein_coding,ENSP00000442046.1,ENSG00000133687.16;ENST00000539277.6,-0.2033903894,0.004995005,12,isoform,1.0,True,-0.2033903894418343,True
ENST00000551659.5,ENSG00000133687.16,TMTC1,protein_coding,TMTC1-206,protein_coding,ENSP00000448112.1,ENSG00000133687.16;ENST00000551659.5,0.1435136405,0.012987013,12,isoform,1.0,True,0.1435136404681691,True
ENST00000529587.1,ENSG00000133812.16,SBF2,protein_coding,SBF2-209,retained_intron,,ENSG00000133812.16;ENST00000529587.1,-0.1079266604,0.0464535465,12,isoform,1.0,True,-0.1079266604021282,True
ENST00000256649.9,ENSG00000134253.10,TRIM45,protein_coding,TRIM45-201,protein_coding,ENSP00000256649.4,ENSG00000134253.10;ENST00000256649.9,-0.1923899396,0.0214785215,12,isoform,1.0,True,-0.19238993964525,True
ENST00000357172.9,ENSG00000134255.14,CEPT1,protein_coding,CEPT1-201,protein_coding,ENSP00000349696.4,ENSG00000134255.14;ENST00000357172.9,0.1096917633,0.0214785215,12,isoform,1.0,True,0.1096917632851001,True
ENST00000550765.6,ENSG00000134285.11,FKBP11,protein_coding,FKBP11-208,protein_coding,ENSP00000449751.1,ENSG00000134285.11;ENST00000550765.6,0.1428739617,0.0144855145,12,isoform,1.0,True,0.1428739616833135,True
ENST00000553027.1,ENSG00000134285.11,FKBP11,protein_coding,FKBP11-213,retained_intron,,ENSG00000134285.11;ENST00000553027.1,-0.1387654433,0.0164835165,12,isoform,1.0,True,-0.1387654433299174,True
ENST00000256682.9,ENSG00000134287.10,ARF3,protein_coding,ARF3-201,protein_coding,ENSP00000256682.4,ENSG00000134287.10;ENST00000256682.9,-0.2416852476,0.001998002,12,isoform,1.0,True,-0.2416852475908665,True
ENST00000447318.6,ENSG00000134287.10,ARF3,protein_coding,ARF3-202,protein_coding,ENSP00000395370.2,ENSG00000134287.10;ENST00000447318.6,0.126689476,0.0044955045,12,isoform,1.0,True,0.1266894760331992,True
ENST00000541959.5,ENSG00000134287.10,ARF3,protein_coding,ARF3-208,protein_coding,ENSP00000438510.1,ENSG00000134287.10;ENST00000541959.5,0.1356007101,0.003996004,12,isoform,1.0,True,0.1356007100854219,True
ENST00000367435.5,ENSG00000134371.14,CDC73,protein_coding,CDC73-201,protein_coding,ENSP00000356405.4,ENSG00000134371.14;ENST00000367435.5,-0.125997952,0.0154845155,12,isoform,1.0,True,-0.1259979520433106,True
ENST00000398130.6,ENSG00000134444.15,RELCH,protein_coding,RELCH-202,protein_coding,ENSP00000381198.2,ENSG00000134444.15;ENST00000398130.6,-0.1114462279,0.046953047,12,isoform,1.0,True,-0.111446227869199,True
ENST00000447291.5,ENSG00000134470.21,IL15RA,protein_coding,IL15RA-212,protein_coding,ENSP00000405128.1,ENSG00000134470.21;ENST00000447291.5,-0.108853906,0.021978022,12,isoform,1.0,True,-0.1088539060417817,True
ENST00000477053.5,ENSG00000134490.14,TMEM241,protein_coding,TMEM241-205,nonsense_mediated_decay,ENSP00000437280.1,ENSG00000134490.14;ENST00000477053.5,0.1050306691,0.041958042,12,isoform,1.0,True,0.1050306690969757,True
ENST00000513710.3,ENSG00000134987.11,WDR36,protein_coding,WDR36-204,protein_coding,ENSP00000424628.3,ENSG00000134987.11;ENST00000513710.3,0.2040756258,0.0014985015,12,isoform,1.0,True,0.2040756257636394,True
ENST00000612402.4,ENSG00000134987.11,WDR36,protein_coding,WDR36-206,protein_coding,ENSP00000479950.1,ENSG00000134987.11;ENST00000612402.4,-0.1526882168,0.007992008,12,isoform,1.0,True,-0.1526882167605613,True
ENST00000257548.10,ENSG00000135093.13,USP30,protein_coding,USP30-201,protein_coding,ENSP00000257548.5,ENSG00000135093.13;ENST00000257548.10,0.1463020461,0.033966034,12,isoform,1.0,True,0.1463020461243783,True
ENST00000331242.12,ENSG00000135164.19,DMTF1,protein_coding,DMTF1-201,protein_coding,ENSP00000332171.7,ENSG00000135164.19;ENST00000331242.12,0.1235390781,0.0104895105,12,isoform,1.0,True,0.1235390780638718,True
ENST00000369622.8,ENSG00000135316.18,SYNCRIP,protein_coding,SYNCRIP-202,protein_coding,ENSP00000358635.3,ENSG00000135316.18;ENST00000369622.8,0.110072109,0.003996004,12,isoform,1.0,True,0.110072108969359,True
ENST00000479630.1,ENSG00000135341.18,MAP3K7,protein_coding,MAP3K7-206,processed_transcript,,ENSG00000135341.18;ENST00000479630.1,-0.1331566058,0.0224775225,12,isoform,1.0,True,-0.1331566057959006,True
ENST00000367663.8,ENSG00000135597.19,REPS1,protein_coding,REPS1-202,protein_coding,ENSP00000356635.4,ENSG00000135597.19;ENST00000367663.8,0.1373154289,0.0244755245,12,isoform,1.0,True,0.137315428853333,True
ENST00000357877.7,ENSG00000135622.13,SEMA4F,protein_coding,SEMA4F-202,protein_coding,ENSP00000350547.2,ENSG00000135622.13;ENST00000357877.7,-0.1505104917,0.0404595405,12,isoform,1.0,True,-0.1505104917096871,True
ENST00000258157.9,ENSG00000135686.13,KLHL36,protein_coding,KLHL36-201,protein_coding,ENSP00000258157.5,ENSG00000135686.13;ENST00000258157.9,0.1677627014,0.01998002,12,isoform,1.0,True,0.1677627014352697,True
ENST00000518148.1,ENSG00000135722.9,FBXL8,protein_coding,FBXL8-203,protein_coding,ENSP00000464169.1,ENSG00000135722.9;ENST00000518148.1,-0.1057237762,0.035964036,12,isoform,1.0,True,-0.1057237762199837,True
ENST00000367607.8,ENSG00000135837.16,CEP350,protein_coding,CEP350-202,protein_coding,ENSP00000356579.3,ENSG00000135837.16;ENST00000367607.8,-0.1396028425,0.038961039,12,isoform,1.0,True,-0.1396028424762961,True
ENST00000258399.8,ENSG00000135913.11,USP37,protein_coding,USP37-201,protein_coding,ENSP00000258399.3,ENSG00000135913.11;ENST00000258399.8,-0.3361722219,0.0084915085,12,isoform,1.0,True,-0.3361722218525725,True
ENST00000338465.5,ENSG00000135913.11,USP37,protein_coding,USP37-202,protein_coding,ENSP00000345043.5,ENSG00000135913.11;ENST00000338465.5,0.3120229456,0.00999001,12,isoform,1.0,True,0.3120229455936362,True
ENST00000496253.1,ENSG00000135953.11,MFSD9,protein_coding,MFSD9-208,processed_transcript,,ENSG00000135953.11;ENST00000496253.1,0.1704165968,0.0374625375,12,isoform,1.0,True,0.170416596849988,True
ENST00000635101.1,ENSG00000136021.19,SCYL2,protein_coding,SCYL2-211,protein_coding,ENSP00000489123.1,ENSG00000136021.19;ENST00000635101.1,0.1218844748,0.026973027,12,isoform,1.0,True,0.1218844747763427,True
ENST00000390667.11,ENSG00000136122.18,BORA,protein_coding,BORA-202,protein_coding,ENSP00000375082.6,ENSG00000136122.18;ENST00000390667.11,-0.1021144015,0.036963037,12,isoform,1.0,True,-0.1021144014520937,True
ENST00000651376.1,ENSG00000136122.18,BORA,protein_coding,BORA-207,nonsense_mediated_decay,ENSP00000499159.1,ENSG00000136122.18;ENST00000651376.1,0.1040323263,0.0364635365,12,isoform,1.0,True,0.1040323263170385,True
ENST00000378302.7,ENSG00000136144.12,RCBTB1,protein_coding,RCBTB1-202,protein_coding,ENSP00000367552.2,ENSG00000136144.12;ENST00000378302.7,0.2080934386,0.0164835165,12,isoform,1.0,True,0.2080934386496877,True
ENST00000378319.8,ENSG00000136147.18,PHF11,protein_coding,PHF11-202,protein_coding,ENSP00000367570.3,ENSG00000136147.18;ENST00000378319.8,0.2116069149,0.0124875125,12,isoform,1.0,True,0.2116069149044614,True
ENST00000349995.10,ENSG00000136152.15,COG3,protein_coding,COG3-201,protein_coding,ENSP00000258654.8,ENSG00000136152.15;ENST00000349995.10,-0.2495351316,0.0034965035,12,isoform,1.0,True,-0.2495351315937106,True
ENST00000426291.5,ENSG00000136244.12,IL6,protein_coding,IL6-207,protein_coding,ENSP00000405150.1,ENSG00000136244.12;ENST00000426291.5,-0.2915088755,0.0064935065,12,isoform,1.0,True,-0.2915088754875842,True
ENST00000431926.6,ENSG00000136485.15,DCAF7,protein_coding,DCAF7-202,nonsense_mediated_decay,ENSP00000402312.2,ENSG00000136485.15;ENST00000431926.6,0.1862120761,0.003996004,12,isoform,1.0,True,0.1862120761381038,True
ENST00000614556.5,ENSG00000136485.15,DCAF7,protein_coding,DCAF7-205,protein_coding,ENSP00000483236.1,ENSG00000136485.15;ENST00000614556.5,-0.1841644843,0.0044955045,12,isoform,1.0,True,-0.1841644842791849,True
ENST00000259119.9,ENSG00000136603.14,SKIL,protein_coding,SKIL-201,protein_coding,ENSP00000259119.4,ENSG00000136603.14;ENST00000259119.9,-0.2579226587,0.003996004,12,isoform,1.0,True,-0.2579226586629281,True
ENST00000465590.1,ENSG00000136603.14,SKIL,protein_coding,SKIL-205,processed_transcript,,ENSG00000136603.14;ENST00000465590.1,0.1596200367,0.0194805195,12,isoform,1.0,True,0.1596200367432473,True
ENST00000259253.11,ENSG00000136731.13,UGGT1,protein_coding,UGGT1-201,protein_coding,ENSP00000259253.6,ENSG00000136731.13;ENST00000259253.11,-0.1293531029,0.0084915085,12,isoform,1.0,True,-0.1293531029381379,True
ENST00000377500.1,ENSG00000136738.15,STAM,protein_coding,STAM-201,protein_coding,ENSP00000366721.1,ENSG00000136738.15;ENST00000377500.1,-0.1106328469,0.035964036,12,isoform,1.0,True,-0.1106328468692211,True
ENST00000438723.1,ENSG00000136828.19,RALGPS1,protein_coding,RALGPS1-209,protein_coding,ENSP00000404021.1,ENSG00000136828.19;ENST00000438723.1,-0.1759351916,0.025974026,12,isoform,1.0,True,-0.1759351916463572,True
ENST00000259400.11,ENSG00000136874.11,STX17,protein_coding,STX17-201,protein_coding,ENSP00000259400.6,ENSG00000136874.11;ENST00000259400.11,-0.2047139362,0.006993007,12,isoform,1.0,True,-0.2047139361533911,True
ENST00000534052.1,ENSG00000136874.11,STX17,protein_coding,STX17-212,protein_coding,ENSP00000433484.1,ENSG00000136874.11;ENST00000534052.1,0.206674356,0.006993007,12,isoform,1.0,True,0.206674356017376,True
ENST00000341170.5,ENSG00000136925.15,TSTD2,protein_coding,TSTD2-201,protein_coding,ENSP00000342499.4,ENSG00000136925.15;ENST00000341170.5,0.1553697153,0.028971029,12,isoform,1.0,True,0.1553697152894031,True
ENST00000259874.6,ENSG00000137331.12,IER3,protein_coding,IER3-201,protein_coding,ENSP00000259874.5,ENSG00000137331.12;ENST00000259874.6,-0.1141760836,0.0014985015,12,isoform,1.0,True,-0.1141760835880392,True
ENST00000376377.2,ENSG00000137331.12,IER3,protein_coding,IER3-202,protein_coding,ENSP00000365557.2,ENSG00000137331.12;ENST00000376377.2,0.1141760836,0.0014985015,12,isoform,1.0,True,0.1141760835880393,True
ENST00000372978.7,ENSG00000137413.16,TAF8,protein_coding,TAF8-202,protein_coding,ENSP00000362069.3,ENSG00000137413.16;ENST00000372978.7,0.1299496626,0.017982018,12,isoform,1.0,True,0.1299496626111979,True
ENST00000260056.6,ENSG00000137502.10,RAB30,protein_coding,RAB30-201,protein_coding,ENSP00000260056.2,ENSG00000137502.10;ENST00000260056.6,0.1152219302,0.026973027,12,isoform,1.0,True,0.1152219301584236,True
ENST00000527633.6,ENSG00000137502.10,RAB30,protein_coding,RAB30-205,protein_coding,ENSP00000435089.1,ENSG00000137502.10;ENST00000527633.6,-0.2764030963,0.0034965035,12,isoform,1.0,True,-0.2764030963387572,True
ENST00000534141.5,ENSG00000137502.10,RAB30,protein_coding,RAB30-214,protein_coding,ENSP00000434974.1,ENSG00000137502.10;ENST00000534141.5,0.1589023501,0.0144855145,12,isoform,1.0,True,0.1589023501313117,True
ENST00000439128.6,ENSG00000137601.17,NEK1,protein_coding,NEK1-201,protein_coding,ENSP00000408020.2,ENSG00000137601.17;ENST00000439128.6,-0.1676755593,0.048951049,12,isoform,1.0,True,-0.1676755592891407,True
ENST00000511633.5,ENSG00000137601.17,NEK1,protein_coding,NEK1-207,protein_coding,ENSP00000423332.1,ENSG00000137601.17;ENST00000511633.5,0.1902793235,0.0424575425,12,isoform,1.0,True,0.1902793234851978,True
ENST00000393100.3,ENSG00000137760.15,ALKBH8,protein_coding,ALKBH8-203,nonsense_mediated_decay,ENSP00000376812.3,ENSG00000137760.15;ENST00000393100.3,-0.1678967009,0.043956044,12,isoform,1.0,True,-0.167896700850079,True
ENST00000260327.9,ENSG00000137770.14,CTDSPL2,protein_coding,CTDSPL2-201,protein_coding,ENSP00000260327.4,ENSG00000137770.14;ENST00000260327.9,-0.1552137894,0.014985015,12,isoform,1.0,True,-0.155213789393258,True
ENST00000457542.7,ENSG00000137802.14,MAPKBP1,protein_coding,MAPKBP1-202,protein_coding,ENSP00000397570.2,ENSG00000137802.14;ENST00000457542.7,0.2232855741,0.010989011,12,isoform,1.0,True,0.2232855741371208,True
ENST00000379983.6,ENSG00000137831.15,UACA,protein_coding,UACA-202,protein_coding,ENSP00000369319.2,ENSG00000137831.15;ENST00000379983.6,-0.1410942457,0.03996004,12,isoform,1.0,True,-0.1410942456873805,True
ENST00000288840.10,ENSG00000137834.15,SMAD6,protein_coding,SMAD6-201,protein_coding,ENSP00000288840.5,ENSG00000137834.15;ENST00000288840.10,0.1227055406,0.01998002,12,isoform,1.0,True,0.1227055405854865,True
ENST00000559352.1,ENSG00000137871.20,ZNF280D,protein_coding,ZNF280D-207,protein_coding,ENSP00000453912.1,ENSG00000137871.20;ENST00000559352.1,0.2226940649,0.011988012,12,isoform,1.0,True,0.2226940649007912,True
ENST00000260506.12,ENSG00000137942.16,FNBP1L,protein_coding,FNBP1L-201,protein_coding,ENSP00000260506.8,ENSG00000137942.16;ENST00000260506.12,-0.1172624993,0.0494505495,12,isoform,1.0,True,-0.1172624993427631,True
ENST00000370253.6,ENSG00000137942.16,FNBP1L,protein_coding,FNBP1L-203,protein_coding,ENSP00000359275.2,ENSG00000137942.16;ENST00000370253.6,0.1472445596,0.0284715285,12,isoform,1.0,True,0.1472445595979849,True
ENST00000260599.10,ENSG00000138030.13,KHK,protein_coding,KHK-202,protein_coding,ENSP00000260599.6,ENSG00000138030.13;ENST00000260599.10,0.2641188694,0.008991009,12,isoform,1.0,True,0.264118869390191,True
ENST00000464371.1,ENSG00000138030.13,KHK,protein_coding,KHK-204,retained_intron,,ENSG00000138030.13;ENST00000464371.1,-0.1821700876,0.020979021,12,isoform,1.0,True,-0.1821700875650617,True
ENST00000378727.8,ENSG00000138050.15,THUMPD2,protein_coding,THUMPD2-201,nonsense_mediated_decay,ENSP00000368001.4,ENSG00000138050.15;ENST00000378727.8,0.1267930859,0.0254745255,12,isoform,1.0,True,0.1267930858674139,True
ENST00000497476.5,ENSG00000138101.18,DTNB,protein_coding,DTNB-229,processed_transcript,,ENSG00000138101.18;ENST00000497476.5,0.2070219905,0.0074925075,12,isoform,1.0,True,0.2070219905481043,True
ENST00000359263.9,ENSG00000138119.17,MYOF,protein_coding,MYOF-202,protein_coding,ENSP00000352208.4,ENSG00000138119.17;ENST00000359263.9,-0.1039251049,0.0124875125,12,isoform,1.0,True,-0.1039251048561354,True
ENST00000368997.7,ENSG00000138162.19,TACC2,protein_coding,TACC2-205,retained_intron,,ENSG00000138162.19;ENST00000368997.7,-0.1085239801,0.033966034,12,isoform,1.0,True,-0.1085239800983837,True
ENST00000260743.10,ENSG00000138172.11,CALHM2,protein_coding,CALHM2-201,protein_coding,ENSP00000260743.5,ENSG00000138172.11;ENST00000260743.10,0.24938935,0.015984016,12,isoform,1.0,True,0.2493893499998039,True
ENST00000369788.7,ENSG00000138172.11,CALHM2,protein_coding,CALHM2-202,protein_coding,ENSP00000358803.3,ENSG00000138172.11;ENST00000369788.7,-0.2533566932,0.015984016,12,isoform,1.0,True,-0.2533566931791223,True
ENST00000354393.6,ENSG00000138347.16,MYPN,protein_coding,MYPN-201,protein_coding,ENSP00000346369.2,ENSG00000138347.16;ENST00000354393.6,0.1190204567,0.0134865135,12,isoform,1.0,True,0.1190204566668137,True
ENST00000441061.5,ENSG00000138443.17,ABI2,protein_coding,ABI2-218,nonsense_mediated_decay,ENSP00000410509.2,ENSG00000138443.17;ENST00000441061.5,0.1092743341,0.0224775225,12,isoform,1.0,True,0.1092743340835119,True
ENST00000261847.7,ENSG00000138593.9,SECISBP2L,protein_coding,SECISBP2L-201,protein_coding,ENSP00000261847.3,ENSG00000138593.9;ENST00000261847.7,0.139823522,0.0374625375,12,isoform,1.0,True,0.1398235220413795,True
ENST00000559798.2,ENSG00000138604.10,GLCE,protein_coding,GLCE-204,processed_transcript,,ENSG00000138604.10;ENST00000559798.2,0.1641835764,0.013986014,12,isoform,1.0,True,0.1641835764358647,True
ENST00000608478.1,ENSG00000138685.16,FGF2,protein_coding,FGF2-202,protein_coding,ENSP00000477134.1,ENSG00000138685.16;ENST00000608478.1,0.2451050831,0.0084915085,12,isoform,1.0,True,0.2451050831189711,True
ENST00000335016.9,ENSG00000138756.17,BMP2K,protein_coding,BMP2K-201,protein_coding,ENSP00000334836.5,ENSG00000138756.17;ENST00000335016.9,0.1500500115,0.0374625375,12,isoform,1.0,True,0.1500500115464272,True
ENST00000266483.7,ENSG00000139133.7,ALG10,protein_coding,ALG10-201,protein_coding,ENSP00000266483.2,ENSG00000139133.7;ENST00000266483.7,-0.1736233064,0.0094905095,12,isoform,1.0,True,-0.1736233064272005,True
ENST00000266517.9,ENSG00000139163.16,ETNK1,protein_coding,ETNK1-201,protein_coding,ENSP00000266517.4,ENSG00000139163.16;ENST00000266517.9,-0.2739646258,0.0024975025,12,isoform,1.0,True,-0.2739646257964374,True
ENST00000671733.1,ENSG00000139163.16,ETNK1,protein_coding,ETNK1-207,protein_coding,ENSP00000500633.1,ENSG00000139163.16;ENST00000671733.1,0.1910021964,0.0074925075,12,isoform,1.0,True,0.1910021964432194,True
ENST00000266546.11,ENSG00000139182.15,CLSTN3,protein_coding,CLSTN3-201,protein_coding,ENSP00000266546.6,ENSG00000139182.15;ENST00000266546.11,0.2471433937,0.0034965035,12,isoform,1.0,True,0.2471433937153663,True
ENST00000537408.1,ENSG00000139182.15,CLSTN3,protein_coding,CLSTN3-207,retained_intron,,ENSG00000139182.15;ENST00000537408.1,-0.113169937,0.025974026,12,isoform,1.0,True,-0.1131699370119558,True
ENST00000361716.7,ENSG00000139190.16,VAMP1,protein_coding,VAMP1-201,protein_coding,ENSP00000355122.3,ENSG00000139190.16;ENST00000361716.7,-0.1610197528,0.0154845155,12,isoform,1.0,True,-0.1610197527941571,True
ENST00000369367.8,ENSG00000139218.18,SCAF11,protein_coding,SCAF11-202,protein_coding,ENSP00000358374.3,ENSG00000139218.18;ENST00000369367.8,-0.1145537049,0.0114885115,12,isoform,1.0,True,-0.1145537049479144,True
ENST00000381736.8,ENSG00000139496.16,NUP58,protein_coding,NUP58-202,protein_coding,ENSP00000371155.3,ENSG00000139496.16;ENST00000381736.8,0.1038716065,0.016983017,12,isoform,1.0,True,0.1038716065252176,True
ENST00000267229.11,ENSG00000139746.16,RBM26,protein_coding,RBM26-201,protein_coding,ENSP00000267229.7,ENSG00000139746.16;ENST00000267229.11,0.1022541961,0.028971029,12,isoform,1.0,True,0.1022541961156303,True
ENST00000449987.6,ENSG00000139746.16,RBM26,protein_coding,RBM26-204,protein_coding,ENSP00000401474.2,ENSG00000139746.16;ENST00000449987.6,-0.1137523056,0.0244755245,12,isoform,1.0,True,-0.1137523056224638,True
ENST00000326039.3,ENSG00000139835.14,GRTP1,protein_coding,GRTP1-201,protein_coding,ENSP00000321850.3,ENSG00000139835.14;ENST00000326039.3,-0.1494236186,0.0124875125,12,isoform,1.0,True,-0.1494236186076259,True
ENST00000487137.6,ENSG00000139880.19,CDH24,protein_coding,CDH24-204,protein_coding,ENSP00000434821.2,ENSG00000139880.19;ENST00000487137.6,0.1459540381,0.0204795205,12,isoform,1.0,True,0.1459540381391663,True
ENST00000298406.6,ENSG00000139977.14,NAA30,protein_coding,NAA30-201,protein_coding,ENSP00000298406.6,ENSG00000139977.14;ENST00000298406.6,-0.189626895,0.0254745255,12,isoform,1.0,True,-0.1896268950217325,True
ENST00000555166.5,ENSG00000139977.14,NAA30,protein_coding,NAA30-203,protein_coding,ENSP00000450939.1,ENSG00000139977.14;ENST00000555166.5,0.1956000836,0.0234765235,12,isoform,1.0,True,0.1956000835826916,True
ENST00000267568.8,ENSG00000140043.11,PTGR2,protein_coding,PTGR2-201,protein_coding,ENSP00000267568.4,ENSG00000140043.11;ENST00000267568.8,0.1253917182,0.0224775225,12,isoform,1.0,True,0.1253917181530713,True
ENST00000559718.1,ENSG00000140455.17,USP3,protein_coding,USP3-214,retained_intron,,ENSG00000140455.17;ENST00000559718.1,-0.1401412826,0.020979021,12,isoform,1.0,True,-0.1401412826162095,True
ENST00000570276.5,ENSG00000140474.14,ULK3,protein_coding,ULK3-222,retained_intron,,ENSG00000140474.14;ENST00000570276.5,0.1493453359,0.004995005,12,isoform,1.0,True,0.1493453358925314,True
ENST00000268150.13,ENSG00000140545.15,MFGE8,protein_coding,MFGE8-201,protein_coding,ENSP00000268150.8,ENSG00000140545.15;ENST00000268150.13,0.1246982087,0.0184815185,12,isoform,1.0,True,0.124698208688752,True
ENST00000268184.11,ENSG00000140577.16,CRTC3,protein_coding,CRTC3-201,protein_coding,ENSP00000268184.6,ENSG00000140577.16;ENST00000268184.11,0.1001360643,0.010989011,12,isoform,1.0,True,0.1001360642644808,True
ENST00000268483.8,ENSG00000140830.9,TXNL4B,protein_coding,TXNL4B-201,protein_coding,ENSP00000268483.3,ENSG00000140830.9;ENST00000268483.8,-0.140986066,0.012987013,12,isoform,1.0,True,-0.1409860659601438,True
ENST00000562153.5,ENSG00000140830.9,TXNL4B,protein_coding,TXNL4B-204,protein_coding,ENSP00000454635.1,ENSG00000140830.9;ENST00000562153.5,0.1795296861,0.0054945055,12,isoform,1.0,True,0.1795296861101143,True
ENST00000269033.7,ENSG00000141298.19,SSH2,protein_coding,SSH2-201,protein_coding,ENSP00000269033.3,ENSG00000141298.19;ENST00000269033.7,-0.1381291538,0.0224775225,12,isoform,1.0,True,-0.1381291537658439,True
ENST00000590654.1,ENSG00000141429.13,GALNT1,protein_coding,GALNT1-204,nonsense_mediated_decay,ENSP00000465452.1,ENSG00000141429.13;ENST00000590654.1,-0.1400215761,0.0104895105,12,isoform,1.0,True,-0.1400215761237876,True
ENST00000572083.5,ENSG00000141519.15,CCDC40,protein_coding,CCDC40-206,retained_intron,,ENSG00000141519.15;ENST00000572083.5,-0.1692456225,0.0224775225,12,isoform,1.0,True,-0.1692456224602324,True
ENST00000269373.11,ENSG00000141560.15,FN3KRP,protein_coding,FN3KRP-201,protein_coding,ENSP00000269373.6,ENSG00000141560.15;ENST00000269373.11,-0.1219500197,0.0034965035,12,isoform,1.0,True,-0.1219500196877071,True
ENST00000306801.8,ENSG00000141564.15,RPTOR,protein_coding,RPTOR-201,protein_coding,ENSP00000307272.3,ENSG00000141564.15;ENST00000306801.8,-0.1351288325,0.012987013,12,isoform,1.0,True,-0.1351288325253119,True
ENST00000575542.5,ENSG00000141564.15,RPTOR,protein_coding,RPTOR-209,processed_transcript,,ENSG00000141564.15;ENST00000575542.5,0.1026970137,0.01998002,12,isoform,1.0,True,0.1026970136545437,True
ENST00000588745.5,ENSG00000141646.14,SMAD4,protein_coding,SMAD4-205,protein_coding,ENSP00000464901.1,ENSG00000141646.14;ENST00000588745.5,0.1100856285,0.0204795205,12,isoform,1.0,True,0.1100856284520604,True
ENST00000586834.1,ENSG00000141664.10,ZCCHC2,protein_coding,ZCCHC2-204,protein_coding,ENSP00000464791.1,ENSG00000141664.10;ENST00000586834.1,-0.1838934648,0.0224775225,12,isoform,1.0,True,-0.1838934648403942,True
ENST00000532837.5,ENSG00000142082.15,SIRT3,protein_coding,SIRT3-214,nonsense_mediated_decay,ENSP00000433899.1,ENSG00000142082.15;ENST00000532837.5,0.1312704819,0.0184815185,12,isoform,1.0,True,0.1312704818673357,True
ENST00000270139.8,ENSG00000142166.13,IFNAR1,protein_coding,IFNAR1-201,protein_coding,ENSP00000270139.3,ENSG00000142166.13;ENST00000270139.8,-0.1110277423,0.0174825175,12,isoform,1.0,True,-0.1110277423456906,True
ENST00000672160.1,ENSG00000142235.11,LMTK3,protein_coding,LMTK3-207,protein_coding,ENSP00000500093.1,ENSG00000142235.11;ENST00000672160.1,-0.1100971529,0.0264735265,12,isoform,1.0,True,-0.1100971528557666,True
ENST00000270328.8,ENSG00000142303.14,ADAMTS10,protein_coding,ADAMTS10-201,protein_coding,ENSP00000270328.4,ENSG00000142303.14;ENST00000270328.8,-0.1047584747,0.0144855145,12,isoform,1.0,True,-0.1047584746510384,True
ENST00000597188.6,ENSG00000142303.14,ADAMTS10,protein_coding,ADAMTS10-211,protein_coding,ENSP00000471851.1,ENSG00000142303.14;ENST00000597188.6,0.1298123127,0.008991009,12,isoform,1.0,True,0.1298123127257199,True
ENST00000464985.5,ENSG00000142583.18,SLC2A5,protein_coding,SLC2A5-203,protein_coding,ENSP00000467840.1,ENSG00000142583.18;ENST00000464985.5,0.4320932441,0.0064935065,12,isoform,1.0,True,0.4320932440536101,True
ENST00000377464.5,ENSG00000142599.19,RERE,protein_coding,RERE-202,protein_coding,ENSP00000366684.1,ENSG00000142599.19;ENST00000377464.5,0.1395181482,0.036963037,12,isoform,1.0,True,0.1395181481998401,True
ENST00000374135.9,ENSG00000142751.15,GPN2,protein_coding,GPN2-202,protein_coding,ENSP00000363250.3,ENSG00000142751.15;ENST00000374135.9,-0.1471706574,0.0044955045,12,isoform,1.0,True,-0.1471706573687156,True
ENST00000431781.2,ENSG00000142751.15,GPN2,protein_coding,GPN2-203,protein_coding,ENSP00000408257.2,ENSG00000142751.15;ENST00000431781.2,0.1347245095,0.0054945055,12,isoform,1.0,True,0.1347245094920379,True
ENST00000361771.7,ENSG00000142784.16,WDTC1,protein_coding,WDTC1-202,protein_coding,ENSP00000355317.3,ENSG00000142784.16;ENST00000361771.7,0.1309343981,0.0284715285,12,isoform,1.0,True,0.1309343980612331,True
ENST00000370812.8,ENSG00000142892.15,PIGK,protein_coding,PIGK-202,protein_coding,ENSP00000359848.3,ENSG00000142892.15;ENST00000370812.8,-0.1030025029,0.017982018,12,isoform,1.0,True,-0.1030025029213097,True
ENST00000487906.5,ENSG00000142892.15,PIGK,protein_coding,PIGK-205,nonsense_mediated_decay,ENSP00000474518.1,ENSG00000142892.15;ENST00000487906.5,0.1150915098,0.0144855145,12,isoform,1.0,True,0.1150915097630705,True
ENST00000370303.4,ENSG00000143033.18,MTF2,protein_coding,MTF2-202,protein_coding,ENSP00000359326.4,ENSG00000143033.18;ENST00000370303.4,0.1195082658,0.027972028,12,isoform,1.0,True,0.1195082658006418,True
ENST00000368873.5,ENSG00000143393.16,PI4KB,protein_coding,PI4KB-202,protein_coding,ENSP00000357867.1,ENSG00000143393.16;ENST00000368873.5,-0.1083027192,0.011988012,12,isoform,1.0,True,-0.1083027192369732,True
ENST00000529142.5,ENSG00000143393.16,PI4KB,protein_coding,PI4KB-213,protein_coding,ENSP00000433149.1,ENSG00000143393.16;ENST00000529142.5,0.1490191623,0.002997003,12,isoform,1.0,True,0.1490191622944723,True
ENST00000533461.5,ENSG00000143442.22,POGZ,protein_coding,POGZ-220,protein_coding,ENSP00000433934.1,ENSG00000143442.22;ENST00000533461.5,-0.1013766299,0.021978022,12,isoform,1.0,True,-0.1013766298795189,True
ENST00000582415.2,ENSG00000143450.17,OAZ3,protein_coding,OAZ3-206,protein_coding,ENSP00000463692.2,ENSG00000143450.17;ENST00000582415.2,-0.3660992151,0.005994006,12,isoform,1.0,True,-0.3660992150921525,True
ENST00000635322.1,ENSG00000143450.17,OAZ3,protein_coding,OAZ3-209,protein_coding,ENSP00000489350.1,ENSG00000143450.17;ENST00000635322.1,0.1715204653,0.046953047,12,isoform,1.0,True,0.1715204652971443,True
ENST00000368918.8,ENSG00000143458.12,GABPB2,protein_coding,GABPB2-202,protein_coding,ENSP00000357914.3,ENSG00000143458.12;ENST00000368918.8,-0.1833052789,0.0274725275,12,isoform,1.0,True,-0.1833052788552764,True
ENST00000367108.7,ENSG00000143479.17,DYRK3,protein_coding,DYRK3-202,protein_coding,ENSP00000356075.3,ENSG00000143479.17;ENST00000367108.7,0.1906549039,0.0144855145,12,isoform,1.0,True,0.1906549038951078,True
ENST00000367109.7,ENSG00000143479.17,DYRK3,protein_coding,DYRK3-203,protein_coding,ENSP00000356076.2,ENSG00000143479.17;ENST00000367109.7,-0.1646592087,0.021978022,12,isoform,1.0,True,-0.1646592087405517,True
ENST00000366862.10,ENSG00000143756.12,FBXO28,protein_coding,FBXO28-201,protein_coding,ENSP00000355827.5,ENSG00000143756.12;ENST00000366862.10,-0.125788959,0.017982018,12,isoform,1.0,True,-0.1257889589652465,True
ENST00000305997.8,ENSG00000143797.12,MBOAT2,protein_coding,MBOAT2-201,protein_coding,ENSP00000302177.3,ENSG00000143797.12;ENST00000305997.8,-0.1984591706,0.0034965035,12,isoform,1.0,True,-0.1984591705694541,True
ENST00000471753.5,ENSG00000143797.12,MBOAT2,protein_coding,MBOAT2-204,nonsense_mediated_decay,ENSP00000419573.1,ENSG00000143797.12;ENST00000471753.5,0.1856268202,0.004995005,12,isoform,1.0,True,0.1856268201938873,True
ENST00000409328.5,ENSG00000143889.16,HNRNPLL,protein_coding,HNRNPLL-204,protein_coding,ENSP00000386575.1,ENSG00000143889.16;ENST00000409328.5,0.1085674866,0.015984016,12,isoform,1.0,True,0.1085674865876004,True
ENST00000336112.8,ENSG00000143970.17,ASXL2,protein_coding,ASXL2-201,protein_coding,ENSP00000337250.4,ENSG00000143970.17;ENST00000336112.8,0.1611103378,0.034965035,12,isoform,1.0,True,0.1611103377549051,True
ENST00000435504.9,ENSG00000143970.17,ASXL2,protein_coding,ASXL2-203,protein_coding,ENSP00000391447.3,ENSG00000143970.17;ENST00000435504.9,-0.1611103378,0.034965035,12,isoform,1.0,True,-0.161110337754905,True
ENST00000430968.5,ENSG00000144228.9,SPOPL,protein_coding,SPOPL-203,nonsense_mediated_decay,ENSP00000410201.1,ENSG00000144228.9;ENST00000430968.5,-0.1717924585,0.045954046,12,isoform,1.0,True,-0.1717924584776686,True
ENST00000272748.9,ENSG00000144320.14,LNPK,protein_coding,LNPK-201,protein_coding,ENSP00000272748.4,ENSG00000144320.14;ENST00000272748.9,-0.128155074,0.0234765235,12,isoform,1.0,True,-0.1281550740417927,True
ENST00000449802.5,ENSG00000144426.18,NBEAL1,protein_coding,NBEAL1-203,protein_coding,ENSP00000399903.1,ENSG00000144426.18;ENST00000449802.5,-0.3102313093,0.014985015,12,isoform,1.0,True,-0.3102313093490166,True
ENST00000273038.7,ENSG00000144560.15,VGLL4,protein_coding,VGLL4-201,protein_coding,ENSP00000273038.3,ENSG00000144560.15;ENST00000273038.7,-0.1042150039,0.035964036,12,isoform,1.0,True,-0.1042150038924069,True
ENST00000646708.1,ENSG00000144747.17,TMF1,protein_coding,TMF1-207,protein_coding,ENSP00000494067.1,ENSG00000144747.17;ENST00000646708.1,-0.1117807348,0.033966034,12,isoform,1.0,True,-0.1117807347903321,True
ENST00000640181.1,ENSG00000144824.21,PHLDB2,protein_coding,PHLDB2-217,processed_transcript,,ENSG00000144824.21;ENST00000640181.1,0.1000499777,0.0084915085,12,isoform,1.0,True,0.1000499777422745,True
ENST00000330115.3,ENSG00000145014.17,TMEM44,protein_coding,TMEM44-201,protein_coding,ENSP00000328300.3,ENSG00000145014.17;ENST00000330115.3,-0.100874101,0.0354645355,12,isoform,1.0,True,-0.1008741010075513,True
ENST00000506882.5,ENSG00000145241.11,CENPC,protein_coding,CENPC-203,nonsense_mediated_decay,ENSP00000426078.1,ENSG00000145241.11;ENST00000506882.5,0.1088749776,0.037962038,12,isoform,1.0,True,0.1088749775829419,True
ENST00000509973.5,ENSG00000145287.11,PLAC8,protein_coding,PLAC8-205,protein_coding,ENSP00000423459.1,ENSG00000145287.11;ENST00000509973.5,0.1918899231,0.01998002,12,isoform,1.0,True,0.1918899231146008,True
ENST00000361717.4,ENSG00000145365.11,TIFA,protein_coding,TIFA-201,protein_coding,ENSP00000354911.2,ENSG00000145365.11;ENST00000361717.4,-0.1207645287,0.0404595405,12,isoform,1.0,True,-0.1207645286715299,True
ENST00000500655.2,ENSG00000145365.11,TIFA,protein_coding,TIFA-202,protein_coding,ENSP00000424231.1,ENSG00000145365.11;ENST00000500655.2,0.1207645287,0.0404595405,12,isoform,1.0,True,0.1207645286715298,True
ENST00000274031.7,ENSG00000145391.13,SETD7,protein_coding,SETD7-201,protein_coding,ENSP00000274031.3,ENSG00000145391.13;ENST00000274031.7,-0.1033354129,0.0314685315,12,isoform,1.0,True,-0.1033354128544529,True
ENST00000274054.3,ENSG00000145414.9,NAF1,protein_coding,NAF1-201,protein_coding,ENSP00000274054.2,ENSG00000145414.9;ENST00000274054.3,0.1333705158,0.0234765235,12,isoform,1.0,True,0.133370515824357,True
ENST00000481160.1,ENSG00000145743.17,FBXL17,protein_coding,FBXL17-201,retained_intron,,ENSG00000145743.17;ENST00000481160.1,0.1684511404,0.023976024,12,isoform,1.0,True,0.1684511404211459,True
ENST00000274542.6,ENSG00000145860.12,RNF145,protein_coding,RNF145-201,protein_coding,ENSP00000274542.2,ENSG00000145860.12;ENST00000274542.6,-0.1131821241,0.008991009,12,isoform,1.0,True,-0.1131821241480545,True
ENST00000275053.8,ENSG00000146263.11,MMS22L,protein_coding,MMS22L-201,protein_coding,ENSP00000275053.4,ENSG00000146263.11;ENST00000275053.8,-0.1645988514,0.016983017,12,isoform,1.0,True,-0.1645988513895489,True
ENST00000521654.6,ENSG00000146373.16,RNF217,protein_coding,RNF217-210,protein_coding,ENSP00000428698.2,ENSG00000146373.16;ENST00000521654.6,-0.3861161874,0.0064935065,12,isoform,1.0,True,-0.3861161873816967,True
ENST00000560949.5,ENSG00000146373.16,RNF217,protein_coding,RNF217-211,protein_coding,ENSP00000452812.2,ENSG00000146373.16;ENST00000560949.5,0.2624703616,0.01998002,12,isoform,1.0,True,0.2624703615816932,True
ENST00000367505.6,ENSG00000146414.16,SHPRH,protein_coding,SHPRH-203,protein_coding,ENSP00000356475.2,ENSG00000146414.16;ENST00000367505.6,-0.1885633958,0.0384615385,12,isoform,1.0,True,-0.1885633958005883,True
ENST00000457946.1,ENSG00000146463.12,ZMYM4,protein_coding,ZMYM4-203,protein_coding,ENSP00000400506.1,ENSG00000146463.12;ENST00000457946.1,0.1118071949,0.0374625375,12,isoform,1.0,True,0.1118071949379492,True
ENST00000431504.1,ENSG00000146757.14,ZNF92,protein_coding,ZNF92-203,protein_coding,ENSP00000400495.1,ENSG00000146757.14;ENST00000431504.1,0.1347101215,0.048951049,12,isoform,1.0,True,0.1347101215473437,True
ENST00000646601.1,ENSG00000146830.10,GIGYF1,protein_coding,GIGYF1-206,protein_coding,ENSP00000494292.1,ENSG00000146830.10;ENST00000646601.1,0.1073382301,0.0164835165,12,isoform,1.0,True,0.1073382300697616,True
ENST00000313116.11,ENSG00000147124.12,ZNF41,protein_coding,ZNF41-201,protein_coding,ENSP00000315173.7,ENSG00000147124.12;ENST00000313116.11,-0.2450138372,0.013986014,12,isoform,1.0,True,-0.2450138372422431,True
ENST00000377065.8,ENSG00000147124.12,ZNF41,protein_coding,ZNF41-202,protein_coding,ENSP00000366265.4,ENSG00000147124.12;ENST00000377065.8,0.1787343433,0.027972028,12,isoform,1.0,True,0.1787343433065361,True
ENST00000373981.5,ENSG00000147130.14,ZMYM3,protein_coding,ZMYM3-203,protein_coding,ENSP00000363093.1,ENSG00000147130.14;ENST00000373981.5,0.1089288546,0.0204795205,12,isoform,1.0,True,0.1089288545975321,True
ENST00000524084.5,ENSG00000147419.19,CCDC25,protein_coding,CCDC25-211,nonsense_mediated_decay,ENSP00000429861.1,ENSG00000147419.19;ENST00000524084.5,0.1005313894,0.0184815185,12,isoform,1.0,True,0.1005313894129475,True
ENST00000522468.1,ENSG00000147421.18,HMBOX1,protein_coding,HMBOX1-209,nonsense_mediated_decay,ENSP00000429854.1,ENSG00000147421.18;ENST00000522468.1,-0.1501519041,0.042957043,12,isoform,1.0,True,-0.1501519041391981,True
ENST00000316985.7,ENSG00000147548.17,NSD3,protein_coding,NSD3-201,protein_coding,ENSP00000313410.3,ENSG00000147548.17;ENST00000316985.7,0.1927384316,0.007992008,12,isoform,1.0,True,0.1927384315755307,True
ENST00000317025.13,ENSG00000147548.17,NSD3,protein_coding,NSD3-202,protein_coding,ENSP00000313983.7,ENSG00000147548.17;ENST00000317025.13,-0.1441085067,0.0174825175,12,isoform,1.0,True,-0.1441085066617564,True
ENST00000276602.10,ENSG00000147601.14,TERF1,protein_coding,TERF1-201,protein_coding,ENSP00000276602.6,ENSG00000147601.14;ENST00000276602.10,-0.1171921636,0.0154845155,12,isoform,1.0,True,-0.1171921635554867,True
ENST00000521974.1,ENSG00000147679.12,UTP23,protein_coding,UTP23-208,retained_intron,,ENSG00000147679.12;ENST00000521974.1,0.1311775116,0.0184815185,12,isoform,1.0,True,0.131177511587107,True
ENST00000432825.7,ENSG00000147912.13,FBXO10,protein_coding,FBXO10-202,protein_coding,ENSP00000403802.2,ENSG00000147912.13;ENST00000432825.7,-0.1820185469,0.042957043,12,isoform,1.0,True,-0.1820185469333985,True
ENST00000374236.5,ENSG00000148153.14,INIP,protein_coding,INIP-202,protein_coding,ENSP00000363353.1,ENSG00000148153.14;ENST00000374236.5,0.1236691766,0.023976024,12,isoform,1.0,True,0.1236691765570418,True
ENST00000277570.10,ENSG00000148426.13,PROSER2,protein_coding,PROSER2-201,protein_coding,ENSP00000277570.5,ENSG00000148426.13;ENST00000277570.10,-0.1041759772,0.007992008,12,isoform,1.0,True,-0.1041759771578961,True
ENST00000359204.5,ENSG00000148690.12,FRA10AC1,protein_coding,FRA10AC1-201,protein_coding,ENSP00000360488.3,ENSG00000148690.12;ENST00000359204.5,0.161121869,0.035964036,12,isoform,1.0,True,0.1611218689698096,True
ENST00000344079.9,ENSG00000148814.18,LRRC27,protein_coding,LRRC27-201,protein_coding,ENSP00000342641.5,ENSG00000148814.18;ENST00000344079.9,0.1207726013,0.04995005,12,isoform,1.0,True,0.1207726012826311,True
ENST00000370012.1,ENSG00000148840.11,PPRC1,protein_coding,PPRC1-202,protein_coding,ENSP00000359029.1,ENSG00000148840.11;ENST00000370012.1,0.107234495,0.0194805195,12,isoform,1.0,True,0.1072344949671677,True
ENST00000527296.1,ENSG00000149308.17,NPAT,protein_coding,NPAT-202,protein_coding,ENSP00000436510.1,ENSG00000149308.17;ENST00000527296.1,-0.168818241,0.018981019,12,isoform,1.0,True,-0.168818240992335,True
ENST00000530859.1,ENSG00000149308.17,NPAT,protein_coding,NPAT-203,retained_intron,,ENSG00000149308.17;ENST00000530859.1,0.203398941,0.012987013,12,isoform,1.0,True,0.2033989410309898,True
ENST00000639240.1,ENSG00000149311.19,ATM,protein_coding,ATM-227,protein_coding,ENSP00000491585.1,ENSG00000149311.19;ENST00000639240.1,0.239077164,0.0004995005,12,isoform,1.0,True,0.239077164032466,True
ENST00000278927.10,ENSG00000149564.12,ESAM,protein_coding,ESAM-201,protein_coding,ENSP00000278927.5,ENSG00000149564.12;ENST00000278927.10,0.1516764451,0.021978022,12,isoform,1.0,True,0.1516764451418533,True
ENST00000313236.10,ENSG00000149582.16,TMEM25,protein_coding,TMEM25-201,protein_coding,ENSP00000315635.5,ENSG00000149582.16;ENST00000313236.10,0.12326448,0.0454545455,12,isoform,1.0,True,0.1232644800403844,True
ENST00000530649.5,ENSG00000149591.17,TAGLN,protein_coding,TAGLN-206,protein_coding,ENSP00000431941.1,ENSG00000149591.17;ENST00000530649.5,0.3608859965,0.0084915085,12,isoform,1.0,True,0.3608859965422352,True
ENST00000332592.7,ENSG00000150401.15,DCUN1D2,protein_coding,DCUN1D2-201,protein_coding,ENSP00000330629.3,ENSG00000150401.15;ENST00000332592.7,0.1138539494,0.0184815185,12,isoform,1.0,True,0.1138539494379956,True
ENST00000392679.5,ENSG00000150455.13,TIRAP,protein_coding,TIRAP-202,protein_coding,ENSP00000376446.1,ENSG00000150455.13;ENST00000392679.5,-0.124361084,0.0474525475,12,isoform,1.0,True,-0.1243610840462442,True
ENST00000467006.6,ENSG00000150455.13,TIRAP,protein_coding,TIRAP-205,processed_transcript,,ENSG00000150455.13;ENST00000467006.6,0.1200529987,0.0484515485,12,isoform,1.0,True,0.1200529986610185,True
ENST00000623213.2,ENSG00000150760.13,DOCK1,protein_coding,DOCK1-206,protein_coding,ENSP00000485033.1,ENSG00000150760.13;ENST00000623213.2,-0.1279460873,0.028971029,12,isoform,1.0,True,-0.12794608727914,True
ENST00000393047.8,ENSG00000150776.18,NKAPD1,protein_coding,NKAPD1-202,protein_coding,ENSP00000376767.3,ENSG00000150776.18;ENST00000393047.8,-0.1961879402,0.006993007,12,isoform,1.0,True,-0.1961879401519191,True
ENST00000545335.5,ENSG00000150867.14,PIP4K2A,protein_coding,PIP4K2A-206,protein_coding,ENSP00000442098.1,ENSG00000150867.14;ENST00000545335.5,-0.1545900176,0.031968032,12,isoform,1.0,True,-0.1545900175740922,True
ENST00000536398.5,ENSG00000151148.14,UBE3B,protein_coding,UBE3B-206,protein_coding,ENSP00000440585.1,ENSG00000151148.14;ENST00000536398.5,0.135987673,0.010989011,12,isoform,1.0,True,0.1359876730252471,True
ENST00000280876.6,ENSG00000151233.11,GXYLT1,protein_coding,GXYLT1-201,protein_coding,ENSP00000280876.6,ENSG00000151233.11;ENST00000280876.6,0.1725108216,0.0264735265,12,isoform,1.0,True,0.1725108216336622,True
ENST00000398675.8,ENSG00000151233.11,GXYLT1,protein_coding,GXYLT1-202,protein_coding,ENSP00000381666.3,ENSG00000151233.11;ENST00000398675.8,-0.1725108216,0.0264735265,12,isoform,1.0,True,-0.1725108216336622,True
ENST00000280892.10,ENSG00000151247.12,EIF4E,protein_coding,EIF4E-201,protein_coding,ENSP00000280892.6,ENSG00000151247.12;ENST00000280892.10,0.1098090386,0.007992008,12,isoform,1.0,True,0.1098090386110994,True
ENST00000281092.9,ENSG00000151422.13,FER,protein_coding,FER-201,protein_coding,ENSP00000281092.4,ENSG00000151422.13;ENST00000281092.9,-0.4848011539,0.0024975025,12,isoform,1.0,True,-0.48480115394642,True
ENST00000438717.6,ENSG00000151422.13,FER,protein_coding,FER-202,protein_coding,ENSP00000394297.4,ENSG00000151422.13;ENST00000438717.6,0.1501395469,0.034965035,12,isoform,1.0,True,0.150139546880871,True
ENST00000281455.7,ENSG00000151726.14,ACSL1,protein_coding,ACSL1-201,protein_coding,ENSP00000281455.2,ENSG00000151726.14;ENST00000281455.7,-0.1633993126,0.0384615385,12,isoform,1.0,True,-0.1633993126078124,True
ENST00000324679.5,ENSG00000151748.15,SAV1,protein_coding,SAV1-201,protein_coding,ENSP00000324729.4,ENSG00000151748.15;ENST00000324679.5,-0.1579318488,0.016983017,12,isoform,1.0,True,-0.1579318487715113,True
ENST00000402364.1,ENSG00000151835.16,SACS,protein_coding,SACS-202,protein_coding,ENSP00000385844.1,ENSG00000151835.16;ENST00000402364.1,-0.3718597762,0.0034965035,12,isoform,1.0,True,-0.3718597761767749,True
ENST00000511363.6,ENSG00000151883.19,PARP8,protein_coding,PARP8-216,processed_transcript,,ENSG00000151883.19;ENST00000511363.6,0.1188361268,0.0274725275,12,isoform,1.0,True,0.1188361267987616,True
ENST00000513634.1,ENSG00000152348.16,ATG10,protein_coding,ATG10-208,protein_coding,ENSP00000425225.1,ENSG00000152348.16;ENST00000513634.1,0.1586225572,0.0214785215,12,isoform,1.0,True,0.1586225571904046,True
ENST00000317178.10,ENSG00000152443.13,ZNF776,protein_coding,ZNF776-201,protein_coding,ENSP00000321812.5,ENSG00000152443.13;ENST00000317178.10,-0.2626675508,0.010989011,12,isoform,1.0,True,-0.2626675507681766,True
ENST00000392455.9,ENSG00000152492.15,CCDC50,protein_coding,CCDC50-201,protein_coding,ENSP00000376249.4,ENSG00000152492.15;ENST00000392455.9,-0.1273570081,0.013986014,12,isoform,1.0,True,-0.1273570080776391,True
ENST00000392456.4,ENSG00000152492.15,CCDC50,protein_coding,CCDC50-202,protein_coding,ENSP00000376250.4,ENSG00000152492.15;ENST00000392456.4,0.1158894988,0.0184815185,12,isoform,1.0,True,0.1158894988305496,True
ENST00000282587.9,ENSG00000152683.14,SLC30A6,protein_coding,SLC30A6-201,protein_coding,ENSP00000282587.5,ENSG00000152683.14;ENST00000282587.9,-0.1369188757,0.021978022,12,isoform,1.0,True,-0.1369188756586875,True
ENST00000282728.10,ENSG00000152804.11,HHEX,protein_coding,HHEX-201,protein_coding,ENSP00000282728.5,ENSG00000152804.11;ENST00000282728.10,0.1280232178,0.0464535465,12,isoform,1.0,True,0.1280232178037181,True
ENST00000495198.6,ENSG00000153006.16,SREK1IP1,protein_coding,SREK1IP1-201,retained_intron,,ENSG00000153006.16;ENST00000495198.6,0.2050803847,0.017982018,12,isoform,1.0,True,0.2050803847006176,True
ENST00000367579.7,ENSG00000153029.14,MR1,protein_coding,MR1-203,protein_coding,ENSP00000356551.3,ENSG00000153029.14;ENST00000367579.7,0.1539496642,0.025974026,12,isoform,1.0,True,0.1539496641731389,True
ENST00000375775.3,ENSG00000153487.13,ING1,protein_coding,ING1-204,protein_coding,ENSP00000364930.3,ENSG00000153487.13;ENST00000375775.3,0.1089480909,0.0164835165,12,isoform,1.0,True,0.1089480908984451,True
ENST00000283875.6,ENSG00000153767.10,GTF2E1,protein_coding,GTF2E1-201,protein_coding,ENSP00000283875.5,ENSG00000153767.10;ENST00000283875.6,-0.1368429262,0.00999001,12,isoform,1.0,True,-0.1368429262121414,True
ENST00000497393.1,ENSG00000153767.10,GTF2E1,protein_coding,GTF2E1-205,retained_intron,,ENSG00000153767.10;ENST00000497393.1,0.1774252552,0.0054945055,12,isoform,1.0,True,0.1774252552447265,True
ENST00000370608.8,ENSG00000153898.13,MCOLN2,protein_coding,MCOLN2-202,protein_coding,ENSP00000359640.3,ENSG00000153898.13;ENST00000370608.8,0.1817632951,0.010989011,12,isoform,1.0,True,0.1817632951072294,True
ENST00000530971.1,ENSG00000153898.13,MCOLN2,protein_coding,MCOLN2-204,retained_intron,,ENSG00000153898.13;ENST00000530971.1,-0.1648547799,0.012987013,12,isoform,1.0,True,-0.1648547799069787,True
ENST00000284041.7,ENSG00000153914.16,SREK1,protein_coding,SREK1-201,processed_transcript,,ENSG00000153914.16;ENST00000284041.7,0.1581151043,0.0054945055,12,isoform,1.0,True,0.158115104269842,True
ENST00000284061.8,ENSG00000153933.10,DGKE,protein_coding,DGKE-201,protein_coding,ENSP00000284061.3,ENSG00000153933.10;ENST00000284061.8,-0.1638691027,0.0464535465,12,isoform,1.0,True,-0.163869102725627,True
ENST00000284073.7,ENSG00000153944.12,MSI2,protein_coding,MSI2-201,protein_coding,ENSP00000284073.2,ENSG00000153944.12;ENST00000284073.7,-0.1200233971,0.0044955045,12,isoform,1.0,True,-0.1200233971120853,True
ENST00000581523.5,ENSG00000153944.12,MSI2,protein_coding,MSI2-213,processed_transcript,,ENSG00000153944.12;ENST00000581523.5,0.1587416007,0.0024975025,12,isoform,1.0,True,0.1587416007469776,True
ENST00000337537.8,ENSG00000154001.14,PPP2R5E,protein_coding,PPP2R5E-201,protein_coding,ENSP00000337641.3,ENSG00000154001.14;ENST00000337537.8,-0.1075682231,0.0294705295,12,isoform,1.0,True,-0.107568223137018,True
ENST00000284274.5,ENSG00000154124.5,OTULIN,protein_coding,OTULIN-201,protein_coding,ENSP00000284274.4,ENSG00000154124.5;ENST00000284274.5,-0.119882175,0.011988012,12,isoform,1.0,True,-0.1198821749779887,True
ENST00000506417.1,ENSG00000154124.5,OTULIN,protein_coding,OTULIN-203,protein_coding,ENSP00000424966.1,ENSG00000154124.5;ENST00000506417.1,0.1020182298,0.013986014,12,isoform,1.0,True,0.1020182297670511,True
ENST00000530731.5,ENSG00000154144.13,TBRG1,protein_coding,TBRG1-208,nonsense_mediated_decay,ENSP00000436238.1,ENSG00000154144.13;ENST00000530731.5,0.109427173,0.024975025,12,isoform,1.0,True,0.1094271730118754,True
ENST00000580624.1,ENSG00000154240.17,CEP112,protein_coding,CEP112-209,retained_intron,,ENSG00000154240.17;ENST00000580624.1,-0.3589138334,0.0164835165,12,isoform,1.0,True,-0.3589138334047936,True
ENST00000284878.12,ENSG00000154639.19,CXADR,protein_coding,CXADR-201,protein_coding,ENSP00000284878.7,ENSG00000154639.19;ENST00000284878.12,-0.1209679672,0.020979021,12,isoform,1.0,True,-0.1209679671624411,True
ENST00000284881.9,ENSG00000154642.11,C21orf91,protein_coding,C21orf91-201,protein_coding,ENSP00000284881.4,ENSG00000154642.11;ENST00000284881.9,-0.3797384028,0.0074925075,12,isoform,1.0,True,-0.379738402784702,True
ENST00000284957.9,ENSG00000154710.18,RABGEF1,protein_coding,RABGEF1-201,protein_coding,ENSP00000284957.4,ENSG00000154710.18;ENST00000284957.9,-0.1171575822,0.02997003,12,isoform,1.0,True,-0.1171575821874792,True
ENST00000354828.7,ENSG00000154727.10,GABPA,protein_coding,GABPA-201,protein_coding,ENSP00000346886.3,ENSG00000154727.10;ENST00000354828.7,0.2158325984,0.0094905095,12,isoform,1.0,True,0.2158325984260213,True
ENST00000400075.3,ENSG00000154727.10,GABPA,protein_coding,GABPA-202,protein_coding,ENSP00000382948.3,ENSG00000154727.10;ENST00000400075.3,-0.2287353551,0.0074925075,12,isoform,1.0,True,-0.2287353550896084,True
ENST00000521514.5,ENSG00000155097.12,ATP6V1C1,protein_coding,ATP6V1C1-205,protein_coding,ENSP00000430129.1,ENSG00000155097.12;ENST00000521514.5,0.1182163434,0.010989011,12,isoform,1.0,True,0.1182163433975646,True
ENST00000323817.7,ENSG00000155111.15,CDK19,protein_coding,CDK19-201,protein_coding,ENSP00000317665.3,ENSG00000155111.15;ENST00000323817.7,-0.3207225777,0.005994006,12,isoform,1.0,True,-0.3207225777061359,True
ENST00000505502.1,ENSG00000155893.13,PXYLP1,protein_coding,PXYLP1-206,processed_transcript,,ENSG00000155893.13;ENST00000505502.1,0.2399117794,0.0054945055,12,isoform,1.0,True,0.2399117793651642,True
ENST00000286364.9,ENSG00000155903.13,RASA2,protein_coding,RASA2-201,protein_coding,ENSP00000286364.3,ENSG00000155903.13;ENST00000286364.9,-0.1924168865,0.032967033,12,isoform,1.0,True,-0.1924168864780462,True
ENST00000452898.2,ENSG00000155903.13,RASA2,protein_coding,RASA2-202,protein_coding,ENSP00000391677.2,ENSG00000155903.13;ENST00000452898.2,0.2015262681,0.0314685315,12,isoform,1.0,True,0.2015262680661855,True
ENST00000491268.2,ENSG00000155906.19,RMND1,protein_coding,RMND1-203,protein_coding,ENSP00000494948.1,ENSG00000155906.19;ENST00000491268.2,0.1078662043,0.032967033,12,isoform,1.0,True,0.1078662042636166,True
ENST00000373053.7,ENSG00000156026.14,MCU,protein_coding,MCU-202,protein_coding,ENSP00000362144.3,ENSG00000156026.14;ENST00000373053.7,-0.1701479801,0.00999001,12,isoform,1.0,True,-0.1701479801300891,True
ENST00000605416.1,ENSG00000156026.14,MCU,protein_coding,MCU-210,processed_transcript,,ENSG00000156026.14;ENST00000605416.1,0.1345166886,0.018981019,12,isoform,1.0,True,0.1345166885842895,True
ENST00000460212.1,ENSG00000156239.12,N6AMT1,protein_coding,N6AMT1-203,nonsense_mediated_decay,ENSP00000436490.1,ENSG00000156239.12;ENST00000460212.1,0.1184215368,0.021978022,12,isoform,1.0,True,0.1184215368113315,True
ENST00000287859.11,ENSG00000157181.16,ODR4,protein_coding,ODR4-201,protein_coding,ENSP00000287859.6,ENSG00000157181.16;ENST00000287859.11,0.1257349299,0.010989011,12,isoform,1.0,True,0.1257349299455892,True
ENST00000478571.1,ENSG00000157181.16,ODR4,protein_coding,ODR4-205,processed_transcript,,ENSG00000157181.16;ENST00000478571.1,-0.1419591914,0.007992008,12,isoform,1.0,True,-0.1419591913567539,True
ENST00000404141.6,ENSG00000157212.19,PAXIP1,protein_coding,PAXIP1-202,protein_coding,ENSP00000384048.1,ENSG00000157212.19;ENST00000404141.6,0.166505203,0.017982018,12,isoform,1.0,True,0.1665052029707987,True
ENST00000493878.1,ENSG00000157259.8,GATAD1,protein_coding,GATAD1-203,retained_intron,,ENSG00000157259.8;ENST00000493878.1,-0.1140715307,0.0304695305,12,isoform,1.0,True,-0.1140715306886969,True
ENST00000637078.1,ENSG00000157388.19,CACNA1D,protein_coding,CACNA1D-220,retained_intron,,ENSG00000157388.19;ENST00000637078.1,0.1379875999,0.043956044,12,isoform,1.0,True,0.1379875998511274,True
ENST00000205214.11,ENSG00000157426.14,AASDH,protein_coding,AASDH-201,protein_coding,ENSP00000205214.6,ENSG00000157426.14;ENST00000205214.11,0.3484894284,0.004995005,12,isoform,1.0,True,0.3484894283859787,True
ENST00000513376.5,ENSG00000157426.14,AASDH,protein_coding,AASDH-207,protein_coding,ENSP00000423760.1,ENSG00000157426.14;ENST00000513376.5,-0.2304671404,0.015984016,12,isoform,1.0,True,-0.2304671404470085,True
ENST00000496384.7,ENSG00000157764.14,BRAF,protein_coding,BRAF-204,protein_coding,ENSP00000419060.2,ENSG00000157764.14;ENST00000496384.7,-0.2499618624,0.0124875125,12,isoform,1.0,True,-0.2499618623937577,True
ENST00000289703.8,ENSG00000158711.14,ELK4,protein_coding,ELK4-201,protein_coding,ENSP00000289703.4,ENSG00000158711.14;ENST00000289703.8,0.3209261445,0.0034965035,12,isoform,1.0,True,0.3209261445067176,True
ENST00000357992.9,ENSG00000158711.14,ELK4,protein_coding,ELK4-202,protein_coding,ENSP00000350681.4,ENSG00000158711.14;ENST00000357992.9,-0.3366608485,0.0014985015,12,isoform,1.0,True,-0.3366608485352967,True
ENST00000312838.9,ENSG00000158717.11,RNF166,protein_coding,RNF166-201,protein_coding,ENSP00000326095.4,ENSG00000158717.11;ENST00000312838.9,0.2011528397,0.0024975025,12,isoform,1.0,True,0.2011528396674795,True
ENST00000568295.5,ENSG00000158805.12,ZNF276,protein_coding,ZNF276-209,nonsense_mediated_decay,ENSP00000457313.1,ENSG00000158805.12;ENST00000568295.5,0.1005503436,0.0174825175,12,isoform,1.0,True,0.1005503435953698,True
ENST00000367987.1,ENSG00000158882.15,TOMM40L,protein_coding,TOMM40L-201,protein_coding,ENSP00000356966.1,ENSG00000158882.15;ENST00000367987.1,-0.1310632002,0.021978022,12,isoform,1.0,True,-0.1310632001856133,True
ENST00000331923.9,ENSG00000159086.15,PAXBP1,protein_coding,PAXBP1-202,protein_coding,ENSP00000328992.4,ENSG00000159086.15;ENST00000331923.9,0.1361875837,0.0164835165,12,isoform,1.0,True,0.1361875836813288,True
ENST00000466846.5,ENSG00000159086.15,PAXBP1,protein_coding,PAXBP1-207,retained_intron,,ENSG00000159086.15;ENST00000466846.5,-0.1346445711,0.0164835165,12,isoform,1.0,True,-0.1346445710752162,True
ENST00000344691.8,ENSG00000159216.19,RUNX1,protein_coding,RUNX1-202,protein_coding,ENSP00000340690.4,ENSG00000159216.19;ENST00000344691.8,-0.3090060732,0.011988012,12,isoform,1.0,True,-0.3090060732392516,True
ENST00000358356.9,ENSG00000159216.19,RUNX1,protein_coding,RUNX1-203,protein_coding,ENSP00000351123.5,ENSG00000159216.19;ENST00000358356.9,0.2496239682,0.015984016,12,isoform,1.0,True,0.2496239682056403,True
ENST00000290341.8,ENSG00000159217.10,IGF2BP1,protein_coding,IGF2BP1-201,protein_coding,ENSP00000290341.3,ENSG00000159217.10;ENST00000290341.8,-0.2998823613,0.0014985015,12,isoform,1.0,True,-0.2998823612947192,True
ENST00000510023.5,ENSG00000159217.10,IGF2BP1,protein_coding,IGF2BP1-205,processed_transcript,,ENSG00000159217.10;ENST00000510023.5,0.1624512126,0.017982018,12,isoform,1.0,True,0.1624512125650193,True
ENST00000509772.1,ENSG00000159788.19,RGS12,protein_coding,RGS12-216,processed_transcript,,ENSG00000159788.19;ENST00000509772.1,0.1969025619,0.012987013,12,isoform,1.0,True,0.1969025618836011,True
ENST00000330374.6,ENSG00000160131.13,VMA21,protein_coding,VMA21-201,protein_coding,ENSP00000333255.6,ENSG00000160131.13;ENST00000330374.6,-0.320323372,0.0,12,isoform,0.0,True,-0.3203233719965698,True
ENST00000477649.1,ENSG00000160131.13,VMA21,protein_coding,VMA21-203,processed_transcript,,ENSG00000160131.13;ENST00000477649.1,0.3197887387,0.0,12,isoform,0.0,True,0.3197887387488474,True
ENST00000529253.5,ENSG00000160172.10,FAM86C2P,transcribed_unprocessed_pseudogene,FAM86C2P-204,processed_transcript,,ENSG00000160172.10;ENST00000529253.5,0.2235178152,0.0134865135,12,isoform,1.0,True,0.2235178152455074,True
ENST00000330317.6,ENSG00000160193.12,WDR4,protein_coding,WDR4-201,protein_coding,ENSP00000328671.2,ENSG00000160193.12;ENST00000330317.6,0.1571919786,0.000999001,12,isoform,1.0,True,0.1571919786103874,True
ENST00000398208.3,ENSG00000160193.12,WDR4,protein_coding,WDR4-202,protein_coding,ENSP00000381266.2,ENSG00000160193.12;ENST00000398208.3,-0.1035027189,0.0094905095,12,isoform,1.0,True,-0.1035027188842955,True
ENST00000325223.7,ENSG00000160226.16,CFAP410,protein_coding,CFAP410-201,protein_coding,ENSP00000317302.7,ENSG00000160226.16;ENST00000325223.7,0.1532893465,0.0214785215,12,isoform,1.0,True,0.1532893464919144,True
ENST00000498797.1,ENSG00000160271.16,RALGDS,protein_coding,RALGDS-215,retained_intron,,ENSG00000160271.16;ENST00000498797.1,0.1007430449,0.037962038,12,isoform,1.0,True,0.1007430448749819,True
ENST00000291688.6,ENSG00000160294.11,MCM3AP,protein_coding,MCM3AP-201,protein_coding,ENSP00000291688.1,ENSG00000160294.11;ENST00000291688.6,-0.1320391651,0.008991009,12,isoform,1.0,True,-0.1320391651322805,True
ENST00000467026.5,ENSG00000160294.11,MCM3AP,protein_coding,MCM3AP-204,processed_transcript,,ENSG00000160294.11;ENST00000467026.5,0.1164692385,0.0114885115,12,isoform,1.0,True,0.1164692384539744,True
ENST00000456283.7,ENSG00000160352.16,ZNF714,protein_coding,ZNF714-202,protein_coding,ENSP00000478345.1,ENSG00000160352.16;ENST00000456283.7,-0.1511778092,0.0204795205,12,isoform,1.0,True,-0.1511778092137025,True
ENST00000600535.1,ENSG00000160352.16,ZNF714,protein_coding,ZNF714-204,processed_transcript,,ENSG00000160352.16;ENST00000600535.1,0.1774198781,0.0134865135,12,isoform,1.0,True,0.1774198780689649,True
ENST00000291775.3,ENSG00000160360.13,GPSM1,protein_coding,GPSM1-201,protein_coding,ENSP00000291775.3,ENSG00000160360.13;ENST00000291775.3,-0.114684946,0.0224775225,12,isoform,1.0,True,-0.1146849459678852,True
ENST00000414921.5,ENSG00000160445.11,ZER1,protein_coding,ZER1-202,protein_coding,ENSP00000393051.1,ENSG00000160445.11;ENST00000414921.5,0.1063207527,0.0284715285,12,isoform,1.0,True,0.1063207527006927,True
ENST00000396091.7,ENSG00000160746.13,ANO10,protein_coding,ANO10-203,protein_coding,ENSP00000379398.3,ENSG00000160746.13;ENST00000396091.7,0.102711505,0.020979021,12,isoform,1.0,True,0.102711504972129,True
ENST00000292433.4,ENSG00000160888.7,IER2,protein_coding,IER2-201,protein_coding,ENSP00000292433.2,ENSG00000160888.7;ENST00000292433.4,0.1631630448,0.001998002,12,isoform,1.0,True,0.163163044815073,True
ENST00000588173.1,ENSG00000160888.7,IER2,protein_coding,IER2-203,protein_coding,ENSP00000465617.1,ENSG00000160888.7;ENST00000588173.1,-0.1614336683,0.0024975025,12,isoform,1.0,True,-0.1614336683235939,True
ENST00000292510.6,ENSG00000160948.14,VPS28,protein_coding,VPS28-201,protein_coding,ENSP00000292510.3,ENSG00000160948.14;ENST00000292510.6,0.165919992,0.000999001,12,isoform,1.0,True,0.1659199920323288,True
ENST00000526054.5,ENSG00000160948.14,VPS28,protein_coding,VPS28-204,protein_coding,ENSP00000434064.1,ENSG00000160948.14;ENST00000526054.5,-0.1483300734,0.0014985015,12,isoform,1.0,True,-0.1483300733809445,True
ENST00000518235.5,ENSG00000161010.15,MRNIP,protein_coding,MRNIP-205,protein_coding,ENSP00000430298.1,ENSG00000161010.15;ENST00000518235.5,0.2645706936,0.0,12,isoform,0.0,True,0.264570693574415,True
ENST00000522663.5,ENSG00000161010.15,MRNIP,protein_coding,MRNIP-219,nonsense_mediated_decay,ENSP00000429835.1,ENSG00000161010.15;ENST00000522663.5,-0.1529192848,0.001998002,12,isoform,1.0,True,-0.1529192848103043,True
ENST00000313143.9,ENSG00000161202.20,DVL3,protein_coding,DVL3-201,protein_coding,ENSP00000316054.3,ENSG00000161202.20;ENST00000313143.9,-0.1270363207,0.015984016,12,isoform,1.0,True,-0.1270363206527649,True
ENST00000431016.6,ENSG00000161217.12,PCYT1A,protein_coding,PCYT1A-206,protein_coding,ENSP00000394617.1,ENSG00000161217.12;ENST00000431016.6,-0.126473946,0.0174825175,12,isoform,1.0,True,-0.1264739459755693,True
ENST00000292879.9,ENSG00000161265.15,U2AF1L4,protein_coding,U2AF1L4-201,protein_coding,ENSP00000292879.4,ENSG00000161265.15;ENST00000292879.9,0.1014179386,0.040959041,12,isoform,1.0,True,0.1014179386406351,True
ENST00000300658.9,ENSG00000161395.14,PGAP3,protein_coding,PGAP3-201,protein_coding,ENSP00000300658.4,ENSG00000161395.14;ENST00000300658.9,0.1747526735,0.025974026,12,isoform,1.0,True,0.1747526734872189,True
ENST00000293217.10,ENSG00000161533.12,ACOX1,protein_coding,ACOX1-201,protein_coding,ENSP00000293217.4,ENSG00000161533.12;ENST00000293217.10,-0.1006632563,0.0364635365,12,isoform,1.0,True,-0.1006632562817455,True
ENST00000480454.1,ENSG00000162419.12,GMEB1,protein_coding,GMEB1-204,processed_transcript,,ENSG00000162419.12;ENST00000480454.1,0.1591380472,0.025974026,12,isoform,1.0,True,0.1591380472124013,True
ENST00000509138.1,ENSG00000162458.13,FBLIM1,protein_coding,FBLIM1-212,processed_transcript,,ENSG00000162458.13;ENST00000509138.1,-0.1710233239,0.021978022,12,isoform,1.0,True,-0.1710233238790655,True
ENST00000373534.4,ENSG00000162526.7,TSSK3,protein_coding,TSSK3-201,protein_coding,ENSP00000362634.3,ENSG00000162526.7;ENST00000373534.4,0.2443245033,0.030969031,12,isoform,1.0,True,0.2443245032737998,True
ENST00000378546.9,ENSG00000162585.17,FAAP20,protein_coding,FAAP20-202,protein_coding,ENSP00000367808.4,ENSG00000162585.17;ENST00000378546.9,0.1083273545,0.006993007,12,isoform,1.0,True,0.108327354500587,True
ENST00000403491.8,ENSG00000162599.17,NFIA,protein_coding,NFIA-207,protein_coding,ENSP00000384523.3,ENSG00000162599.17;ENST00000403491.8,-0.1857896935,0.0284715285,12,isoform,1.0,True,-0.1857896934648129,True
ENST00000622766.1,ENSG00000162601.11,MYSM1,protein_coding,MYSM1-207,protein_coding,ENSP00000478391.1,ENSG00000162601.11;ENST00000622766.1,-0.1865388861,0.0304695305,12,isoform,1.0,True,-0.1865388860983154,True
ENST00000294623.8,ENSG00000162613.17,FUBP1,protein_coding,FUBP1-201,nonsense_mediated_decay,ENSP00000294623.4,ENSG00000162613.17;ENST00000294623.8,0.1270105118,0.0024975025,12,isoform,1.0,True,0.1270105117945464,True
ENST00000459635.1,ENSG00000162650.16,ATXN7L2,protein_coding,ATXN7L2-203,processed_transcript,,ENSG00000162650.16;ENST00000459635.1,0.1712448995,0.02997003,12,isoform,1.0,True,0.1712448994837338,True
ENST00000314485.12,ENSG00000162729.14,IGSF8,protein_coding,IGSF8-201,protein_coding,ENSP00000316664.7,ENSG00000162729.14;ENST00000314485.12,-0.1156827726,0.0064935065,12,isoform,1.0,True,-0.115682772619358,True
ENST00000652342.2,ENSG00000162775.16,RBM15,protein_coding,RBM15-207,protein_coding,ENSP00000498328.1,ENSG00000162775.16;ENST00000652342.2,-0.1542034152,0.030969031,12,isoform,1.0,True,-0.1542034152327926,True
ENST00000654015.1,ENSG00000162775.16,RBM15,protein_coding,RBM15-209,protein_coding,ENSP00000499776.1,ENSG00000162775.16;ENST00000654015.1,0.2552836164,0.0094905095,12,isoform,1.0,True,0.2552836163785779,True
ENST00000340934.10,ENSG00000162819.12,BROX,protein_coding,BROX-201,protein_coding,ENSP00000343742.5,ENSG00000162819.12;ENST00000340934.10,-0.119235461,0.020979021,12,isoform,1.0,True,-0.1192354610080786,True
ENST00000496267.1,ENSG00000162819.12,BROX,protein_coding,BROX-206,processed_transcript,,ENSG00000162819.12;ENST00000496267.1,0.1588107836,0.00999001,12,isoform,1.0,True,0.1588107835911734,True
ENST00000472613.3,ENSG00000162913.10,OBSCN-AS1,lncRNA,OBSCN-AS1-203,lncRNA,,ENSG00000162913.10;ENST00000472613.3,0.2715403762,0.016983017,12,isoform,1.0,True,0.2715403761548924,True
ENST00000660656.1,ENSG00000162913.10,OBSCN-AS1,lncRNA,OBSCN-AS1-207,lncRNA,,ENSG00000162913.10;ENST00000660656.1,-0.1803564567,0.03996004,12,isoform,1.0,True,-0.180356456689285,True
ENST00000486652.5,ENSG00000162923.16,WDR26,protein_coding,WDR26-208,nonsense_mediated_decay,ENSP00000422758.1,ENSG00000162923.16;ENST00000486652.5,0.1537106905,0.001998002,12,isoform,1.0,True,0.1537106905065328,True
ENST00000402291.6,ENSG00000162929.14,KIAA1841,protein_coding,KIAA1841-203,protein_coding,ENSP00000385579.1,ENSG00000162929.14;ENST00000402291.6,-0.1307204857,0.0334665335,12,isoform,1.0,True,-0.1307204856750773,True
ENST00000295079.6,ENSG00000162972.10,MAIP1,protein_coding,MAIP1-201,protein_coding,ENSP00000295079.2,ENSG00000162972.10;ENST00000295079.6,-0.1105301846,0.014985015,12,isoform,1.0,True,-0.1105301846024058,True
ENST00000295324.4,ENSG00000163171.8,CDC42EP3,protein_coding,CDC42EP3-201,protein_coding,ENSP00000295324.3,ENSG00000163171.8;ENST00000295324.4,-0.1055526887,0.0444555445,12,isoform,1.0,True,-0.1055526886775403,True
ENST00000457889.1,ENSG00000163171.8,CDC42EP3,protein_coding,CDC42EP3-204,protein_coding,ENSP00000403298.1,ENSG00000163171.8;ENST00000457889.1,0.1133863085,0.03996004,12,isoform,1.0,True,0.1133863085155386,True
ENST00000507731.1,ENSG00000163257.11,DCAF16,protein_coding,DCAF16-202,processed_transcript,,ENSG00000163257.11;ENST00000507731.1,0.1162171896,0.0174825175,12,isoform,1.0,True,0.1162171895964105,True
ENST00000309534.10,ENSG00000163320.12,CGGBP1,protein_coding,CGGBP1-201,protein_coding,ENSP00000381428.2,ENSG00000163320.12;ENST00000309534.10,-0.1475655711,0.006993007,12,isoform,1.0,True,-0.147565571125631,True
ENST00000675130.1,ENSG00000163320.12,CGGBP1,protein_coding,CGGBP1-207,protein_coding,ENSP00000502581.1,ENSG00000163320.12;ENST00000675130.1,0.1789156703,0.001998002,12,isoform,1.0,True,0.178915670277808,True
ENST00000321945.12,ENSG00000163322.14,ABRAXAS1,protein_coding,ABRAXAS1-201,protein_coding,ENSP00000369857.3,ENSG00000163322.14;ENST00000321945.12,-0.1546059404,0.046953047,12,isoform,1.0,True,-0.1546059404137569,True
ENST00000295694.9,ENSG00000163472.19,TMEM79,protein_coding,TMEM79-201,protein_coding,ENSP00000295694.5,ENSG00000163472.19;ENST00000295694.9,-0.1228448613,0.030969031,12,isoform,1.0,True,-0.1228448613045573,True
ENST00000485135.1,ENSG00000163472.19,TMEM79,protein_coding,TMEM79-206,processed_transcript,,ENSG00000163472.19;ENST00000485135.1,0.1385836713,0.0234765235,12,isoform,1.0,True,0.1385836713085757,True
ENST00000295797.5,ENSG00000163558.13,PRKCI,protein_coding,PRKCI-201,protein_coding,ENSP00000295797.4,ENSG00000163558.13;ENST00000295797.5,-0.1579902882,0.00999001,12,isoform,1.0,True,-0.1579902881822266,True
ENST00000485837.5,ENSG00000163558.13,PRKCI,protein_coding,PRKCI-205,retained_intron,,ENSG00000163558.13;ENST00000485837.5,0.1071189309,0.0284715285,12,isoform,1.0,True,0.1071189308806116,True
ENST00000295822.7,ENSG00000163577.8,EIF5A2,protein_coding,EIF5A2-201,protein_coding,ENSP00000295822.2,ENSG00000163577.8;ENST00000295822.7,-0.1562960446,0.0344655345,12,isoform,1.0,True,-0.156296044646733,True
ENST00000469809.5,ENSG00000163608.15,NEPRO,protein_coding,NEPRO-208,nonsense_mediated_decay,ENSP00000420577.1,ENSG00000163608.15;ENST00000469809.5,0.1166929105,0.011988012,12,isoform,1.0,True,0.116692910453837,True
ENST00000411767.7,ENSG00000163629.13,PTPN13,protein_coding,PTPN13-202,protein_coding,ENSP00000407249.2,ENSG00000163629.13;ENST00000411767.7,0.2035673365,0.015984016,12,isoform,1.0,True,0.2035673365338323,True
ENST00000427191.6,ENSG00000163629.13,PTPN13,protein_coding,PTPN13-203,protein_coding,ENSP00000408368.2,ENSG00000163629.13;ENST00000427191.6,-0.2349316043,0.010989011,12,isoform,1.0,True,-0.2349316043192073,True
ENST00000295926.8,ENSG00000163660.12,CCNL1,protein_coding,CCNL1-202,protein_coding,ENSP00000295926.4,ENSG00000163660.12;ENST00000295926.8,0.1097652684,0.0114885115,12,isoform,1.0,True,0.1097652683835468,True
ENST00000295958.10,ENSG00000163683.12,SMIM14,protein_coding,SMIM14-201,protein_coding,ENSP00000295958.4,ENSG00000163683.12;ENST00000295958.10,-0.1298432862,0.013986014,12,isoform,1.0,True,-0.1298432861997195,True
ENST00000296121.6,ENSG00000163807.6,KIAA1143,protein_coding,KIAA1143-201,protein_coding,ENSP00000296121.4,ENSG00000163807.6;ENST00000296121.6,-0.1833609616,0.002997003,12,isoform,1.0,True,-0.1833609616343473,True
ENST00000484437.1,ENSG00000163807.6,KIAA1143,protein_coding,KIAA1143-202,processed_transcript,,ENSG00000163807.6;ENST00000484437.1,0.1833609616,0.002997003,12,isoform,1.0,True,0.1833609616343473,True
ENST00000422209.1,ENSG00000163808.17,KIF15,protein_coding,KIF15-202,nonsense_mediated_decay,ENSP00000391205.1,ENSG00000163808.17;ENST00000422209.1,0.1106406478,0.0244755245,12,isoform,1.0,True,0.1106406478235554,True
ENST00000296135.11,ENSG00000163818.17,LZTFL1,protein_coding,LZTFL1-201,protein_coding,ENSP00000296135.6,ENSG00000163818.17;ENST00000296135.11,-0.2262762798,0.004995005,12,isoform,1.0,True,-0.2262762798407231,True
ENST00000411866.5,ENSG00000163818.17,LZTFL1,protein_coding,LZTFL1-202,nonsense_mediated_decay,ENSP00000397589.1,ENSG00000163818.17;ENST00000411866.5,0.1068061493,0.0394605395,12,isoform,1.0,True,0.1068061493486197,True
ENST00000480156.5,ENSG00000163818.17,LZTFL1,protein_coding,LZTFL1-210,retained_intron,,ENSG00000163818.17;ENST00000480156.5,0.1262115758,0.02997003,12,isoform,1.0,True,0.1262115758398163,True
ENST00000360647.9,ENSG00000163848.20,ZNF148,protein_coding,ZNF148-201,protein_coding,ENSP00000353863.4,ENSG00000163848.20;ENST00000360647.9,-0.1529389085,0.021978022,12,isoform,1.0,True,-0.1529389084967889,True
ENST00000389851.10,ENSG00000163945.18,UVSSA,protein_coding,UVSSA-201,protein_coding,ENSP00000374501.4,ENSG00000163945.18;ENST00000389851.10,0.3784744978,0.0114885115,12,isoform,1.0,True,0.3784744978172907,True
ENST00000511216.6,ENSG00000163945.18,UVSSA,protein_coding,UVSSA-206,protein_coding,ENSP00000425130.1,ENSG00000163945.18;ENST00000511216.6,-0.267099484,0.026973027,12,isoform,1.0,True,-0.2670994839882954,True
ENST00000296328.9,ENSG00000163960.12,UBXN7,protein_coding,UBXN7-201,protein_coding,ENSP00000296328.4,ENSG00000163960.12;ENST00000296328.9,-0.2762269645,0.007992008,12,isoform,1.0,True,-0.2762269645259458,True
ENST00000429160.1,ENSG00000163960.12,UBXN7,protein_coding,UBXN7-205,nonsense_mediated_decay,ENSP00000397238.1,ENSG00000163960.12;ENST00000429160.1,0.1901492655,0.01998002,12,isoform,1.0,True,0.1901492655112892,True
ENST00000468913.2,ENSG00000164008.16,C1orf50,protein_coding,C1orf50-202,processed_transcript,,ENSG00000164008.16;ENST00000468913.2,0.2276527613,0.0184815185,12,isoform,1.0,True,0.2276527613113689,True
ENST00000494155.1,ENSG00000164008.16,C1orf50,protein_coding,C1orf50-203,retained_intron,,ENSG00000164008.16;ENST00000494155.1,-0.1591482335,0.03996004,12,isoform,1.0,True,-0.1591482334724428,True
ENST00000372517.8,ENSG00000164010.15,ERMAP,protein_coding,ERMAP-203,protein_coding,ENSP00000361595.2,ENSG00000164010.15;ENST00000372517.8,0.2456266311,0.0164835165,12,isoform,1.0,True,0.24562663109829,True
ENST00000296464.9,ENSG00000164070.12,HSPA4L,protein_coding,HSPA4L-201,protein_coding,ENSP00000296464.3,ENSG00000164070.12;ENST00000296464.9,-0.1048488099,0.030969031,12,isoform,1.0,True,-0.1048488099413905,True
ENST00000508776.5,ENSG00000164070.12,HSPA4L,protein_coding,HSPA4L-204,protein_coding,ENSP00000422482.1,ENSG00000164070.12;ENST00000508776.5,0.1264932874,0.0214785215,12,isoform,1.0,True,0.1264932874253401,True
ENST00000641742.1,ENSG00000164073.11,MFSD8,protein_coding,MFSD8-244,nonsense_mediated_decay,ENSP00000493315.1,ENSG00000164073.11;ENST00000641742.1,0.126204093,0.026973027,12,isoform,1.0,True,0.1262040929835889,True
ENST00000473040.6,ENSG00000164074.15,ABHD18,protein_coding,ABHD18-204,nonsense_mediated_decay,ENSP00000425434.2,ENSG00000164074.15;ENST00000473040.6,0.2017945893,0.0334665335,12,isoform,1.0,True,0.2017945892569895,True
ENST00000611882.1,ENSG00000164074.15,ABHD18,protein_coding,ABHD18-206,protein_coding,ENSP00000480015.1,ENSG00000164074.15;ENST00000611882.1,-0.1865434993,0.036963037,12,isoform,1.0,True,-0.1865434992992838,True
ENST00000296545.11,ENSG00000164136.17,IL15,protein_coding,IL15-201,protein_coding,ENSP00000296545.7,ENSG00000164136.17;ENST00000296545.11,0.2157155296,0.044955045,12,isoform,1.0,True,0.2157155295605146,True
ENST00000419445.6,ENSG00000164219.10,PGGT1B,protein_coding,PGGT1B-203,protein_coding,ENSP00000404676.1,ENSG00000164219.10;ENST00000419445.6,-0.1279865713,0.0344655345,12,isoform,1.0,True,-0.1279865713275989,True
ENST00000379611.10,ENSG00000164221.13,CCDC112,protein_coding,CCDC112-201,protein_coding,ENSP00000368931.5,ENSG00000164221.13;ENST00000379611.10,0.1241589846,0.044955045,12,isoform,1.0,True,0.124158984569199,True
ENST00000515321.5,ENSG00000164253.14,WDR41,protein_coding,WDR41-228,processed_transcript,,ENSG00000164253.14;ENST00000515321.5,0.1027770684,0.0154845155,12,isoform,1.0,True,0.1027770683738208,True
ENST00000314970.11,ENSG00000164306.11,PRIMPOL,protein_coding,PRIMPOL-201,protein_coding,ENSP00000313816.6,ENSG00000164306.11;ENST00000314970.11,0.2045705028,0.007992008,12,isoform,1.0,True,0.2045705027912652,True
ENST00000443439.7,ENSG00000164307.13,ERAP1,protein_coding,ERAP1-202,protein_coding,ENSP00000406304.2,ENSG00000164307.13;ENST00000443439.7,0.1704735558,0.013986014,12,isoform,1.0,True,0.1704735558103737,True
ENST00000537332.2,ENSG00000164442.10,CITED2,protein_coding,CITED2-203,protein_coding,ENSP00000444198.2,ENSG00000164442.10;ENST00000537332.2,0.1670969695,0.007992008,12,isoform,1.0,True,0.1670969695186017,True
ENST00000319357.6,ENSG00000164543.7,STK17A,protein_coding,STK17A-201,protein_coding,ENSP00000319192.5,ENSG00000164543.7;ENST00000319357.6,-0.2022985236,0.004995005,12,isoform,1.0,True,-0.2022985236443027,True
ENST00000648544.1,ENSG00000164543.7,STK17A,protein_coding,STK17A-204,nonsense_mediated_decay,ENSP00000497301.1,ENSG00000164543.7;ENST00000648544.1,0.293893822,0.000999001,12,isoform,1.0,True,0.2938938219738218,True
ENST00000444847.2,ENSG00000164849.10,GPR146,protein_coding,GPR146-203,protein_coding,ENSP00000410743.2,ENSG00000164849.10;ENST00000444847.2,0.1814440311,0.0394605395,12,isoform,1.0,True,0.1814440310977759,True
ENST00000460979.2,ENSG00000164916.11,FOXK1,protein_coding,FOXK1-202,protein_coding,ENSP00000475486.1,ENSG00000164916.11;ENST00000460979.2,0.1325212796,0.0394605395,12,isoform,1.0,True,0.1325212796117656,True
ENST00000323130.7,ENSG00000164953.16,TMEM67,protein_coding,TMEM67-201,nonsense_mediated_decay,ENSP00000314488.3,ENSG00000164953.16;ENST00000323130.7,0.1240957237,0.0424575425,12,isoform,1.0,True,0.1240957237408046,True
ENST00000297620.8,ENSG00000164970.15,FAM219A,protein_coding,FAM219A-201,protein_coding,ENSP00000297620.4,ENSG00000164970.15;ENST00000297620.8,-0.4531045388,0.0014985015,12,isoform,1.0,True,-0.4531045388096927,True
ENST00000297661.9,ENSG00000165006.14,UBAP1,protein_coding,UBAP1-201,protein_coding,ENSP00000297661.4,ENSG00000165006.14;ENST00000297661.9,-0.1019434441,0.0104895105,12,isoform,1.0,True,-0.1019434440997298,True
ENST00000379644.9,ENSG00000165102.15,HGSNAT,protein_coding,HGSNAT-201,protein_coding,ENSP00000368965.4,ENSG00000165102.15;ENST00000379644.9,0.1361390548,0.0214785215,12,isoform,1.0,True,0.136139054779568,True
ENST00000353234.5,ENSG00000165138.18,ANKS6,protein_coding,ANKS6-201,protein_coding,ENSP00000297837.6,ENSG00000165138.18;ENST00000353234.5,-0.1342398344,0.0254745255,12,isoform,1.0,True,-0.1342398343829188,True
ENST00000471846.1,ENSG00000165138.18,ANKS6,protein_coding,ANKS6-205,processed_transcript,,ENSG00000165138.18;ENST00000471846.1,0.1459155103,0.01998002,12,isoform,1.0,True,0.1459155103343961,True
ENST00000333590.6,ENSG00000165195.16,PIGA,protein_coding,PIGA-201,protein_coding,ENSP00000369820.3,ENSG00000165195.16;ENST00000333590.6,0.2388123491,0.001998002,12,isoform,1.0,True,0.2388123491164699,True
ENST00000473691.1,ENSG00000165288.11,BRWD3,protein_coding,BRWD3-202,processed_transcript,,ENSG00000165288.11;ENST00000473691.1,0.1852323724,0.045954046,12,isoform,1.0,True,0.1852323723887059,True
ENST00000624931.1,ENSG00000165494.11,PCF11,protein_coding,PCF11-207,TEC,,ENSG00000165494.11;ENST00000624931.1,0.1014643814,0.013986014,12,isoform,1.0,True,0.1014643813782346,True
ENST00000354179.8,ENSG00000165671.21,NSD1,protein_coding,NSD1-202,protein_coding,ENSP00000346111.4,ENSG00000165671.21;ENST00000354179.8,-0.1394390119,0.0074925075,12,isoform,1.0,True,-0.1394390119127508,True
ENST00000511258.5,ENSG00000165671.21,NSD1,protein_coding,NSD1-211,protein_coding,ENSP00000426428.1,ENSG00000165671.21;ENST00000511258.5,0.1185131092,0.014985015,12,isoform,1.0,True,0.1185131091782027,True
ENST00000298571.6,ENSG00000165714.11,BORCS5,protein_coding,BORCS5-201,protein_coding,ENSP00000298571.6,ENSG00000165714.11;ENST00000298571.6,0.1615889106,0.0134865135,12,isoform,1.0,True,0.1615889106254119,True
ENST00000314565.9,ENSG00000165714.11,BORCS5,protein_coding,BORCS5-202,protein_coding,ENSP00000321546.4,ENSG00000165714.11;ENST00000314565.9,-0.1224047134,0.0304695305,12,isoform,1.0,True,-0.1224047133771585,True
ENST00000553709.5,ENSG00000165801.10,ARHGEF40,protein_coding,ARHGEF40-202,nonsense_mediated_decay,ENSP00000452283.1,ENSG00000165801.10;ENST00000553709.5,-0.2532743123,0.023976024,12,isoform,1.0,True,-0.2532743123350979,True
ENST00000621345.4,ENSG00000165806.21,CASP7,protein_coding,CASP7-211,protein_coding,ENSP00000480584.1,ENSG00000165806.21;ENST00000621345.4,0.1356285812,0.0104895105,12,isoform,1.0,True,0.1356285811731164,True
ENST00000298746.5,ENSG00000165832.6,TRUB1,protein_coding,TRUB1-201,protein_coding,ENSP00000298746.3,ENSG00000165832.6;ENST00000298746.5,-0.1158149576,0.026973027,12,isoform,1.0,True,-0.1158149575845101,True
ENST00000485065.1,ENSG00000165832.6,TRUB1,protein_coding,TRUB1-202,processed_transcript,,ENSG00000165832.6;ENST00000485065.1,0.1158149576,0.026973027,12,isoform,1.0,True,0.1158149575845101,True
ENST00000298966.7,ENSG00000166002.7,SMCO4,protein_coding,SMCO4-201,protein_coding,ENSP00000298966.2,ENSG00000166002.7;ENST00000298966.7,-0.1765861511,0.0034965035,12,isoform,1.0,True,-0.1765861510905739,True
ENST00000325542.10,ENSG00000166037.11,CEP57,protein_coding,CEP57-202,protein_coding,ENSP00000317902.5,ENSG00000166037.11;ENST00000325542.10,0.1228885798,0.004995005,12,isoform,1.0,True,0.1228885797949747,True
ENST00000370169.5,ENSG00000166169.17,POLL,protein_coding,POLL-205,protein_coding,ENSP00000359188.1,ENSG00000166169.17;ENST00000370169.5,0.1118519959,0.0374625375,12,isoform,1.0,True,0.1118519958572336,True
ENST00000562891.2,ENSG00000166233.15,ARIH1,protein_coding,ARIH1-204,protein_coding,ENSP00000477687.1,ENSG00000166233.15;ENST00000562891.2,0.1169093282,0.014985015,12,isoform,1.0,True,0.1169093281760312,True
ENST00000433394.1,ENSG00000166348.18,USP54,protein_coding,USP54-206,protein_coding,ENSP00000407245.1,ENSG00000166348.18;ENST00000433394.1,0.1377808767,0.0444555445,12,isoform,1.0,True,0.1377808767430735,True
ENST00000426216.6,ENSG00000166377.20,ATP9B,protein_coding,ATP9B-202,protein_coding,ENSP00000398076.2,ENSG00000166377.20;ENST00000426216.6,0.1356319484,0.026973027,12,isoform,1.0,True,0.1356319484270663,True
ENST00000587410.1,ENSG00000166377.20,ATP9B,protein_coding,ATP9B-210,retained_intron,,ENSG00000166377.20;ENST00000587410.1,-0.1162202203,0.0374625375,12,isoform,1.0,True,-0.1162202203202435,True
ENST00000389286.9,ENSG00000166450.13,PRTG,protein_coding,PRTG-201,protein_coding,ENSP00000373937.4,ENSG00000166450.13;ENST00000389286.9,-0.215132262,0.021978022,12,isoform,1.0,True,-0.2151322619631834,True
ENST00000561292.1,ENSG00000166450.13,PRTG,protein_coding,PRTG-204,protein_coding,ENSP00000453335.1,ENSG00000166450.13;ENST00000561292.1,0.1778249136,0.0314685315,12,isoform,1.0,True,0.1778249135933591,True
ENST00000530712.5,ENSG00000166483.11,WEE1,protein_coding,WEE1-207,protein_coding,ENSP00000434148.1,ENSG00000166483.11;ENST00000530712.5,-0.1142493766,0.0144855145,12,isoform,1.0,True,-0.1142493766269023,True
ENST00000429742.1,ENSG00000166507.19,NDST2,protein_coding,NDST2-204,protein_coding,ENSP00000392733.1,ENSG00000166507.19;ENST00000429742.1,0.1119861771,0.0404595405,12,isoform,1.0,True,0.1119861770864887,True
ENST00000412947.6,ENSG00000166526.18,ZNF3,protein_coding,ZNF3-204,protein_coding,ENSP00000416088.2,ENSG00000166526.18;ENST00000412947.6,0.128107766,0.0124875125,12,isoform,1.0,True,0.1281077660467215,True
ENST00000504495.6,ENSG00000166532.16,RIMKLB,protein_coding,RIMKLB-203,processed_transcript,,ENSG00000166532.16;ENST00000504495.6,-0.1180457981,0.006993007,12,isoform,1.0,True,-0.118045798063794,True
ENST00000544257.5,ENSG00000166532.16,RIMKLB,protein_coding,RIMKLB-212,nonsense_mediated_decay,ENSP00000438004.1,ENSG00000166532.16;ENST00000544257.5,0.122209643,0.006993007,12,isoform,1.0,True,0.1222096429860549,True
ENST00000334527.12,ENSG00000166579.16,NDEL1,protein_coding,NDEL1-201,protein_coding,ENSP00000333982.7,ENSG00000166579.16;ENST00000334527.12,0.1217099237,0.0084915085,12,isoform,1.0,True,0.1217099237347076,True
ENST00000542451.1,ENSG00000166750.10,SLFN5,protein_coding,SLFN5-202,protein_coding,ENSP00000440537.1,ENSG00000166750.10;ENST00000542451.1,0.148833747,0.04995005,12,isoform,1.0,True,0.148833746969716,True
ENST00000409481.1,ENSG00000166762.19,CATSPER2,protein_coding,CATSPER2-204,protein_coding,ENSP00000386595.1,ENSG00000166762.19;ENST00000409481.1,0.1931209893,0.038961039,12,isoform,1.0,True,0.1931209893412226,True
ENST00000531147.1,ENSG00000166801.16,FAM111A,protein_coding,FAM111A-207,protein_coding,ENSP00000431631.1,ENSG00000166801.16;ENST00000531147.1,-0.269099179,0.0214785215,12,isoform,1.0,True,-0.2690991790106476,True
ENST00000531676.1,ENSG00000166801.16,FAM111A,protein_coding,FAM111A-209,retained_intron,,ENSG00000166801.16;ENST00000531676.1,-0.1846629691,0.037962038,12,isoform,1.0,True,-0.1846629691228718,True
ENST00000561878.2,ENSG00000166822.13,TMEM170A,protein_coding,TMEM170A-202,protein_coding,ENSP00000454404.1,ENSG00000166822.13;ENST00000561878.2,-0.1516058077,0.0164835165,12,isoform,1.0,True,-0.1516058076862711,True
ENST00000567796.1,ENSG00000166822.13,TMEM170A,protein_coding,TMEM170A-204,protein_coding,ENSP00000456509.1,ENSG00000166822.13;ENST00000567796.1,0.2034298728,0.008991009,12,isoform,1.0,True,0.2034298728176288,True
ENST00000533637.5,ENSG00000166900.17,STX3,protein_coding,STX3-206,nonsense_mediated_decay,ENSP00000436200.1,ENSG00000166900.17;ENST00000533637.5,0.1214172807,0.0234765235,12,isoform,1.0,True,0.1214172807271231,True
ENST00000568604.5,ENSG00000166912.17,MTMR10,protein_coding,MTMR10-209,nonsense_mediated_decay,ENSP00000457903.1,ENSG00000166912.17;ENST00000568604.5,0.1364569892,0.0414585415,12,isoform,1.0,True,0.1364569892167044,True
ENST00000300291.10,ENSG00000167005.14,NUDT21,protein_coding,NUDT21-201,protein_coding,ENSP00000300291.5,ENSG00000167005.14;ENST00000300291.10,-0.13397398,0.004995005,12,isoform,1.0,True,-0.1339739799861506,True
ENST00000390665.9,ENSG00000167393.18,PPP2R3B,protein_coding,PPP2R3B-202,protein_coding,ENSP00000375080.3,ENSG00000167393.18;ENST00000390665.9,-0.1467237012,0.024975025,12,isoform,1.0,True,-0.1467237011998226,True
ENST00000477636.6_PAR_Y,ENSG00000167393.18_PAR_Y,PPP2R3B,protein_coding,PPP2R3B-207,retained_intron,,ENSG00000167393.18_PAR_Y;ENST00000477636.6_PAR_Y,0.1121564164,0.0294705295,12,isoform,1.0,True,0.1121564163736651,True
ENST00000426488.6,ENSG00000167394.13,ZNF668,protein_coding,ZNF668-205,protein_coding,ENSP00000403975.2,ENSG00000167394.13;ENST00000426488.6,0.2006583592,0.008991009,12,isoform,1.0,True,0.2006583591660184,True
ENST00000564238.1,ENSG00000167523.13,SPATA33,protein_coding,SPATA33-203,protein_coding,ENSP00000462233.1,ENSG00000167523.13;ENST00000564238.1,-0.12814725,0.0154845155,12,isoform,1.0,True,-0.1281472500229982,True
ENST00000566204.1,ENSG00000167523.13,SPATA33,protein_coding,SPATA33-205,protein_coding,ENSP00000461933.1,ENSG00000167523.13;ENST00000566204.1,0.1161092068,0.0194805195,12,isoform,1.0,True,0.116109206756077,True
ENST00000301042.7,ENSG00000167528.13,ZNF641,protein_coding,ZNF641-201,protein_coding,ENSP00000301042.3,ENSG00000167528.13;ENST00000301042.7,0.1512711131,0.0264735265,12,isoform,1.0,True,0.1512711131436684,True
ENST00000585544.1,ENSG00000167604.14,NFKBID,protein_coding,NFKBID-202,processed_transcript,,ENSG00000167604.14;ENST00000585544.1,-0.3212063544,0.0054945055,12,isoform,1.0,True,-0.3212063543622021,True
ENST00000588497.2,ENSG00000167604.14,NFKBID,protein_coding,NFKBID-206,retained_intron,,ENSG00000167604.14;ENST00000588497.2,0.1022234294,0.047952048,12,isoform,1.0,True,0.1022234293690034,True
ENST00000590828.5,ENSG00000167604.14,NFKBID,protein_coding,NFKBID-208,nonsense_mediated_decay,ENSP00000467127.1,ENSG00000167604.14;ENST00000590828.5,0.1293350974,0.034965035,12,isoform,1.0,True,0.1293350974020359,True
ENST00000451943.6,ENSG00000167986.14,DDB1,protein_coding,DDB1-203,retained_intron,,ENSG00000167986.14;ENST00000451943.6,0.1036107172,0.007992008,12,isoform,1.0,True,0.1036107171752988,True
ENST00000307602.9,ENSG00000168172.9,HOOK3,protein_coding,HOOK3-201,protein_coding,ENSP00000305699.3,ENSG00000168172.9;ENST00000307602.9,-0.3648857748,0.005994006,12,isoform,1.0,True,-0.364885774818808,True
ENST00000533539.1,ENSG00000168172.9,HOOK3,protein_coding,HOOK3-206,protein_coding,ENSP00000433953.1,ENSG00000168172.9;ENST00000533539.1,0.2317336789,0.020979021,12,isoform,1.0,True,0.2317336788558726,True
ENST00000647650.1,ENSG00000168216.13,LMBRD1,protein_coding,LMBRD1-203,nonsense_mediated_decay,ENSP00000497808.1,ENSG00000168216.13;ENST00000647650.1,0.2228782399,0.0054945055,12,isoform,1.0,True,0.2228782398845354,True
ENST00000649795.1,ENSG00000168216.13,LMBRD1,protein_coding,LMBRD1-227,nonsense_mediated_decay,ENSP00000498147.1,ENSG00000168216.13;ENST00000649795.1,-0.1377397153,0.014985015,12,isoform,1.0,True,-0.1377397152868762,True
ENST00000489144.5,ENSG00000168255.20,POLR2J3,protein_coding,POLR2J3-204,nonsense_mediated_decay,ENSP00000419145.1,ENSG00000168255.20;ENST00000489144.5,0.2486174721,0.007992008,12,isoform,1.0,True,0.2486174721170801,True
ENST00000521315.5,ENSG00000168484.12,SFTPC,protein_coding,SFTPC-205,protein_coding,ENSP00000430410.1,ENSG00000168484.12;ENST00000521315.5,-0.1701411922,0.047952048,12,isoform,1.0,True,-0.1701411922076239,True
ENST00000517570.5,ENSG00000168502.17,MTCL1,protein_coding,MTCL1-205,protein_coding,ENSP00000429556.1,ENSG00000168502.17;ENST00000517570.5,0.102637123,0.044955045,12,isoform,1.0,True,0.1026371230050633,True
ENST00000359446.9,ENSG00000168675.18,LDLRAD4,protein_coding,LDLRAD4-201,protein_coding,ENSP00000352420.5,ENSG00000168675.18;ENST00000359446.9,-0.1877618809,0.0114885115,12,isoform,1.0,True,-0.1877618808550108,True
ENST00000305476.10,ENSG00000168758.11,SEMA4C,protein_coding,SEMA4C-201,protein_coding,ENSP00000306844.5,ENSG00000168758.11;ENST00000305476.10,0.1251110877,0.020979021,12,isoform,1.0,True,0.125111087734974,True
ENST00000377060.7,ENSG00000168763.16,CNNM3,protein_coding,CNNM3-202,protein_coding,ENSP00000366260.3,ENSG00000168763.16;ENST00000377060.7,0.1130509662,0.028971029,12,isoform,1.0,True,0.1130509661745918,True
ENST00000360301.8,ENSG00000168781.22,PPIP5K1,protein_coding,PPIP5K1-204,protein_coding,ENSP00000353446.4,ENSG00000168781.22;ENST00000360301.8,0.103555168,0.037962038,12,isoform,1.0,True,0.1035551680040184,True
ENST00000559433.5,ENSG00000168904.15,LRRC28,protein_coding,LRRC28-214,nonsense_mediated_decay,ENSP00000453469.1,ENSG00000168904.15;ENST00000559433.5,-0.1245742221,0.048951049,12,isoform,1.0,True,-0.1245742220802894,True
ENST00000561276.5,ENSG00000168904.15,LRRC28,protein_coding,LRRC28-221,protein_coding,ENSP00000452863.1,ENSG00000168904.15;ENST00000561276.5,0.1623284038,0.02997003,12,isoform,1.0,True,0.1623284037867498,True
ENST00000303391.11,ENSG00000169057.24,MECP2,protein_coding,MECP2-201,protein_coding,ENSP00000301948.6,ENSG00000169057.24;ENST00000303391.11,-0.3461188592,0.0014985015,12,isoform,1.0,True,-0.3461188591687125,True
ENST00000407218.5,ENSG00000169057.24,MECP2,protein_coding,MECP2-203,protein_coding,ENSP00000384865.2,ENSG00000169057.24;ENST00000407218.5,-0.1522188706,0.010989011,12,isoform,1.0,True,-0.1522188705510556,True
ENST00000453960.7,ENSG00000169057.24,MECP2,protein_coding,MECP2-205,protein_coding,ENSP00000395535.2,ENSG00000169057.24;ENST00000453960.7,0.1690813523,0.008991009,12,isoform,1.0,True,0.169081352259214,True
ENST00000628176.2,ENSG00000169057.24,MECP2,protein_coding,MECP2-216,protein_coding,ENSP00000486978.1,ENSG00000169057.24;ENST00000628176.2,0.344917785,0.0014985015,12,isoform,1.0,True,0.3449177850019209,True
ENST00000334651.11,ENSG00000169084.15,DHRSX,protein_coding,DHRSX-201,protein_coding,ENSP00000334113.5,ENSG00000169084.15;ENST00000334651.11,-0.4033814946,0.0,12,isoform,0.0,True,-0.4033814945888793,True
ENST00000373464.5,ENSG00000169155.10,ZBTB43,protein_coding,ZBTB43-202,protein_coding,ENSP00000362563.4,ENSG00000169155.10;ENST00000373464.5,-0.1336090167,0.041958042,12,isoform,1.0,True,-0.1336090167213959,True
ENST00000449886.5,ENSG00000169155.10,ZBTB43,protein_coding,ZBTB43-203,protein_coding,ENSP00000390344.1,ENSG00000169155.10;ENST00000449886.5,0.1404783235,0.0394605395,12,isoform,1.0,True,0.1404783235111857,True
ENST00000504841.6,ENSG00000169246.16,NPIPB3,protein_coding,NPIPB3-203,protein_coding,ENSP00000446048.1,ENSG00000169246.16;ENST00000504841.6,-0.4258239494,0.0034965035,12,isoform,1.0,True,-0.4258239494019644,True
ENST00000535190.1,ENSG00000169246.16,NPIPB3,protein_coding,NPIPB3-207,processed_transcript,,ENSG00000169246.16;ENST00000535190.1,0.395538097,0.003996004,12,isoform,1.0,True,0.3955380969780577,True
ENST00000303714.8,ENSG00000169604.19,ANTXR1,protein_coding,ANTXR1-201,protein_coding,ENSP00000301945.4,ENSG00000169604.19;ENST00000303714.8,-0.111381531,0.0074925075,12,isoform,1.0,True,-0.1113815309632673,True
ENST00000466906.1,ENSG00000169855.20,ROBO1,protein_coding,ROBO1-203,processed_transcript,,ENSG00000169855.20;ENST00000466906.1,0.1453969532,0.0204795205,12,isoform,1.0,True,0.1453969531533563,True
ENST00000618846.4,ENSG00000169855.20,ROBO1,protein_coding,ROBO1-213,protein_coding,ENSP00000482448.1,ENSG00000169855.20;ENST00000618846.4,0.1092442419,0.038961039,12,isoform,1.0,True,0.1092442419415464,True
ENST00000494743.1,ENSG00000169925.17,BRD3,protein_coding,BRD3-206,retained_intron,,ENSG00000169925.17;ENST00000494743.1,0.1223800396,0.025974026,12,isoform,1.0,True,0.1223800395895007,True
ENST00000409179.2,ENSG00000169967.16,MAP3K2,protein_coding,MAP3K2-202,protein_coding,ENSP00000386313.2,ENSG00000169967.16;ENST00000409179.2,0.2173815023,0.0044955045,12,isoform,1.0,True,0.2173815023204022,True
ENST00000409947.5,ENSG00000169967.16,MAP3K2,protein_coding,MAP3K2-203,protein_coding,ENSP00000387246.1,ENSG00000169967.16;ENST00000409947.5,-0.2375750172,0.003996004,12,isoform,1.0,True,-0.2375750171579683,True
ENST00000296092.7,ENSG00000169981.11,ZNF35,protein_coding,ZNF35-201,protein_coding,ENSP00000296092.3,ENSG00000169981.11;ENST00000296092.7,0.166919243,0.024975025,12,isoform,1.0,True,0.1669192430027977,True
ENST00000528746.5,ENSG00000170325.14,PRDM10,protein_coding,PRDM10-207,protein_coding,ENSP00000431262.1,ENSG00000170325.14;ENST00000528746.5,0.2095866067,0.035964036,12,isoform,1.0,True,0.2095866066560744,True
ENST00000303562.9,ENSG00000170345.10,FOS,protein_coding,FOS-201,protein_coding,ENSP00000306245.4,ENSG00000170345.10;ENST00000303562.9,-0.2015378731,0.0,12,isoform,0.0,True,-0.2015378730763997,True
ENST00000389082.10,ENSG00000170456.16,DENND5B,protein_coding,DENND5B-202,protein_coding,ENSP00000373734.5,ENSG00000170456.16;ENST00000389082.10,-0.1472800402,0.0234765235,12,isoform,1.0,True,-0.1472800402483568,True
ENST00000546299.1,ENSG00000170456.16,DENND5B,protein_coding,DENND5B-207,protein_coding,ENSP00000442938.1,ENSG00000170456.16;ENST00000546299.1,0.1489989297,0.0234765235,12,isoform,1.0,True,0.1489989297407762,True
ENST00000507405.5,ENSG00000170464.10,DNAJC18,protein_coding,DNAJC18-205,processed_transcript,,ENSG00000170464.10;ENST00000507405.5,-0.163222656,0.006993007,12,isoform,1.0,True,-0.1632226559685268,True
ENST00000508934.5,ENSG00000170571.12,EMB,protein_coding,EMB-204,protein_coding,ENSP00000425215.1,ENSG00000170571.12;ENST00000508934.5,0.1190078502,0.042957043,12,isoform,1.0,True,0.1190078502045488,True
ENST00000613529.4,ENSG00000170633.16,RNF34,protein_coding,RNF34-211,protein_coding,ENSP00000477987.1,ENSG00000170633.16;ENST00000613529.4,0.1078076834,0.00999001,12,isoform,1.0,True,0.1078076834326083,True
ENST00000420353.7,ENSG00000170653.19,ATF7,protein_coding,ATF7-201,protein_coding,ENSP00000399465.1,ENSG00000170653.19;ENST00000420353.7,-0.1016811016,0.0124875125,12,isoform,1.0,True,-0.1016811015755111,True
ENST00000591397.1,ENSG00000170653.19,ATF7,protein_coding,ATF7-212,protein_coding,ENSP00000465192.1,ENSG00000170653.19;ENST00000591397.1,0.141946238,0.0054945055,12,isoform,1.0,True,0.1419462379807261,True
ENST00000541662.5,ENSG00000170667.15,RASA4B,protein_coding,RASA4B-207,protein_coding,ENSP00000440982.1,ENSG00000170667.15;ENST00000541662.5,0.1933476158,0.046953047,12,isoform,1.0,True,0.1933476157546889,True
ENST00000397942.4,ENSG00000170677.6,SOCS6,protein_coding,SOCS6-201,protein_coding,ENSP00000381034.3,ENSG00000170677.6;ENST00000397942.4,-0.1256462408,0.040959041,12,isoform,1.0,True,-0.1256462408481267,True
ENST00000582322.1,ENSG00000170677.6,SOCS6,protein_coding,SOCS6-203,protein_coding,ENSP00000463395.1,ENSG00000170677.6;ENST00000582322.1,0.1256462408,0.040959041,12,isoform,1.0,True,0.1256462408481267,True
ENST00000300896.9,ENSG00000170832.13,USP32,protein_coding,USP32-201,protein_coding,ENSP00000300896.3,ENSG00000170832.13;ENST00000300896.9,-0.1475980403,0.0094905095,12,isoform,1.0,True,-0.147598040262266,True
ENST00000592339.5,ENSG00000170832.13,USP32,protein_coding,USP32-214,protein_coding,ENSP00000467885.1,ENSG00000170832.13;ENST00000592339.5,0.1559569622,0.006993007,12,isoform,1.0,True,0.1559569621915333,True
ENST00000424789.6,ENSG00000170921.15,TANC2,protein_coding,TANC2-202,protein_coding,ENSP00000387593.2,ENSG00000170921.15;ENST00000424789.6,-0.1316875491,0.0434565435,12,isoform,1.0,True,-0.1316875491361582,True
ENST00000418871.5,ENSG00000170949.17,ZNF160,protein_coding,ZNF160-202,protein_coding,ENSP00000409597.1,ENSG00000170949.17;ENST00000418871.5,0.2013064185,0.0174825175,12,isoform,1.0,True,0.2013064185013723,True
ENST00000594760.1,ENSG00000170949.17,ZNF160,protein_coding,ZNF160-204,processed_transcript,,ENSG00000170949.17;ENST00000594760.1,-0.1171372444,0.045954046,12,isoform,1.0,True,-0.1171372443733631,True
ENST00000302000.10,ENSG00000171016.12,PYGO1,protein_coding,PYGO1-201,protein_coding,ENSP00000302327.6,ENSG00000171016.12;ENST00000302000.10,-0.3112549487,0.020979021,12,isoform,1.0,True,-0.3112549487474342,True
ENST00000302586.8,ENSG00000171097.14,KYAT1,protein_coding,KYAT1-201,protein_coding,ENSP00000302227.3,ENSG00000171097.14;ENST00000302586.8,-0.1252946823,0.011988012,12,isoform,1.0,True,-0.1252946823094844,True
ENST00000302188.8,ENSG00000171174.15,RBKS,protein_coding,RBKS-201,protein_coding,ENSP00000306817.3,ENSG00000171174.15;ENST00000302188.8,0.1722056462,0.0264735265,12,isoform,1.0,True,0.1722056462464297,True
ENST00000549016.1,ENSG00000171310.11,CHST11,protein_coding,CHST11-204,protein_coding,ENSP00000449095.1,ENSG00000171310.11;ENST00000549016.1,0.2139063933,0.0324675325,12,isoform,1.0,True,0.2139063933405698,True
ENST00000528280.1,ENSG00000171316.12,CHD7,protein_coding,CHD7-208,retained_intron,,ENSG00000171316.12;ENST00000528280.1,0.133420971,0.030969031,12,isoform,1.0,True,0.1334209709641985,True
ENST00000305188.13,ENSG00000171320.15,ESCO2,protein_coding,ESCO2-201,protein_coding,ENSP00000306999.8,ENSG00000171320.15;ENST00000305188.13,-0.2742871658,0.0034965035,12,isoform,1.0,True,-0.2742871658325914,True
ENST00000523910.1,ENSG00000171320.15,ESCO2,protein_coding,ESCO2-207,processed_transcript,,ENSG00000171320.15;ENST00000523910.1,0.1745282511,0.014985015,12,isoform,1.0,True,0.1745282510761437,True
ENST00000326804.8,ENSG00000171606.18,ZNF274,protein_coding,ZNF274-201,protein_coding,ENSP00000321209.5,ENSG00000171606.18;ENST00000326804.8,0.1591949567,0.005994006,12,isoform,1.0,True,0.1591949567349721,True
ENST00000349767.6,ENSG00000171631.15,P2RY6,protein_coding,P2RY6-201,protein_coding,ENSP00000309771.2,ENSG00000171631.15;ENST00000349767.6,-0.3134889844,0.0,12,isoform,0.0,True,-0.3134889844181172,True
ENST00000393590.2,ENSG00000171631.15,P2RY6,protein_coding,P2RY6-202,protein_coding,ENSP00000377215.2,ENSG00000171631.15;ENST00000393590.2,-0.1296866642,0.0064935065,12,isoform,1.0,True,-0.1296866641687402,True
ENST00000540793.5,ENSG00000171681.12,ATF7IP,protein_coding,ATF7IP-214,protein_coding,ENSP00000444589.1,ENSG00000171681.12;ENST00000540793.5,0.1946850305,0.0164835165,12,isoform,1.0,True,0.1946850304513925,True
ENST00000332298.9,ENSG00000171700.14,RGS19,protein_coding,RGS19-201,protein_coding,ENSP00000333194.5,ENSG00000171700.14;ENST00000332298.9,-0.1160434247,0.0114885115,12,isoform,1.0,True,-0.1160434246829583,True
ENST00000395042.2,ENSG00000171700.14,RGS19,protein_coding,RGS19-202,protein_coding,ENSP00000378483.1,ENSG00000171700.14;ENST00000395042.2,0.1410020932,0.004995005,12,isoform,1.0,True,0.1410020932482195,True
ENST00000397265.7,ENSG00000171840.12,NINJ2,protein_coding,NINJ2-202,protein_coding,ENSP00000380435.3,ENSG00000171840.12;ENST00000397265.7,-0.1796712768,0.0164835165,12,isoform,1.0,True,-0.1796712768230547,True
ENST00000315212.4,ENSG00000171865.10,RNASEH1,protein_coding,RNASEH1-201,protein_coding,ENSP00000313350.3,ENSG00000171865.10;ENST00000315212.4,-0.2236497966,0.0004995005,12,isoform,1.0,True,-0.22364979656377,True
ENST00000436842.5,ENSG00000171865.10,RNASEH1,protein_coding,RNASEH1-202,nonsense_mediated_decay,ENSP00000404926.1,ENSG00000171865.10;ENST00000436842.5,0.203432471,0.0004995005,12,isoform,1.0,True,0.2034324710155501,True
ENST00000467560.5,ENSG00000171953.16,ATPAF2,protein_coding,ATPAF2-204,retained_intron,,ENSG00000171953.16;ENST00000467560.5,0.2548761152,0.002997003,12,isoform,1.0,True,0.2548761152245216,True
ENST00000305626.6,ENSG00000172007.7,RAB33B,protein_coding,RAB33B-201,protein_coding,ENSP00000306496.5,ENSG00000172007.7;ENST00000305626.6,-0.2105131122,0.0274725275,12,isoform,1.0,True,-0.2105131121721444,True
ENST00000507271.1,ENSG00000172007.7,RAB33B,protein_coding,RAB33B-202,processed_transcript,,ENSG00000172007.7;ENST00000507271.1,0.2660693784,0.0204795205,12,isoform,1.0,True,0.2660693783617006,True
ENST00000470706.1,ENSG00000172071.14,EIF2AK3,protein_coding,EIF2AK3-203,processed_transcript,,ENSG00000172071.14;ENST00000470706.1,-0.1289499985,0.0214785215,12,isoform,1.0,True,-0.1289499984593702,True
ENST00000649217.2,ENSG00000172175.15,MALT1,protein_coding,MALT1-208,protein_coding,ENSP00000497997.1,ENSG00000172175.15;ENST00000649217.2,-0.102773181,0.0264735265,12,isoform,1.0,True,-0.1027731809896135,True
ENST00000336378.8,ENSG00000172661.19,WASHC2C,protein_coding,WASHC2C-201,protein_coding,ENSP00000337541.5,ENSG00000172661.19;ENST00000336378.8,0.1420579972,0.0114885115,12,isoform,1.0,True,0.1420579971650828,True
ENST00000452789.6,ENSG00000172663.9,TMEM134,protein_coding,TMEM134-203,retained_intron,,ENSG00000172663.9;ENST00000452789.6,-0.1351815863,0.007992008,12,isoform,1.0,True,-0.1351815862519503,True
ENST00000393238.7,ENSG00000172765.17,TMCC1,protein_coding,TMCC1-201,protein_coding,ENSP00000376930.3,ENSG00000172765.17;ENST00000393238.7,-0.1948608858,0.0164835165,12,isoform,1.0,True,-0.1948608857660747,True
ENST00000504961.1,ENSG00000172795.17,DCP2,protein_coding,DCP2-203,processed_transcript,,ENSG00000172795.17;ENST00000504961.1,0.1902326038,0.0124875125,12,isoform,1.0,True,0.1902326038070153,True
ENST00000311085.8,ENSG00000172869.14,DMXL1,protein_coding,DMXL1-201,protein_coding,ENSP00000309690.8,ENSG00000172869.14;ENST00000311085.8,-0.1102023663,0.0474525475,12,isoform,1.0,True,-0.1102023662833417,True
ENST00000511455.7,ENSG00000172932.16,ANKRD13D,protein_coding,ANKRD13D-211,protein_coding,ENSP00000427130.2,ENSG00000172932.16;ENST00000511455.7,0.1562352989,0.014985015,12,isoform,1.0,True,0.1562352989064296,True
ENST00000311412.10,ENSG00000173083.15,HPSE,protein_coding,HPSE-201,protein_coding,ENSP00000308107.5,ENSG00000173083.15;ENST00000311412.10,-0.1536473347,0.032967033,12,isoform,1.0,True,-0.1536473346698373,True
ENST00000671876.2,ENSG00000173214.7,MFSD4B,protein_coding,MFSD4B-208,protein_coding,ENSP00000500934.1,ENSG00000173214.7;ENST00000671876.2,-0.2089242704,0.0224775225,12,isoform,1.0,True,-0.2089242703568705,True
ENST00000551488.5,ENSG00000173451.7,THAP2,protein_coding,THAP2-204,protein_coding,ENSP00000448904.1,ENSG00000173451.7;ENST00000551488.5,0.1299731491,0.02997003,12,isoform,1.0,True,0.1299731490864701,True
ENST00000336505.11,ENSG00000173611.18,SCAI,protein_coding,SCAI-201,protein_coding,ENSP00000336756.6,ENSG00000173611.18;ENST00000336505.11,-0.3576455942,0.0124875125,12,isoform,1.0,True,-0.357645594188016,True
ENST00000477186.5,ENSG00000173611.18,SCAI,protein_coding,SCAI-205,nonsense_mediated_decay,ENSP00000419576.1,ENSG00000173611.18;ENST00000477186.5,0.21182584,0.0394605395,12,isoform,1.0,True,0.2118258399969676,True
ENST00000310078.12,ENSG00000173744.17,AGFG1,protein_coding,AGFG1-201,protein_coding,ENSP00000312059.7,ENSG00000173744.17;ENST00000310078.12,-0.1147499006,0.0084915085,12,isoform,1.0,True,-0.1147499006289674,True
ENST00000495893.7,ENSG00000173889.16,PHC3,protein_coding,PHC3-215,protein_coding,ENSP00000420294.1,ENSG00000173889.16;ENST00000495893.7,-0.4309217958,0.000999001,12,isoform,1.0,True,-0.4309217958099586,True
ENST00000463262.1,ENSG00000174032.17,SLC25A30,protein_coding,SLC25A30-202,nonsense_mediated_decay,ENSP00000425603.1,ENSG00000174032.17;ENST00000463262.1,0.1467733068,0.042957043,12,isoform,1.0,True,0.1467733067556065,True
ENST00000308259.10,ENSG00000174099.12,MSRB3,protein_coding,MSRB3-201,protein_coding,ENSP00000312274.6,ENSG00000174099.12;ENST00000308259.10,-0.1071031938,0.0374625375,12,isoform,1.0,True,-0.1071031937779953,True
ENST00000541189.5,ENSG00000174099.12,MSRB3,protein_coding,MSRB3-210,protein_coding,ENSP00000440722.1,ENSG00000174099.12;ENST00000541189.5,0.1703080509,0.0154845155,12,isoform,1.0,True,0.1703080508844568,True
ENST00000310442.5,ENSG00000174165.8,ZDHHC24,protein_coding,ZDHHC24-201,protein_coding,ENSP00000309429.3,ENSG00000174165.8;ENST00000310442.5,-0.1641727488,0.0124875125,12,isoform,1.0,True,-0.1641727488057318,True
ENST00000311915.12,ENSG00000174206.13,C12orf66,protein_coding,C12orf66-201,protein_coding,ENSP00000311486.8,ENSG00000174206.13;ENST00000311915.12,-0.1841532027,0.024975025,12,isoform,1.0,True,-0.1841532027315419,True
ENST00000615991.1,ENSG00000174206.13,C12orf66,protein_coding,C12orf66-205,processed_transcript,,ENSG00000174206.13;ENST00000615991.1,0.1377449623,0.0444555445,12,isoform,1.0,True,0.1377449622916812,True
ENST00000432768.6,ENSG00000174306.21,ZHX3,protein_coding,ZHX3-205,protein_coding,ENSP00000415498.3,ENSG00000174306.21;ENST00000432768.6,0.1490503598,0.0314685315,12,isoform,1.0,True,0.1490503597711009,True
ENST00000554259.5,ENSG00000174373.16,RALGAPA1,protein_coding,RALGAPA1-206,protein_coding,ENSP00000451133.1,ENSG00000174373.16;ENST00000554259.5,0.2039391783,0.0214785215,12,isoform,1.0,True,0.2039391782583522,True
ENST00000481918.1,ENSG00000174606.14,ANGEL2,protein_coding,ANGEL2-206,processed_transcript,,ENSG00000174606.14;ENST00000481918.1,0.1134329006,0.0164835165,12,isoform,1.0,True,0.1134329006036281,True
ENST00000540924.5,ENSG00000174718.12,RESF1,protein_coding,RESF1-206,protein_coding,ENSP00000445152.1,ENSG00000174718.12;ENST00000540924.5,0.1557828426,0.0364635365,12,isoform,1.0,True,0.1557828426295345,True
ENST00000503831.1,ENSG00000174796.12,THAP6,protein_coding,THAP6-204,retained_intron,,ENSG00000174796.12;ENST00000503831.1,-0.1180405815,0.0424575425,12,isoform,1.0,True,-0.118040581466769,True
ENST00000471465.1,ENSG00000174842.17,GLMN,protein_coding,GLMN-203,retained_intron,,ENSG00000174842.17;ENST00000471465.1,-0.1329604313,0.031968032,12,isoform,1.0,True,-0.1329604313100383,True
ENST00000568000.6,ENSG00000174943.11,KCTD13,protein_coding,KCTD13-208,protein_coding,ENSP00000455785.1,ENSG00000174943.11;ENST00000568000.6,0.2081571028,0.0144855145,12,isoform,1.0,True,0.2081571028114168,True
ENST00000392993.7,ENSG00000175066.16,GK5,protein_coding,GK5-201,protein_coding,ENSP00000418001.1,ENSG00000175066.16;ENST00000392993.7,-0.2350905477,0.0064935065,12,isoform,1.0,True,-0.2350905477226745,True
ENST00000617672.1,ENSG00000175221.15,MED16,protein_coding,MED16-213,protein_coding,ENSP00000483533.1,ENSG00000175221.15;ENST00000617672.1,-0.1220976009,0.013986014,12,isoform,1.0,True,-0.1220976009481001,True
ENST00000308108.8,ENSG00000175305.17,CCNE2,protein_coding,CCNE2-201,protein_coding,ENSP00000309181.4,ENSG00000175305.17;ENST00000308108.8,-0.1497898084,0.017982018,12,isoform,1.0,True,-0.1497898084205169,True
ENST00000308742.9,ENSG00000175548.9,ALG10B,protein_coding,ALG10B-201,protein_coding,ENSP00000310120.4,ENSG00000175548.9;ENST00000308742.9,-0.2379250239,0.0054945055,12,isoform,1.0,True,-0.2379250239263486,True
ENST00000548240.1,ENSG00000175548.9,ALG10B,protein_coding,ALG10B-202,nonsense_mediated_decay,ENSP00000449210.1,ENSG00000175548.9;ENST00000548240.1,0.1627098408,0.006993007,12,isoform,1.0,True,0.1627098407619897,True
ENST00000439603.5,ENSG00000175556.17,LONRF3,protein_coding,LONRF3-204,protein_coding,ENSP00000414519.1,ENSG00000175556.17;ENST00000439603.5,0.3673475204,0.0054945055,12,isoform,1.0,True,0.3673475204280694,True
ENST00000311895.8,ENSG00000175595.15,ERCC4,protein_coding,ERCC4-201,protein_coding,ENSP00000310520.7,ENSG00000175595.15;ENST00000311895.8,-0.3745735459,0.007992008,12,isoform,1.0,True,-0.374573545878641,True
ENST00000576348.1,ENSG00000175595.15,ERCC4,protein_coding,ERCC4-208,retained_intron,,ENSG00000175595.15;ENST00000576348.1,0.3426691027,0.0114885115,12,isoform,1.0,True,0.3426691027311784,True
ENST00000517439.1,ENSG00000175606.11,TMEM70,protein_coding,TMEM70-203,protein_coding,ENSP00000429467.1,ENSG00000175606.11;ENST00000517439.1,0.1079702952,0.006993007,12,isoform,1.0,True,0.1079702951517648,True
ENST00000517614.1,ENSG00000175606.11,TMEM70,protein_coding,TMEM70-204,retained_intron,,ENSG00000175606.11;ENST00000517614.1,-0.1926778035,0.000999001,12,isoform,1.0,True,-0.1926778035363971,True
ENST00000320865.3,ENSG00000175711.8,B3GNTL1,protein_coding,B3GNTL1-201,protein_coding,ENSP00000319979.3,ENSG00000175711.8;ENST00000320865.3,0.2017766484,0.00999001,12,isoform,1.0,True,0.2017766484216339,True
ENST00000571301.1,ENSG00000175711.8,B3GNTL1,protein_coding,B3GNTL1-204,retained_intron,,ENSG00000175711.8;ENST00000571301.1,-0.1320574318,0.0374625375,12,isoform,1.0,True,-0.1320574318328441,True
ENST00000654118.1,ENSG00000175772.11,LINC01106,lncRNA,LINC01106-203,lncRNA,,ENSG00000175772.11;ENST00000654118.1,0.4422755048,0.003996004,12,isoform,1.0,True,0.4422755047597864,True
ENST00000665250.1,ENSG00000175772.11,LINC01106,lncRNA,LINC01106-204,lncRNA,,ENSG00000175772.11;ENST00000665250.1,-0.443339909,0.003996004,12,isoform,1.0,True,-0.4433399089706344,True
ENST00000674096.1,ENSG00000175782.11,SLC35E3,protein_coding,SLC35E3-207,nonsense_mediated_decay,ENSP00000501130.1,ENSG00000175782.11;ENST00000674096.1,0.1055698443,0.0274725275,12,isoform,1.0,True,0.1055698443248313,True
ENST00000482162.1,ENSG00000176142.13,TMEM39A,protein_coding,TMEM39A-207,processed_transcript,,ENSG00000176142.13;ENST00000482162.1,-0.1492560673,0.005994006,12,isoform,1.0,True,-0.14925606730681,True
ENST00000531632.6,ENSG00000176148.16,TCP11L1,protein_coding,TCP11L1-209,protein_coding,ENSP00000433067.1,ENSG00000176148.16;ENST00000531632.6,0.1829413835,0.008991009,12,isoform,1.0,True,0.1829413834884026,True
ENST00000584717.1,ENSG00000176155.19,CCDC57,protein_coding,CCDC57-219,processed_transcript,,ENSG00000176155.19;ENST00000584717.1,0.1080276038,0.0164835165,12,isoform,1.0,True,0.1080276037627675,True
ENST00000476983.5,ENSG00000176444.19,CLK2,protein_coding,CLK2-205,processed_transcript,,ENSG00000176444.19;ENST00000476983.5,0.1098302866,0.0124875125,12,isoform,1.0,True,0.1098302866358811,True
ENST00000317058.8,ENSG00000176476.9,SGF29,protein_coding,SGF29-201,protein_coding,ENSP00000316114.3,ENSG00000176476.9;ENST00000317058.8,0.1067218911,0.026973027,12,isoform,1.0,True,0.1067218910703472,True
ENST00000339474.9,ENSG00000176809.10,LRRC37A3,protein_coding,LRRC37A3-203,protein_coding,ENSP00000344298.5,ENSG00000176809.10;ENST00000339474.9,0.2401547464,0.013986014,12,isoform,1.0,True,0.2401547463524219,True
ENST00000503891.5,ENSG00000177058.12,SLC38A9,protein_coding,SLC38A9-207,protein_coding,ENSP00000425055.1,ENSG00000177058.12;ENST00000503891.5,-0.1253902046,0.020979021,12,isoform,1.0,True,-0.125390204572274,True
ENST00000379565.9,ENSG00000177189.14,RPS6KA3,protein_coding,RPS6KA3-201,protein_coding,ENSP00000368884.3,ENSG00000177189.14;ENST00000379565.9,-0.1796531129,0.0054945055,12,isoform,1.0,True,-0.1796531129326027,True
ENST00000534221.1,ENSG00000178105.11,DDX10,protein_coding,DDX10-206,processed_transcript,,ENSG00000178105.11;ENST00000534221.1,-0.1142987533,0.0244755245,12,isoform,1.0,True,-0.1142987533338311,True
ENST00000314622.9,ENSG00000178694.10,NSUN3,protein_coding,NSUN3-201,protein_coding,ENSP00000318986.4,ENSG00000178694.10;ENST00000314622.9,-0.1577674339,0.041958042,12,isoform,1.0,True,-0.1577674339337913,True
ENST00000483378.1,ENSG00000178694.10,NSUN3,protein_coding,NSUN3-206,nonsense_mediated_decay,ENSP00000419297.1,ENSG00000178694.10;ENST00000483378.1,0.1983701276,0.026973027,12,isoform,1.0,True,0.1983701275650561,True
ENST00000562698.5,ENSG00000178761.15,FAM219B,protein_coding,FAM219B-202,protein_coding,ENSP00000454277.1,ENSG00000178761.15;ENST00000562698.5,0.1047778529,0.0144855145,12,isoform,1.0,True,0.1047778529172056,True
ENST00000318887.8,ENSG00000179021.10,C3orf38,protein_coding,C3orf38-201,protein_coding,ENSP00000322469.3,ENSG00000179021.10;ENST00000318887.8,-0.2625987083,0.007992008,12,isoform,1.0,True,-0.2625987083223373,True
ENST00000486971.1,ENSG00000179021.10,C3orf38,protein_coding,C3orf38-204,protein_coding,ENSP00000418774.1,ENSG00000179021.10;ENST00000486971.1,0.2747900552,0.0074925075,12,isoform,1.0,True,0.2747900551947473,True
ENST00000314520.6,ENSG00000179455.9,MKRN3,protein_coding,MKRN3-201,protein_coding,ENSP00000313881.3,ENSG00000179455.9;ENST00000314520.6,0.1148711482,0.026973027,12,isoform,1.0,True,0.1148711482309768,True
ENST00000570112.1,ENSG00000179455.9,MKRN3,protein_coding,MKRN3-205,processed_transcript,,ENSG00000179455.9;ENST00000570112.1,-0.1157022944,0.026973027,12,isoform,1.0,True,-0.1157022943641649,True
ENST00000551465.1,ENSG00000179912.20,R3HDM2,protein_coding,R3HDM2-213,retained_intron,,ENSG00000179912.20;ENST00000551465.1,-0.158962514,0.020979021,12,isoform,1.0,True,-0.1589625140374273,True
ENST00000317005.2,ENSG00000180346.3,TIGD2,protein_coding,TIGD2-201,protein_coding,ENSP00000317170.2,ENSG00000180346.3;ENST00000317005.2,0.2187211808,0.016983017,12,isoform,1.0,True,0.2187211807958957,True
ENST00000603357.2,ENSG00000180346.3,TIGD2,protein_coding,TIGD2-202,protein_coding,ENSP00000486687.1,ENSG00000180346.3;ENST00000603357.2,-0.2187211808,0.016983017,12,isoform,1.0,True,-0.2187211807958957,True
ENST00000327134.7,ENSG00000180370.10,PAK2,protein_coding,PAK2-201,protein_coding,ENSP00000314067.3,ENSG00000180370.10;ENST00000327134.7,-0.1568242425,0.0114885115,12,isoform,1.0,True,-0.156824242540668,True
ENST00000326237.3,ENSG00000180385.8,EMC3-AS1,transcribed_unprocessed_pseudogene,EMC3-AS1-201,processed_transcript,,ENSG00000180385.8;ENST00000326237.3,-0.1747714197,0.024975025,12,isoform,1.0,True,-0.1747714197065769,True
ENST00000490164.1,ENSG00000180628.15,PCGF5,protein_coding,PCGF5-202,processed_transcript,,ENSG00000180628.15;ENST00000490164.1,0.1212478807,0.0274725275,12,isoform,1.0,True,0.1212478806731323,True
ENST00000437413.2,ENSG00000180747.15,SMG1P3,transcribed_unprocessed_pseudogene,SMG1P3-202,processed_transcript,,ENSG00000180747.15;ENST00000437413.2,0.1053960221,0.037962038,12,isoform,1.0,True,0.1053960220781966,True
ENST00000434935.7,ENSG00000180917.18,CMTR2,protein_coding,CMTR2-202,protein_coding,ENSP00000411148.2,ENSG00000180917.18;ENST00000434935.7,0.1103284117,0.04995005,12,isoform,1.0,True,0.1103284116752654,True
ENST00000485386.1,ENSG00000180953.11,ST20,protein_coding,ST20-202,protein_coding,ENSP00000453693.1,ENSG00000180953.11;ENST00000485386.1,0.1179070652,0.014985015,12,isoform,1.0,True,0.1179070651621442,True
ENST00000374643.7,ENSG00000181704.12,YIPF6,protein_coding,YIPF6-202,processed_transcript,,ENSG00000181704.12;ENST00000374643.7,0.16793706,0.002997003,12,isoform,1.0,True,0.1679370599707453,True
ENST00000462683.6,ENSG00000181704.12,YIPF6,protein_coding,YIPF6-204,protein_coding,ENSP00000417573.1,ENSG00000181704.12;ENST00000462683.6,-0.1315826874,0.011988012,12,isoform,1.0,True,-0.1315826874034988,True
ENST00000314134.4,ENSG00000181830.9,SLC35C1,protein_coding,SLC35C1-201,protein_coding,ENSP00000313318.3,ENSG00000181830.9;ENST00000314134.4,-0.1187335426,0.014985015,12,isoform,1.0,True,-0.1187335425714488,True
ENST00000442528.2,ENSG00000181830.9,SLC35C1,protein_coding,SLC35C1-202,protein_coding,ENSP00000412408.2,ENSG00000181830.9;ENST00000442528.2,0.1129580847,0.016983017,12,isoform,1.0,True,0.1129580846667346,True
ENST00000366711.4,ENSG00000181873.13,IBA57,protein_coding,IBA57-201,protein_coding,ENSP00000355672.3,ENSG00000181873.13;ENST00000366711.4,-0.1916077401,0.020979021,12,isoform,1.0,True,-0.1916077400517774,True
ENST00000546123.2,ENSG00000181873.13,IBA57,protein_coding,IBA57-203,processed_transcript,,ENSG00000181873.13;ENST00000546123.2,0.1945138407,0.020979021,12,isoform,1.0,True,0.1945138406934025,True
ENST00000373789.8,ENSG00000182010.11,RTKN2,protein_coding,RTKN2-202,protein_coding,ENSP00000362894.3,ENSG00000182010.11;ENST00000373789.8,-0.1634504202,0.0294705295,12,isoform,1.0,True,-0.1634504201685859,True
ENST00000395260.3,ENSG00000182010.11,RTKN2,protein_coding,RTKN2-203,protein_coding,ENSP00000378678.3,ENSG00000182010.11;ENST00000395260.3,0.1675256997,0.0294705295,12,isoform,1.0,True,0.1675256996737,True
ENST00000330387.11,ENSG00000182158.15,CREB3L2,protein_coding,CREB3L2-201,protein_coding,ENSP00000329140.6,ENSG00000182158.15;ENST00000330387.11,-0.112744631,0.027972028,12,isoform,1.0,True,-0.1127446309576795,True
ENST00000636580.2,ENSG00000182220.15,ATP6AP2,protein_coding,ATP6AP2-217,protein_coding,ENSP00000490083.1,ENSG00000182220.15;ENST00000636580.2,-0.1211263542,0.002997003,12,isoform,1.0,True,-0.1211263541988381,True
ENST00000330333.11,ENSG00000182240.16,BACE2,protein_coding,BACE2-202,protein_coding,ENSP00000332979.6,ENSG00000182240.16;ENST00000330333.11,-0.1098133931,0.007992008,12,isoform,1.0,True,-0.1098133931041267,True
ENST00000328642.11,ENSG00000182253.15,SYNM,protein_coding,SYNM-201,protein_coding,ENSP00000330469.8,ENSG00000182253.15;ENST00000328642.11,0.245295595,0.0084915085,12,isoform,1.0,True,0.2452955950161758,True
ENST00000336292.11,ENSG00000182253.15,SYNM,protein_coding,SYNM-202,protein_coding,ENSP00000336775.7,ENSG00000182253.15;ENST00000336292.11,-0.1688000787,0.024975025,12,isoform,1.0,True,-0.1688000786662976,True
ENST00000329235.6,ENSG00000182287.15,AP1S2,protein_coding,AP1S2-201,protein_coding,ENSP00000328789.2,ENSG00000182287.15;ENST00000329235.6,0.1275425827,0.017982018,12,isoform,1.0,True,0.1275425827194982,True
ENST00000331222.6,ENSG00000182372.10,CLN8,protein_coding,CLN8-201,protein_coding,ENSP00000328182.4,ENSG00000182372.10;ENST00000331222.6,-0.1879645077,0.0364635365,12,isoform,1.0,True,-0.1879645076828072,True
ENST00000635970.1,ENSG00000182372.10,CLN8,protein_coding,CLN8-209,nonsense_mediated_decay,ENSP00000490439.1,ENSG00000182372.10;ENST00000635970.1,0.2869777778,0.0164835165,12,isoform,1.0,True,0.286977777837451,True
ENST00000483286.6,ENSG00000182484.15,WASH6P,transcribed_unprocessed_pseudogene,WASH6P-211,processed_transcript,,ENSG00000182484.15;ENST00000483286.6,0.3210295565,0.0004995005,12,isoform,1.0,True,0.3210295565232184,True
ENST00000341893.8,ENSG00000182504.11,CEP97,protein_coding,CEP97-201,protein_coding,ENSP00000342510.3,ENSG00000182504.11;ENST00000341893.8,-0.1392536573,0.0444555445,12,isoform,1.0,True,-0.1392536572559021,True
ENST00000494050.5,ENSG00000182504.11,CEP97,protein_coding,CEP97-206,protein_coding,ENSP00000418185.1,ENSG00000182504.11;ENST00000494050.5,0.1540209671,0.034965035,12,isoform,1.0,True,0.1540209671087168,True
ENST00000327827.12,ENSG00000182831.12,C16orf72,protein_coding,C16orf72-201,protein_coding,ENSP00000331720.7,ENSG00000182831.12;ENST00000327827.12,0.1887634651,0.015984016,12,isoform,1.0,True,0.188763465084374,True
ENST00000574285.2,ENSG00000182831.12,C16orf72,protein_coding,C16orf72-202,protein_coding,ENSP00000484249.1,ENSG00000182831.12;ENST00000574285.2,-0.1887634651,0.015984016,12,isoform,1.0,True,-0.188763465084374,True
ENST00000458605.5,ENSG00000182841.12,RRP7BP,transcribed_unprocessed_pseudogene,RRP7BP-204,processed_transcript,,ENSG00000182841.12;ENST00000458605.5,-0.1106144172,0.00999001,12,isoform,1.0,True,-0.1106144172164092,True
ENST00000566851.5,ENSG00000182841.12,RRP7BP,transcribed_unprocessed_pseudogene,RRP7BP-205,transcribed_unprocessed_pseudogene,,ENSG00000182841.12;ENST00000566851.5,0.1504143477,0.003996004,12,isoform,1.0,True,0.1504143477173438,True
ENST00000338977.5,ENSG00000182903.16,ZNF721,protein_coding,ZNF721-201,protein_coding,ENSP00000340524.5,ENSG00000182903.16;ENST00000338977.5,-0.1440158373,0.0134865135,12,isoform,1.0,True,-0.144015837312489,True
ENST00000619168.5,ENSG00000183049.13,CAMK1D,protein_coding,CAMK1D-204,protein_coding,ENSP00000478874.1,ENSG00000183049.13;ENST00000619168.5,-0.126737785,0.0254745255,12,isoform,1.0,True,-0.1267377849974193,True
ENST00000409257.9,ENSG00000183077.15,AFMID,protein_coding,AFMID-202,protein_coding,ENSP00000386890.4,ENSG00000183077.15;ENST00000409257.9,-0.1043977259,0.0144855145,12,isoform,1.0,True,-0.1043977258706214,True
ENST00000561433.5,ENSG00000183208.12,GDPGP1,protein_coding,GDPGP1-205,protein_coding,ENSP00000453037.1,ENSG00000183208.12;ENST00000561433.5,-0.162456753,0.0474525475,12,isoform,1.0,True,-0.1624567529943703,True
ENST00000458270.2,ENSG00000183309.12,ZNF623,protein_coding,ZNF623-201,protein_coding,ENSP00000411139.2,ENSG00000183309.12;ENST00000458270.2,0.2677588194,0.0114885115,12,isoform,1.0,True,0.2677588194240312,True
ENST00000501748.3,ENSG00000183309.12,ZNF623,protein_coding,ZNF623-202,protein_coding,ENSP00000445979.1,ENSG00000183309.12;ENST00000501748.3,-0.1971012684,0.023976024,12,isoform,1.0,True,-0.1971012683610258,True
ENST00000330386.7,ENSG00000183495.14,EP400,protein_coding,EP400-201,protein_coding,ENSP00000330620.7,ENSG00000183495.14;ENST00000330386.7,0.1489800567,0.0194805195,12,isoform,1.0,True,0.1489800567435663,True
ENST00000400314.5,ENSG00000183570.16,PCBP3,protein_coding,PCBP3-206,protein_coding,ENSP00000383168.1,ENSG00000183570.16;ENST00000400314.5,0.2830024243,0.0284715285,12,isoform,1.0,True,0.2830024242622075,True
ENST00000508973.5,ENSG00000183666.17,GUSBP1,transcribed_unprocessed_pseudogene,GUSBP1-203,processed_transcript,,ENSG00000183666.17;ENST00000508973.5,0.1223886041,0.017982018,12,isoform,1.0,True,0.1223886041406698,True
ENST00000621141.4,ENSG00000183671.12,GPR1,protein_coding,GPR1-210,protein_coding,ENSP00000483003.1,ENSG00000183671.12;ENST00000621141.4,0.3300421134,0.0194805195,12,isoform,1.0,True,0.3300421133985708,True
ENST00000330687.8,ENSG00000183723.13,CMTM4,protein_coding,CMTM4-201,protein_coding,ENSP00000333833.4,ENSG00000183723.13;ENST00000330687.8,0.1321615064,0.0254745255,12,isoform,1.0,True,0.1321615063693403,True
ENST00000331710.10,ENSG00000183735.10,TBK1,protein_coding,TBK1-201,protein_coding,ENSP00000329967.5,ENSG00000183735.10;ENST00000331710.10,0.1128215356,0.017982018,12,isoform,1.0,True,0.1128215355746086,True
ENST00000262848.6,ENSG00000183943.6,PRKX,protein_coding,PRKX-201,protein_coding,ENSP00000262848.5,ENSG00000183943.6;ENST00000262848.6,-0.126399828,0.0264735265,12,isoform,1.0,True,-0.1263998280394219,True
ENST00000496648.1,ENSG00000183943.6,PRKX,protein_coding,PRKX-204,processed_transcript,,ENSG00000183943.6;ENST00000496648.1,0.126399828,0.0264735265,12,isoform,1.0,True,0.1263998280394219,True
ENST00000602725.5,ENSG00000184007.22,PTP4A2,protein_coding,PTP4A2-218,protein_coding,ENSP00000473259.1,ENSG00000184007.22;ENST00000602725.5,-0.1363210662,0.000999001,12,isoform,1.0,True,-0.1363210661792721,True
ENST00000333371.8,ENSG00000184056.15,VPS33B,protein_coding,VPS33B-201,protein_coding,ENSP00000327650.4,ENSG00000184056.15;ENST00000333371.8,0.1901204071,0.0034965035,12,isoform,1.0,True,0.1901204071242362,True
ENST00000554660.1,ENSG00000184056.15,VPS33B,protein_coding,VPS33B-204,retained_intron,,ENSG00000184056.15;ENST00000554660.1,-0.1259845302,0.016983017,12,isoform,1.0,True,-0.1259845302297424,True
ENST00000375180.7,ENSG00000184083.12,FAM120C,protein_coding,FAM120C-202,protein_coding,ENSP00000364324.2,ENSG00000184083.12;ENST00000375180.7,-0.1146621469,0.031968032,12,isoform,1.0,True,-0.1146621469106509,True
ENST00000477084.1,ENSG00000184083.12,FAM120C,protein_coding,FAM120C-203,protein_coding,ENSP00000420718.1,ENSG00000184083.12;ENST00000477084.1,0.1319980925,0.022977023,12,isoform,1.0,True,0.1319980925280748,True
ENST00000324866.11,ENSG00000184154.15,LRTOMT,protein_coding,LRTOMT-202,protein_coding,ENSP00000440693.1,ENSG00000184154.15;ENST00000324866.11,-0.1856063826,0.0294705295,12,isoform,1.0,True,-0.1856063826188962,True
ENST00000618156.5,ENSG00000184203.8,PPP1R2,protein_coding,PPP1R2-206,protein_coding,ENSP00000484580.1,ENSG00000184203.8;ENST00000618156.5,-0.1034556192,0.0074925075,12,isoform,1.0,True,-0.1034556191630376,True
ENST00000668666.1,ENSG00000184208.12,C22orf46,transcribed_unitary_pseudogene,C22orf46-206,processed_transcript,,ENSG00000184208.12;ENST00000668666.1,-0.1244060404,0.042957043,12,isoform,1.0,True,-0.124406040418864,True
ENST00000335539.7,ENSG00000184381.20,PLA2G6,protein_coding,PLA2G6-202,protein_coding,ENSP00000335149.3,ENSG00000184381.20;ENST00000335539.7,0.1252464642,0.0254745255,12,isoform,1.0,True,0.1252464641953771,True
ENST00000402064.5,ENSG00000184381.20,PLA2G6,protein_coding,PLA2G6-203,protein_coding,ENSP00000386100.1,ENSG00000184381.20;ENST00000402064.5,-0.145249136,0.018981019,12,isoform,1.0,True,-0.1452491359575647,True
ENST00000330560.8,ENSG00000184661.14,CDCA2,protein_coding,CDCA2-201,protein_coding,ENSP00000328228.3,ENSG00000184661.14;ENST00000330560.8,-0.114314511,0.01998002,12,isoform,1.0,True,-0.1143145110234734,True
ENST00000398868.8,ENSG00000184743.13,ATL3,protein_coding,ATL3-201,protein_coding,ENSP00000381844.3,ENSG00000184743.13;ENST00000398868.8,-0.1825758998,0.0024975025,12,isoform,1.0,True,-0.182575899849985,True
ENST00000538786.1,ENSG00000184743.13,ATL3,protein_coding,ATL3-203,protein_coding,ENSP00000437593.1,ENSG00000184743.13;ENST00000538786.1,0.215432618,0.000999001,12,isoform,1.0,True,0.2154326180117486,True
ENST00000345496.7,ENSG00000184787.19,UBE2G2,protein_coding,UBE2G2-202,protein_coding,ENSP00000338348.3,ENSG00000184787.19;ENST00000345496.7,0.1539634306,0.0034965035,12,isoform,1.0,True,0.1539634305746681,True
ENST00000328379.5,ENSG00000184924.5,PTRHD1,protein_coding,PTRHD1-201,protein_coding,ENSP00000330389.4,ENSG00000184924.5;ENST00000328379.5,0.1176803288,0.004995005,12,isoform,1.0,True,0.1176803287784316,True
ENST00000341446.9,ENSG00000184992.13,BRI3BP,protein_coding,BRI3BP-201,protein_coding,ENSP00000340761.7,ENSG00000184992.13;ENST00000341446.9,-0.130780068,0.016983017,12,isoform,1.0,True,-0.1307800680465245,True
ENST00000671775.2,ENSG00000184992.13,BRI3BP,protein_coding,BRI3BP-202,protein_coding,ENSP00000500775.2,ENSG00000184992.13;ENST00000671775.2,-0.126281101,0.0174825175,12,isoform,1.0,True,-0.1262811010346918,True
ENST00000672415.1,ENSG00000184992.13,BRI3BP,protein_coding,BRI3BP-203,protein_coding,ENSP00000500359.1,ENSG00000184992.13;ENST00000672415.1,0.2570611691,0.000999001,12,isoform,1.0,True,0.2570611690812164,True
ENST00000446501.6,ENSG00000185024.17,BRF1,protein_coding,BRF1-206,protein_coding,ENSP00000389859.2,ENSG00000185024.17;ENST00000446501.6,0.1228203726,0.047952048,12,isoform,1.0,True,0.1228203725789709,True
ENST00000331327.5,ENSG00000185129.8,PURA,protein_coding,PURA-201,protein_coding,ENSP00000332706.3,ENSG00000185129.8;ENST00000331327.5,-0.1740317439,0.015984016,12,isoform,1.0,True,-0.1740317439018216,True
ENST00000651386.1,ENSG00000185129.8,PURA,protein_coding,PURA-204,protein_coding,ENSP00000499133.1,ENSG00000185129.8;ENST00000651386.1,0.1993226587,0.0074925075,12,isoform,1.0,True,0.1993226586555769,True
ENST00000404390.7,ENSG00000185133.14,INPP5J,protein_coding,INPP5J-205,protein_coding,ENSP00000384534.3,ENSG00000185133.14;ENST00000404390.7,-0.1750949812,0.01998002,12,isoform,1.0,True,-0.1750949811938315,True
ENST00000404453.5,ENSG00000185133.14,INPP5J,protein_coding,INPP5J-206,protein_coding,ENSP00000385343.1,ENSG00000185133.14;ENST00000404453.5,0.1596613108,0.0244755245,12,isoform,1.0,True,0.1596613107529449,True
ENST00000427188.1,ENSG00000185186.10,LINC00313,lncRNA,LINC00313-205,lncRNA,,ENSG00000185186.10;ENST00000427188.1,0.2634643612,0.022977023,12,isoform,1.0,True,0.2634643612129313,True
ENST00000332160.5,ENSG00000185432.12,METTL7A,protein_coding,METTL7A-201,protein_coding,ENSP00000331787.4,ENSG00000185432.12;ENST00000332160.5,0.1696538833,0.000999001,12,isoform,1.0,True,0.1696538832914203,True
ENST00000540997.2,ENSG00000185495.10,AC138393.1,transcribed_unprocessed_pseudogene,AC138393.1-206,retained_intron,,ENSG00000185495.10;ENST00000540997.2,-0.1853004582,0.0244755245,12,isoform,1.0,True,-0.1853004581964427,True
ENST00000618315.4,ENSG00000185495.10,AC138393.1,transcribed_unprocessed_pseudogene,AC138393.1-202,processed_transcript,,ENSG00000185495.10;ENST00000618315.4,0.324028822,0.0034965035,12,isoform,1.0,True,0.3240288219990225,True
ENST00000612778.4,ENSG00000185499.16,MUC1,protein_coding,MUC1-225,protein_coding,ENSP00000484824.1,ENSG00000185499.16;ENST00000612778.4,-0.1363890905,0.006993007,12,isoform,1.0,True,-0.1363890904928625,True
ENST00000525445.6,ENSG00000185507.21,IRF7,protein_coding,IRF7-206,protein_coding,ENSP00000434009.2,ENSG00000185507.21;ENST00000525445.6,0.169883043,0.0464535465,12,isoform,1.0,True,0.1698830430127003,True
ENST00000527160.1,ENSG00000185507.21,IRF7,protein_coding,IRF7-208,retained_intron,,ENSG00000185507.21;ENST00000527160.1,-0.1663248928,0.0484515485,12,isoform,1.0,True,-0.1663248928493556,True
ENST00000559679.1,ENSG00000185551.15,NR2F2,protein_coding,NR2F2-205,protein_coding,ENSP00000457112.1,ENSG00000185551.15;ENST00000559679.1,0.1536237742,0.015984016,12,isoform,1.0,True,0.1536237741628144,True
ENST00000327443.9,ENSG00000185591.10,SP1,protein_coding,SP1-201,protein_coding,ENSP00000329357.4,ENSG00000185591.10;ENST00000327443.9,-0.2249413009,0.004995005,12,isoform,1.0,True,-0.2249413008835247,True
ENST00000426431.2,ENSG00000185591.10,SP1,protein_coding,SP1-202,protein_coding,ENSP00000404263.2,ENSG00000185591.10;ENST00000426431.2,0.2165823876,0.004995005,12,isoform,1.0,True,0.2165823876058162,True
ENST00000362003.9,ENSG00000185619.18,PCGF3,protein_coding,PCGF3-201,protein_coding,ENSP00000354724.5,ENSG00000185619.18;ENST00000362003.9,-0.1556190738,0.0084915085,12,isoform,1.0,True,-0.1556190737735738,True
ENST00000367897.5,ENSG00000185630.19,PBX1,protein_coding,PBX1-202,protein_coding,ENSP00000356872.1,ENSG00000185630.19;ENST00000367897.5,0.1114557226,0.0204795205,12,isoform,1.0,True,0.111455722634929,True
ENST00000612123.3,ENSG00000185630.19,PBX1,protein_coding,PBX1-221,protein_coding,ENSP00000483563.1,ENSG00000185630.19;ENST00000612123.3,-0.1513163668,0.00999001,12,isoform,1.0,True,-0.1513163667718846,True
ENST00000333229.6,ENSG00000185658.13,BRWD1,protein_coding,BRWD1-201,protein_coding,ENSP00000330753.2,ENSG00000185658.13;ENST00000333229.6,-0.1201150838,0.0344655345,12,isoform,1.0,True,-0.1201150838478027,True
ENST00000454179.6,ENSG00000185684.15,EP400P1,transcribed_unprocessed_pseudogene,EP400P1-207,processed_transcript,,ENSG00000185684.15;ENST00000454179.6,0.1112452848,0.0494505495,12,isoform,1.0,True,0.1112452847908057,True
ENST00000522677.7,ENSG00000185697.16,MYBL1,protein_coding,MYBL1-204,protein_coding,ENSP00000429633.2,ENSG00000185697.16;ENST00000522677.7,-0.1667263356,0.022977023,12,isoform,1.0,True,-0.1667263355809091,True
ENST00000523304.1,ENSG00000185697.16,MYBL1,protein_coding,MYBL1-205,retained_intron,,ENSG00000185697.16;ENST00000523304.1,0.2305043552,0.0104895105,12,isoform,1.0,True,0.23050435520923,True
ENST00000523028.5,ENSG00000185710.9,SMG1P4,transcribed_unprocessed_pseudogene,SMG1P4-204,transcribed_unprocessed_pseudogene,,ENSG00000185710.9;ENST00000523028.5,0.2720357663,0.0094905095,12,isoform,1.0,True,0.272035766342445,True
ENST00000590682.2,ENSG00000185761.11,ADAMTSL5,protein_coding,ADAMTSL5-210,retained_intron,,ENSG00000185761.11;ENST00000590682.2,-0.1654502467,0.022977023,12,isoform,1.0,True,-0.1654502466567567,True
ENST00000336125.6,ENSG00000185829.18,ARL17A,protein_coding,ARL17A-202,protein_coding,ENSP00000337478.6,ENSG00000185829.18;ENST00000336125.6,-0.2269834737,0.003996004,12,isoform,1.0,True,-0.2269834736534436,True
ENST00000530609.5,ENSG00000186104.10,CYP2R1,protein_coding,CYP2R1-206,nonsense_mediated_decay,ENSP00000466060.1,ENSG00000186104.10;ENST00000530609.5,0.1831680509,0.023976024,12,isoform,1.0,True,0.1831680508843945,True
ENST00000369294.5,ENSG00000186141.9,POLR3C,protein_coding,POLR3C-202,protein_coding,ENSP00000358300.1,ENSG00000186141.9;ENST00000369294.5,0.1050087774,0.022977023,12,isoform,1.0,True,0.1050087774155766,True
ENST00000569818.1,ENSG00000186153.17,WWOX,protein_coding,WWOX-216,protein_coding,ENSP00000454485.1,ENSG00000186153.17;ENST00000569818.1,0.1140376041,0.01998002,12,isoform,1.0,True,0.1140376040504042,True
ENST00000433871.5,ENSG00000186162.10,CIDECP1,transcribed_unprocessed_pseudogene,CIDECP1-205,transcribed_unprocessed_pseudogene,,ENSG00000186162.10;ENST00000433871.5,0.1351584776,0.0134865135,12,isoform,1.0,True,0.1351584776089678,True
ENST00000334418.6,ENSG00000186166.9,CCDC84,protein_coding,CCDC84-201,protein_coding,ENSP00000334767.1,ENSG00000186166.9;ENST00000334418.6,0.2368940041,0.0014985015,12,isoform,1.0,True,0.2368940041367593,True
ENST00000528088.1,ENSG00000186166.9,CCDC84,protein_coding,CCDC84-205,retained_intron,,ENSG00000186166.9;ENST00000528088.1,-0.1574989214,0.0084915085,12,isoform,1.0,True,-0.1574989214391228,True
ENST00000307658.11,ENSG00000186272.12,ZNF17,protein_coding,ZNF17-201,protein_coding,ENSP00000302455.7,ENSG00000186272.12;ENST00000307658.11,0.226822305,0.027972028,12,isoform,1.0,True,0.2268223049617778,True
ENST00000648814.1,ENSG00000186487.20,MYT1L,protein_coding,MYT1L-240,retained_intron,,ENSG00000186487.20;ENST00000648814.1,0.1082886874,0.0354645355,12,isoform,1.0,True,0.1082886873776176,True
ENST00000476320.6,ENSG00000186577.14,SMIM29,protein_coding,SMIM29-205,protein_coding,ENSP00000417604.2,ENSG00000186577.14;ENST00000476320.6,-0.1047296404,0.030969031,12,isoform,1.0,True,-0.1047296403687445,True
ENST00000355621.8,ENSG00000186591.13,UBE2H,protein_coding,UBE2H-201,protein_coding,ENSP00000347836.3,ENSG00000186591.13;ENST00000355621.8,-0.1536375844,0.002997003,12,isoform,1.0,True,-0.153637584444243,True
ENST00000472396.5,ENSG00000186591.13,UBE2H,protein_coding,UBE2H-203,protein_coding,ENSP00000419689.1,ENSG00000186591.13;ENST00000472396.5,0.1876138106,0.000999001,12,isoform,1.0,True,0.187613810594415,True
ENST00000379380.9,ENSG00000186687.16,LYRM7,protein_coding,LYRM7-201,protein_coding,ENSP00000368688.4,ENSG00000186687.16;ENST00000379380.9,-0.1373597929,0.0184815185,12,isoform,1.0,True,-0.1373597929147477,True
ENST00000507584.1,ENSG00000186687.16,LYRM7,protein_coding,LYRM7-202,protein_coding,ENSP00000423991.1,ENSG00000186687.16;ENST00000507584.1,0.1612986529,0.0124875125,12,isoform,1.0,True,0.1612986528957705,True
ENST00000526600.1,ENSG00000187079.19,TEAD1,protein_coding,TEAD1-203,protein_coding,ENSP00000435393.1,ENSG00000187079.19;ENST00000526600.1,-0.1032895605,0.0134865135,12,isoform,1.0,True,-0.103289560529559,True
ENST00000375820.10,ENSG00000187498.16,COL4A1,protein_coding,COL4A1-201,protein_coding,ENSP00000364979.4,ENSG00000187498.16;ENST00000375820.10,-0.1280246163,0.0074925075,12,isoform,1.0,True,-0.128024616330984,True
ENST00000649720.1,ENSG00000187498.16,COL4A1,protein_coding,COL4A1-213,retained_intron,,ENSG00000187498.16;ENST00000649720.1,0.1414637564,0.0044955045,12,isoform,1.0,True,0.1414637563850623,True
ENST00000563961.5,ENSG00000187555.16,USP7,protein_coding,USP7-208,nonsense_mediated_decay,ENSP00000454362.1,ENSG00000187555.16;ENST00000563961.5,0.1014417715,0.0104895105,12,isoform,1.0,True,0.1014417714733512,True
ENST00000564117.1,ENSG00000187555.16,USP7,protein_coding,USP7-209,protein_coding,ENSP00000457815.1,ENSG00000187555.16;ENST00000564117.1,-0.1209801774,0.006993007,12,isoform,1.0,True,-0.1209801774047906,True
ENST00000375579.7,ENSG00000188312.14,CENPP,protein_coding,CENPP-202,protein_coding,ENSP00000364729.3,ENSG00000188312.14;ENST00000375579.7,0.2024947382,0.0064935065,12,isoform,1.0,True,0.2024947381695457,True
ENST00000618653.1,ENSG00000188312.14,CENPP,protein_coding,CENPP-204,protein_coding,ENSP00000477821.1,ENSG00000188312.14;ENST00000618653.1,-0.1029540605,0.041958042,12,isoform,1.0,True,-0.1029540604556901,True
ENST00000592298.5,ENSG00000188321.13,ZNF559,protein_coding,ZNF559-210,protein_coding,ENSP00000468299.1,ENSG00000188321.13;ENST00000592298.5,-0.1115854154,0.046953047,12,isoform,1.0,True,-0.1115854153741013,True
ENST00000518322.6,ENSG00000188343.13,CIBAR1,protein_coding,CIBAR1-206,protein_coding,ENSP00000429367.1,ENSG00000188343.13;ENST00000518322.6,-0.1462386866,0.012987013,12,isoform,1.0,True,-0.1462386866257707,True
ENST00000654224.1,ENSG00000188385.12,JAKMIP3,protein_coding,JAKMIP3-205,processed_transcript,,ENSG00000188385.12;ENST00000654224.1,-0.2555716203,0.022977023,12,isoform,1.0,True,-0.2555716202993887,True
ENST00000669241.1,ENSG00000188385.12,JAKMIP3,protein_coding,JAKMIP3-221,processed_transcript,,ENSG00000188385.12;ENST00000669241.1,0.1523364093,0.0484515485,12,isoform,1.0,True,0.1523364093309641,True
ENST00000377200.9,ENSG00000188647.13,PTAR1,protein_coding,PTAR1-202,protein_coding,ENSP00000366405.5,ENSG00000188647.13;ENST00000377200.9,-0.1124809015,0.0314685315,12,isoform,1.0,True,-0.1124809015459492,True
ENST00000472967.2,ENSG00000188647.13,PTAR1,protein_coding,PTAR1-205,protein_coding,ENSP00000440164.1,ENSG00000188647.13;ENST00000472967.2,0.1249899657,0.0294705295,12,isoform,1.0,True,0.1249899657130093,True
ENST00000336128.12,ENSG00000188785.12,ZNF548,protein_coding,ZNF548-201,protein_coding,ENSP00000337555.6,ENSG00000188785.12;ENST00000336128.12,0.2259504662,0.020979021,12,isoform,1.0,True,0.2259504661784926,True
ENST00000662750.1,ENSG00000188825.14,LINC00910,lncRNA,LINC00910-215,lncRNA,,ENSG00000188825.14;ENST00000662750.1,-0.1251052451,0.017982018,12,isoform,1.0,True,-0.1251052451366937,True
ENST00000663186.1,ENSG00000188825.14,LINC00910,lncRNA,LINC00910-217,lncRNA,,ENSG00000188825.14;ENST00000663186.1,0.1285480981,0.0174825175,12,isoform,1.0,True,0.1285480980905101,True
ENST00000577454.5,ENSG00000188895.12,MSL1,protein_coding,MSL1-203,protein_coding,ENSP00000463949.1,ENSG00000188895.12;ENST00000577454.5,0.1217650283,0.0064935065,12,isoform,1.0,True,0.1217650283117726,True
ENST00000587722.1,ENSG00000189114.8,BLOC1S3,protein_coding,BLOC1S3-202,protein_coding,ENSP00000468281.1,ENSG00000189114.8;ENST00000587722.1,0.158174602,0.025974026,12,isoform,1.0,True,0.1581746019703529,True
ENST00000252211.7,ENSG00000189298.14,ZKSCAN3,protein_coding,ZKSCAN3-201,protein_coding,ENSP00000252211.2,ENSG00000189298.14;ENST00000252211.7,-0.1632469946,0.0354645355,12,isoform,1.0,True,-0.1632469945763658,True
ENST00000341464.9,ENSG00000189298.14,ZKSCAN3,protein_coding,ZKSCAN3-202,protein_coding,ENSP00000341883.5,ENSG00000189298.14;ENST00000341464.9,0.1383218163,0.0474525475,12,isoform,1.0,True,0.1383218163170271,True
ENST00000465300.5,ENSG00000189350.12,TOGARAM2,protein_coding,TOGARAM2-206,processed_transcript,,ENSG00000189350.12;ENST00000465300.5,0.1405590056,0.0384615385,12,isoform,1.0,True,0.1405590056064865,True
ENST00000358776.7,ENSG00000196177.13,ACADSB,protein_coding,ACADSB-201,protein_coding,ENSP00000357873.3,ENSG00000196177.13;ENST00000358776.7,-0.2184650969,0.020979021,12,isoform,1.0,True,-0.2184650969398003,True
ENST00000368869.8,ENSG00000196177.13,ACADSB,protein_coding,ACADSB-202,protein_coding,ENSP00000357862.4,ENSG00000196177.13;ENST00000368869.8,0.2391758779,0.013986014,12,isoform,1.0,True,0.239175877884554,True
ENST00000432763.7,ENSG00000196235.14,SUPT5H,protein_coding,SUPT5H-204,protein_coding,ENSP00000404029.4,ENSG00000196235.14;ENST00000432763.7,0.1145974791,0.005994006,12,isoform,1.0,True,0.1145974790654207,True
ENST00000598725.5,ENSG00000196235.14,SUPT5H,protein_coding,SUPT5H-213,protein_coding,ENSP00000469090.1,ENSG00000196235.14;ENST00000598725.5,-0.1538810606,0.0014985015,12,isoform,1.0,True,-0.1538810606208133,True
ENST00000594390.5,ENSG00000196268.12,ZNF493,protein_coding,ZNF493-204,protein_coding,ENSP00000469680.1,ENSG00000196268.12;ENST00000594390.5,0.1760166804,0.032967033,12,isoform,1.0,True,0.1760166804397678,True
ENST00000580440.6,ENSG00000196295.12,GARS1-DT,lncRNA,GARS1-DT-213,lncRNA,,ENSG00000196295.12;ENST00000580440.6,0.1008320636,0.022977023,12,isoform,1.0,True,0.1008320636342047,True
ENST00000446306.7,ENSG00000196367.14,TRRAP,protein_coding,TRRAP-205,protein_coding,ENSP00000403708.3,ENSG00000196367.14;ENST00000446306.7,0.1215307168,0.024975025,12,isoform,1.0,True,0.1215307168101166,True
ENST00000456197.2,ENSG00000196367.14,TRRAP,protein_coding,TRRAP-206,protein_coding,ENSP00000394645.2,ENSG00000196367.14;ENST00000456197.2,-0.1136770195,0.0294705295,12,isoform,1.0,True,-0.1136770195386107,True
ENST00000612199.4,ENSG00000196369.11,SRGAP2B,protein_coding,SRGAP2B-204,protein_coding,ENSP00000477776.1,ENSG00000196369.11;ENST00000612199.4,-0.1892305521,0.0094905095,12,isoform,1.0,True,-0.1892305521297964,True
ENST00000356763.8,ENSG00000196455.8,PIK3R4,protein_coding,PIK3R4-201,protein_coding,ENSP00000349205.3,ENSG00000196455.8;ENST00000356763.8,-0.1579428087,0.0064935065,12,isoform,1.0,True,-0.1579428087041372,True
ENST00000329630.10,ENSG00000196456.13,ZNF775,protein_coding,ZNF775-201,protein_coding,ENSP00000330838.5,ENSG00000196456.13;ENST00000329630.10,0.197157584,0.035964036,12,isoform,1.0,True,0.1971575839785915,True
ENST00000478789.5,ENSG00000196456.13,ZNF775,protein_coding,ZNF775-202,protein_coding,ENSP00000419336.1,ENSG00000196456.13;ENST00000478789.5,-0.2303898908,0.0284715285,12,isoform,1.0,True,-0.2303898908140157,True
ENST00000360057.7,ENSG00000196511.14,TPK1,protein_coding,TPK1-201,protein_coding,ENSP00000353165.3,ENSG00000196511.14;ENST00000360057.7,-0.1752759835,0.0414585415,12,isoform,1.0,True,-0.1752759834506113,True
ENST00000529578.5,ENSG00000196535.16,MYO18A,protein_coding,MYO18A-205,processed_transcript,,ENSG00000196535.16;ENST00000529578.5,0.1190210689,0.027972028,12,isoform,1.0,True,0.1190210689296249,True
ENST00000369975.6,ENSG00000196586.16,MYO6,protein_coding,MYO6-201,protein_coding,ENSP00000358992.1,ENSG00000196586.16;ENST00000369975.6,-0.1489260401,0.0274725275,12,isoform,1.0,True,-0.1489260401441858,True
ENST00000671923.1,ENSG00000196586.16,MYO6,protein_coding,MYO6-217,nonsense_mediated_decay,ENSP00000500835.1,ENSG00000196586.16;ENST00000671923.1,0.2543118284,0.0054945055,12,isoform,1.0,True,0.2543118284177174,True
ENST00000620651.4,ENSG00000196588.19,MRTFA,protein_coding,MRTFA-212,protein_coding,ENSP00000478420.1,ENSG00000196588.19;ENST00000620651.4,0.134321027,0.0224775225,12,isoform,1.0,True,0.1343210270309033,True
ENST00000584350.1,ENSG00000196704.13,AMZ2,protein_coding,AMZ2-214,nonsense_mediated_decay,ENSP00000463857.1,ENSG00000196704.13;ENST00000584350.1,0.1117529305,0.0074925075,12,isoform,1.0,True,0.1117529305188093,True
ENST00000356175.7,ENSG00000196712.18,NF1,protein_coding,NF1-201,protein_coding,ENSP00000348498.3,ENSG00000196712.18;ENST00000356175.7,-0.2385841142,0.0134865135,12,isoform,1.0,True,-0.2385841141987228,True
ENST00000471572.6,ENSG00000196712.18,NF1,protein_coding,NF1-208,nonsense_mediated_decay,ENSP00000464678.1,ENSG00000196712.18;ENST00000471572.6,0.1550356765,0.034965035,12,isoform,1.0,True,0.1550356765405436,True
ENST00000434382.2,ENSG00000196715.7,VKORC1L1,protein_coding,VKORC1L1-202,protein_coding,ENSP00000403077.2,ENSG00000196715.7;ENST00000434382.2,0.1206621824,0.0164835165,12,isoform,1.0,True,0.1206621824064623,True
ENST00000648179.1,ENSG00000196715.7,VKORC1L1,protein_coding,VKORC1L1-203,protein_coding,ENSP00000497394.1,ENSG00000196715.7;ENST00000648179.1,-0.1212762037,0.0164835165,12,isoform,1.0,True,-0.121276203689067,True
ENST00000356083.8,ENSG00000196739.15,COL27A1,protein_coding,COL27A1-201,protein_coding,ENSP00000348385.3,ENSG00000196739.15;ENST00000356083.8,0.2064369465,0.045954046,12,isoform,1.0,True,0.2064369465126829,True
ENST00000482090.1,ENSG00000196757.8,ZNF700,protein_coding,ZNF700-202,protein_coding,ENSP00000467996.1,ENSG00000196757.8;ENST00000482090.1,-0.2928476742,0.011988012,12,isoform,1.0,True,-0.2928476741765146,True
ENST00000578730.1,ENSG00000196810.5,CTBP1-DT,lncRNA,CTBP1-DT-205,lncRNA,,ENSG00000196810.5;ENST00000578730.1,-0.105641234,0.031968032,12,isoform,1.0,True,-0.105641233998587,True
ENST00000361171.8,ENSG00000196814.15,MVB12B,protein_coding,MVB12B-201,protein_coding,ENSP00000354772.3,ENSG00000196814.15;ENST00000361171.8,0.1740417034,0.041958042,12,isoform,1.0,True,0.1740417033513883,True
ENST00000369301.3,ENSG00000196865.4,NHLRC2,protein_coding,NHLRC2-201,protein_coding,ENSP00000358307.3,ENSG00000196865.4;ENST00000369301.3,-0.2778753104,0.021978022,12,isoform,1.0,True,-0.2778753103580783,True
ENST00000468890.1,ENSG00000196865.4,NHLRC2,protein_coding,NHLRC2-202,retained_intron,,ENSG00000196865.4;ENST00000468890.1,0.2778753104,0.021978022,12,isoform,1.0,True,0.2778753103580783,True
ENST00000464301.1,ENSG00000196950.14,SLC39A10,protein_coding,SLC39A10-208,processed_transcript,,ENSG00000196950.14;ENST00000464301.1,-0.1382135068,0.0124875125,12,isoform,1.0,True,-0.1382135068210245,True
ENST00000359232.8,ENSG00000197119.13,SLC25A29,protein_coding,SLC25A29-201,protein_coding,ENSP00000352167.3,ENSG00000197119.13;ENST00000359232.8,0.1680460689,0.005994006,12,isoform,1.0,True,0.168046068851126,True
ENST00000554912.1,ENSG00000197119.13,SLC25A29,protein_coding,SLC25A29-208,protein_coding,ENSP00000450913.1,ENSG00000197119.13;ENST00000554912.1,-0.101598798,0.0154845155,12,isoform,1.0,True,-0.1015987980019831,True
ENST00000443490.5,ENSG00000197182.14,MIRLET7BHG,lncRNA,MIRLET7BHG-204,lncRNA,,ENSG00000197182.14;ENST00000443490.5,0.1727657267,0.0224775225,12,isoform,1.0,True,0.1727657267087139,True
ENST00000375677.5,ENSG00000197183.14,NOL4L,protein_coding,NOL4L-204,protein_coding,ENSP00000364829.2,ENSG00000197183.14;ENST00000375677.5,0.2759866395,0.0044955045,12,isoform,1.0,True,0.275986639527796,True
ENST00000375400.7,ENSG00000197321.15,SVIL,protein_coding,SVIL-203,protein_coding,ENSP00000364549.3,ENSG00000197321.15;ENST00000375400.7,-0.1021339618,0.0264735265,12,isoform,1.0,True,-0.1021339617708808,True
ENST00000360697.4,ENSG00000197381.16,ADARB1,protein_coding,ADARB1-202,protein_coding,ENSP00000353920.3,ENSG00000197381.16;ENST00000360697.4,-0.200147541,0.0044955045,12,isoform,1.0,True,-0.2001475410262591,True
ENST00000366504.6,ENSG00000197472.15,ZNF695,protein_coding,ZNF695-202,nonsense_mediated_decay,ENSP00000355460.2,ENSG00000197472.15;ENST00000366504.6,0.2041607613,0.00999001,12,isoform,1.0,True,0.2041607612537164,True
ENST00000356338.10,ENSG00000197535.14,MYO5A,protein_coding,MYO5A-201,protein_coding,ENSP00000348693.6,ENSG00000197535.14;ENST00000356338.10,-0.2284242612,0.0164835165,12,isoform,1.0,True,-0.2284242611514535,True
ENST00000553916.5,ENSG00000197535.14,MYO5A,protein_coding,MYO5A-209,protein_coding,ENSP00000451109.1,ENSG00000197535.14;ENST00000553916.5,0.185085223,0.030969031,12,isoform,1.0,True,0.1850852229965871,True
ENST00000378953.8,ENSG00000197536.11,IRF1-AS1,lncRNA,IRF1-AS1-203,lncRNA,,ENSG00000197536.11;ENST00000378953.8,0.2638294562,0.0124875125,12,isoform,1.0,True,0.263829456154027,True
ENST00000538492.5,ENSG00000197562.10,RAB40C,protein_coding,RAB40C-204,protein_coding,ENSP00000438382.1,ENSG00000197562.10;ENST00000538492.5,-0.1374903378,0.0194805195,12,isoform,1.0,True,-0.1374903377735004,True
ENST00000513998.5,ENSG00000197594.13,ENPP1,protein_coding,ENPP1-203,nonsense_mediated_decay,ENSP00000422424.1,ENSG00000197594.13;ENST00000513998.5,0.153306256,0.04995005,12,isoform,1.0,True,0.1533062560153805,True
ENST00000647893.1,ENSG00000197594.13,ENPP1,protein_coding,ENPP1-204,protein_coding,ENSP00000498074.1,ENSG00000197594.13;ENST00000647893.1,-0.1715569905,0.0434565435,12,isoform,1.0,True,-0.1715569905086913,True
ENST00000376954.6,ENSG00000197779.14,ZNF81,protein_coding,ZNF81-204,protein_coding,ENSP00000366153.1,ENSG00000197779.14;ENST00000376954.6,-0.1825941152,0.0254745255,12,isoform,1.0,True,-0.1825941151884051,True
ENST00000354656.3,ENSG00000197857.14,ZNF44,protein_coding,ZNF44-201,nonsense_mediated_decay,ENSP00000346681.3,ENSG00000197857.14;ENST00000354656.3,0.1764851625,0.037962038,12,isoform,1.0,True,0.1764851624505523,True
ENST00000645818.2,ENSG00000197912.16,SPG7,protein_coding,SPG7-268,protein_coding,ENSP00000495795.2,ENSG00000197912.16;ENST00000645818.2,0.1535463324,0.0044955045,12,isoform,1.0,True,0.1535463324279625,True
ENST00000376646.3,ENSG00000197969.14,VPS13A,protein_coding,VPS13A-204,processed_transcript,,ENSG00000197969.14;ENST00000376646.3,0.1228267787,0.0264735265,12,isoform,1.0,True,0.1228267787364629,True
ENST00000533774.5,ENSG00000198168.9,SVIP,protein_coding,SVIP-205,processed_transcript,,ENSG00000198168.9;ENST00000533774.5,0.1004998459,0.02997003,12,isoform,1.0,True,0.1004998459025709,True
ENST00000375370.10,ENSG00000198176.13,TFDP1,protein_coding,TFDP1-201,protein_coding,ENSP00000364519.4,ENSG00000198176.13;ENST00000375370.10,-0.1224743821,0.000999001,12,isoform,1.0,True,-0.1224743820620343,True
ENST00000464794.5,ENSG00000198176.13,TFDP1,protein_coding,TFDP1-204,processed_transcript,,ENSG00000198176.13;ENST00000464794.5,0.1323673944,0.000999001,12,isoform,1.0,True,0.1323673943634163,True
ENST00000358691.10,ENSG00000198265.12,HELZ,protein_coding,HELZ-201,protein_coding,ENSP00000351524.5,ENSG00000198265.12;ENST00000358691.10,-0.3262272775,0.006993007,12,isoform,1.0,True,-0.3262272775080918,True
ENST00000580168.5,ENSG00000198265.12,HELZ,protein_coding,HELZ-207,protein_coding,ENSP00000464512.1,ENSG00000198265.12;ENST00000580168.5,0.1902638176,0.0354645355,12,isoform,1.0,True,0.190263817592382,True
ENST00000361483.4,ENSG00000198324.13,PHETA1,protein_coding,PHETA1-201,protein_coding,ENSP00000354461.3,ENSG00000198324.13;ENST00000361483.4,0.3012372313,0.0094905095,12,isoform,1.0,True,0.3012372313013615,True
ENST00000361060.5,ENSG00000198380.13,GFPT1,protein_coding,GFPT1-202,protein_coding,ENSP00000354347.4,ENSG00000198380.13;ENST00000361060.5,-0.1494119348,0.0094905095,12,isoform,1.0,True,-0.1494119347674359,True
ENST00000674438.1,ENSG00000198380.13,GFPT1,protein_coding,GFPT1-204,protein_coding,ENSP00000501469.1,ENSG00000198380.13;ENST00000674438.1,0.1235059047,0.012987013,12,isoform,1.0,True,0.1235059047250456,True
ENST00000528420.5,ENSG00000198382.9,UVRAG,protein_coding,UVRAG-205,protein_coding,ENSP00000436039.1,ENSG00000198382.9;ENST00000528420.5,-0.1329974143,0.0434565435,12,isoform,1.0,True,-0.13299741430463,True
ENST00000465438.1,ENSG00000198556.14,ZNF789,protein_coding,ZNF789-205,retained_intron,,ENSG00000198556.14;ENST00000465438.1,-0.1256563461,0.021978022,12,isoform,1.0,True,-0.1256563460891655,True
ENST00000413010.5,ENSG00000198586.14,TLK1,protein_coding,TLK1-204,processed_transcript,,ENSG00000198586.14;ENST00000413010.5,-0.1571021349,0.015984016,12,isoform,1.0,True,-0.1571021348523963,True
ENST00000431350.7,ENSG00000198586.14,TLK1,protein_coding,TLK1-205,protein_coding,ENSP00000411099.2,ENSG00000198586.14;ENST00000431350.7,0.1711441953,0.011988012,12,isoform,1.0,True,0.1711441953234872,True
ENST00000480824.7,ENSG00000198663.17,C6orf89,protein_coding,C6orf89-204,protein_coding,ENSP00000475947.1,ENSG00000198663.17;ENST00000480824.7,-0.1367219193,0.008991009,12,isoform,1.0,True,-0.1367219192727223,True
ENST00000361565.9,ENSG00000198700.10,IPO9,protein_coding,IPO9-201,protein_coding,ENSP00000354742.4,ENSG00000198700.10;ENST00000361565.9,-0.1682047973,0.0054945055,12,isoform,1.0,True,-0.1682047973318686,True
ENST00000456707.1,ENSG00000198700.10,IPO9,protein_coding,IPO9-202,protein_coding,ENSP00000387761.1,ENSG00000198700.10;ENST00000456707.1,0.170460441,0.0044955045,12,isoform,1.0,True,0.1704604409719814,True
ENST00000376838.5,ENSG00000198793.13,MTOR,protein_coding,MTOR-202,protein_coding,ENSP00000366034.1,ENSG00000198793.13;ENST00000376838.5,0.1002915514,0.01998002,12,isoform,1.0,True,0.1002915514232278,True
ENST00000361127.6,ENSG00000198799.12,LRIG2,protein_coding,LRIG2-201,protein_coding,ENSP00000355396.4,ENSG00000198799.12;ENST00000361127.6,-0.1833665358,0.031968032,12,isoform,1.0,True,-0.1833665357944917,True
ENST00000466069.5,ENSG00000198799.12,LRIG2,protein_coding,LRIG2-202,processed_transcript,,ENSG00000198799.12;ENST00000466069.5,0.1743787666,0.034965035,12,isoform,1.0,True,0.1743787666104004,True
ENST00000369081.3,ENSG00000198825.15,INPP5F,protein_coding,INPP5F-201,protein_coding,ENSP00000489864.1,ENSG00000198825.15;ENST00000369081.3,0.2442661935,0.01998002,12,isoform,1.0,True,0.244266193529236,True
ENST00000650623.2,ENSG00000198825.15,INPP5F,protein_coding,INPP5F-221,protein_coding,ENSP00000497527.1,ENSG00000198825.15;ENST00000650623.2,-0.1836735274,0.033966034,12,isoform,1.0,True,-0.1836735273993857,True
ENST00000361822.8,ENSG00000198839.10,ZNF277,protein_coding,ZNF277-201,protein_coding,ENSP00000354501.3,ENSG00000198839.10;ENST00000361822.8,-0.1813967211,0.013986014,12,isoform,1.0,True,-0.1813967210910836,True
ENST00000647465.1,ENSG00000198860.13,TSEN15,protein_coding,TSEN15-220,protein_coding,ENSP00000495344.1,ENSG00000198860.13;ENST00000647465.1,0.1157013935,0.011988012,12,isoform,1.0,True,0.1157013934927996,True
ENST00000361138.7,ENSG00000198887.9,SMC5,protein_coding,SMC5-201,protein_coding,ENSP00000354957.5,ENSG00000198887.9;ENST00000361138.7,0.1202326515,0.032967033,12,isoform,1.0,True,0.1202326515363249,True
ENST00000361413.8,ENSG00000198920.11,KIAA0753,protein_coding,KIAA0753-201,protein_coding,ENSP00000355250.3,ENSG00000198920.11;ENST00000361413.8,-0.150338648,0.030969031,12,isoform,1.0,True,-0.1503386479918571,True
ENST00000576281.5,ENSG00000198920.11,KIAA0753,protein_coding,KIAA0753-209,protein_coding,ENSP00000460156.1,ENSG00000198920.11;ENST00000576281.5,0.1622683893,0.025974026,12,isoform,1.0,True,0.1622683893091861,True
ENST00000396398.8,ENSG00000198951.12,NAGA,protein_coding,NAGA-201,protein_coding,ENSP00000379680.3,ENSG00000198951.12;ENST00000396398.8,-0.1514079486,0.007992008,12,isoform,1.0,True,-0.1514079485695917,True
ENST00000464757.1,ENSG00000203667.10,COX20,protein_coding,COX20-204,retained_intron,,ENSG00000203667.10;ENST00000464757.1,-0.1034795396,0.011988012,12,isoform,1.0,True,-0.103479539581643,True
ENST00000374580.10,ENSG00000204217.15,BMPR2,protein_coding,BMPR2-202,protein_coding,ENSP00000363708.4,ENSG00000204217.15;ENST00000374580.10,-0.2985392719,0.0034965035,12,isoform,1.0,True,-0.2985392719200684,True
ENST00000638587.1,ENSG00000204217.15,BMPR2,protein_coding,BMPR2-204,protein_coding,ENSP00000491062.1,ENSG00000204217.15;ENST00000638587.1,0.3158212469,0.001998002,12,isoform,1.0,True,0.3158212469298809,True
ENST00000652259.1,ENSG00000204267.16,TAP2,protein_coding,TAP2-205,protein_coding,ENSP00000498827.1,ENSG00000204267.16;ENST00000652259.1,0.1527667419,0.004995005,12,isoform,1.0,True,0.1527667419232994,True
ENST00000395853.5,ENSG00000204410.16,MSH5,protein_coding,MSH5-205,processed_transcript,,ENSG00000204410.16;ENST00000395853.5,-0.1029849183,0.0244755245,12,isoform,1.0,True,-0.1029849183089161,True
ENST00000336905.3,ENSG00000204588.5,LINC01123,lncRNA,LINC01123-201,lncRNA,,ENSG00000204588.5;ENST00000336905.3,-0.1565267642,0.0364635365,12,isoform,1.0,True,-0.1565267642175343,True
ENST00000419296.1,ENSG00000204588.5,LINC01123,lncRNA,LINC01123-202,lncRNA,,ENSG00000204588.5;ENST00000419296.1,0.1565267642,0.0364635365,12,isoform,1.0,True,0.1565267642175343,True
ENST00000458516.5,ENSG00000204599.14,TRIM39,protein_coding,TRIM39-211,protein_coding,ENSP00000405928.1,ENSG00000204599.14;ENST00000458516.5,0.2515526576,0.0064935065,12,isoform,1.0,True,0.2515526576169585,True
ENST00000446816.1,ENSG00000204685.7,STARD7-AS1,lncRNA,STARD7-AS1-202,lncRNA,,ENSG00000204685.7;ENST00000446816.1,0.240485506,0.0184815185,12,isoform,1.0,True,0.240485506038981,True
ENST00000523189.6,ENSG00000204764.14,RANBP17,protein_coding,RANBP17-219,protein_coding,ENSP00000427975.1,ENSG00000204764.14;ENST00000523189.6,0.1924491092,0.0234765235,12,isoform,1.0,True,0.1924491092112774,True
ENST00000378509.9,ENSG00000205060.11,SLC35B4,protein_coding,SLC35B4-201,protein_coding,ENSP00000367770.4,ENSG00000205060.11;ENST00000378509.9,-0.190760969,0.004995005,12,isoform,1.0,True,-0.1907609689868796,True
ENST00000312108.12,ENSG00000205560.13,CPT1B,protein_coding,CPT1B-201,protein_coding,ENSP00000312189.8,ENSG00000205560.13;ENST00000312108.12,0.1918052465,0.024975025,12,isoform,1.0,True,0.191805246480064,True
ENST00000248098.8,ENSG00000206053.13,JPT2,protein_coding,JPT2-201,protein_coding,ENSP00000248098.3,ENSG00000206053.13;ENST00000248098.8,-0.1079874635,0.005994006,12,isoform,1.0,True,-0.1079874635371104,True
ENST00000389061.10,ENSG00000211456.13,SACM1L,protein_coding,SACM1L-201,protein_coding,ENSP00000373713.4,ENSG00000211456.13;ENST00000389061.10,0.1218372461,0.017982018,12,isoform,1.0,True,0.121837246070299,True
ENST00000647872.1,ENSG00000212719.13,LINC02693,lncRNA,LINC02693-208,lncRNA,,ENSG00000212719.13;ENST00000647872.1,-0.1133271122,0.0474525475,12,isoform,1.0,True,-0.1133271122101407,True
ENST00000653508.1,ENSG00000212719.13,LINC02693,lncRNA,LINC02693-213,lncRNA,,ENSG00000212719.13;ENST00000653508.1,0.1842969727,0.016983017,12,isoform,1.0,True,0.1842969727455016,True
ENST00000271375.7,ENSG00000213064.10,SFT2D2,protein_coding,SFT2D2-201,protein_coding,ENSP00000271375.3,ENSG00000213064.10;ENST00000271375.7,-0.2738901584,0.0074925075,12,isoform,1.0,True,-0.2738901584350347,True
ENST00000630869.1,ENSG00000213064.10,SFT2D2,protein_coding,SFT2D2-204,protein_coding,ENSP00000486492.1,ENSG00000213064.10;ENST00000630869.1,0.259698975,0.007992008,12,isoform,1.0,True,0.2596989749633751,True
ENST00000349556.4,ENSG00000213066.13,CEP43,protein_coding,CEP43-201,protein_coding,ENSP00000230248.6,ENSG00000213066.13;ENST00000349556.4,0.1393301845,0.0214785215,12,isoform,1.0,True,0.1393301845059259,True
ENST00000622353.4,ENSG00000213066.13,CEP43,protein_coding,CEP43-207,protein_coding,ENSP00000479115.1,ENSG00000213066.13;ENST00000622353.4,-0.102725679,0.0374625375,12,isoform,1.0,True,-0.1027256789951177,True
ENST00000616028.2,ENSG00000213096.11,ZNF254,protein_coding,ZNF254-208,protein_coding,ENSP00000484930.1,ENSG00000213096.11;ENST00000616028.2,-0.1064573187,0.0484515485,12,isoform,1.0,True,-0.1064573187236652,True
ENST00000368898.8,ENSG00000213185.7,FAM24B,protein_coding,FAM24B-202,protein_coding,ENSP00000357894.3,ENSG00000213185.7;ENST00000368898.8,0.1093287883,0.020979021,12,isoform,1.0,True,0.1093287882753485,True
ENST00000489000.1,ENSG00000213185.7,FAM24B,protein_coding,FAM24B-204,processed_transcript,,ENSG00000213185.7;ENST00000489000.1,-0.1115813609,0.0194805195,12,isoform,1.0,True,-0.1115813608895983,True
ENST00000256366.6,ENSG00000213463.5,SYNJ2BP,protein_coding,SYNJ2BP-201,protein_coding,ENSP00000256366.4,ENSG00000213463.5;ENST00000256366.6,-0.1166842211,0.033966034,12,isoform,1.0,True,-0.1166842210787698,True
ENST00000554216.1,ENSG00000213463.5,SYNJ2BP,protein_coding,SYNJ2BP-202,processed_transcript,,ENSG00000213463.5;ENST00000554216.1,0.1166842211,0.033966034,12,isoform,1.0,True,0.1166842210787696,True
ENST00000396782.2,ENSG00000213903.9,LTB4R,protein_coding,LTB4R-202,protein_coding,ENSP00000380002.2,ENSG00000213903.9;ENST00000396782.2,0.1642196583,0.015984016,12,isoform,1.0,True,0.1642196583463006,True
ENST00000396789.4,ENSG00000213903.9,LTB4R,protein_coding,LTB4R-203,protein_coding,ENSP00000380008.4,ENSG00000213903.9;ENST00000396789.4,-0.1862674935,0.012987013,12,isoform,1.0,True,-0.186267493517224,True
ENST00000533293.2,ENSG00000213906.10,LTB4R2,protein_coding,LTB4R2-204,protein_coding,ENSP00000433290.1,ENSG00000213906.10;ENST00000533293.2,0.2296640821,0.0304695305,12,isoform,1.0,True,0.2296640820595777,True
ENST00000416650.5,ENSG00000214293.9,APTR,lncRNA,APTR-202,lncRNA,,ENSG00000214293.9;ENST00000416650.5,-0.1552148793,0.0384615385,12,isoform,1.0,True,-0.1552148792741697,True
ENST00000398075.4,ENSG00000214309.5,MBLAC1,protein_coding,MBLAC1-201,protein_coding,ENSP00000381150.2,ENSG00000214309.5;ENST00000398075.4,0.2325699611,0.0154845155,12,isoform,1.0,True,0.2325699611219744,True
ENST00000421390.1,ENSG00000214309.5,MBLAC1,protein_coding,MBLAC1-202,protein_coding,ENSP00000406055.1,ENSG00000214309.5;ENST00000421390.1,-0.2325699611,0.0154845155,12,isoform,1.0,True,-0.2325699611219745,True
ENST00000334805.10,ENSG00000214530.9,STARD10,protein_coding,STARD10-201,protein_coding,ENSP00000335247.6,ENSG00000214530.9;ENST00000334805.10,-0.1011792473,0.033966034,12,isoform,1.0,True,-0.1011792473130515,True
ENST00000515319.6_PAR_Y,ENSG00000214717.12_PAR_Y,ZBED1,protein_coding,ZBED1-205,processed_transcript,,ENSG00000214717.12_PAR_Y;ENST00000515319.6_PAR_Y,-0.1330835321,0.0094905095,12,isoform,1.0,True,-0.1330835321427032,True
ENST00000413875.5,ENSG00000214765.8,SEPTIN7P2,transcribed_unprocessed_pseudogene,SEPTIN7P2-204,retained_intron,,ENSG00000214765.8;ENST00000413875.5,-0.1099884301,0.018981019,12,isoform,1.0,True,-0.1099884301151418,True
ENST00000447687.2,ENSG00000215039.7,CD27-AS1,lncRNA,CD27-AS1-203,retained_intron,,ENSG00000215039.7;ENST00000447687.2,-0.2339672065,0.0234765235,12,isoform,1.0,True,-0.2339672064977849,True
ENST00000504270.2,ENSG00000215039.7,CD27-AS1,lncRNA,CD27-AS1-204,retained_intron,,ENSG00000215039.7;ENST00000504270.2,0.2454003317,0.020979021,12,isoform,1.0,True,0.2454003316543815,True
ENST00000399598.7,ENSG00000215114.10,UBXN2B,protein_coding,UBXN2B-201,protein_coding,ENSP00000382507.2,ENSG00000215114.10;ENST00000399598.7,-0.1321261145,0.022977023,12,isoform,1.0,True,-0.1321261144898463,True
ENST00000400159.6,ENSG00000215375.6,MYL5,protein_coding,MYL5-201,protein_coding,ENSP00000383023.2,ENSG00000215375.6;ENST00000400159.6,0.1505328346,0.023976024,12,isoform,1.0,True,0.1505328345668307,True
ENST00000502720.1,ENSG00000215375.6,MYL5,protein_coding,MYL5-202,retained_intron,,ENSG00000215375.6;ENST00000502720.1,-0.1215880372,0.03996004,12,isoform,1.0,True,-0.1215880371916751,True
ENST00000671437.1,ENSG00000215386.13,MIR99AHG,lncRNA,MIR99AHG-342,lncRNA,,ENSG00000215386.13;ENST00000671437.1,0.1484312142,0.0484515485,12,isoform,1.0,True,0.1484312142356395,True
ENST00000643905.1,ENSG00000215790.7,SLC35E2A,protein_coding,SLC35E2A-204,protein_coding,ENSP00000495949.1,ENSG00000215790.7;ENST00000643905.1,-0.3224639027,0.001998002,12,isoform,1.0,True,-0.3224639026839271,True
ENST00000643943.1,ENSG00000215790.7,SLC35E2A,protein_coding,SLC35E2A-205,transcribed_unprocessed_pseudogene,,ENSG00000215790.7;ENST00000643943.1,0.3528009487,0.0,12,isoform,0.0,True,0.3528009487321171,True
ENST00000497820.1,ENSG00000215883.10,CYB5RL,protein_coding,CYB5RL-207,protein_coding,ENSP00000431157.1,ENSG00000215883.10;ENST00000497820.1,0.1595819757,0.0204795205,12,isoform,1.0,True,0.1595819757251736,True
ENST00000369385.5,ENSG00000220323.4,H2BC19P,transcribed_unprocessed_pseudogene,H2BC19P-201,transcribed_unprocessed_pseudogene,,ENSG00000220323.4;ENST00000369385.5,0.2369991981,0.004995005,12,isoform,1.0,True,0.2369991980555125,True
ENST00000608318.2,ENSG00000220323.4,H2BC19P,transcribed_unprocessed_pseudogene,H2BC19P-202,processed_transcript,,ENSG00000220323.4;ENST00000608318.2,-0.2369991981,0.004995005,12,isoform,1.0,True,-0.2369991980555127,True
ENST00000359593.9,ENSG00000221838.10,AP4M1,protein_coding,AP4M1-201,protein_coding,ENSP00000352603.4,ENSG00000221838.10;ENST00000359593.9,-0.2155389615,0.006993007,12,isoform,1.0,True,-0.2155389614668671,True
ENST00000445208.5,ENSG00000221838.10,AP4M1,protein_coding,AP4M1-209,nonsense_mediated_decay,ENSP00000400598.1,ENSG00000221838.10;ENST00000445208.5,0.1140416008,0.038961039,12,isoform,1.0,True,0.1140416008067179,True
ENST00000409768.2,ENSG00000222019.7,URAHP,transcribed_unprocessed_pseudogene,URAHP-201,processed_transcript,,ENSG00000222019.7;ENST00000409768.2,0.1388086647,0.0324675325,12,isoform,1.0,True,0.1388086646722802,True
ENST00000517889.5,ENSG00000222019.7,URAHP,transcribed_unprocessed_pseudogene,URAHP-203,processed_transcript,,ENSG00000222019.7;ENST00000517889.5,-0.1411415247,0.0304695305,12,isoform,1.0,True,-0.1411415247031245,True
ENST00000451940.6,ENSG00000223482.8,NUTM2A-AS1,lncRNA,NUTM2A-AS1-210,lncRNA,,ENSG00000223482.8;ENST00000451940.6,0.1218985744,0.010989011,12,isoform,1.0,True,0.121898574421523,True
ENST00000656962.1,ENSG00000223855.2,HRAT92,lncRNA,HRAT92-202,lncRNA,,ENSG00000223855.2;ENST00000656962.1,0.1893424326,0.042957043,12,isoform,1.0,True,0.1893424326334988,True
ENST00000442383.1,ENSG00000223891.6,OSER1-DT,lncRNA,OSER1-DT-204,lncRNA,,ENSG00000223891.6;ENST00000442383.1,0.1494917135,0.0314685315,12,isoform,1.0,True,0.1494917135011701,True
ENST00000655968.1,ENSG00000223891.6,OSER1-DT,lncRNA,OSER1-DT-206,lncRNA,,ENSG00000223891.6;ENST00000655968.1,-0.1148708495,0.047952048,12,isoform,1.0,True,-0.114870849541117,True
ENST00000421842.1,ENSG00000224165.6,DNAJC27-AS1,lncRNA,DNAJC27-AS1-201,lncRNA,,ENSG00000224165.6;ENST00000421842.1,0.3558704055,0.00999001,12,isoform,1.0,True,0.3558704054849527,True
ENST00000376935.4,ENSG00000224531.6,SMIM13,protein_coding,SMIM13-201,nonsense_mediated_decay,ENSP00000452219.1,ENSG00000224531.6;ENST00000376935.4,0.1878921943,0.004995005,12,isoform,1.0,True,0.1878921942610282,True
ENST00000416247.4,ENSG00000224531.6,SMIM13,protein_coding,SMIM13-202,protein_coding,ENSP00000451866.1,ENSG00000224531.6;ENST00000416247.4,-0.1878921943,0.004995005,12,isoform,1.0,True,-0.1878921942610283,True
ENST00000420195.1,ENSG00000224660.2,SH3BP5-AS1,lncRNA,SH3BP5-AS1-202,lncRNA,,ENSG00000224660.2;ENST00000420195.1,0.2028336928,0.011988012,12,isoform,1.0,True,0.202833692835273,True
ENST00000659956.1,ENSG00000224660.2,SH3BP5-AS1,lncRNA,SH3BP5-AS1-205,lncRNA,,ENSG00000224660.2;ENST00000659956.1,-0.1213370601,0.0264735265,12,isoform,1.0,True,-0.121337060106065,True
ENST00000429998.3,ENSG00000225339.4,AL354740.1,lncRNA,AL354740.1-204,retained_intron,,ENSG00000225339.4;ENST00000429998.3,-0.1963625442,0.028971029,12,isoform,1.0,True,-0.1963625441949877,True
ENST00000586726.3,ENSG00000225339.4,AL354740.1,lncRNA,AL354740.1-201,lncRNA,,ENSG00000225339.4;ENST00000586726.3,0.1786375052,0.0374625375,12,isoform,1.0,True,0.1786375051694866,True
ENST00000655118.1,ENSG00000225361.4,PPP1R26-AS1,lncRNA,PPP1R26-AS1-205,lncRNA,,ENSG00000225361.4;ENST00000655118.1,-0.2343552405,0.02997003,12,isoform,1.0,True,-0.2343552404595283,True
ENST00000660718.1,ENSG00000225361.4,PPP1R26-AS1,lncRNA,PPP1R26-AS1-206,lncRNA,,ENSG00000225361.4;ENST00000660718.1,0.2746902591,0.0244755245,12,isoform,1.0,True,0.2746902590780306,True
ENST00000442637.2,ENSG00000225377.6,NRSN2-AS1,lncRNA,NRSN2-AS1-202,lncRNA,,ENSG00000225377.6;ENST00000442637.2,0.2139067593,0.035964036,12,isoform,1.0,True,0.2139067592942342,True
ENST00000660087.1,ENSG00000225470.8,JPX,lncRNA,JPX-242,lncRNA,,ENSG00000225470.8;ENST00000660087.1,0.1033124454,0.0164835165,12,isoform,1.0,True,0.1033124454048246,True
ENST00000605534.1,ENSG00000225806.8,AL121917.1,lncRNA,AL121917.1-204,lncRNA,,ENSG00000225806.8;ENST00000605534.1,0.1302734206,0.028971029,12,isoform,1.0,True,0.1302734206331994,True
ENST00000450199.1,ENSG00000225855.7,RUSC1-AS1,lncRNA,RUSC1-AS1-203,lncRNA,,ENSG00000225855.7;ENST00000450199.1,0.227760232,0.003996004,12,isoform,1.0,True,0.2277602319745879,True
ENST00000543656.2,ENSG00000225855.7,RUSC1-AS1,lncRNA,RUSC1-AS1-204,lncRNA,,ENSG00000225855.7;ENST00000543656.2,-0.2045021937,0.007992008,12,isoform,1.0,True,-0.2045021937343205,True
ENST00000642693.1,ENSG00000226124.7,FTCDNL1,protein_coding,FTCDNL1-205,processed_transcript,,ENSG00000226124.7;ENST00000642693.1,-0.2016972753,0.025974026,12,isoform,1.0,True,-0.2016972753169687,True
ENST00000416022.1,ENSG00000226696.6,LENG8-AS1,lncRNA,LENG8-AS1-201,lncRNA,,ENSG00000226696.6;ENST00000416022.1,0.1563793148,0.0344655345,12,isoform,1.0,True,0.1563793148320128,True
ENST00000658963.1,ENSG00000227388.3,AL133410.1,lncRNA,AL133410.1-205,lncRNA,,ENSG00000227388.3;ENST00000658963.1,-0.19054142,0.032967033,12,isoform,1.0,True,-0.1905414200118869,True
ENST00000431759.5,ENSG00000227533.6,SLC2A1-AS1,lncRNA,SLC2A1-AS1-202,lncRNA,,ENSG00000227533.6;ENST00000431759.5,0.193538879,0.0404595405,12,isoform,1.0,True,0.1935388790154713,True
ENST00000443993.1,ENSG00000227619.3,AL391056.1,lncRNA,AL391056.1-202,lncRNA,,ENSG00000227619.3;ENST00000443993.1,0.1792143971,0.038961039,12,isoform,1.0,True,0.1792143971086403,True
ENST00000415244.1,ENSG00000228109.1,MELTF-AS1,lncRNA,MELTF-AS1-202,lncRNA,,ENSG00000228109.1;ENST00000415244.1,-0.1036991699,0.048951049,12,isoform,1.0,True,-0.103699169919015,True
ENST00000450673.4,ENSG00000228696.10,ARL17B,protein_coding,ARL17B-202,protein_coding,ENSP00000404247.4,ENSG00000228696.10;ENST00000450673.4,-0.1866131394,0.0084915085,12,isoform,1.0,True,-0.1866131394202141,True
ENST00000572991.5,ENSG00000228696.10,ARL17B,protein_coding,ARL17B-205,nonsense_mediated_decay,ENSP00000458681.1,ENSG00000228696.10;ENST00000572991.5,-0.1623572568,0.0124875125,12,isoform,1.0,True,-0.1623572568141595,True
ENST00000575960.5,ENSG00000228696.10,ARL17B,protein_coding,ARL17B-207,protein_coding,ENSP00000460539.1,ENSG00000228696.10;ENST00000575960.5,0.38299513,0.0,12,isoform,0.0,True,0.3829951300490009,True
ENST00000412500.2,ENSG00000228705.2,LINC00659,lncRNA,LINC00659-201,lncRNA,,ENSG00000228705.2;ENST00000412500.2,0.1315097827,0.0304695305,12,isoform,1.0,True,0.1315097826979831,True
ENST00000415669.3,ENSG00000228727.9,SAPCD1,protein_coding,SAPCD1-208,protein_coding,ENSP00000411948.2,ENSG00000228727.9;ENST00000415669.3,0.3705783801,0.004995005,12,isoform,1.0,True,0.3705783800599958,True
ENST00000494299.1,ENSG00000228727.9,SAPCD1,protein_coding,SAPCD1-210,retained_intron,,ENSG00000228727.9;ENST00000494299.1,-0.3705783801,0.004995005,12,isoform,1.0,True,-0.3705783800599959,True
ENST00000423260.1,ENSG00000229931.1,ATXN1-AS1,lncRNA,ATXN1-AS1-201,lncRNA,,ENSG00000229931.1;ENST00000423260.1,0.2078207385,0.035964036,12,isoform,1.0,True,0.2078207384557874,True
ENST00000450930.1,ENSG00000229931.1,ATXN1-AS1,lncRNA,ATXN1-AS1-202,lncRNA,,ENSG00000229931.1;ENST00000450930.1,-0.2078207385,0.035964036,12,isoform,1.0,True,-0.2078207384557875,True
ENST00000429962.1,ENSG00000230513.2,THAP7-AS1,lncRNA,THAP7-AS1-201,lncRNA,,ENSG00000230513.2;ENST00000429962.1,0.1052638633,0.0424575425,12,isoform,1.0,True,0.10526386326336,True
ENST00000642830.1,ENSG00000230533.4,AL356234.2,lncRNA,AL356234.2-201,lncRNA,,ENSG00000230533.4;ENST00000642830.1,0.4205092538,0.002997003,12,isoform,1.0,True,0.4205092537793924,True
ENST00000671417.1,ENSG00000230533.4,AL356234.2,lncRNA,AL356234.2-206,lncRNA,,ENSG00000230533.4;ENST00000671417.1,-0.4464953429,0.002997003,12,isoform,1.0,True,-0.4464953429462394,True
ENST00000627824.2,ENSG00000230615.7,AL139220.2,lncRNA,AL139220.2-221,lncRNA,,ENSG00000230615.7;ENST00000627824.2,-0.1030459004,0.036963037,12,isoform,1.0,True,-0.1030459004355148,True
ENST00000413358.6,ENSG00000231074.9,HCG18,lncRNA,HCG18-234,lncRNA,,ENSG00000231074.9;ENST00000413358.6,0.1040976195,0.020979021,12,isoform,1.0,True,0.1040976194656854,True
ENST00000454269.6,ENSG00000231074.9,HCG18,lncRNA,HCG18-240,lncRNA,,ENSG00000231074.9;ENST00000454269.6,0.1833459109,0.0054945055,12,isoform,1.0,True,0.183345910900909,True
ENST00000602290.2,ENSG00000231074.9,HCG18,lncRNA,HCG18-241,lncRNA,,ENSG00000231074.9;ENST00000602290.2,-0.1277811457,0.013986014,12,isoform,1.0,True,-0.1277811457399509,True
ENST00000425884.5,ENSG00000231365.6,WARS2-AS1,lncRNA,WARS2-AS1-203,lncRNA,,ENSG00000231365.6;ENST00000425884.5,0.1172437098,0.025974026,12,isoform,1.0,True,0.1172437098069202,True
ENST00000449579.2,ENSG00000231607.12,DLEU2,lncRNA,DLEU2-206,lncRNA,,ENSG00000231607.12;ENST00000449579.2,0.1164622921,0.042957043,12,isoform,1.0,True,0.1164622921388608,True
ENST00000651681.2,ENSG00000232677.9,LINC00665,lncRNA,LINC00665-209,lncRNA,,ENSG00000232677.9;ENST00000651681.2,0.2096591913,0.0354645355,12,isoform,1.0,True,0.2096591912901217,True
ENST00000454321.1,ENSG00000232807.2,AL137186.2,lncRNA,AL137186.2-203,lncRNA,,ENSG00000232807.2;ENST00000454321.1,0.1244967966,0.0154845155,12,isoform,1.0,True,0.1244967966363396,True
ENST00000578968.5,ENSG00000232956.9,SNHG15,lncRNA,SNHG15-203,lncRNA,,ENSG00000232956.9;ENST00000578968.5,0.1042883774,0.0144855145,12,isoform,1.0,True,0.1042883774325261,True
ENST00000657397.1,ENSG00000232973.13,CYP1B1-AS1,lncRNA,CYP1B1-AS1-238,lncRNA,,ENSG00000232973.13;ENST00000657397.1,0.2854281946,0.0154845155,12,isoform,1.0,True,0.2854281945696967,True
ENST00000453876.1,ENSG00000233006.8,MIR3936HG,lncRNA,MIR3936HG-201,retained_intron,,ENSG00000233006.8;ENST00000453876.1,-0.1211606482,0.0214785215,12,isoform,1.0,True,-0.1211606482014439,True
ENST00000453092.3,ENSG00000233369.7,GTF2IP4,transcribed_processed_pseudogene,GTF2IP4-201,transcribed_processed_pseudogene,,ENSG00000233369.7;ENST00000453092.3,-0.1786281734,0.002997003,12,isoform,1.0,True,-0.1786281733926447,True
ENST00000544802.5,ENSG00000233369.7,GTF2IP4,transcribed_processed_pseudogene,GTF2IP4-202,processed_transcript,,ENSG00000233369.7;ENST00000544802.5,0.1786281734,0.002997003,12,isoform,1.0,True,0.1786281733926447,True
ENST00000654148.1,ENSG00000233901.6,LINC01503,lncRNA,LINC01503-205,lncRNA,,ENSG00000233901.6;ENST00000654148.1,-0.1187128054,0.0324675325,12,isoform,1.0,True,-0.1187128054324424,True
ENST00000654735.1,ENSG00000233901.6,LINC01503,lncRNA,LINC01503-207,lncRNA,,ENSG00000233901.6;ENST00000654735.1,0.1030322562,0.0454545455,12,isoform,1.0,True,0.1030322561993551,True
ENST00000506340.2,ENSG00000233937.7,CTC-338M12.4,lncRNA,CTC-338M12.4-203,lncRNA,,ENSG00000233937.7;ENST00000506340.2,0.1062577742,0.026973027,12,isoform,1.0,True,0.1062577741625108,True
ENST00000419314.5,ENSG00000234585.6,CCT6P3,transcribed_unprocessed_pseudogene,CCT6P3-201,retained_intron,,ENSG00000234585.6;ENST00000419314.5,-0.2217409352,0.025974026,12,isoform,1.0,True,-0.2217409352434097,True
ENST00000426828.5,ENSG00000234585.6,CCT6P3,transcribed_unprocessed_pseudogene,CCT6P3-202,processed_transcript,,ENSG00000234585.6;ENST00000426828.5,0.2139008767,0.026973027,12,isoform,1.0,True,0.2139008767488703,True
ENST00000612905.2,ENSG00000234616.9,JRK,protein_coding,JRK-209,protein_coding,ENSP00000482410.1,ENSG00000234616.9;ENST00000612905.2,-0.1718617905,0.014985015,12,isoform,1.0,True,-0.1718617904953348,True
ENST00000435857.5,ENSG00000235109.7,ZSCAN31,protein_coding,ZSCAN31-208,protein_coding,ENSP00000391235.1,ENSG00000235109.7;ENST00000435857.5,0.139358588,0.040959041,12,isoform,1.0,True,0.1393585879989269,True
ENST00000446474.5,ENSG00000235109.7,ZSCAN31,protein_coding,ZSCAN31-214,protein_coding,ENSP00000402937.1,ENSG00000235109.7;ENST00000446474.5,-0.1278902015,0.045954046,12,isoform,1.0,True,-0.1278902015157964,True
ENST00000669422.1,ENSG00000235437.8,LINC01278,lncRNA,LINC01278-232,lncRNA,,ENSG00000235437.8;ENST00000669422.1,0.1053667268,0.0214785215,12,isoform,1.0,True,0.1053667267910108,True
ENST00000451672.2,ENSG00000235453.10,SMIM27,protein_coding,SMIM27-203,protein_coding,ENSP00000414891.2,ENSG00000235453.10;ENST00000451672.2,-0.117917149,0.0254745255,12,isoform,1.0,True,-0.1179171489939867,True
ENST00000437713.6,ENSG00000235954.7,TTC28-AS1,lncRNA,TTC28-AS1-214,lncRNA,,ENSG00000235954.7;ENST00000437713.6,0.1052558327,0.0204795205,12,isoform,1.0,True,0.1052558326688082,True
ENST00000418149.1,ENSG00000236200.6,KDM4A-AS1,lncRNA,KDM4A-AS1-202,lncRNA,,ENSG00000236200.6;ENST00000418149.1,0.2499360076,0.0134865135,12,isoform,1.0,True,0.249936007564673,True
ENST00000439057.5,ENSG00000236200.6,KDM4A-AS1,lncRNA,KDM4A-AS1-204,lncRNA,,ENSG00000236200.6;ENST00000439057.5,-0.3632162715,0.003996004,12,isoform,1.0,True,-0.3632162714733699,True
ENST00000308347.10,ENSG00000237296.9,SMG1P1,transcribed_unprocessed_pseudogene,SMG1P1-201,processed_transcript,,ENSG00000237296.9;ENST00000308347.10,0.1676569673,0.0294705295,12,isoform,1.0,True,0.1676569673347238,True
ENST00000431681.5,ENSG00000237296.9,SMG1P1,transcribed_unprocessed_pseudogene,SMG1P1-206,processed_transcript,,ENSG00000237296.9;ENST00000431681.5,-0.2071934551,0.0164835165,12,isoform,1.0,True,-0.2071934550622543,True
ENST00000669749.1,ENSG00000237491.10,LINC01409,lncRNA,LINC01409-231,lncRNA,,ENSG00000237491.10;ENST00000669749.1,0.2524828417,0.026973027,12,isoform,1.0,True,0.252482841701647,True
ENST00000622799.1,ENSG00000239665.8,AL157392.3,lncRNA,AL157392.3-238,lncRNA,,ENSG00000239665.8;ENST00000622799.1,0.1788866917,0.005994006,12,isoform,1.0,True,0.1788866916887172,True
ENST00000484974.5,ENSG00000239969.5,AC091390.4,transcribed_unprocessed_pseudogene,AC091390.4-201,processed_transcript,,ENSG00000239969.5;ENST00000484974.5,-0.4194692943,0.0,12,isoform,0.0,True,-0.4194692942578958,True
ENST00000492837.1,ENSG00000239969.5,AC091390.4,transcribed_unprocessed_pseudogene,AC091390.4-203,processed_transcript,,ENSG00000239969.5;ENST00000492837.1,0.3976813915,0.0,12,isoform,0.0,True,0.3976813915051679,True
ENST00000466239.5,ENSG00000241404.7,EGFL8,protein_coding,EGFL8-222,retained_intron,,ENSG00000241404.7;ENST00000466239.5,-0.1338622167,0.0324675325,12,isoform,1.0,True,-0.1338622166601299,True
ENST00000614574.4,ENSG00000241852.10,C8orf58,protein_coding,C8orf58-206,protein_coding,ENSP00000480712.1,ENSG00000241852.10;ENST00000614574.4,0.1112828835,0.040959041,12,isoform,1.0,True,0.111282883505121,True
ENST00000482108.1,ENSG00000242265.5,PEG10,protein_coding,PEG10-202,protein_coding,ENSP00000417587.1,ENSG00000242265.5;ENST00000482108.1,-0.1153448912,0.00999001,12,isoform,1.0,True,-0.1153448912011782,True
ENST00000357484.10,ENSG00000242498.8,ARPIN,protein_coding,ARPIN-201,protein_coding,ENSP00000350075.5,ENSG00000242498.8;ENST00000357484.10,-0.1467527681,0.026973027,12,isoform,1.0,True,-0.1467527681051687,True
ENST00000460685.1,ENSG00000242498.8,ARPIN,protein_coding,ARPIN-202,protein_coding,ENSP00000453687.1,ENSG00000242498.8;ENST00000460685.1,0.1016891554,0.046953047,12,isoform,1.0,True,0.1016891553531736,True
ENST00000465750.5,ENSG00000243649.9,CFB,protein_coding,CFB-275,retained_intron,,ENSG00000243649.9;ENST00000465750.5,0.1170023815,0.0204795205,12,isoform,1.0,True,0.1170023814637631,True
ENST00000437590.3,ENSG00000243660.11,ZNF487,protein_coding,ZNF487-202,protein_coding,ENSP00000392335.2,ENSG00000243660.11;ENST00000437590.3,-0.2648452868,0.0244755245,12,isoform,1.0,True,-0.2648452868086603,True
ENST00000415654.5,ENSG00000243716.10,NPIPB5,protein_coding,NPIPB5-203,processed_transcript,,ENSG00000243716.10;ENST00000415654.5,0.1122422395,0.0164835165,12,isoform,1.0,True,0.1122422395436521,True
ENST00000540704.1,ENSG00000243716.10,NPIPB5,protein_coding,NPIPB5-218,processed_transcript,,ENSG00000243716.10;ENST00000540704.1,-0.1029176337,0.0244755245,12,isoform,1.0,True,-0.1029176337189972,True
ENST00000492937.1,ENSG00000243926.2,TIPARP-AS1,lncRNA,TIPARP-AS1-203,lncRNA,,ENSG00000243926.2;ENST00000492937.1,-0.6277976668,0.0,12,isoform,0.0,True,-0.6277976667678853,True
ENST00000664429.1,ENSG00000243926.2,TIPARP-AS1,lncRNA,TIPARP-AS1-204,lncRNA,,ENSG00000243926.2;ENST00000664429.1,0.6537458347,0.0,12,isoform,0.0,True,0.6537458347163174,True
ENST00000484945.5,ENSG00000244026.6,FAM86DP,transcribed_unprocessed_pseudogene,FAM86DP-204,processed_transcript,,ENSG00000244026.6;ENST00000484945.5,-0.2148254763,0.0284715285,12,isoform,1.0,True,-0.2148254762552008,True
ENST00000443658.5,ENSG00000244627.5,TPTEP2,transcribed_unprocessed_pseudogene,TPTEP2-207,processed_transcript,,ENSG00000244627.5;ENST00000443658.5,-0.2154278016,0.0144855145,12,isoform,1.0,True,-0.2154278016107965,True
ENST00000499624.3,ENSG00000244879.8,GABPB1-AS1,lncRNA,GABPB1-AS1-202,lncRNA,,ENSG00000244879.8;ENST00000499624.3,-0.1246681683,0.0144855145,12,isoform,1.0,True,-0.1246681682823657,True
ENST00000619314.1,ENSG00000244879.8,GABPB1-AS1,lncRNA,GABPB1-AS1-206,lncRNA,,ENSG00000244879.8;ENST00000619314.1,0.1122652744,0.0164835165,12,isoform,1.0,True,0.1122652744306063,True
ENST00000546134.5,ENSG00000246695.8,RASSF8-AS1,lncRNA,RASSF8-AS1-209,lncRNA,,ENSG00000246695.8;ENST00000546134.5,0.1105686879,0.030969031,12,isoform,1.0,True,0.1105686879031642,True
ENST00000666013.1,ENSG00000246859.3,STARD4-AS1,lncRNA,STARD4-AS1-204,lncRNA,,ENSG00000246859.3;ENST00000666013.1,0.1917361305,0.0084915085,12,isoform,1.0,True,0.1917361304953417,True
ENST00000520819.6,ENSG00000247134.7,AC090204.1,lncRNA,AC090204.1-201,lncRNA,,ENSG00000247134.7;ENST00000520819.6,0.3100445774,0.008991009,12,isoform,1.0,True,0.3100445773624584,True
ENST00000528083.1,ENSG00000247137.9,AP000873.2,lncRNA,AP000873.2-209,lncRNA,,ENSG00000247137.9;ENST00000528083.1,-0.1704408199,0.0164835165,12,isoform,1.0,True,-0.1704408198836989,True
ENST00000528524.5,ENSG00000247137.9,AP000873.2,lncRNA,AP000873.2-203,lncRNA,,ENSG00000247137.9;ENST00000528524.5,0.2582093195,0.002997003,12,isoform,1.0,True,0.2582093195323601,True
ENST00000500949.6,ENSG00000247556.6,OIP5-AS1,lncRNA,OIP5-AS1-201,lncRNA,,ENSG00000247556.6;ENST00000500949.6,-0.1490118798,0.002997003,12,isoform,1.0,True,-0.1490118798468708,True
ENST00000558945.5,ENSG00000247556.6,OIP5-AS1,lncRNA,OIP5-AS1-205,lncRNA,,ENSG00000247556.6;ENST00000558945.5,0.1059493653,0.0084915085,12,isoform,1.0,True,0.1059493652925091,True
ENST00000660242.1,ENSG00000247572.8,CKMT2-AS1,lncRNA,CKMT2-AS1-209,lncRNA,,ENSG00000247572.8;ENST00000660242.1,0.3359329205,0.0034965035,12,isoform,1.0,True,0.335932920533842,True
ENST00000667672.1,ENSG00000247796.3,AC008966.1,lncRNA,AC008966.1-205,lncRNA,,ENSG00000247796.3;ENST00000667672.1,-0.1756016204,0.0324675325,12,isoform,1.0,True,-0.1756016203645777,True
ENST00000509252.1,ENSG00000248275.2,TRIM52-AS1,lncRNA,TRIM52-AS1-203,lncRNA,,ENSG00000248275.2;ENST00000509252.1,0.1261121432,0.022977023,12,isoform,1.0,True,0.126112143240778,True
ENST00000504533.2,ENSG00000248593.3,DSTNP2,transcribed_unprocessed_pseudogene,DSTNP2-201,transcribed_unprocessed_pseudogene,,ENSG00000248593.3;ENST00000504533.2,-0.2996997985,0.003996004,12,isoform,1.0,True,-0.299699798495718,True
ENST00000602547.1,ENSG00000248593.3,DSTNP2,transcribed_unprocessed_pseudogene,DSTNP2-202,processed_transcript,,ENSG00000248593.3;ENST00000602547.1,0.2996997985,0.003996004,12,isoform,1.0,True,0.2996997984957179,True
ENST00000503719.6,ENSG00000249437.8,NAIP,protein_coding,NAIP-204,protein_coding,ENSP00000424913.2,ENSG00000249437.8;ENST00000503719.6,0.3139197317,0.005994006,12,isoform,1.0,True,0.3139197317430202,True
ENST00000656880.1,ENSG00000249859.12,PVT1,lncRNA,PVT1-255,lncRNA,,ENSG00000249859.12;ENST00000656880.1,-0.1190354337,0.0084915085,12,isoform,1.0,True,-0.1190354336828736,True
ENST00000532376.2,ENSG00000250305.9,TRMT9B,protein_coding,TRMT9B-209,protein_coding,ENSP00000431717.2,ENSG00000250305.9;ENST00000532376.2,0.1840299166,0.042957043,12,isoform,1.0,True,0.1840299166499903,True
ENST00000512067.5,ENSG00000250337.7,PURPL,lncRNA,PURPL-204,lncRNA,,ENSG00000250337.7;ENST00000512067.5,-0.1972479159,0.0224775225,12,isoform,1.0,True,-0.1972479159372081,True
ENST00000457177.5,ENSG00000251369.9,ZNF550,protein_coding,ZNF550-204,protein_coding,ENSP00000469679.1,ENSG00000251369.9;ENST00000457177.5,0.1948288058,0.0254745255,12,isoform,1.0,True,0.194828805750889,True
ENST00000513179.1,ENSG00000251580.3,LINC02482,lncRNA,LINC02482-201,lncRNA,,ENSG00000251580.3;ENST00000513179.1,0.2675817748,0.000999001,12,isoform,1.0,True,0.2675817747940681,True
ENST00000515205.1,ENSG00000251580.3,LINC02482,lncRNA,LINC02482-202,lncRNA,,ENSG00000251580.3;ENST00000515205.1,-0.2030336868,0.0074925075,12,isoform,1.0,True,-0.2030336868188121,True
ENST00000314191.7,ENSG00000253729.8,PRKDC,protein_coding,PRKDC-201,protein_coding,ENSP00000313420.3,ENSG00000253729.8;ENST00000314191.7,-0.1013266308,0.007992008,12,isoform,1.0,True,-0.1013266308386464,True
ENST00000453634.5,ENSG00000254413.8,CHKB-CPT1B,protein_coding,CHKB-CPT1B-202,nonsense_mediated_decay,ENSP00000457031.1,ENSG00000254413.8;ENST00000453634.5,-0.2120683813,0.0384615385,12,isoform,1.0,True,-0.2120683813010397,True
ENST00000528560.2,ENSG00000254469.7,AP002495.1,protein_coding,AP002495.1-203,processed_transcript,,ENSG00000254469.7;ENST00000528560.2,-0.1329077924,0.0364635365,12,isoform,1.0,True,-0.1329077924071878,True
ENST00000554625.5,ENSG00000256053.9,COA8,protein_coding,COA8-212,retained_intron,,ENSG00000256053.9;ENST00000554625.5,-0.1856340492,0.000999001,12,isoform,1.0,True,-0.18563404920234,True
ENST00000546421.1,ENSG00000257167.2,TMPO-AS1,lncRNA,TMPO-AS1-201,lncRNA,,ENSG00000257167.2;ENST00000546421.1,-0.1190894005,0.0134865135,12,isoform,1.0,True,-0.1190894005233491,True
ENST00000548760.2,ENSG00000257167.2,TMPO-AS1,lncRNA,TMPO-AS1-202,lncRNA,,ENSG00000257167.2;ENST00000548760.2,0.1190894005,0.0134865135,12,isoform,1.0,True,0.119089400523349,True
ENST00000360264.7,ENSG00000257923.11,CUX1,protein_coding,CUX1-203,protein_coding,ENSP00000353401.3,ENSG00000257923.11;ENST00000360264.7,-0.185504589,0.002997003,12,isoform,1.0,True,-0.185504588992081,True
ENST00000487284.2,ENSG00000257923.11,CUX1,protein_coding,CUX1-209,retained_intron,,ENSG00000257923.11;ENST00000487284.2,0.1155453378,0.015984016,12,isoform,1.0,True,0.1155453377719926,True
ENST00000360203.11,ENSG00000258366.9,RTEL1,protein_coding,RTEL1-203,protein_coding,ENSP00000353332.5,ENSG00000258366.9;ENST00000360203.11,-0.1389654369,0.012987013,12,isoform,1.0,True,-0.1389654368999002,True
ENST00000370003.2,ENSG00000258366.9,RTEL1,protein_coding,RTEL1-204,retained_intron,,ENSG00000258366.9;ENST00000370003.2,0.1626064125,0.005994006,12,isoform,1.0,True,0.1626064125005303,True
ENST00000539976.1,ENSG00000258839.4,MC1R,protein_coding,MC1R-201,retained_intron,,ENSG00000258839.4;ENST00000539976.1,-0.1408818724,0.030969031,12,isoform,1.0,True,-0.1408818723875291,True
ENST00000555147.2,ENSG00000258839.4,MC1R,protein_coding,MC1R-202,protein_coding,ENSP00000451605.1,ENSG00000258839.4;ENST00000555147.2,0.140080187,0.031968032,12,isoform,1.0,True,0.1400801869943271,True
ENST00000560622.5,ENSG00000259248.7,USP3-AS1,lncRNA,USP3-AS1-207,lncRNA,,ENSG00000259248.7;ENST00000560622.5,0.1370664312,0.0374625375,12,isoform,1.0,True,0.137066431183973,True
ENST00000570025.1,ENSG00000260083.2,MIR762HG,lncRNA,MIR762HG-203,lncRNA,,ENSG00000260083.2;ENST00000570025.1,0.3265437995,0.0034965035,12,isoform,1.0,True,0.3265437995133755,True
ENST00000618367.4,ENSG00000260456.7,C16orf95,protein_coding,C16orf95-206,protein_coding,ENSP00000484646.1,ENSG00000260456.7;ENST00000618367.4,0.1317359283,0.038961039,12,isoform,1.0,True,0.1317359282936849,True
ENST00000498492.2,ENSG00000261716.2,H2BC20P,transcribed_unprocessed_pseudogene,H2BC20P-201,transcribed_unprocessed_pseudogene,,ENSG00000261716.2;ENST00000498492.2,0.4253285459,0.0014985015,12,isoform,1.0,True,0.4253285459233484,True
ENST00000564237.2,ENSG00000261716.2,H2BC20P,transcribed_unprocessed_pseudogene,H2BC20P-202,processed_transcript,,ENSG00000261716.2;ENST00000564237.2,-0.4253285459,0.0014985015,12,isoform,1.0,True,-0.4253285459233484,True
ENST00000671211.1,ENSG00000261879.7,AC087500.1,lncRNA,AC087500.1-207,lncRNA,,ENSG00000261879.7;ENST00000671211.1,0.3640782042,0.012987013,12,isoform,1.0,True,0.3640782041905419,True
ENST00000658121.1,ENSG00000262879.6,AC005670.3,lncRNA,AC005670.3-226,lncRNA,,ENSG00000262879.6;ENST00000658121.1,-0.1557652779,0.015984016,12,isoform,1.0,True,-0.1557652778668897,True
ENST00000581897.6,ENSG00000266338.6,NBPF15,protein_coding,NBPF15-206,protein_coding,ENSP00000463178.1,ENSG00000266338.6;ENST00000581897.6,-0.1408688659,0.0084915085,12,isoform,1.0,True,-0.1408688658684806,True
ENST00000588785.6,ENSG00000267080.6,ASB16-AS1,lncRNA,ASB16-AS1-202,lncRNA,,ENSG00000267080.6;ENST00000588785.6,0.1576420652,0.035964036,12,isoform,1.0,True,0.15764206515985,True
ENST00000590522.1,ENSG00000267121.6,AC008105.3,lncRNA,AC008105.3-204,lncRNA,,ENSG00000267121.6;ENST00000590522.1,0.1958690349,0.021978022,12,isoform,1.0,True,0.1958690349157517,True
ENST00000591365.1,ENSG00000267121.6,AC008105.3,lncRNA,AC008105.3-203,lncRNA,,ENSG00000267121.6;ENST00000591365.1,-0.187210878,0.024975025,12,isoform,1.0,True,-0.1872108780246009,True
ENST00000586143.1,ENSG00000267248.3,AC025048.2,lncRNA,AC025048.2-203,retained_intron,,ENSG00000267248.3;ENST00000586143.1,-0.1712013659,0.0464535465,12,isoform,1.0,True,-0.1712013659396907,True
ENST00000591087.1,ENSG00000267757.4,EML2-AS1,lncRNA,EML2-AS1-202,lncRNA,,ENSG00000267757.4;ENST00000591087.1,0.1424043322,0.0094905095,12,isoform,1.0,True,0.1424043322482414,True
ENST00000623430.1,ENSG00000267757.4,EML2-AS1,lncRNA,EML2-AS1-203,lncRNA,,ENSG00000267757.4;ENST00000623430.1,-0.1482755463,0.0064935065,12,isoform,1.0,True,-0.1482755462823216,True
ENST00000622447.4,ENSG00000268350.7,FAM156A,protein_coding,FAM156A-221,protein_coding,ENSP00000482142.1,ENSG00000268350.7;ENST00000622447.4,-0.116273896,0.013986014,12,isoform,1.0,True,-0.1162738959557988,True
ENST00000653003.1,ENSG00000268362.6,AC092279.1,lncRNA,AC092279.1-228,lncRNA,,ENSG00000268362.6;ENST00000653003.1,-0.1328943568,0.037962038,12,isoform,1.0,True,-0.1328943567742782,True
ENST00000593654.1,ENSG00000269352.1,PTOV1-AS2,lncRNA,PTOV1-AS2-201,lncRNA,,ENSG00000269352.1;ENST00000593654.1,-0.1325281437,0.042957043,12,isoform,1.0,True,-0.1325281436972805,True
ENST00000599259.1,ENSG00000269352.1,PTOV1-AS2,lncRNA,PTOV1-AS2-202,lncRNA,,ENSG00000269352.1;ENST00000599259.1,0.2379891533,0.0094905095,12,isoform,1.0,True,0.2379891533303079,True
ENST00000657934.1,ENSG00000269609.6,RPARP-AS1,lncRNA,RPARP-AS1-209,lncRNA,,ENSG00000269609.6;ENST00000657934.1,0.11626273,0.016983017,12,isoform,1.0,True,0.1162627300247894,True
ENST00000602596.1,ENSG00000270049.3,AC009061.2,lncRNA,AC009061.2-202,lncRNA,,ENSG00000270049.3;ENST00000602596.1,0.2308067836,0.012987013,12,isoform,1.0,True,0.2308067835977855,True
ENST00000578186.2,ENSG00000270882.2,H4C14,protein_coding,H4C14-201,protein_coding,ENSP00000462667.1,ENSG00000270882.2;ENST00000578186.2,-0.1336063318,0.0074925075,12,isoform,1.0,True,-0.1336063317593219,True
ENST00000611699.1,ENSG00000273899.5,NOL12,protein_coding,NOL12-207,protein_coding,ENSP00000482349.1,ENSG00000273899.5;ENST00000611699.1,0.14625725,0.003996004,12,isoform,1.0,True,0.1462572500006629,True
ENST00000618814.1,ENSG00000274253.5,AC138649.1,lncRNA,AC138649.1-203,lncRNA,,ENSG00000274253.5;ENST00000618814.1,0.1962861572,0.0464535465,12,isoform,1.0,True,0.1962861572221369,True
ENST00000622683.5,ENSG00000275832.5,ARHGAP23,protein_coding,ARHGAP23-222,protein_coding,ENSP00000481862.1,ENSG00000275832.5;ENST00000622683.5,0.1047771241,0.0364635365,12,isoform,1.0,True,0.104777124148596,True
ENST00000621156.1,ENSG00000277147.6,LINC00869,transcribed_unprocessed_pseudogene,LINC00869-208,processed_transcript,,ENSG00000277147.6;ENST00000621156.1,0.2777303886,0.014985015,12,isoform,1.0,True,0.2777303885964669,True
ENST00000620233.1,ENSG00000277161.2,PIGW,protein_coding,PIGW-206,protein_coding,ENSP00000480021.1,ENSG00000277161.2;ENST00000620233.1,-0.1444530355,0.0154845155,12,isoform,1.0,True,-0.1444530355488201,True
ENST00000621275.1,ENSG00000277363.5,SRCIN1,protein_coding,SRCIN1-214,processed_transcript,,ENSG00000277363.5;ENST00000621275.1,-0.2216978295,0.023976024,12,isoform,1.0,True,-0.2216978294967071,True
ENST00000624162.1,ENSG00000278932.4,CR381653.1,lncRNA,CR381653.1-206,lncRNA,,ENSG00000278932.4;ENST00000624162.1,0.2763475661,0.0174825175,12,isoform,1.0,True,0.2763475661499705,True
ENST00000623165.3,ENSG00000280018.4,CU634019.5,lncRNA,CU634019.5-201,lncRNA,,ENSG00000280018.4;ENST00000623165.3,0.176930114,0.0114885115,12,isoform,1.0,True,0.1769301139970254,True
ENST00000626810.1,ENSG00000280832.1,GSEC,lncRNA,GSEC-201,lncRNA,,ENSG00000280832.1;ENST00000626810.1,-0.1600671886,0.018981019,12,isoform,1.0,True,-0.1600671885699642,True
ENST00000629441.1,ENSG00000280832.1,GSEC,lncRNA,GSEC-202,lncRNA,,ENSG00000280832.1;ENST00000629441.1,0.1600671886,0.018981019,12,isoform,1.0,True,0.1600671885699642,True
ENST00000394800.6,ENSG00000280987.4,MATR3,protein_coding,MATR3-229,protein_coding,ENSP00000378279.2,ENSG00000280987.4;ENST00000394800.6,-0.1005607335,0.036963037,12,isoform,1.0,True,-0.1005607335495407,True
ENST00000625445.1,ENSG00000281649.2,EBLN3P,lncRNA,EBLN3P-202,lncRNA,,ENSG00000281649.2;ENST00000625445.1,0.1585698276,0.006993007,12,isoform,1.0,True,0.1585698276091716,True
ENST00000632089.1,ENSG00000282458.1,WASH5P,transcribed_processed_pseudogene,WASH5P-203,processed_transcript,,ENSG00000282458.1;ENST00000632089.1,0.1690308517,0.0154845155,12,isoform,1.0,True,0.1690308517480274,True
ENST00000633719.1,ENSG00000282458.1,WASH5P,transcribed_processed_pseudogene,WASH5P-208,retained_intron,,ENSG00000282458.1;ENST00000633719.1,-0.1294942314,0.025974026,12,isoform,1.0,True,-0.1294942313923686,True
ENST00000637678.1,ENSG00000283674.3,AC068587.4,lncRNA,AC068587.4-205,lncRNA,,ENSG00000283674.3;ENST00000637678.1,0.2024729342,0.0334665335,12,isoform,1.0,True,0.2024729342050919,True
ENST00000649921.1,ENSG00000285967.1,NIPBL-DT,lncRNA,NIPBL-DT-203,lncRNA,,ENSG00000285967.1;ENST00000649921.1,-0.164124661,0.0284715285,12,isoform,1.0,True,-0.1641246610364157,True
ENST00000423670.1,ENSG00000000457.14,SCYL3,protein_coding,SCYL3-204,protein_coding,ENSP00000407993.1,ENSG00000000457.14;ENST00000423670.1,0.1470148767,0.041958042,30,isoform,1.0,True,0.1470148767380041,True
ENST00000374399.9,ENSG00000001461.17,NIPAL3,protein_coding,NIPAL3-204,protein_coding,ENSP00000363520.4,ENSG00000001461.17;ENST00000374399.9,-0.1177929722,0.03996004,30,isoform,1.0,True,-0.1177929722334826,True
ENST00000645950.1,ENSG00000002586.20,CD99,protein_coding,CD99-213,retained_intron,,ENSG00000002586.20;ENST00000645950.1,-0.1202141691,0.0004995005,30,isoform,1.0,True,-0.1202141690834559,True
ENST00000645950.1_PAR_Y,ENSG00000002586.20_PAR_Y,CD99,protein_coding,CD99-213,retained_intron,,ENSG00000002586.20_PAR_Y;ENST00000645950.1_PAR_Y,0.1258801358,0.0014985015,30,isoform,1.0,True,0.125880135802469,True
ENST00000359238.7,ENSG00000002919.15,SNX11,protein_coding,SNX11-201,protein_coding,ENSP00000352175.2,ENSG00000002919.15;ENST00000359238.7,0.1148517856,0.030969031,30,isoform,1.0,True,0.1148517855886639,True
ENST00000393405.6,ENSG00000002919.15,SNX11,protein_coding,SNX11-202,protein_coding,ENSP00000377059.2,ENSG00000002919.15;ENST00000393405.6,-0.1355221822,0.0224775225,30,isoform,1.0,True,-0.1355221822415308,True
ENST00000266022.9,ENSG00000004534.15,RBM6,protein_coding,RBM6-201,protein_coding,ENSP00000266022.4,ENSG00000004534.15;ENST00000266022.9,0.1356020133,0.005994006,30,isoform,1.0,True,0.1356020132883027,True
ENST00000371335.4,ENSG00000005893.16,LAMP2,protein_coding,LAMP2-202,protein_coding,ENSP00000360386.4,ENSG00000005893.16;ENST00000371335.4,-0.1136026526,0.017982018,30,isoform,1.0,True,-0.1136026525543497,True
ENST00000395969.6,ENSG00000006715.16,VPS41,protein_coding,VPS41-203,protein_coding,ENSP00000379297.2,ENSG00000006715.16;ENST00000395969.6,0.1736495697,0.006993007,30,isoform,1.0,True,0.173649569670331,True
ENST00000588062.5,ENSG00000007255.10,TRAPPC6A,protein_coding,TRAPPC6A-204,protein_coding,ENSP00000468363.1,ENSG00000007255.10;ENST00000588062.5,-0.1166996235,0.0204795205,30,isoform,1.0,True,-0.1166996235154575,True
ENST00000008527.10,ENSG00000008405.12,CRY1,protein_coding,CRY1-201,protein_coding,ENSP00000008527.5,ENSG00000008405.12;ENST00000008527.10,0.1454155398,0.0134865135,30,isoform,1.0,True,0.1454155397947616,True
ENST00000522652.6,ENSG00000008513.16,ST3GAL1,protein_coding,ST3GAL1-211,protein_coding,ENSP00000430515.1,ENSG00000008513.16;ENST00000522652.6,-0.1361349913,0.026973027,30,isoform,1.0,True,-0.1361349913419192,True
ENST00000420808.2,ENSG00000010322.16,NISCH,protein_coding,NISCH-202,protein_coding,ENSP00000392484.2,ENSG00000010322.16;ENST00000420808.2,0.1150053174,0.010989011,30,isoform,1.0,True,0.115005317419152,True
ENST00000397174.6,ENSG00000010803.16,SCMH1,protein_coding,SCMH1-209,protein_coding,ENSP00000380359.3,ENSG00000010803.16;ENST00000397174.6,-0.1590352131,0.0184815185,30,isoform,1.0,True,-0.1590352131252101,True
ENST00000609199.1,ENSG00000011007.12,ELOA,protein_coding,ELOA-203,protein_coding,ENSP00000476781.1,ENSG00000011007.12;ENST00000609199.1,0.1158062918,0.0084915085,30,isoform,1.0,True,0.1158062918407868,True
ENST00000613537.4,ENSG00000011007.12,ELOA,protein_coding,ELOA-204,protein_coding,ENSP00000484196.1,ENSG00000011007.12;ENST00000613537.4,-0.1138790135,0.008991009,30,isoform,1.0,True,-0.113879013495704,True
ENST00000355125.3,ENSG00000011114.15,BTBD7,protein_coding,BTBD7-203,nonsense_mediated_decay,ENSP00000347246.3,ENSG00000011114.15;ENST00000355125.3,-0.2910760597,0.0094905095,30,isoform,1.0,True,-0.2910760596964546,True
ENST00000316757.4,ENSG00000011132.12,APBA3,protein_coding,APBA3-201,protein_coding,ENSP00000315136.2,ENSG00000011132.12;ENST00000316757.4,0.2087472417,0.002997003,30,isoform,1.0,True,0.208747241688099,True
ENST00000614244.4,ENSG00000011332.19,DPF1,protein_coding,DPF1-217,protein_coding,ENSP00000483226.1,ENSG00000011332.19;ENST00000614244.4,0.2414151436,0.017982018,30,isoform,1.0,True,0.2414151436460771,True
ENST00000651425.1,ENSG00000013375.16,PGM3,protein_coding,PGM3-219,protein_coding,ENSP00000498986.1,ENSG00000013375.16;ENST00000651425.1,0.1388680345,0.0094905095,30,isoform,1.0,True,0.1388680345095374,True
ENST00000473565.5,ENSG00000013441.16,CLK1,protein_coding,CLK1-210,retained_intron,,ENSG00000013441.16;ENST00000473565.5,-0.1012915569,0.010989011,30,isoform,1.0,True,-0.1012915568989354,True
ENST00000557179.5,ENSG00000013523.11,ANGEL1,protein_coding,ANGEL1-205,protein_coding,ENSP00000451534.1,ENSG00000013523.11;ENST00000557179.5,-0.1120650377,0.044955045,30,isoform,1.0,True,-0.1120650377184774,True
ENST00000014914.6,ENSG00000013588.9,GPRC5A,protein_coding,GPRC5A-201,protein_coding,ENSP00000014914.6,ENSG00000013588.9;ENST00000014914.6,-0.171049777,0.0014985015,30,isoform,1.0,True,-0.1710497769612011,True
ENST00000534831.1,ENSG00000013588.9,GPRC5A,protein_coding,GPRC5A-202,protein_coding,ENSP00000441627.1,ENSG00000013588.9;ENST00000534831.1,0.1338726578,0.002997003,30,isoform,1.0,True,0.1338726578218834,True
ENST00000370401.6,ENSG00000013619.14,MAMLD1,protein_coding,MAMLD1-203,protein_coding,ENSP00000359428.2,ENSG00000013619.14;ENST00000370401.6,0.1801551857,0.025974026,30,isoform,1.0,True,0.1801551856703233,True
ENST00000464149.1,ENSG00000013619.14,MAMLD1,protein_coding,MAMLD1-206,retained_intron,,ENSG00000013619.14;ENST00000464149.1,-0.1959915617,0.01998002,30,isoform,1.0,True,-0.1959915617055852,True
ENST00000502653.5,ENSG00000018189.13,RUFY3,protein_coding,RUFY3-204,protein_coding,ENSP00000425400.1,ENSG00000018189.13;ENST00000502653.5,0.2436238104,0.0134865135,30,isoform,1.0,True,0.2436238103827447,True
ENST00000264167.10,ENSG00000018510.16,AGPS,protein_coding,AGPS-201,protein_coding,ENSP00000264167.4,ENSG00000018510.16;ENST00000264167.10,-0.1119628335,0.0174825175,30,isoform,1.0,True,-0.1119628334935929,True
ENST00000323929.8,ENSG00000020922.13,MRE11,protein_coding,MRE11-201,protein_coding,ENSP00000325863.4,ENSG00000020922.13;ENST00000323929.8,-0.1885122747,0.0034965035,30,isoform,1.0,True,-0.1885122747160529,True
ENST00000407439.7,ENSG00000020922.13,MRE11,protein_coding,MRE11-204,protein_coding,ENSP00000385614.3,ENSG00000020922.13;ENST00000407439.7,0.1354252241,0.0104895105,30,isoform,1.0,True,0.1354252240896668,True
ENST00000558490.5,ENSG00000022976.15,ZNF839,protein_coding,ZNF839-205,protein_coding,ENSP00000452819.1,ENSG00000022976.15;ENST00000558490.5,0.1325197611,0.0334665335,30,isoform,1.0,True,0.1325197610693683,True
ENST00000471035.1,ENSG00000023041.11,ZDHHC6,protein_coding,ZDHHC6-203,processed_transcript,,ENSG00000023041.11;ENST00000471035.1,0.1250985529,0.006993007,30,isoform,1.0,True,0.1250985529468748,True
ENST00000617560.1,ENSG00000025293.17,PHF20,protein_coding,PHF20-216,processed_transcript,,ENSG00000025293.17;ENST00000617560.1,0.1385837546,0.0044955045,30,isoform,1.0,True,0.1385837545797434,True
ENST00000320285.9,ENSG00000026652.15,AGPAT4,protein_coding,AGPAT4-201,protein_coding,ENSP00000314036.4,ENSG00000026652.15;ENST00000320285.9,-0.156717691,0.0434565435,30,isoform,1.0,True,-0.1567176909726487,True
ENST00000467963.6,ENSG00000028310.18,BRD9,protein_coding,BRD9-202,protein_coding,ENSP00000419765.1,ENSG00000028310.18;ENST00000467963.6,0.1300976782,0.003996004,30,isoform,1.0,True,0.1300976782293721,True
ENST00000544915.5,ENSG00000029153.14,ARNTL2,protein_coding,ARNTL2-208,protein_coding,ENSP00000442438.1,ENSG00000029153.14;ENST00000544915.5,-0.1390780693,0.03996004,30,isoform,1.0,True,-0.1390780692602299,True
ENST00000587797.1,ENSG00000033627.17,ATP6V0A1,protein_coding,ATP6V0A1-214,processed_transcript,,ENSG00000033627.17;ENST00000587797.1,0.1993752081,0.0064935065,30,isoform,1.0,True,0.1993752080929901,True
ENST00000545237.1,ENSG00000033800.14,PIAS1,protein_coding,PIAS1-202,protein_coding,ENSP00000438574.1,ENSG00000033800.14;ENST00000545237.1,0.1579921677,0.006993007,30,isoform,1.0,True,0.1579921677153523,True
ENST00000342679.9,ENSG00000034152.19,MAP2K3,protein_coding,MAP2K3-202,protein_coding,ENSP00000345083.4,ENSG00000034152.19;ENST00000342679.9,0.1242876502,0.0194805195,30,isoform,1.0,True,0.1242876502412022,True
ENST00000602998.1,ENSG00000035115.22,SH3YL1,protein_coding,SH3YL1-227,processed_transcript,,ENSG00000035115.22;ENST00000602998.1,-0.1316664062,0.0324675325,30,isoform,1.0,True,-0.131666406206409,True
ENST00000453973.5,ENSG00000042493.16,CAPG,protein_coding,CAPG-210,protein_coding,ENSP00000397381.1,ENSG00000042493.16;ENST00000453973.5,-0.1039037463,0.010989011,30,isoform,1.0,True,-0.1039037462600324,True
ENST00000263150.9,ENSG00000047056.16,WDR37,protein_coding,WDR37-201,protein_coding,ENSP00000263150.4,ENSG00000047056.16;ENST00000263150.9,0.1885835431,0.021978022,30,isoform,1.0,True,0.1885835430741318,True
ENST00000487842.1,ENSG00000047634.15,SCML1,protein_coding,SCML1-207,retained_intron,,ENSG00000047634.15;ENST00000487842.1,-0.1373396343,0.0094905095,30,isoform,1.0,True,-0.1373396342541368,True
ENST00000265827.8,ENSG00000048405.10,ZNF800,protein_coding,ZNF800-201,protein_coding,ENSP00000265827.3,ENSG00000048405.10;ENST00000265827.8,0.1525335759,0.038961039,30,isoform,1.0,True,0.152533575922828,True
ENST00000308488.10,ENSG00000048649.13,RSF1,protein_coding,RSF1-201,protein_coding,ENSP00000311513.6,ENSG00000048649.13;ENST00000308488.10,-0.1656953613,0.017982018,30,isoform,1.0,True,-0.1656953612831248,True
ENST00000617539.1,ENSG00000049759.19,NEDD4L,protein_coding,NEDD4L-237,protein_coding,ENSP00000479462.1,ENSG00000049759.19;ENST00000617539.1,0.1234064087,0.0234765235,30,isoform,1.0,True,0.1234064087490661,True
ENST00000380639.10,ENSG00000049883.15,PTCD2,protein_coding,PTCD2-202,protein_coding,ENSP00000370013.4,ENSG00000049883.15;ENST00000380639.10,-0.1094541777,0.048951049,30,isoform,1.0,True,-0.1094541777377384,True
ENST00000379170.8,ENSG00000050393.11,MCUR1,protein_coding,MCUR1-201,protein_coding,ENSP00000368468.3,ENSG00000050393.11;ENST00000379170.8,-0.1916437586,0.0024975025,30,isoform,1.0,True,-0.191643758619214,True
ENST00000488770.1,ENSG00000050393.11,MCUR1,protein_coding,MCUR1-202,nonsense_mediated_decay,ENSP00000476162.1,ENSG00000050393.11;ENST00000488770.1,0.1868716927,0.0034965035,30,isoform,1.0,True,0.1868716927462216,True
ENST00000606320.6,ENSG00000051825.15,MPHOSPH9,protein_coding,MPHOSPH9-220,protein_coding,ENSP00000475489.1,ENSG00000051825.15;ENST00000606320.6,-0.1248189003,0.0254745255,30,isoform,1.0,True,-0.1248189003411318,True
ENST00000555022.5,ENSG00000054654.19,SYNE2,protein_coding,SYNE2-217,processed_transcript,,ENSG00000054654.19;ENST00000555022.5,0.132281779,0.034965035,30,isoform,1.0,True,0.13228177902621,True
ENST00000393580.2,ENSG00000054967.13,RELT,protein_coding,RELT-202,protein_coding,ENSP00000377207.2,ENSG00000054967.13;ENST00000393580.2,0.1303014335,0.0384615385,30,isoform,1.0,True,0.1303014335264885,True
ENST00000233057.9,ENSG00000055332.18,EIF2AK2,protein_coding,EIF2AK2-201,protein_coding,ENSP00000233057.4,ENSG00000055332.18;ENST00000233057.9,-0.1884162929,0.0024975025,30,isoform,1.0,True,-0.1884162929089619,True
ENST00000647926.1,ENSG00000055332.18,EIF2AK2,protein_coding,EIF2AK2-208,nonsense_mediated_decay,ENSP00000497534.1,ENSG00000055332.18;ENST00000647926.1,0.1220260117,0.013986014,30,isoform,1.0,True,0.122026011677209,True
ENST00000357244.7,ENSG00000056586.16,RC3H2,protein_coding,RC3H2-202,protein_coding,ENSP00000349783.2,ENSG00000056586.16;ENST00000357244.7,-0.1079543312,0.020979021,30,isoform,1.0,True,-0.1079543312297594,True
ENST00000392556.8,ENSG00000056972.20,TRAF3IP2,protein_coding,TRAF3IP2-208,protein_coding,ENSP00000376339.5,ENSG00000056972.20;ENST00000392556.8,0.1408962823,0.015984016,30,isoform,1.0,True,0.1408962822897957,True
ENST00000326840.11,ENSG00000057019.16,DCBLD2,protein_coding,DCBLD2-201,protein_coding,ENSP00000321573.6,ENSG00000057019.16;ENST00000326840.11,-0.1456535594,0.0204795205,30,isoform,1.0,True,-0.1456535593718892,True
ENST00000369096.9,ENSG00000057657.17,PRDM1,protein_coding,PRDM1-203,protein_coding,ENSP00000358092.4,ENSG00000057657.17;ENST00000369096.9,-0.2650487415,0.0234765235,30,isoform,1.0,True,-0.2650487415047539,True
ENST00000465021.5,ENSG00000058453.17,CROCC,protein_coding,CROCC-203,processed_transcript,,ENSG00000058453.17;ENST00000465021.5,0.1119573332,0.021978022,30,isoform,1.0,True,0.111957333234367,True
ENST00000261192.12,ENSG00000060982.15,BCAT1,protein_coding,BCAT1-201,protein_coding,ENSP00000261192.7,ENSG00000060982.15;ENST00000261192.12,-0.2235090798,0.000999001,30,isoform,1.0,True,-0.2235090797919998,True
ENST00000612790.1,ENSG00000060982.15,BCAT1,protein_coding,BCAT1-210,non_stop_decay,ENSP00000481749.1,ENSG00000060982.15;ENST00000612790.1,0.1195532834,0.004995005,30,isoform,1.0,True,0.1195532833961367,True
ENST00000262291.9,ENSG00000062716.13,VMP1,protein_coding,VMP1-201,protein_coding,ENSP00000262291.3,ENSG00000062716.13;ENST00000262291.9,0.1552653404,0.0,30,isoform,0.0,True,0.1552653404361232,True
ENST00000587470.1,ENSG00000062716.13,VMP1,protein_coding,VMP1-205,retained_intron,,ENSG00000062716.13;ENST00000587470.1,-0.1168065123,0.0,30,isoform,0.0,True,-0.1168065122600497,True
ENST00000084798.9,ENSG00000063180.9,CA11,protein_coding,CA11-201,protein_coding,ENSP00000084798.3,ENSG00000063180.9;ENST00000084798.9,-0.1459078627,0.0014985015,30,isoform,1.0,True,-0.1459078627483807,True
ENST00000506456.1,ENSG00000063438.18,AHRR,protein_coding,AHRR-202,protein_coding,ENSP00000426932.1,ENSG00000063438.18;ENST00000506456.1,0.1265652409,0.044955045,30,isoform,1.0,True,0.1265652409367362,True
ENST00000510910.1,ENSG00000063438.18,AHRR,protein_coding,AHRR-205,retained_intron,,ENSG00000063438.18;ENST00000510910.1,-0.2122690096,0.01998002,30,isoform,1.0,True,-0.2122690095722127,True
ENST00000407877.8,ENSG00000064547.14,LPAR2,protein_coding,LPAR2-201,protein_coding,ENSP00000384665.2,ENSG00000064547.14;ENST00000407877.8,-0.1243573225,0.024975025,30,isoform,1.0,True,-0.1243573224699863,True
ENST00000592061.1,ENSG00000064547.14,LPAR2,protein_coding,LPAR2-209,protein_coding,ENSP00000465206.1,ENSG00000064547.14;ENST00000592061.1,0.109505686,0.0294705295,30,isoform,1.0,True,0.1095056860305606,True
ENST00000337018.10,ENSG00000064607.17,SUGP2,protein_coding,SUGP2-202,protein_coding,ENSP00000337926.5,ENSG00000064607.17;ENST00000337018.10,0.1011463293,0.0054945055,30,isoform,1.0,True,0.1011463293157785,True
ENST00000452918.7,ENSG00000064607.17,SUGP2,protein_coding,SUGP2-203,protein_coding,ENSP00000389380.1,ENSG00000064607.17;ENST00000452918.7,-0.1328247042,0.003996004,30,isoform,1.0,True,-0.132824704150314,True
ENST00000361757.8,ENSG00000064932.16,SBNO2,protein_coding,SBNO2-201,protein_coding,ENSP00000354733.2,ENSG00000064932.16;ENST00000361757.8,0.1084235921,0.008991009,30,isoform,1.0,True,0.1084235920888636,True
ENST00000535273.2,ENSG00000065600.13,PACC1,protein_coding,PACC1-205,protein_coding,ENSP00000438863.1,ENSG00000065600.13;ENST00000535273.2,0.161897074,0.0064935065,30,isoform,1.0,True,0.1618970740256652,True
ENST00000298428.14,ENSG00000065665.21,SEC61A2,protein_coding,SEC61A2-201,protein_coding,ENSP00000298428.9,ENSG00000065665.21;ENST00000298428.14,0.1413623565,0.016983017,30,isoform,1.0,True,0.1413623564707609,True
ENST00000264607.9,ENSG00000065802.12,ASB1,protein_coding,ASB1-201,protein_coding,ENSP00000264607.4,ENSG00000065802.12;ENST00000264607.9,-0.1675612768,0.0244755245,30,isoform,1.0,True,-0.1675612768179588,True
ENST00000438264.5,ENSG00000065802.12,ASB1,protein_coding,ASB1-203,nonsense_mediated_decay,ENSP00000411773.1,ENSG00000065802.12;ENST00000438264.5,0.2580686021,0.007992008,30,isoform,1.0,True,0.2580686021466314,True
ENST00000504047.1,ENSG00000066427.24,ATXN3,protein_coding,ATXN3-208,processed_transcript,,ENSG00000066427.24;ENST00000504047.1,0.2390867015,0.0064935065,30,isoform,1.0,True,0.2390867015024484,True
ENST00000621269.4,ENSG00000066427.24,ATXN3,protein_coding,ATXN3-251,protein_coding,ENSP00000481390.1,ENSG00000066427.24;ENST00000621269.4,0.1694799287,0.0194805195,30,isoform,1.0,True,0.1694799286548657,True
ENST00000644486.2,ENSG00000066427.24,ATXN3,protein_coding,ATXN3-254,protein_coding,ENSP00000496695.1,ENSG00000066427.24;ENST00000644486.2,-0.1144925273,0.03996004,30,isoform,1.0,True,-0.1144925273172706,True
ENST00000262233.11,ENSG00000066629.18,EML1,protein_coding,EML1-201,protein_coding,ENSP00000262233.7,ENSG00000066629.18;ENST00000262233.11,-0.2212100397,0.0104895105,30,isoform,1.0,True,-0.2212100396857729,True
ENST00000553313.1,ENSG00000066629.18,EML1,protein_coding,EML1-204,retained_intron,,ENSG00000066629.18;ENST00000553313.1,0.1523810955,0.0334665335,30,isoform,1.0,True,0.1523810955427958,True
ENST00000451963.1,ENSG00000066923.17,STAG3,protein_coding,STAG3-209,nonsense_mediated_decay,ENSP00000393790.1,ENSG00000066923.17;ENST00000451963.1,-0.197526843,0.0434565435,30,isoform,1.0,True,-0.1975268429685976,True
ENST00000366932.4,ENSG00000067533.6,RRP15,protein_coding,RRP15-201,protein_coding,ENSP00000355899.3,ENSG00000067533.6;ENST00000366932.4,-0.1348593314,0.0114885115,30,isoform,1.0,True,-0.1348593313620386,True
ENST00000491428.1,ENSG00000067533.6,RRP15,protein_coding,RRP15-202,processed_transcript,,ENSG00000067533.6;ENST00000491428.1,0.1348593314,0.0114885115,30,isoform,1.0,True,0.1348593313620386,True
ENST00000379162.9,ENSG00000067992.16,PDK3,protein_coding,PDK3-201,protein_coding,ENSP00000368460.4,ENSG00000067992.16;ENST00000379162.9,0.3557134356,0.001998002,30,isoform,1.0,True,0.3557134356071466,True
ENST00000568479.2,ENSG00000067992.16,PDK3,protein_coding,PDK3-203,protein_coding,ENSP00000498864.1,ENSG00000067992.16;ENST00000568479.2,-0.3636642146,0.0014985015,30,isoform,1.0,True,-0.3636642146458924,True
ENST00000587314.1,ENSG00000068097.15,HEATR6,protein_coding,HEATR6-205,nonsense_mediated_decay,ENSP00000465540.1,ENSG00000068097.15;ENST00000587314.1,-0.1251785604,0.01998002,30,isoform,1.0,True,-0.1251785604065775,True
ENST00000263857.11,ENSG00000068654.16,POLR1A,protein_coding,POLR1A-201,protein_coding,ENSP00000263857.6,ENSG00000068654.16;ENST00000263857.11,-0.1092591637,0.038961039,30,isoform,1.0,True,-0.1092591637127957,True
ENST00000164227.10,ENSG00000069399.15,BCL3,protein_coding,BCL3-201,protein_coding,ENSP00000164227.5,ENSG00000069399.15;ENST00000164227.10,0.1599691351,0.000999001,30,isoform,1.0,True,0.1599691351063814,True
ENST00000474300.1,ENSG00000069399.15,BCL3,protein_coding,BCL3-207,retained_intron,,ENSG00000069399.15;ENST00000474300.1,-0.1082631225,0.0114885115,30,isoform,1.0,True,-0.1082631225069144,True
ENST00000413872.6,ENSG00000070047.13,PHRF1,protein_coding,PHRF1-202,protein_coding,ENSP00000388589.2,ENSG00000070047.13;ENST00000413872.6,-0.1092182379,0.033966034,30,isoform,1.0,True,-0.1092182378811148,True
ENST00000467959.1,ENSG00000070061.16,ELP1,protein_coding,ELP1-202,processed_transcript,,ENSG00000070061.16;ENST00000467959.1,-0.1822506609,0.001998002,30,isoform,1.0,True,-0.1822506608810743,True
ENST00000554598.5,ENSG00000070367.16,EXOC5,protein_coding,EXOC5-204,retained_intron,,ENSG00000070367.16;ENST00000554598.5,0.1237884197,0.0134865135,30,isoform,1.0,True,0.1237884196684988,True
ENST00000174618.5,ENSG00000070444.15,MNT,protein_coding,MNT-201,protein_coding,ENSP00000174618.4,ENSG00000070444.15;ENST00000174618.5,0.1926905258,0.0094905095,30,isoform,1.0,True,0.1926905258491987,True
ENST00000389709.8,ENSG00000070476.15,ZXDC,protein_coding,ZXDC-202,protein_coding,ENSP00000374359.3,ENSG00000070476.15;ENST00000389709.8,0.1494701552,0.0194805195,30,isoform,1.0,True,0.1494701552331156,True
ENST00000514463.1,ENSG00000070476.15,ZXDC,protein_coding,ZXDC-203,retained_intron,,ENSG00000070476.15;ENST00000514463.1,-0.1673369383,0.015984016,30,isoform,1.0,True,-0.1673369382793431,True
ENST00000262506.8,ENSG00000070770.9,CSNK2A2,protein_coding,CSNK2A2-201,protein_coding,ENSP00000262506.3,ENSG00000070770.9;ENST00000262506.8,0.1155955416,0.0154845155,30,isoform,1.0,True,0.1155955415894162,True
ENST00000563307.1,ENSG00000070770.9,CSNK2A2,protein_coding,CSNK2A2-203,protein_coding,ENSP00000457911.1,ENSG00000070770.9;ENST00000563307.1,-0.1262852521,0.012987013,30,isoform,1.0,True,-0.1262852521041844,True
ENST00000313367.7,ENSG00000070882.13,OSBPL3,protein_coding,OSBPL3-201,protein_coding,ENSP00000315410.2,ENSG00000070882.13;ENST00000313367.7,-0.1053669365,0.027972028,30,isoform,1.0,True,-0.1053669364624584,True
ENST00000262502.5,ENSG00000070915.10,SLC12A3,protein_coding,SLC12A3-201,protein_coding,ENSP00000262502.5,ENSG00000070915.10;ENST00000262502.5,0.1055641768,0.012987013,30,isoform,1.0,True,0.105564176809683,True
ENST00000264926.7,ENSG00000070950.10,RAD18,protein_coding,RAD18-201,protein_coding,ENSP00000264926.2,ENSG00000070950.10;ENST00000264926.7,-0.1583985715,0.0164835165,30,isoform,1.0,True,-0.1583985715441511,True
ENST00000415439.5,ENSG00000070950.10,RAD18,protein_coding,RAD18-203,nonsense_mediated_decay,ENSP00000402049.1,ENSG00000070950.10;ENST00000415439.5,0.1172312181,0.0264735265,30,isoform,1.0,True,0.1172312180896441,True
ENST00000495056.2,ENSG00000071073.13,MGAT4A,protein_coding,MGAT4A-209,protein_coding,ENSP00000475198.1,ENSG00000071073.13;ENST00000495056.2,0.1898227948,0.026973027,30,isoform,1.0,True,0.1898227948210607,True
ENST00000355815.8,ENSG00000072310.17,SREBF1,protein_coding,SREBF1-202,protein_coding,ENSP00000348069.4,ENSG00000072310.17;ENST00000355815.8,0.1103441555,0.005994006,30,isoform,1.0,True,0.1103441555147095,True
ENST00000346183.8,ENSG00000072736.19,NFATC3,protein_coding,NFATC3-202,protein_coding,ENSP00000300659.5,ENSG00000072736.19;ENST00000346183.8,-0.1072058068,0.0394605395,30,isoform,1.0,True,-0.1072058068436015,True
ENST00000264956.11,ENSG00000072840.13,EVC,protein_coding,EVC-201,protein_coding,ENSP00000264956.6,ENSG00000072840.13;ENST00000264956.11,-0.2289263474,0.021978022,30,isoform,1.0,True,-0.2289263473940722,True
ENST00000265056.12,ENSG00000073111.14,MCM2,protein_coding,MCM2-201,protein_coding,ENSP00000265056.7,ENSG00000073111.14;ENST00000265056.12,-0.119554648,0.002997003,30,isoform,1.0,True,-0.1195546479971502,True
ENST00000474964.5,ENSG00000073111.14,MCM2,protein_coding,MCM2-206,nonsense_mediated_decay,ENSP00000420007.1,ENSG00000073111.14;ENST00000474964.5,0.1147887111,0.002997003,30,isoform,1.0,True,0.114788711099137,True
ENST00000448044.5,ENSG00000073849.15,ST6GAL1,protein_coding,ST6GAL1-211,protein_coding,ENSP00000389337.1,ENSG00000073849.15;ENST00000448044.5,0.1738235882,0.020979021,30,isoform,1.0,True,0.1738235882398339,True
ENST00000300141.11,ENSG00000074603.19,DPP8,protein_coding,DPP8-201,protein_coding,ENSP00000300141.6,ENSG00000074603.19;ENST00000300141.11,-0.1180197671,0.024975025,30,isoform,1.0,True,-0.1180197671087459,True
ENST00000548180.5,ENSG00000075089.9,ACTR6,protein_coding,ACTR6-204,nonsense_mediated_decay,ENSP00000450330.1,ENSG00000075089.9;ENST00000548180.5,0.1004985196,0.0114885115,30,isoform,1.0,True,0.1004985196046087,True
ENST00000634778.1,ENSG00000075151.20,EIF4G3,protein_coding,EIF4G3-213,processed_transcript,,ENSG00000075151.20;ENST00000634778.1,0.121406619,0.010989011,30,isoform,1.0,True,0.1214066189573264,True
ENST00000389386.8,ENSG00000075399.14,VPS9D1,protein_coding,VPS9D1-201,protein_coding,ENSP00000374037.3,ENSG00000075399.14;ENST00000389386.8,0.1084723838,0.028971029,30,isoform,1.0,True,0.1084723838009968,True
ENST00000567379.5,ENSG00000075399.14,VPS9D1,protein_coding,VPS9D1-206,retained_intron,,ENSG00000075399.14;ENST00000567379.5,-0.1407773795,0.0134865135,30,isoform,1.0,True,-0.1407773795160707,True
ENST00000421757.5,ENSG00000075420.13,FNDC3B,protein_coding,FNDC3B-204,protein_coding,ENSP00000408496.1,ENSG00000075420.13;ENST00000421757.5,0.1159450526,0.047952048,30,isoform,1.0,True,0.1159450525665506,True
ENST00000209884.5,ENSG00000076321.11,KLHL20,protein_coding,KLHL20-201,protein_coding,ENSP00000209884.4,ENSG00000076321.11;ENST00000209884.5,0.1010287764,0.048951049,30,isoform,1.0,True,0.1010287763505369,True
ENST00000544726.2,ENSG00000076555.15,ACACB,protein_coding,ACACB-214,protein_coding,ENSP00000474680.1,ENSG00000076555.15;ENST00000544726.2,0.1736431391,0.027972028,30,isoform,1.0,True,0.1736431390680122,True
ENST00000370857.7,ENSG00000076770.14,MBNL3,protein_coding,MBNL3-205,protein_coding,ENSP00000359894.3,ENSG00000076770.14;ENST00000370857.7,-0.1455441446,0.0324675325,30,isoform,1.0,True,-0.145544144595423,True
ENST00000421707.1,ENSG00000076770.14,MBNL3,protein_coding,MBNL3-207,protein_coding,ENSP00000402128.1,ENSG00000076770.14;ENST00000421707.1,0.1207009897,0.0484515485,30,isoform,1.0,True,0.1207009897474579,True
ENST00000170630.6,ENSG00000077238.14,IL4R,protein_coding,IL4R-201,protein_coding,ENSP00000170630.3,ENSG00000077238.14;ENST00000170630.6,-0.32150378,0.005994006,30,isoform,1.0,True,-0.3215037799542711,True
ENST00000326324.10,ENSG00000077782.21,FGFR1,protein_coding,FGFR1-201,protein_coding,ENSP00000327229.6,ENSG00000077782.21;ENST00000326324.10,-0.1432224779,0.032967033,30,isoform,1.0,True,-0.1432224779317746,True
ENST00000356207.9,ENSG00000077782.21,FGFR1,protein_coding,FGFR1-204,protein_coding,ENSP00000348537.5,ENSG00000077782.21;ENST00000356207.9,0.1223748009,0.0434565435,30,isoform,1.0,True,0.1223748009236621,True
ENST00000398654.7,ENSG00000078043.16,PIAS2,protein_coding,PIAS2-202,nonsense_mediated_decay,ENSP00000381648.3,ENSG00000078043.16;ENST00000398654.7,0.1349681673,0.0334665335,30,isoform,1.0,True,0.1349681672661198,True
ENST00000675700.1,ENSG00000078114.19,NEBL,protein_coding,NEBL-220,processed_transcript,,ENSG00000078114.19;ENST00000675700.1,-0.2365911018,0.017982018,30,isoform,1.0,True,-0.2365911017905523,True
ENST00000532485.6,ENSG00000078124.12,ACER3,protein_coding,ACER3-212,protein_coding,ENSP00000434480.1,ENSG00000078124.12;ENST00000532485.6,-0.2830830386,0.0094905095,30,isoform,1.0,True,-0.2830830386490356,True
ENST00000261427.10,ENSG00000078140.14,UBE2K,protein_coding,UBE2K-201,protein_coding,ENSP00000261427.5,ENSG00000078140.14;ENST00000261427.10,-0.1010210439,0.0034965035,30,isoform,1.0,True,-0.1010210438931563,True
ENST00000355585.9,ENSG00000078269.15,SYNJ2,protein_coding,SYNJ2-201,protein_coding,ENSP00000347792.4,ENSG00000078269.15;ENST00000355585.9,-0.1737188195,0.0204795205,30,isoform,1.0,True,-0.1737188194551793,True
ENST00000367113.5,ENSG00000078269.15,SYNJ2,protein_coding,SYNJ2-203,protein_coding,ENSP00000356080.4,ENSG00000078269.15;ENST00000367113.5,0.2139454085,0.010989011,30,isoform,1.0,True,0.2139454085273121,True
ENST00000489695.1,ENSG00000078399.19,HOXA9,protein_coding,HOXA9-205,processed_transcript,,ENSG00000078399.19;ENST00000489695.1,0.1415578686,0.033966034,30,isoform,1.0,True,0.1415578686309224,True
ENST00000434643.6,ENSG00000079150.18,FKBP7,protein_coding,FKBP7-205,protein_coding,ENSP00000415486.2,ENSG00000079150.18;ENST00000434643.6,0.13047186,0.017982018,30,isoform,1.0,True,0.1304718600096145,True
ENST00000549518.6,ENSG00000079387.14,SENP1,protein_coding,SENP1-204,protein_coding,ENSP00000447328.1,ENSG00000079387.14;ENST00000549518.6,-0.1593228124,0.0164835165,30,isoform,1.0,True,-0.1593228123626254,True
ENST00000382194.6,ENSG00000080503.24,SMARCA2,protein_coding,SMARCA2-208,protein_coding,ENSP00000371629.1,ENSG00000080503.24;ENST00000382194.6,0.1497562703,0.0114885115,30,isoform,1.0,True,0.1497562702977206,True
ENST00000261842.10,ENSG00000081014.11,AP4E1,protein_coding,AP4E1-201,protein_coding,ENSP00000261842.5,ENSG00000081014.11;ENST00000261842.10,-0.1433204893,0.035964036,30,isoform,1.0,True,-0.143320489304676,True
ENST00000560508.1,ENSG00000081014.11,AP4E1,protein_coding,AP4E1-203,protein_coding,ENSP00000452976.1,ENSG00000081014.11;ENST00000560508.1,0.1370390693,0.0384615385,30,isoform,1.0,True,0.1370390692534234,True
ENST00000612242.4,ENSG00000081019.13,RSBN1,protein_coding,RSBN1-204,protein_coding,ENSP00000479490.1,ENSG00000081019.13;ENST00000612242.4,-0.316998636,0.0104895105,30,isoform,1.0,True,-0.3169986359919703,True
ENST00000477955.1,ENSG00000081026.19,MAGI3,protein_coding,MAGI3-205,processed_transcript,,ENSG00000081026.19;ENST00000477955.1,0.1544043266,0.044955045,30,isoform,1.0,True,0.1544043266046969,True
ENST00000409018.7,ENSG00000081177.18,EXD2,protein_coding,EXD2-203,protein_coding,ENSP00000387331.3,ENSG00000081177.18;ENST00000409018.7,0.1268574323,0.026973027,30,isoform,1.0,True,0.1268574322835455,True
ENST00000261464.10,ENSG00000082512.15,TRAF5,protein_coding,TRAF5-201,protein_coding,ENSP00000261464.5,ENSG00000082512.15;ENST00000261464.10,0.2187552805,0.0134865135,30,isoform,1.0,True,0.2187552805210459,True
ENST00000473385.1,ENSG00000082512.15,TRAF5,protein_coding,TRAF5-205,processed_transcript,,ENSG00000082512.15;ENST00000473385.1,-0.226668868,0.0114885115,30,isoform,1.0,True,-0.2266688680337616,True
ENST00000264235.13,ENSG00000082701.16,GSK3B,protein_coding,GSK3B-201,protein_coding,ENSP00000264235.9,ENSG00000082701.16;ENST00000264235.13,-0.224716886,0.001998002,30,isoform,1.0,True,-0.2247168859936855,True
ENST00000650344.1,ENSG00000082701.16,GSK3B,protein_coding,GSK3B-205,protein_coding,ENSP00000497956.1,ENSG00000082701.16;ENST00000650344.1,0.2122246667,0.0024975025,30,isoform,1.0,True,0.2122246667334819,True
ENST00000397203.6,ENSG00000082805.20,ERC1,protein_coding,ERC1-204,protein_coding,ENSP00000380386.3,ENSG00000082805.20;ENST00000397203.6,0.2063802839,0.001998002,30,isoform,1.0,True,0.2063802839176618,True
ENST00000320393.9,ENSG00000083123.15,BCKDHB,protein_coding,BCKDHB-201,protein_coding,ENSP00000318351.5,ENSG00000083123.15;ENST00000320393.9,-0.1708993403,0.01998002,30,isoform,1.0,True,-0.1708993403138252,True
ENST00000356489.9,ENSG00000083123.15,BCKDHB,protein_coding,BCKDHB-202,protein_coding,ENSP00000348880.5,ENSG00000083123.15;ENST00000356489.9,0.2243214846,0.007992008,30,isoform,1.0,True,0.2243214845686231,True
ENST00000337273.9,ENSG00000083312.17,TNPO1,protein_coding,TNPO1-201,protein_coding,ENSP00000336712.5,ENSG00000083312.17;ENST00000337273.9,-0.1021046517,0.010989011,30,isoform,1.0,True,-0.1021046517300543,True
ENST00000506351.6,ENSG00000083312.17,TNPO1,protein_coding,TNPO1-204,protein_coding,ENSP00000425118.2,ENSG00000083312.17;ENST00000506351.6,0.1233934061,0.0064935065,30,isoform,1.0,True,0.1233934060572112,True
ENST00000326291.11,ENSG00000083535.16,PIBF1,protein_coding,PIBF1-201,protein_coding,ENSP00000317144.6,ENSG00000083535.16;ENST00000326291.11,-0.1611414734,0.027972028,30,isoform,1.0,True,-0.1611414733844136,True
ENST00000489797.1,ENSG00000083535.16,PIBF1,protein_coding,PIBF1-204,processed_transcript,,ENSG00000083535.16;ENST00000489797.1,0.1764658431,0.020979021,30,isoform,1.0,True,0.1764658430850654,True
ENST00000651718.1,ENSG00000083828.16,ZNF586,protein_coding,ZNF586-207,nonsense_mediated_decay,ENSP00000498256.1,ENSG00000083828.16;ENST00000651718.1,-0.1153166667,0.038961039,30,isoform,1.0,True,-0.1153166666529405,True
ENST00000594369.6,ENSG00000083838.16,ZNF446,protein_coding,ZNF446-203,protein_coding,ENSP00000472802.1,ENSG00000083838.16;ENST00000594369.6,0.1470727679,0.027972028,30,isoform,1.0,True,0.1470727678741473,True
ENST00000263095.10,ENSG00000083844.10,ZNF264,protein_coding,ZNF264-201,protein_coding,ENSP00000263095.5,ENSG00000083844.10;ENST00000263095.10,-0.2208495569,0.014985015,30,isoform,1.0,True,-0.2208495569325335,True
ENST00000600531.5,ENSG00000083844.10,ZNF264,protein_coding,ZNF264-206,protein_coding,ENSP00000470759.1,ENSG00000083844.10;ENST00000600531.5,0.2888302048,0.0064935065,30,isoform,1.0,True,0.2888302048366308,True
ENST00000551165.5,ENSG00000084112.15,SSH1,protein_coding,SSH1-209,protein_coding,ENSP00000448824.1,ENSG00000084112.15;ENST00000551165.5,0.1215770042,0.046953047,30,isoform,1.0,True,0.1215770042181295,True
ENST00000264710.5,ENSG00000084733.11,RAB10,protein_coding,RAB10-201,protein_coding,ENSP00000264710.4,ENSG00000084733.11;ENST00000264710.5,-0.1113442193,0.0064935065,30,isoform,1.0,True,-0.1113442192814972,True
ENST00000439482.5,ENSG00000085831.15,TTC39A,protein_coding,TTC39A-211,protein_coding,ENSP00000405803.1,ENSG00000085831.15;ENST00000439482.5,0.1844050863,0.041958042,30,isoform,1.0,True,0.1844050863450478,True
ENST00000354619.10,ENSG00000086619.14,ERO1B,protein_coding,ERO1B-202,protein_coding,ENSP00000346635.5,ENSG00000086619.14;ENST00000354619.10,-0.2740692388,0.007992008,30,isoform,1.0,True,-0.2740692387673322,True
ENST00000366589.1,ENSG00000086619.14,ERO1B,protein_coding,ERO1B-203,protein_coding,ENSP00000355548.1,ENSG00000086619.14;ENST00000366589.1,0.2919480871,0.006993007,30,isoform,1.0,True,0.2919480871207118,True
ENST00000407008.8,ENSG00000087095.13,NLK,protein_coding,NLK-201,protein_coding,ENSP00000384625.3,ENSG00000087095.13;ENST00000407008.8,-0.1043710496,0.0414585415,30,isoform,1.0,True,-0.1043710496047838,True
ENST00000262134.10,ENSG00000087253.13,LPCAT2,protein_coding,LPCAT2-201,protein_coding,ENSP00000262134.5,ENSG00000087253.13;ENST00000262134.10,-0.118839473,0.032967033,30,isoform,1.0,True,-0.1188394729864877,True
ENST00000511747.6,ENSG00000087266.17,SH3BP2,protein_coding,SH3BP2-220,protein_coding,ENSP00000424846.2,ENSG00000087266.17;ENST00000511747.6,0.1777914087,0.0104895105,30,isoform,1.0,True,0.1777914086526553,True
ENST00000539176.1,ENSG00000087448.11,KLHL42,protein_coding,KLHL42-202,nonsense_mediated_decay,ENSP00000444748.1,ENSG00000087448.11;ENST00000539176.1,0.1855167294,0.015984016,30,isoform,1.0,True,0.1855167294312097,True
ENST00000526415.5,ENSG00000087884.14,AAMDC,protein_coding,AAMDC-206,protein_coding,ENSP00000431808.1,ENSG00000087884.14;ENST00000526415.5,-0.1003117061,0.020979021,30,isoform,1.0,True,-0.1003117060838632,True
ENST00000460289.5,ENSG00000088179.9,PTPN4,protein_coding,PTPN4-208,processed_transcript,,ENSG00000088179.9;ENST00000460289.5,0.2151403506,0.0294705295,30,isoform,1.0,True,0.2151403505534582,True
ENST00000262919.10,ENSG00000088812.18,ATRN,protein_coding,ATRN-201,protein_coding,ENSP00000262919.5,ENSG00000088812.18;ENST00000262919.10,-0.1759466739,0.0114885115,30,isoform,1.0,True,-0.1759466738834707,True
ENST00000446916.2,ENSG00000088812.18,ATRN,protein_coding,ATRN-202,protein_coding,ENSP00000416587.2,ENSG00000088812.18;ENST00000446916.2,0.1759466739,0.0114885115,30,isoform,1.0,True,0.1759466738834708,True
ENST00000335209.12,ENSG00000088992.18,TESC,protein_coding,TESC-201,protein_coding,ENSP00000334785.7,ENSG00000088992.18;ENST00000335209.12,0.1759445402,0.0224775225,30,isoform,1.0,True,0.1759445401669713,True
ENST00000606557.1,ENSG00000089006.16,SNX5,protein_coding,SNX5-217,protein_coding,ENSP00000475510.1,ENSG00000089006.16;ENST00000606557.1,0.2235450949,0.0,30,isoform,0.0,True,0.2235450948972909,True
ENST00000203001.7,ENSG00000089195.15,TRMT6,protein_coding,TRMT6-201,protein_coding,ENSP00000203001.2,ENSG00000089195.15;ENST00000203001.7,0.1523608899,0.0134865135,30,isoform,1.0,True,0.1523608899286279,True
ENST00000505242.6,ENSG00000089335.21,ZNF302,protein_coding,ZNF302-206,protein_coding,ENSP00000421028.1,ENSG00000089335.21;ENST00000505242.6,-0.2271216922,0.0074925075,30,isoform,1.0,True,-0.2271216922258444,True
ENST00000613363.4,ENSG00000089335.21,ZNF302,protein_coding,ZNF302-214,protein_coding,ENSP00000481754.1,ENSG00000089335.21;ENST00000613363.4,0.2092165885,0.008991009,30,isoform,1.0,True,0.2092165884584258,True
ENST00000372479.7,ENSG00000089682.16,RBM41,protein_coding,RBM41-201,protein_coding,ENSP00000361557.3,ENSG00000089682.16;ENST00000372479.7,0.100651842,0.0404595405,30,isoform,1.0,True,0.1006518419817563,True
ENST00000262483.13,ENSG00000091622.16,PITPNM3,protein_coding,PITPNM3-201,protein_coding,ENSP00000262483.8,ENSG00000091622.16;ENST00000262483.13,-0.3089317046,0.012987013,30,isoform,1.0,True,-0.3089317045812911,True
ENST00000575201.2,ENSG00000091622.16,PITPNM3,protein_coding,PITPNM3-204,protein_coding,ENSP00000458901.2,ENSG00000091622.16;ENST00000575201.2,0.1681843833,0.0404595405,30,isoform,1.0,True,0.1681843833244785,True
ENST00000264454.8,ENSG00000093183.14,SEC22C,protein_coding,SEC22C-201,protein_coding,ENSP00000264454.3,ENSG00000093183.14;ENST00000264454.8,-0.1016546014,0.017982018,30,isoform,1.0,True,-0.1016546013718744,True
ENST00000649234.1,ENSG00000093217.11,XYLB,protein_coding,XYLB-206,nonsense_mediated_decay,ENSP00000497023.1,ENSG00000093217.11;ENST00000649234.1,0.1809201262,0.0294705295,30,isoform,1.0,True,0.1809201262030271,True
ENST00000394884.7,ENSG00000094880.11,CDC23,protein_coding,CDC23-201,protein_coding,ENSP00000378348.3,ENSG00000094880.11;ENST00000394884.7,0.1000215804,0.010989011,30,isoform,1.0,True,0.1000215803609773,True
ENST00000209875.9,ENSG00000094916.16,CBX5,protein_coding,CBX5-201,protein_coding,ENSP00000209875.4,ENSG00000094916.16;ENST00000209875.9,-0.3064989164,0.000999001,30,isoform,1.0,True,-0.3064989163968936,True
ENST00000439541.6,ENSG00000094916.16,CBX5,protein_coding,CBX5-202,protein_coding,ENSP00000401009.2,ENSG00000094916.16;ENST00000439541.6,0.1520518491,0.0044955045,30,isoform,1.0,True,0.1520518490533851,True
ENST00000550411.5,ENSG00000094916.16,CBX5,protein_coding,CBX5-204,protein_coding,ENSP00000449207.1,ENSG00000094916.16;ENST00000550411.5,0.147428374,0.005994006,30,isoform,1.0,True,0.147428373970418,True
ENST00000264827.9,ENSG00000095066.11,HOOK2,protein_coding,HOOK2-201,protein_coding,ENSP00000264827.4,ENSG00000095066.11;ENST00000264827.9,0.1331068049,0.0384615385,30,isoform,1.0,True,0.1331068048616679,True
ENST00000370558.8,ENSG00000097033.14,SH3GLB1,protein_coding,SH3GLB1-201,protein_coding,ENSP00000473267.1,ENSG00000097033.14;ENST00000370558.8,-0.1048579771,0.0354645355,30,isoform,1.0,True,-0.1048579771285406,True
ENST00000482504.1,ENSG00000097033.14,SH3GLB1,protein_coding,SH3GLB1-202,protein_coding,ENSP00000418744.1,ENSG00000097033.14;ENST00000482504.1,0.1409464759,0.0214785215,30,isoform,1.0,True,0.1409464758932049,True
ENST00000374867.7,ENSG00000099250.18,NRP1,protein_coding,NRP1-206,protein_coding,ENSP00000364001.2,ENSG00000099250.18;ENST00000374867.7,-0.1675364103,0.026973027,30,isoform,1.0,True,-0.1675364103342362,True
ENST00000215057.7,ENSG00000099326.9,MZF1,protein_coding,MZF1-201,protein_coding,ENSP00000215057.1,ENSG00000099326.9;ENST00000215057.7,0.1097391236,0.023976024,30,isoform,1.0,True,0.1097391235860985,True
ENST00000600004.1,ENSG00000099326.9,MZF1,protein_coding,MZF1-207,retained_intron,,ENSG00000099326.9;ENST00000600004.1,-0.1427419391,0.0134865135,30,isoform,1.0,True,-0.1427419390543601,True
ENST00000320936.9,ENSG00000099622.14,CIRBP,protein_coding,CIRBP-201,protein_coding,ENSP00000322887.4,ENSG00000099622.14;ENST00000320936.9,0.10665404,0.001998002,30,isoform,1.0,True,0.1066540400387127,True
ENST00000431430.1,ENSG00000099910.17,KLHL22,protein_coding,KLHL22-203,protein_coding,ENSP00000409092.1,ENSG00000099910.17;ENST00000431430.1,0.1537360752,0.036963037,30,isoform,1.0,True,0.1537360751869621,True
ENST00000292733.11,ENSG00000099917.17,MED15,protein_coding,MED15-202,protein_coding,ENSP00000292733.7,ENSG00000099917.17;ENST00000292733.11,0.1506619487,0.006993007,30,isoform,1.0,True,0.150661948744502,True
ENST00000473244.5,ENSG00000099917.17,MED15,protein_coding,MED15-222,retained_intron,,ENSG00000099917.17;ENST00000473244.5,-0.1138491346,0.0174825175,30,isoform,1.0,True,-0.1138491346094475,True
ENST00000343632.9,ENSG00000100083.19,GGA1,protein_coding,GGA1-203,protein_coding,ENSP00000341344.4,ENSG00000100083.19;ENST00000343632.9,0.1130279067,0.0124875125,30,isoform,1.0,True,0.1130279067150527,True
ENST00000336873.9,ENSG00000100099.21,HPS4,protein_coding,HPS4-201,protein_coding,ENSP00000338457.5,ENSG00000100099.21;ENST00000336873.9,0.171043123,0.011988012,30,isoform,1.0,True,0.1710431229716849,True
ENST00000407431.5,ENSG00000100109.17,TFIP11,protein_coding,TFIP11-203,protein_coding,ENSP00000383892.1,ENSG00000100109.17;ENST00000407431.5,0.1376106388,0.0124875125,30,isoform,1.0,True,0.1376106387848784,True
ENST00000416721.6,ENSG00000100320.23,RBFOX2,protein_coding,RBFOX2-208,protein_coding,ENSP00000405651.2,ENSG00000100320.23;ENST00000416721.6,0.1226783871,0.013986014,30,isoform,1.0,True,0.1226783871408195,True
ENST00000335727.13,ENSG00000100354.21,TNRC6B,protein_coding,TNRC6B-202,protein_coding,ENSP00000338371.8,ENSG00000100354.21;ENST00000335727.13,-0.3614132748,0.007992008,30,isoform,1.0,True,-0.3614132747908718,True
ENST00000402203.5,ENSG00000100354.21,TNRC6B,protein_coding,TNRC6B-203,protein_coding,ENSP00000384795.1,ENSG00000100354.21;ENST00000402203.5,0.3499201447,0.0084915085,30,isoform,1.0,True,0.3499201447442535,True
ENST00000216367.10,ENSG00000100479.13,POLE2,protein_coding,POLE2-201,protein_coding,ENSP00000216367.5,ENSG00000100479.13;ENST00000216367.10,0.1563735036,0.0094905095,30,isoform,1.0,True,0.156373503625557,True
ENST00000554396.5,ENSG00000100479.13,POLE2,protein_coding,POLE2-206,protein_coding,ENSP00000451621.1,ENSG00000100479.13;ENST00000554396.5,-0.1035558154,0.027972028,30,isoform,1.0,True,-0.1035558153702504,True
ENST00000556937.5,ENSG00000100479.13,POLE2,protein_coding,POLE2-211,processed_transcript,,ENSG00000100479.13;ENST00000556937.5,-0.113459522,0.0224775225,30,isoform,1.0,True,-0.1134595219845773,True
ENST00000395859.2,ENSG00000100483.14,VCPKMT,protein_coding,VCPKMT-201,protein_coding,ENSP00000379200.2,ENSG00000100483.14;ENST00000395859.2,-0.110576471,0.0374625375,30,isoform,1.0,True,-0.1105764710013713,True
ENST00000382043.8,ENSG00000100503.25,NIN,protein_coding,NIN-204,protein_coding,ENSP00000371474.4,ENSG00000100503.25;ENST00000382043.8,0.184920483,0.016983017,30,isoform,1.0,True,0.1849204830184546,True
ENST00000357758.3,ENSG00000100523.16,DDHD1,protein_coding,DDHD1-202,protein_coding,ENSP00000350401.3,ENSG00000100523.16;ENST00000357758.3,0.30825775,0.010989011,30,isoform,1.0,True,0.3082577499914861,True
ENST00000216484.7,ENSG00000100596.7,SPTLC2,protein_coding,SPTLC2-201,protein_coding,ENSP00000216484.2,ENSG00000100596.7;ENST00000216484.7,-0.3368535936,0.000999001,30,isoform,1.0,True,-0.3368535936127278,True
ENST00000554901.1,ENSG00000100596.7,SPTLC2,protein_coding,SPTLC2-203,protein_coding,ENSP00000452189.1,ENSG00000100596.7;ENST00000554901.1,0.1995396957,0.0104895105,30,isoform,1.0,True,0.1995396957025852,True
ENST00000325642.7,ENSG00000100614.18,PPM1A,protein_coding,PPM1A-201,protein_coding,ENSP00000327255.3,ENSG00000100614.18;ENST00000325642.7,0.1690902915,0.0074925075,30,isoform,1.0,True,0.1690902914746793,True
ENST00000216513.5,ENSG00000100625.9,SIX4,protein_coding,SIX4-201,protein_coding,ENSP00000216513.4,ENSG00000100625.9;ENST00000216513.5,-0.2081771144,0.031968032,30,isoform,1.0,True,-0.2081771144435997,True
ENST00000267622.8,ENSG00000100815.12,TRIP11,protein_coding,TRIP11-201,protein_coding,ENSP00000267622.4,ENSG00000100815.12;ENST00000267622.8,-0.1474233701,0.026973027,30,isoform,1.0,True,-0.1474233701055912,True
ENST00000555105.1,ENSG00000100815.12,TRIP11,protein_coding,TRIP11-203,processed_transcript,,ENSG00000100815.12;ENST00000555105.1,0.1797904482,0.013986014,30,isoform,1.0,True,0.1797904481571108,True
ENST00000439880.6,ENSG00000101224.17,CDC25B,protein_coding,CDC25B-205,protein_coding,ENSP00000405972.2,ENSG00000101224.17;ENST00000439880.6,0.1896767468,0.0014985015,30,isoform,1.0,True,0.1896767468307787,True
ENST00000460006.6,ENSG00000101290.14,CDS2,protein_coding,CDS2-203,protein_coding,ENSP00000419879.1,ENSG00000101290.14;ENST00000460006.6,-0.1063140277,0.028971029,30,isoform,1.0,True,-0.106314027650136,True
ENST00000383314.7,ENSG00000101654.18,RNMT,protein_coding,RNMT-202,protein_coding,ENSP00000372804.2,ENSG00000101654.18;ENST00000383314.7,-0.1169367553,0.025974026,30,isoform,1.0,True,-0.1169367553129748,True
ENST00000400020.7,ENSG00000101745.17,ANKRD12,protein_coding,ANKRD12-203,protein_coding,ENSP00000382897.3,ENSG00000101745.17;ENST00000400020.7,0.162799153,0.036963037,30,isoform,1.0,True,0.1627991529982071,True
ENST00000339486.8,ENSG00000101782.15,RIOK3,protein_coding,RIOK3-201,protein_coding,ENSP00000341874.3,ENSG00000101782.15;ENST00000339486.8,0.1331890546,0.015984016,30,isoform,1.0,True,0.1331890546245477,True
ENST00000317552.9,ENSG00000101871.16,MID1,protein_coding,MID1-201,protein_coding,ENSP00000312678.4,ENSG00000101871.16;ENST00000317552.9,0.1277396225,0.038961039,30,isoform,1.0,True,0.1277396225361619,True
ENST00000479925.1,ENSG00000101871.16,MID1,protein_coding,MID1-209,processed_transcript,,ENSG00000101871.16;ENST00000479925.1,-0.1380420893,0.0334665335,30,isoform,1.0,True,-0.138042089287126,True
ENST00000434753.7,ENSG00000101966.13,XIAP,protein_coding,XIAP-205,protein_coding,ENSP00000395230.3,ENSG00000101966.13;ENST00000434753.7,-0.1973503404,0.026973027,30,isoform,1.0,True,-0.197350340391406,True
ENST00000398316.7,ENSG00000102531.16,FNDC3A,protein_coding,FNDC3A-202,protein_coding,ENSP00000381362.3,ENSG00000102531.16;ENST00000398316.7,-0.1080888469,0.028971029,30,isoform,1.0,True,-0.1080888468867477,True
ENST00000492622.6,ENSG00000102531.16,FNDC3A,protein_coding,FNDC3A-204,protein_coding,ENSP00000417257.1,ENSG00000102531.16;ENST00000492622.6,0.1208277287,0.0244755245,30,isoform,1.0,True,0.1208277286947057,True
ENST00000380615.8,ENSG00000102781.14,KATNAL1,protein_coding,KATNAL1-201,protein_coding,ENSP00000369989.3,ENSG00000102781.14;ENST00000380615.8,-0.1828323421,0.010989011,30,isoform,1.0,True,-0.1828323421254983,True
ENST00000380617.7,ENSG00000102781.14,KATNAL1,protein_coding,KATNAL1-202,protein_coding,ENSP00000369991.3,ENSG00000102781.14;ENST00000380617.7,0.2179820569,0.005994006,30,isoform,1.0,True,0.2179820568937513,True
ENST00000497989.5,ENSG00000102786.15,INTS6,protein_coding,INTS6-220,protein_coding,ENSP00000419871.1,ENSG00000102786.15;ENST00000497989.5,-0.1445200528,0.010989011,30,isoform,1.0,True,-0.1445200528206498,True
ENST00000426654.6,ENSG00000102908.22,NFAT5,protein_coding,NFAT5-204,nonsense_mediated_decay,ENSP00000413126.2,ENSG00000102908.22;ENST00000426654.6,0.1409926586,0.0484515485,30,isoform,1.0,True,0.1409926586327401,True
ENST00000219207.10,ENSG00000102934.10,PLLP,protein_coding,PLLP-201,protein_coding,ENSP00000219207.5,ENSG00000102934.10;ENST00000219207.10,0.1422213857,0.008991009,30,isoform,1.0,True,0.1422213856661925,True
ENST00000564376.1,ENSG00000102934.10,PLLP,protein_coding,PLLP-203,processed_transcript,,ENSG00000102934.10;ENST00000564376.1,-0.1690318516,0.005994006,30,isoform,1.0,True,-0.1690318516350853,True
ENST00000219320.9,ENSG00000103042.9,SLC38A7,protein_coding,SLC38A7-201,protein_coding,ENSP00000219320.3,ENSG00000103042.9;ENST00000219320.9,0.1058013583,0.026973027,30,isoform,1.0,True,0.1058013583086247,True
ENST00000611875.5,ENSG00000103148.17,NPRL3,protein_coding,NPRL3-211,protein_coding,ENSP00000478273.1,ENSG00000103148.17;ENST00000611875.5,0.122734232,0.0034965035,30,isoform,1.0,True,0.1227342319919481,True
ENST00000570732.1,ENSG00000103226.18,NOMO3,protein_coding,NOMO3-205,retained_intron,,ENSG00000103226.18;ENST00000570732.1,-0.1644019931,0.0284715285,30,isoform,1.0,True,-0.1644019930616955,True
ENST00000573635.1,ENSG00000103226.18,NOMO3,protein_coding,NOMO3-210,retained_intron,,ENSG00000103226.18;ENST00000573635.1,-0.1669361397,0.027972028,30,isoform,1.0,True,-0.1669361397036873,True
ENST00000304330.9,ENSG00000103932.12,RPAP1,protein_coding,RPAP1-201,protein_coding,ENSP00000306123.4,ENSG00000103932.12;ENST00000304330.9,0.1166058766,0.033966034,30,isoform,1.0,True,0.1166058766449025,True
ENST00000325747.9,ENSG00000103995.14,CEP152,protein_coding,CEP152-201,protein_coding,ENSP00000321000.5,ENSG00000103995.14;ENST00000325747.9,-0.1011514549,0.0354645355,30,isoform,1.0,True,-0.1011514549024189,True
ENST00000240093.8,ENSG00000104290.11,FZD3,protein_coding,FZD3-201,protein_coding,ENSP00000240093.3,ENSG00000104290.11;ENST00000240093.8,-0.1584459187,0.042957043,30,isoform,1.0,True,-0.1584459187487978,True
ENST00000523546.1,ENSG00000104290.11,FZD3,protein_coding,FZD3-203,protein_coding,ENSP00000430125.1,ENSG00000104290.11;ENST00000523546.1,0.1623087169,0.0414585415,30,isoform,1.0,True,0.1623087168586617,True
ENST00000220809.9,ENSG00000104368.18,PLAT,protein_coding,PLAT-201,protein_coding,ENSP00000220809.4,ENSG00000104368.18;ENST00000220809.9,-0.1789941172,0.01998002,30,isoform,1.0,True,-0.1789941172301314,True
ENST00000220888.9,ENSG00000104447.13,TRPS1,protein_coding,TRPS1-201,protein_coding,ENSP00000220888.5,ENSG00000104447.13;ENST00000220888.9,0.2105088366,0.037962038,30,isoform,1.0,True,0.2105088366384385,True
ENST00000388798.7,ENSG00000104450.13,SPAG1,protein_coding,SPAG1-202,protein_coding,ENSP00000373450.3,ENSG00000104450.13;ENST00000388798.7,0.5539051409,0.000999001,30,isoform,1.0,True,0.5539051409087034,True
ENST00000220931.11,ENSG00000104490.18,NCALD,protein_coding,NCALD-201,protein_coding,ENSP00000220931.6,ENSG00000104490.18;ENST00000220931.11,-0.324495285,0.0194805195,30,isoform,1.0,True,-0.3244952850247576,True
ENST00000270583.10,ENSG00000104731.14,KLHDC4,protein_coding,KLHDC4-201,protein_coding,ENSP00000270583.4,ENSG00000104731.14;ENST00000270583.10,0.1254063896,0.006993007,30,isoform,1.0,True,0.1254063896061403,True
ENST00000648319.1,ENSG00000104783.14,KCNN4,protein_coding,KCNN4-210,protein_coding,ENSP00000496939.1,ENSG00000104783.14;ENST00000648319.1,0.1157199412,0.013986014,30,isoform,1.0,True,0.1157199411749531,True
ENST00000360957.10,ENSG00000104881.16,PPP1R13L,protein_coding,PPP1R13L-201,protein_coding,ENSP00000354218.4,ENSG00000104881.16;ENST00000360957.10,0.1428895793,0.0064935065,30,isoform,1.0,True,0.1428895792718927,True
ENST00000595358.5,ENSG00000104983.8,CCDC61,protein_coding,CCDC61-204,protein_coding,ENSP00000471454.1,ENSG00000104983.8;ENST00000595358.5,-0.2303504858,0.0204795205,30,isoform,1.0,True,-0.2303504858065892,True
ENST00000593685.5,ENSG00000105204.14,DYRK1B,protein_coding,DYRK1B-204,protein_coding,ENSP00000469863.1,ENSG00000105204.14;ENST00000593685.5,-0.159861885,0.027972028,30,isoform,1.0,True,-0.1598618850429318,True
ENST00000635755.1,ENSG00000105556.11,MIER2,protein_coding,MIER2-207,nonsense_mediated_decay,ENSP00000490045.1,ENSG00000105556.11;ENST00000635755.1,-0.204801756,0.007992008,30,isoform,1.0,True,-0.2048017560058813,True
ENST00000379656.7,ENSG00000105643.10,ARRDC2,protein_coding,ARRDC2-202,protein_coding,ENSP00000368977.1,ENSG00000105643.10;ENST00000379656.7,0.1218818328,0.0324675325,30,isoform,1.0,True,0.1218818328255544,True
ENST00000582287.6,ENSG00000105655.19,ISYNA1,protein_coding,ISYNA1-209,retained_intron,,ENSG00000105655.19;ENST00000582287.6,0.1780879343,0.023976024,30,isoform,1.0,True,0.178087934296889,True
ENST00000520577.1,ENSG00000105808.18,RASA4,protein_coding,RASA4-208,retained_intron,,ENSG00000105808.18;ENST00000520577.1,-0.1800237482,0.03996004,30,isoform,1.0,True,-0.1800237482439946,True
ENST00000645220.1,ENSG00000105928.16,GSDME,protein_coding,GSDME-214,protein_coding,ENSP00000494186.1,ENSG00000105928.16;ENST00000645220.1,0.1983675573,0.035964036,30,isoform,1.0,True,0.1983675572797216,True
ENST00000242351.10,ENSG00000105939.13,ZC3HAV1,protein_coding,ZC3HAV1-201,protein_coding,ENSP00000242351.5,ENSG00000105939.13;ENST00000242351.10,-0.1191412687,0.030969031,30,isoform,1.0,True,-0.1191412687395597,True
ENST00000464848.5,ENSG00000105948.13,TTC26,protein_coding,TTC26-203,protein_coding,ENSP00000419279.1,ENSG00000105948.13;ENST00000464848.5,-0.154790811,0.033966034,30,isoform,1.0,True,-0.154790811025514,True
ENST00000495038.5,ENSG00000105948.13,TTC26,protein_coding,TTC26-210,protein_coding,ENSP00000418788.1,ENSG00000105948.13;ENST00000495038.5,0.1292118857,0.045954046,30,isoform,1.0,True,0.1292118856718489,True
ENST00000222803.10,ENSG00000106080.11,FKBP14,protein_coding,FKBP14-201,protein_coding,ENSP00000222803.5,ENSG00000106080.11;ENST00000222803.10,0.134815313,0.013986014,30,isoform,1.0,True,0.1348153129996283,True
ENST00000222990.8,ENSG00000106266.11,SNX8,protein_coding,SNX8-201,protein_coding,ENSP00000222990.3,ENSG00000106266.11;ENST00000222990.8,-0.3322532003,0.000999001,30,isoform,1.0,True,-0.3322532002798742,True
ENST00000494722.1,ENSG00000106266.11,SNX8,protein_coding,SNX8-209,retained_intron,,ENSG00000106266.11;ENST00000494722.1,0.1519499622,0.0104895105,30,isoform,1.0,True,0.1519499622350096,True
ENST00000436587.7,ENSG00000106392.11,C1GALT1,protein_coding,C1GALT1-204,protein_coding,ENSP00000389176.2,ENSG00000106392.11;ENST00000436587.7,-0.1079555125,0.0204795205,30,isoform,1.0,True,-0.1079555125044764,True
ENST00000401528.5,ENSG00000106404.14,CLDN15,protein_coding,CLDN15-202,protein_coding,ENSP00000385300.1,ENSG00000106404.14;ENST00000401528.5,0.179520539,0.0174825175,30,isoform,1.0,True,0.1795205390235456,True
ENST00000539352.5,ENSG00000106526.10,ACTR3C,protein_coding,ACTR3C-205,protein_coding,ENSP00000440990.2,ENSG00000106526.10;ENST00000539352.5,0.2016874173,0.0124875125,30,isoform,1.0,True,0.2016874173395822,True
ENST00000341567.8,ENSG00000106609.16,TMEM248,protein_coding,TMEM248-201,protein_coding,ENSP00000340668.4,ENSG00000106609.16;ENST00000341567.8,-0.1220964578,0.0094905095,30,isoform,1.0,True,-0.1220964578170953,True
ENST00000647855.1,ENSG00000106610.15,STAG3L4,transcribed_unprocessed_pseudogene,STAG3L4-205,processed_transcript,,ENSG00000106610.15;ENST00000647855.1,0.1332488598,0.0114885115,30,isoform,1.0,True,0.1332488598348247,True
ENST00000374586.8,ENSG00000106771.13,TMEM245,protein_coding,TMEM245-201,protein_coding,ENSP00000363714.3,ENSG00000106771.13;ENST00000374586.8,-0.141305312,0.005994006,30,isoform,1.0,True,-0.1413053119959927,True
ENST00000413712.6,ENSG00000106771.13,TMEM245,protein_coding,TMEM245-202,protein_coding,ENSP00000394798.2,ENSG00000106771.13;ENST00000413712.6,0.1188260146,0.0104895105,30,isoform,1.0,True,0.1188260146059211,True
ENST00000543621.6,ENSG00000107554.17,DNMBP,protein_coding,DNMBP-203,protein_coding,ENSP00000443657.2,ENSG00000107554.17;ENST00000543621.6,0.1495620474,0.0414585415,30,isoform,1.0,True,0.1495620474018413,True
ENST00000436985.7,ENSG00000107890.17,ANKRD26,protein_coding,ANKRD26-202,protein_coding,ENSP00000405112.3,ENSG00000107890.17;ENST00000436985.7,0.2189310564,0.0234765235,30,isoform,1.0,True,0.2189310564167743,True
ENST00000263063.9,ENSG00000107951.15,MTPAP,protein_coding,MTPAP-201,protein_coding,ENSP00000263063.3,ENSG00000107951.15;ENST00000263063.9,-0.1180865974,0.0324675325,30,isoform,1.0,True,-0.1180865973556141,True
ENST00000315994.6,ENSG00000107957.16,SH3PXD2A,protein_coding,SH3PXD2A-201,processed_transcript,,ENSG00000107957.16;ENST00000315994.6,0.1499930195,0.010989011,30,isoform,1.0,True,0.149993019465686,True
ENST00000369774.8,ENSG00000107957.16,SH3PXD2A,protein_coding,SH3PXD2A-203,protein_coding,ENSP00000358789.4,ENSG00000107957.16;ENST00000369774.8,-0.20193447,0.003996004,30,isoform,1.0,True,-0.2019344699628055,True
ENST00000375322.2,ENSG00000107968.10,MAP3K8,protein_coding,MAP3K8-203,protein_coding,ENSP00000364471.1,ENSG00000107968.10;ENST00000375322.2,0.1559392724,0.0064935065,30,isoform,1.0,True,0.1559392723715037,True
ENST00000225388.9,ENSG00000108256.9,NUFIP2,protein_coding,NUFIP2-201,protein_coding,ENSP00000225388.3,ENSG00000108256.9;ENST00000225388.9,-0.1797916876,0.003996004,30,isoform,1.0,True,-0.17979168756059,True
ENST00000579665.1,ENSG00000108256.9,NUFIP2,protein_coding,NUFIP2-202,protein_coding,ENSP00000463450.1,ENSG00000108256.9;ENST00000579665.1,0.1797916876,0.003996004,30,isoform,1.0,True,0.1797916875605901,True
ENST00000264658.11,ENSG00000108306.13,FBXL20,protein_coding,FBXL20-201,protein_coding,ENSP00000264658.6,ENSG00000108306.13;ENST00000264658.11,-0.2858690544,0.0104895105,30,isoform,1.0,True,-0.2858690543908195,True
ENST00000394294.7,ENSG00000108306.13,FBXL20,protein_coding,FBXL20-202,protein_coding,ENSP00000377832.3,ENSG00000108306.13;ENST00000394294.7,0.2849927769,0.0104895105,30,isoform,1.0,True,0.2849927769452169,True
ENST00000572192.1,ENSG00000108509.21,CAMTA2,protein_coding,CAMTA2-206,retained_intron,,ENSG00000108509.21;ENST00000572192.1,0.1053032687,0.0224775225,30,isoform,1.0,True,0.1053032687424597,True
ENST00000397786.7,ENSG00000108510.10,MED13,protein_coding,MED13-201,protein_coding,ENSP00000380888.2,ENSG00000108510.10;ENST00000397786.7,-0.1462886599,0.027972028,30,isoform,1.0,True,-0.1462886599419693,True
ENST00000583958.1,ENSG00000108510.10,MED13,protein_coding,MED13-206,protein_coding,ENSP00000464131.1,ENSG00000108510.10;ENST00000583958.1,0.1267288469,0.0404595405,30,isoform,1.0,True,0.1267288469332592,True
ENST00000353383.6,ENSG00000108557.19,RAI1,protein_coding,RAI1-201,protein_coding,ENSP00000323074.4,ENSG00000108557.19;ENST00000353383.6,0.173040207,0.0094905095,30,isoform,1.0,True,0.1730402070293782,True
ENST00000586299.1,ENSG00000108669.16,CYTH1,protein_coding,CYTH1-206,retained_intron,,ENSG00000108669.16;ENST00000586299.1,-0.1049814291,0.0104895105,30,isoform,1.0,True,-0.1049814290956507,True
ENST00000587280.1,ENSG00000108786.11,HSD17B1,protein_coding,HSD17B1-203,retained_intron,,ENSG00000108786.11;ENST00000587280.1,-0.226225229,0.027972028,30,isoform,1.0,True,-0.2262252289748691,True
ENST00000590474.7,ENSG00000108984.15,MAP2K6,protein_coding,MAP2K6-206,protein_coding,ENSP00000468348.1,ENSG00000108984.15;ENST00000590474.7,-0.1008528323,0.021978022,30,isoform,1.0,True,-0.1008528323165455,True
ENST00000335765.9,ENSG00000109103.12,UNC119,protein_coding,UNC119-202,protein_coding,ENSP00000337040.3,ENSG00000109103.12;ENST00000335765.9,0.1264137588,0.015984016,30,isoform,1.0,True,0.126413758757777,True
ENST00000646311.1,ENSG00000109323.11,MANBA,protein_coding,MANBA-213,nonsense_mediated_decay,ENSP00000493465.1,ENSG00000109323.11;ENST00000646311.1,-0.2355166968,0.000999001,30,isoform,1.0,True,-0.2355166968100717,True
ENST00000264689.11,ENSG00000109775.11,UFSP2,protein_coding,UFSP2-201,protein_coding,ENSP00000264689.6,ENSG00000109775.11;ENST00000264689.11,0.229876976,0.0064935065,30,isoform,1.0,True,0.2298769759713597,True
ENST00000261438.10,ENSG00000109787.13,KLF3,protein_coding,KLF3-201,protein_coding,ENSP00000261438.5,ENSG00000109787.13;ENST00000261438.10,-0.1276036518,0.040959041,30,isoform,1.0,True,-0.1276036517748865,True
ENST00000514033.1,ENSG00000109787.13,KLF3,protein_coding,KLF3-203,protein_coding,ENSP00000421252.1,ENSG00000109787.13;ENST00000514033.1,0.1276036518,0.040959041,30,isoform,1.0,True,0.1276036517748866,True
ENST00000263578.10,ENSG00000110074.11,FOXRED1,protein_coding,FOXRED1-201,protein_coding,ENSP00000263578.5,ENSG00000110074.11;ENST00000263578.10,0.1190505432,0.003996004,30,isoform,1.0,True,0.1190505431503772,True
ENST00000263776.9,ENSG00000110455.14,ACCS,protein_coding,ACCS-201,protein_coding,ENSP00000263776.8,ENSG00000110455.14;ENST00000263776.9,0.1051891548,0.0434565435,30,isoform,1.0,True,0.1051891547800537,True
ENST00000228437.10,ENSG00000110851.12,PRDM4,protein_coding,PRDM4-201,protein_coding,ENSP00000228437.5,ENSG00000110851.12;ENST00000228437.10,-0.1058237074,0.045954046,30,isoform,1.0,True,-0.1058237073902984,True
ENST00000540436.5,ENSG00000110888.17,CAPRIN2,protein_coding,CAPRIN2-210,protein_coding,ENSP00000442295.1,ENSG00000110888.17;ENST00000540436.5,-0.1034863418,0.035964036,30,isoform,1.0,True,-0.1034863417555521,True
ENST00000535347.5,ENSG00000111181.12,SLC6A12,protein_coding,SLC6A12-204,protein_coding,ENSP00000446082.1,ENSG00000111181.12;ENST00000535347.5,-0.2276821085,0.043956044,30,isoform,1.0,True,-0.227682108540646,True
ENST00000228811.8,ENSG00000111215.12,PRR4,protein_coding,PRR4-201,protein_coding,ENSP00000228811.4,ENSG00000111215.12;ENST00000228811.8,0.1595793007,0.0154845155,30,isoform,1.0,True,0.1595793006885559,True
ENST00000544223.6,ENSG00000111727.12,HCFC2,protein_coding,HCFC2-202,nonsense_mediated_decay,ENSP00000442942.2,ENSG00000111727.12;ENST00000544223.6,0.1720440728,0.042957043,30,isoform,1.0,True,0.1720440727698611,True
ENST00000229971.2,ENSG00000112234.9,FBXL4,protein_coding,FBXL4-201,protein_coding,ENSP00000229971.1,ENSG00000112234.9;ENST00000229971.2,0.1630325818,0.038961039,30,isoform,1.0,True,0.1630325817668225,True
ENST00000369244.7,ENSG00000112234.9,FBXL4,protein_coding,FBXL4-202,protein_coding,ENSP00000358247.1,ENSG00000112234.9;ENST00000369244.7,-0.1630325818,0.038961039,30,isoform,1.0,True,-0.1630325817668226,True
ENST00000346618.8,ENSG00000112242.15,E2F3,protein_coding,E2F3-201,protein_coding,ENSP00000262904.4,ENSG00000112242.15;ENST00000346618.8,0.2453781372,0.0,30,isoform,0.0,True,0.245378137168271,True
ENST00000535432.2,ENSG00000112242.15,E2F3,protein_coding,E2F3-202,protein_coding,ENSP00000443418.1,ENSG00000112242.15;ENST00000535432.2,-0.2453781372,0.0,30,isoform,0.0,True,-0.2453781371682711,True
ENST00000427704.6,ENSG00000112419.14,PHACTR2,protein_coding,PHACTR2-207,protein_coding,ENSP00000391763.2,ENSG00000112419.14;ENST00000427704.6,-0.2374310156,0.0124875125,30,isoform,1.0,True,-0.2374310156164384,True
ENST00000545919.1,ENSG00000112419.14,PHACTR2,protein_coding,PHACTR2-212,retained_intron,,ENSG00000112419.14;ENST00000545919.1,0.217692429,0.0144855145,30,isoform,1.0,True,0.2176924289767232,True
ENST00000358871.6,ENSG00000112561.18,TFEB,protein_coding,TFEB-203,protein_coding,ENSP00000351742.2,ENSG00000112561.18;ENST00000358871.6,0.1015509542,0.045954046,30,isoform,1.0,True,0.1015509541898643,True
ENST00000520687.1,ENSG00000113140.11,SPARC,protein_coding,SPARC-202,retained_intron,,ENSG00000113140.11;ENST00000520687.1,-0.2569808444,0.0204795205,30,isoform,1.0,True,-0.2569808444117715,True
ENST00000519583.5,ENSG00000113240.13,CLK4,protein_coding,CLK4-203,retained_intron,,ENSG00000113240.13;ENST00000519583.5,-0.130304895,0.0084915085,30,isoform,1.0,True,-0.1303048949759466,True
ENST00000658259.1,ENSG00000113318.11,MSH3,protein_coding,MSH3-204,protein_coding,ENSP00000499617.1,ENSG00000113318.11;ENST00000658259.1,-0.1445989564,0.030969031,30,isoform,1.0,True,-0.1445989564163419,True
ENST00000231368.10,ENSG00000113441.16,LNPEP,protein_coding,LNPEP-201,protein_coding,ENSP00000231368.5,ENSG00000113441.16;ENST00000231368.10,-0.3687880441,0.000999001,30,isoform,1.0,True,-0.3687880440827087,True
ENST00000395770.3,ENSG00000113441.16,LNPEP,protein_coding,LNPEP-202,protein_coding,ENSP00000379117.3,ENSG00000113441.16;ENST00000395770.3,0.3236040906,0.0014985015,30,isoform,1.0,True,0.3236040905882717,True
ENST00000503258.5,ENSG00000113448.19,PDE4D,protein_coding,PDE4D-210,protein_coding,ENSP00000425605.1,ENSG00000113448.19;ENST00000503258.5,0.1039880975,0.0234765235,30,isoform,1.0,True,0.1039880974833154,True
ENST00000546160.5,ENSG00000113448.19,PDE4D,protein_coding,PDE4D-226,protein_coding,ENSP00000442734.2,ENSG00000113448.19;ENST00000546160.5,-0.1810402152,0.0054945055,30,isoform,1.0,True,-0.1810402151841456,True
ENST00000503229.5,ENSG00000113552.16,GNPDA1,protein_coding,GNPDA1-203,protein_coding,ENSP00000422173.1,ENSG00000113552.16;ENST00000503229.5,0.1050646871,0.0124875125,30,isoform,1.0,True,0.1050646870758666,True
ENST00000261308.10,ENSG00000113593.12,PPWD1,protein_coding,PPWD1-201,protein_coding,ENSP00000261308.4,ENSG00000113593.12;ENST00000261308.10,0.1337301404,0.008991009,30,isoform,1.0,True,0.1337301404028599,True
ENST00000337702.5,ENSG00000113638.14,TTC33,protein_coding,TTC33-201,protein_coding,ENSP00000338533.4,ENSG00000113638.14;ENST00000337702.5,-0.1384246834,0.00999001,30,isoform,1.0,True,-0.1384246833747047,True
ENST00000504251.6,ENSG00000113638.14,TTC33,protein_coding,TTC33-203,processed_transcript,,ENSG00000113638.14;ENST00000504251.6,0.1090392175,0.0214785215,30,isoform,1.0,True,0.1090392175157379,True
ENST00000502717.6,ENSG00000113716.13,HMGXB3,protein_coding,HMGXB3-201,protein_coding,ENSP00000421917.1,ENSG00000113716.13;ENST00000502717.6,0.1653773072,0.0024975025,30,isoform,1.0,True,0.1653773072389944,True
ENST00000358149.8,ENSG00000113761.12,ZNF346,protein_coding,ZNF346-201,protein_coding,ENSP00000350869.3,ENSG00000113761.12;ENST00000358149.8,-0.1277788024,0.017982018,30,isoform,1.0,True,-0.1277788023527864,True
ENST00000406870.7,ENSG00000113916.18,BCL6,protein_coding,BCL6-202,protein_coding,ENSP00000384371.2,ENSG00000113916.18;ENST00000406870.7,0.1998582444,0.0094905095,30,isoform,1.0,True,0.1998582444022393,True
ENST00000476753.1,ENSG00000113966.10,ARL6,protein_coding,ARL6-205,protein_coding,ENSP00000419934.1,ENSG00000113966.10;ENST00000476753.1,0.1179848855,0.032967033,30,isoform,1.0,True,0.1179848854696221,True
ENST00000392981.6,ENSG00000114127.10,XRN1,protein_coding,XRN1-202,protein_coding,ENSP00000376707.2,ENSG00000114127.10;ENST00000392981.6,0.1702574215,0.037962038,30,isoform,1.0,True,0.1702574214969213,True
ENST00000498077.6,ENSG00000114127.10,XRN1,protein_coding,XRN1-214,protein_coding,ENSP00000419683.2,ENSG00000114127.10;ENST00000498077.6,-0.1330630374,0.04995005,30,isoform,1.0,True,-0.1330630373701398,True
ENST00000646825.1,ENSG00000114423.23,CBLB,protein_coding,CBLB-217,nonsense_mediated_decay,ENSP00000496761.1,ENSG00000114423.23;ENST00000646825.1,-0.2018412286,0.048951049,30,isoform,1.0,True,-0.2018412285552265,True
ENST00000361143.9,ENSG00000114779.19,ABHD14B,protein_coding,ABHD14B-202,protein_coding,ENSP00000354841.5,ENSG00000114779.19;ENST00000361143.9,0.1143366468,0.0024975025,30,isoform,1.0,True,0.114336646770479,True
ENST00000242810.11,ENSG00000114796.16,KLHL24,protein_coding,KLHL24-201,protein_coding,ENSP00000242810.6,ENSG00000114796.16;ENST00000242810.11,-0.1449016994,0.038961039,30,isoform,1.0,True,-0.144901699371079,True
ENST00000396049.5,ENSG00000114978.18,MOB1A,protein_coding,MOB1A-201,protein_coding,ENSP00000379364.3,ENSG00000114978.18;ENST00000396049.5,-0.107929634,0.012987013,30,isoform,1.0,True,-0.1079296340356181,True
ENST00000245680.7,ENSG00000115084.15,SLC35F5,protein_coding,SLC35F5-201,protein_coding,ENSP00000245680.2,ENSG00000115084.15;ENST00000245680.7,-0.157389155,0.0064935065,30,isoform,1.0,True,-0.1573891550131922,True
ENST00000233630.11,ENSG00000115289.14,PCGF1,protein_coding,PCGF1-201,protein_coding,ENSP00000233630.6,ENSG00000115289.14;ENST00000233630.11,0.1201094663,0.012987013,30,isoform,1.0,True,0.1201094663087897,True
ENST00000465242.5,ENSG00000115350.12,POLE4,protein_coding,POLE4-203,processed_transcript,,ENSG00000115350.12;ENST00000465242.5,-0.1116032618,0.0054945055,30,isoform,1.0,True,-0.1116032617607501,True
ENST00000474059.2,ENSG00000115355.17,CCDC88A,protein_coding,CCDC88A-212,retained_intron,,ENSG00000115355.17;ENST00000474059.2,-0.1108190457,0.026973027,30,isoform,1.0,True,-0.1108190456597733,True
ENST00000625239.2,ENSG00000115750.17,TAF1B,protein_coding,TAF1B-211,protein_coding,ENSP00000486572.1,ENSG00000115750.17;ENST00000625239.2,0.1577513188,0.013986014,30,isoform,1.0,True,0.1577513187896161,True
ENST00000443213.5,ENSG00000115875.19,SRSF7,protein_coding,SRSF7-208,nonsense_mediated_decay,ENSP00000402544.1,ENSG00000115875.19;ENST00000443213.5,-0.1360931731,0.0014985015,30,isoform,1.0,True,-0.1360931730890998,True
ENST00000495601.1,ENSG00000115947.14,ORC4,protein_coding,ORC4-212,retained_intron,,ENSG00000115947.14;ENST00000495601.1,0.1366363557,0.0054945055,30,isoform,1.0,True,0.1366363557016352,True
ENST00000453653.5,ENSG00000116095.11,PLEKHA3,protein_coding,PLEKHA3-203,nonsense_mediated_decay,ENSP00000416186.1,ENSG00000116095.11;ENST00000453653.5,0.1698653751,0.0254745255,30,isoform,1.0,True,0.1698653751224163,True
ENST00000495523.1,ENSG00000116138.13,DNAJC16,protein_coding,DNAJC16-209,processed_transcript,,ENSG00000116138.13;ENST00000495523.1,0.1052644321,0.0494505495,30,isoform,1.0,True,0.1052644321438286,True
ENST00000477248.1,ENSG00000116497.18,S100PBP,protein_coding,S100PBP-206,processed_transcript,,ENSG00000116497.18;ENST00000477248.1,0.1142589222,0.024975025,30,isoform,1.0,True,0.1142589222205193,True
ENST00000459929.5,ENSG00000116679.16,IVNS1ABP,protein_coding,IVNS1ABP-204,processed_transcript,,ENSG00000116679.16;ENST00000459929.5,0.1323069418,0.0064935065,30,isoform,1.0,True,0.1323069417843686,True
ENST00000367446.7,ENSG00000116747.13,RO60,protein_coding,RO60-205,protein_coding,ENSP00000356416.3,ENSG00000116747.13;ENST00000367446.7,0.1284530273,0.0194805195,30,isoform,1.0,True,0.1284530273452375,True
ENST00000400968.7,ENSG00000116747.13,RO60,protein_coding,RO60-206,protein_coding,ENSP00000383752.2,ENSG00000116747.13;ENST00000400968.7,-0.1389126939,0.016983017,30,isoform,1.0,True,-0.1389126939329703,True
ENST00000415442.2,ENSG00000116747.13,RO60,protein_coding,RO60-207,protein_coding,ENSP00000401176.2,ENSG00000116747.13;ENST00000415442.2,0.1903957798,0.0054945055,30,isoform,1.0,True,0.1903957798097528,True
ENST00000308942.4,ENSG00000116991.11,SIPA1L2,protein_coding,SIPA1L2-202,protein_coding,ENSP00000309102.4,ENSG00000116991.11;ENST00000308942.4,-0.1842878836,0.0324675325,30,isoform,1.0,True,-0.1842878836101009,True
ENST00000368192.9,ENSG00000117036.12,ETV3,protein_coding,ETV3-202,protein_coding,ENSP00000357175.4,ENSG00000117036.12;ENST00000368192.9,-0.1282751502,0.0474525475,30,isoform,1.0,True,-0.128275150238897,True
ENST00000360066.6,ENSG00000117266.15,CDK18,protein_coding,CDK18-201,protein_coding,ENSP00000353176.2,ENSG00000117266.15;ENST00000360066.6,0.1395375574,0.0174825175,30,isoform,1.0,True,0.1395375573592431,True
ENST00000479918.5,ENSG00000117500.13,TMED5,protein_coding,TMED5-204,protein_coding,ENSP00000418992.1,ENSG00000117500.13;ENST00000479918.5,0.1099813918,0.013986014,30,isoform,1.0,True,0.1099813918159264,True
ENST00000370153.6,ENSG00000117620.15,SLC35A3,protein_coding,SLC35A3-201,protein_coding,ENSP00000359172.1,ENSG00000117620.15;ENST00000370153.6,-0.1250415638,0.0234765235,30,isoform,1.0,True,-0.125041563784137,True
ENST00000528066.1,ENSG00000117625.14,RCOR3,protein_coding,RCOR3-209,retained_intron,,ENSG00000117625.14;ENST00000528066.1,0.1005556888,0.01998002,30,isoform,1.0,True,0.1005556887789585,True
ENST00000637788.1,ENSG00000117713.20,ARID1A,protein_coding,ARID1A-217,retained_intron,,ENSG00000117713.20;ENST00000637788.1,-0.122123915,0.021978022,30,isoform,1.0,True,-0.1221239150039869,True
ENST00000251527.10,ENSG00000117868.17,ESYT2,protein_coding,ESYT2-201,protein_coding,ENSP00000251527.6,ENSG00000117868.17;ENST00000251527.10,-0.1123931137,0.0064935065,30,isoform,1.0,True,-0.1123931137194242,True
ENST00000613624.1,ENSG00000117868.17,ESYT2,protein_coding,ESYT2-206,protein_coding,ENSP00000481296.1,ENSG00000117868.17;ENST00000613624.1,0.1048438136,0.008991009,30,isoform,1.0,True,0.104843813605134,True
ENST00000403094.3,ENSG00000118246.14,FASTKD2,protein_coding,FASTKD2-203,protein_coding,ENSP00000384929.3,ENSG00000118246.14;ENST00000403094.3,0.1267251182,0.015984016,30,isoform,1.0,True,0.1267251181738299,True
ENST00000430624.5,ENSG00000118260.15,CREB1,protein_coding,CREB1-205,protein_coding,ENSP00000405539.1,ENSG00000118260.15;ENST00000430624.5,0.1622114533,0.0114885115,30,isoform,1.0,True,0.1622114532986279,True
ENST00000513163.5,ENSG00000118564.15,FBXL5,protein_coding,FBXL5-211,protein_coding,ENSP00000425472.1,ENSG00000118564.15;ENST00000513163.5,-0.1014547594,0.0154845155,30,isoform,1.0,True,-0.1014547593952291,True
ENST00000415822.8,ENSG00000118855.21,MFSD1,protein_coding,MFSD1-203,protein_coding,ENSP00000403117.3,ENSG00000118855.21;ENST00000415822.8,0.1080992131,0.008991009,30,isoform,1.0,True,0.1080992131337712,True
ENST00000432947.1,ENSG00000118961.15,LDAH,protein_coding,LDAH-207,protein_coding,ENSP00000396911.1,ENSG00000118961.15;ENST00000432947.1,0.1016045439,0.0294705295,30,isoform,1.0,True,0.1016045439161461,True
ENST00000429815.6,ENSG00000119004.16,CYP20A1,protein_coding,CYP20A1-203,protein_coding,ENSP00000407860.2,ENSG00000119004.16;ENST00000429815.6,0.1330170931,0.046953047,30,isoform,1.0,True,0.133017093089083,True
ENST00000358399.8,ENSG00000119125.17,GDA,protein_coding,GDA-202,protein_coding,ENSP00000351170.4,ENSG00000119125.17;ENST00000358399.8,-0.1380265822,0.0024975025,30,isoform,1.0,True,-0.1380265822292598,True
ENST00000453291.1,ENSG00000119402.17,FBXW2,protein_coding,FBXW2-201,protein_coding,ENSP00000398662.1,ENSG00000119402.17;ENST00000453291.1,0.1400606815,0.004995005,30,isoform,1.0,True,0.1400606815059676,True
ENST00000608872.6,ENSG00000119402.17,FBXW2,protein_coding,FBXW2-205,protein_coding,ENSP00000476369.1,ENSG00000119402.17;ENST00000608872.6,-0.1382916733,0.004995005,30,isoform,1.0,True,-0.1382916733248812,True
ENST00000594051.6,ENSG00000119574.13,ZBTB45,protein_coding,ZBTB45-202,protein_coding,ENSP00000469089.1,ENSG00000119574.13;ENST00000594051.6,0.1206711361,0.0344655345,30,isoform,1.0,True,0.1206711361137046,True
ENST00000471654.1,ENSG00000119771.15,KLHL29,protein_coding,KLHL29-202,retained_intron,,ENSG00000119771.15;ENST00000471654.1,-0.1240576459,0.0104895105,30,isoform,1.0,True,-0.124057645859421,True
ENST00000486442.6,ENSG00000119771.15,KLHL29,protein_coding,KLHL29-203,protein_coding,ENSP00000420659.1,ENSG00000119771.15;ENST00000486442.6,0.1424776777,0.006993007,30,isoform,1.0,True,0.1424776776846816,True
ENST00000380756.7,ENSG00000119772.17,DNMT3A,protein_coding,DNMT3A-204,nonsense_mediated_decay,ENSP00000370132.3,ENSG00000119772.17;ENST00000380756.7,0.1593843134,0.034965035,30,isoform,1.0,True,0.1593843134211563,True
ENST00000381024.4,ENSG00000119778.15,ATAD2B,protein_coding,ATAD2B-203,protein_coding,ENSP00000370412.4,ENSG00000119778.15;ENST00000381024.4,-0.1565853246,0.040959041,30,isoform,1.0,True,-0.1565853246137022,True
ENST00000238961.9,ENSG00000119906.13,SLF2,protein_coding,SLF2-201,protein_coding,ENSP00000238961.3,ENSG00000119906.13;ENST00000238961.9,-0.1099082755,0.027972028,30,isoform,1.0,True,-0.1099082754934198,True
ENST00000609386.1,ENSG00000119906.13,SLF2,protein_coding,SLF2-205,protein_coding,ENSP00000476379.1,ENSG00000119906.13;ENST00000609386.1,0.1363330651,0.012987013,30,isoform,1.0,True,0.1363330651065269,True
ENST00000371327.2,ENSG00000119969.15,HELLS,protein_coding,HELLS-203,protein_coding,ENSP00000360378.1,ENSG00000119969.15;ENST00000371327.2,-0.1544685727,0.007992008,30,isoform,1.0,True,-0.1544685726994092,True
ENST00000475113.1,ENSG00000120370.13,GORAB,protein_coding,GORAB-204,retained_intron,,ENSG00000120370.13;ENST00000475113.1,-0.1911909337,0.0124875125,30,isoform,1.0,True,-0.1911909337015455,True
ENST00000265909.8,ENSG00000120451.10,SNX19,protein_coding,SNX19-201,protein_coding,ENSP00000265909.4,ENSG00000120451.10;ENST00000265909.8,0.1506173778,0.0194805195,30,isoform,1.0,True,0.1506173777550893,True
ENST00000527116.5,ENSG00000120451.10,SNX19,protein_coding,SNX19-205,retained_intron,,ENSG00000120451.10;ENST00000527116.5,-0.1964937309,0.011988012,30,isoform,1.0,True,-0.1964937308615055,True
ENST00000526629.1,ENSG00000120458.13,MSANTD2,protein_coding,MSANTD2-204,protein_coding,ENSP00000435705.1,ENSG00000120458.13;ENST00000526629.1,-0.3281166028,0.0034965035,30,isoform,1.0,True,-0.3281166027909686,True
ENST00000674284.1,ENSG00000120458.13,MSANTD2,protein_coding,MSANTD2-209,protein_coding,ENSP00000501466.1,ENSG00000120458.13;ENST00000674284.1,0.2212280588,0.0134865135,30,isoform,1.0,True,0.2212280587851498,True
ENST00000335472.12,ENSG00000120519.15,SLC10A7,protein_coding,SLC10A7-201,protein_coding,ENSP00000334594.8,ENSG00000120519.15;ENST00000335472.12,-0.2561905552,0.016983017,30,isoform,1.0,True,-0.2561905552056646,True
ENST00000342386.10,ENSG00000120539.15,MASTL,protein_coding,MASTL-201,protein_coding,ENSP00000343446.5,ENSG00000120539.15;ENST00000342386.10,0.1027661491,0.0224775225,30,isoform,1.0,True,0.1027661491400487,True
ENST00000319778.11,ENSG00000120616.16,EPC1,protein_coding,EPC1-202,protein_coding,ENSP00000318559.6,ENSG00000120616.16;ENST00000319778.11,-0.2391938795,0.002997003,30,isoform,1.0,True,-0.2391938794609764,True
ENST00000469059.2,ENSG00000120616.16,EPC1,protein_coding,EPC1-205,protein_coding,ENSP00000499314.1,ENSG00000120616.16;ENST00000469059.2,0.3771448329,0.0,30,isoform,0.0,True,0.3771448328701161,True
ENST00000319073.5,ENSG00000120925.16,RNF170,protein_coding,RNF170-202,protein_coding,ENSP00000325969.5,ENSG00000120925.16;ENST00000319073.5,0.1604905763,0.0174825175,30,isoform,1.0,True,0.1604905763202265,True
ENST00000577134.1,ENSG00000121067.19,SPOP,protein_coding,SPOP-222,retained_intron,,ENSG00000121067.19;ENST00000577134.1,0.1090949433,0.015984016,30,isoform,1.0,True,0.1090949433460729,True
ENST00000535785.1,ENSG00000121417.14,ZNF211,protein_coding,ZNF211-207,nonsense_mediated_decay,ENSP00000442740.1,ENSG00000121417.14;ENST00000535785.1,0.1686006562,0.030969031,30,isoform,1.0,True,0.1686006561693497,True
ENST00000367510.8,ENSG00000121481.11,RNF2,protein_coding,RNF2-202,protein_coding,ENSP00000356480.3,ENSG00000121481.11;ENST00000367510.8,-0.1056671934,0.02997003,30,isoform,1.0,True,-0.1056671933985274,True
ENST00000373713.7,ENSG00000121769.8,FABP3,protein_coding,FABP3-201,protein_coding,ENSP00000362817.2,ENSG00000121769.8;ENST00000373713.7,-0.1166095392,0.0134865135,30,isoform,1.0,True,-0.1166095392405344,True
ENST00000497275.5,ENSG00000121769.8,FABP3,protein_coding,FABP3-203,processed_transcript,,ENSG00000121769.8;ENST00000497275.5,0.1079103446,0.0154845155,30,isoform,1.0,True,0.1079103446099859,True
ENST00000484866.5,ENSG00000121864.10,ZNF639,protein_coding,ZNF639-206,protein_coding,ENSP00000418766.1,ENSG00000121864.10;ENST00000484866.5,0.1702246782,0.0074925075,30,isoform,1.0,True,0.1702246781819652,True
ENST00000621687.1,ENSG00000121864.10,ZNF639,protein_coding,ZNF639-210,protein_coding,ENSP00000477626.1,ENSG00000121864.10;ENST00000621687.1,-0.1674526542,0.0084915085,30,isoform,1.0,True,-0.1674526542105879,True
ENST00000372187.9,ENSG00000122378.14,PRXL2A,protein_coding,PRXL2A-203,protein_coding,ENSP00000361261.5,ENSG00000122378.14;ENST00000372187.9,0.1563822787,0.0084915085,30,isoform,1.0,True,0.1563822787412207,True
ENST00000337393.10,ENSG00000122482.21,ZNF644,protein_coding,ZNF644-201,protein_coding,ENSP00000337008.5,ENSG00000122482.21;ENST00000337393.10,-0.1084131616,0.0274725275,30,isoform,1.0,True,-0.1084131615799603,True
ENST00000495966.1,ENSG00000122482.21,ZNF644,protein_coding,ZNF644-210,processed_transcript,,ENSG00000122482.21;ENST00000495966.1,0.1220289767,0.01998002,30,isoform,1.0,True,0.122028976681157,True
ENST00000440481.5,ENSG00000122591.12,FAM126A,protein_coding,FAM126A-205,protein_coding,ENSP00000397168.1,ENSG00000122591.12;ENST00000440481.5,-0.1194093669,0.016983017,30,isoform,1.0,True,-0.1194093668758999,True
ENST00000265870.7,ENSG00000122912.15,SLC25A16,protein_coding,SLC25A16-201,processed_transcript,,ENSG00000122912.15;ENST00000265870.7,-0.20067066,0.020979021,30,isoform,1.0,True,-0.200670659968306,True
ENST00000265428.4,ENSG00000123124.14,WWP1,protein_coding,WWP1-201,protein_coding,ENSP00000265428.4,ENSG00000123124.14;ENST00000265428.4,0.1462097806,0.0154845155,30,isoform,1.0,True,0.1462097806421202,True
ENST00000418543.8,ENSG00000123154.12,WDR83,protein_coding,WDR83-201,protein_coding,ENSP00000402653.3,ENSG00000123154.12;ENST00000418543.8,-0.1892365451,0.01998002,30,isoform,1.0,True,-0.1892365451429395,True
ENST00000425834.7,ENSG00000123154.12,WDR83,protein_coding,WDR83-202,nonsense_mediated_decay,ENSP00000396530.3,ENSG00000123154.12;ENST00000425834.7,0.1529905815,0.0274725275,30,isoform,1.0,True,0.1529905815306595,True
ENST00000394825.6,ENSG00000123358.20,NR4A1,protein_coding,NR4A1-204,protein_coding,ENSP00000378302.1,ENSG00000123358.20;ENST00000394825.6,-0.1455880106,0.0094905095,30,isoform,1.0,True,-0.1455880106204909,True
ENST00000550557.1,ENSG00000123358.20,NR4A1,protein_coding,NR4A1-215,retained_intron,,ENSG00000123358.20;ENST00000550557.1,0.2320575093,0.002997003,30,isoform,1.0,True,0.2320575093114236,True
ENST00000299906.5,ENSG00000123575.9,FAM199X,protein_coding,FAM199X-201,processed_transcript,,ENSG00000123575.9;ENST00000299906.5,0.1524039906,0.0244755245,30,isoform,1.0,True,0.1524039905792952,True
ENST00000493442.2,ENSG00000123575.9,FAM199X,protein_coding,FAM199X-202,protein_coding,ENSP00000417581.1,ENSG00000123575.9;ENST00000493442.2,-0.1524039906,0.0244755245,30,isoform,1.0,True,-0.1524039905792952,True
ENST00000476227.1,ENSG00000123607.15,TTC21B,protein_coding,TTC21B-204,retained_intron,,ENSG00000123607.15;ENST00000476227.1,0.170524217,0.035964036,30,isoform,1.0,True,0.1705242170102132,True
ENST00000243501.10,ENSG00000123739.11,PLA2G12A,protein_coding,PLA2G12A-201,protein_coding,ENSP00000243501.5,ENSG00000123739.11;ENST00000243501.10,-0.1735055287,0.006993007,30,isoform,1.0,True,-0.173505528684546,True
ENST00000220592.10,ENSG00000123908.12,AGO2,protein_coding,AGO2-201,protein_coding,ENSP00000220592.5,ENSG00000123908.12;ENST00000220592.10,-0.4604206648,0.000999001,30,isoform,1.0,True,-0.4604206648474042,True
ENST00000523609.5,ENSG00000123908.12,AGO2,protein_coding,AGO2-209,nonsense_mediated_decay,ENSP00000430164.1,ENSG00000123908.12;ENST00000523609.5,0.4548635185,0.000999001,30,isoform,1.0,True,0.4548635185021523,True
ENST00000372542.5,ENSG00000124104.19,SNX21,protein_coding,SNX21-204,protein_coding,ENSP00000361620.1,ENSG00000124104.19;ENST00000372542.5,0.1371930547,0.041958042,30,isoform,1.0,True,0.1371930546608256,True
ENST00000341197.9,ENSG00000124191.18,TOX2,protein_coding,TOX2-201,protein_coding,ENSP00000344724.3,ENSG00000124191.18;ENST00000341197.9,0.1977105185,0.0234765235,30,isoform,1.0,True,0.1977105184638504,True
ENST00000413823.1,ENSG00000124191.18,TOX2,protein_coding,TOX2-204,protein_coding,ENSP00000390876.1,ENSG00000124191.18;ENST00000413823.1,-0.2048792772,0.0214785215,30,isoform,1.0,True,-0.2048792771743047,True
ENST00000371030.3,ENSG00000124203.6,ZNF831,protein_coding,ZNF831-201,protein_coding,ENSP00000360069.2,ENSG00000124203.6;ENST00000371030.3,-0.4083285154,0.000999001,30,isoform,1.0,True,-0.4083285154441298,True
ENST00000637017.1,ENSG00000124203.6,ZNF831,protein_coding,ZNF831-203,protein_coding,ENSP00000490240.1,ENSG00000124203.6;ENST00000637017.1,0.4083285154,0.000999001,30,isoform,1.0,True,0.4083285154441297,True
ENST00000262640.11,ENSG00000124333.16,VAMP7,protein_coding,VAMP7-201,protein_coding,ENSP00000262640.6,ENSG00000124333.16;ENST00000262640.11,-0.1202249177,0.0204795205,30,isoform,1.0,True,-0.1202249176847175,True
ENST00000436367.6,ENSG00000124788.19,ATXN1,protein_coding,ATXN1-202,protein_coding,ENSP00000416360.1,ENSG00000124788.19;ENST00000436367.6,-0.1677874932,0.037962038,30,isoform,1.0,True,-0.1677874932229549,True
ENST00000498374.1,ENSG00000124788.19,ATXN1,protein_coding,ATXN1-210,processed_transcript,,ENSG00000124788.19;ENST00000498374.1,0.1579206399,0.040959041,30,isoform,1.0,True,0.1579206399484616,True
ENST00000378896.7,ENSG00000125885.13,MCM8,protein_coding,MCM8-204,protein_coding,ENSP00000368174.3,ENSG00000125885.13;ENST00000378896.7,0.1995354114,0.0044955045,30,isoform,1.0,True,0.1995354113918413,True
ENST00000610722.4,ENSG00000125885.13,MCM8,protein_coding,MCM8-205,protein_coding,ENSP00000478141.1,ENSG00000125885.13;ENST00000610722.4,-0.1386462767,0.0154845155,30,isoform,1.0,True,-0.1386462767078623,True
ENST00000373191.9,ENSG00000126070.20,AGO3,protein_coding,AGO3-203,protein_coding,ENSP00000362287.3,ENSG00000126070.20;ENST00000373191.9,-0.1625766702,0.034965035,30,isoform,1.0,True,-0.162576670220447,True
ENST00000352127.11,ENSG00000126215.14,XRCC3,protein_coding,XRCC3-201,protein_coding,ENSP00000343392.7,ENSG00000126215.14;ENST00000352127.11,0.1341335929,0.012987013,30,isoform,1.0,True,0.1341335928538271,True
ENST00000588018.5,ENSG00000126246.10,IGFLR1,protein_coding,IGFLR1-204,nonsense_mediated_decay,ENSP00000468545.1,ENSG00000126246.10;ENST00000588018.5,-0.1649625011,0.0084915085,30,isoform,1.0,True,-0.1649625010533391,True
ENST00000528854.1,ENSG00000126391.14,FRMD8,protein_coding,FRMD8-206,retained_intron,,ENSG00000126391.14;ENST00000528854.1,-0.1312799015,0.0344655345,30,isoform,1.0,True,-0.1312799015264399,True
ENST00000531296.1,ENSG00000126391.14,FRMD8,protein_coding,FRMD8-208,protein_coding,ENSP00000433479.1,ENSG00000126391.14;ENST00000531296.1,0.2061696728,0.0114885115,30,isoform,1.0,True,0.2061696727858709,True
ENST00000471182.6,ENSG00000126822.17,PLEKHG3,protein_coding,PLEKHG3-203,protein_coding,ENSP00000450945.1,ENSG00000126822.17;ENST00000471182.6,0.2953396768,0.0024975025,30,isoform,1.0,True,0.2953396768228331,True
ENST00000484731.2,ENSG00000126822.17,PLEKHG3,protein_coding,PLEKHG3-204,protein_coding,ENSP00000450973.1,ENSG00000126822.17;ENST00000484731.2,-0.2959780122,0.0024975025,30,isoform,1.0,True,-0.2959780122031139,True
ENST00000344096.4,ENSG00000127334.11,DYRK2,protein_coding,DYRK2-202,protein_coding,ENSP00000342105.4,ENSG00000127334.11;ENST00000344096.4,-0.1352090454,0.0464535465,30,isoform,1.0,True,-0.1352090453679422,True
ENST00000264771.9,ENSG00000127419.17,TMEM175,protein_coding,TMEM175-201,protein_coding,ENSP00000264771.4,ENSG00000127419.17;ENST00000264771.9,0.1616527626,0.006993007,30,isoform,1.0,True,0.1616527626327211,True
ENST00000312239.10,ENSG00000127483.19,HP1BP3,protein_coding,HP1BP3-201,protein_coding,ENSP00000312625.5,ENSG00000127483.19;ENST00000312239.10,0.1001521635,0.000999001,30,isoform,1.0,True,0.1001521635250443,True
ENST00000351004.8,ENSG00000127955.17,GNAI1,protein_coding,GNAI1-201,protein_coding,ENSP00000343027.3,ENSG00000127955.17;ENST00000351004.8,-0.1155594699,0.021978022,30,isoform,1.0,True,-0.1155594699114298,True
ENST00000649267.1,ENSG00000127955.17,GNAI1,protein_coding,GNAI1-224,protein_coding,ENSP00000497315.1,ENSG00000127955.17;ENST00000649267.1,0.1730575207,0.0034965035,30,isoform,1.0,True,0.173057520658941,True
ENST00000437425.7,ENSG00000127990.19,SGCE,protein_coding,SGCE-204,protein_coding,ENSP00000394061.2,ENSG00000127990.19;ENST00000437425.7,-0.1164292087,0.0044955045,30,isoform,1.0,True,-0.1164292086556701,True
ENST00000265732.10,ENSG00000127993.16,RBM48,protein_coding,RBM48-201,protein_coding,ENSP00000265732.5,ENSG00000127993.16;ENST00000265732.10,0.1162616902,0.0444555445,30,isoform,1.0,True,0.1162616902153127,True
ENST00000481551.5,ENSG00000127993.16,RBM48,protein_coding,RBM48-202,protein_coding,ENSP00000419242.1,ENSG00000127993.16;ENST00000481551.5,-0.1144123872,0.0444555445,30,isoform,1.0,True,-0.1144123872321648,True
ENST00000311208.13,ENSG00000128422.17,KRT17,protein_coding,KRT17-201,protein_coding,ENSP00000308452.8,ENSG00000128422.17;ENST00000311208.13,-0.1353914833,0.0044955045,30,isoform,1.0,True,-0.1353914833392413,True
ENST00000411938.1,ENSG00000128534.8,LSM8,protein_coding,LSM8-202,protein_coding,ENSP00000408267.1,ENSG00000128534.8;ENST00000411938.1,0.128466824,0.0054945055,30,isoform,1.0,True,0.1284668239964742,True
ENST00000249344.7,ENSG00000128578.10,STRIP2,protein_coding,STRIP2-201,protein_coding,ENSP00000249344.2,ENSG00000128578.10;ENST00000249344.7,-0.1082971788,0.047952048,30,isoform,1.0,True,-0.108297178805133,True
ENST00000352689.11,ENSG00000128585.18,MKLN1,protein_coding,MKLN1-201,protein_coding,ENSP00000323527.6,ENSG00000128585.18;ENST00000352689.11,-0.1387925779,0.015984016,30,isoform,1.0,True,-0.1387925778990848,True
ENST00000421797.6,ENSG00000128585.18,MKLN1,protein_coding,MKLN1-203,protein_coding,ENSP00000398094.2,ENSG00000128585.18;ENST00000421797.6,0.1302237833,0.0194805195,30,isoform,1.0,True,0.1302237833151651,True
ENST00000458153.5,ENSG00000128585.18,MKLN1,protein_coding,MKLN1-206,nonsense_mediated_decay,ENSP00000407705.1,ENSG00000128585.18;ENST00000458153.5,0.17719724,0.007992008,30,isoform,1.0,True,0.1771972399528126,True
ENST00000563945.1,ENSG00000128731.18,HERC2,protein_coding,HERC2-204,processed_transcript,,ENSG00000128731.18;ENST00000563945.1,0.1058030134,0.010989011,30,isoform,1.0,True,0.1058030134019837,True
ENST00000267890.11,ENSG00000128881.17,TTBK2,protein_coding,TTBK2-201,protein_coding,ENSP00000267890.6,ENSG00000128881.17;ENST00000267890.11,-0.2435525422,0.0404595405,30,isoform,1.0,True,-0.2435525422331081,True
ENST00000319359.8,ENSG00000128886.12,ELL3,protein_coding,ELL3-201,protein_coding,ENSP00000320346.3,ENSG00000128886.12;ENST00000319359.8,0.4056075708,0.008991009,30,isoform,1.0,True,0.4056075707870296,True
ENST00000249806.11,ENSG00000128973.13,CLN6,protein_coding,CLN6-201,protein_coding,ENSP00000249806.5,ENSG00000128973.13;ENST00000249806.11,0.1243935614,0.0064935065,30,isoform,1.0,True,0.1243935613791462,True
ENST00000563277.5,ENSG00000128989.11,ARPP19,protein_coding,ARPP19-204,protein_coding,ENSP00000455986.1,ENSG00000128989.11;ENST00000563277.5,0.1100057863,0.0044955045,30,isoform,1.0,True,0.1100057863231613,True
ENST00000249837.7,ENSG00000129003.19,VPS13C,protein_coding,VPS13C-201,protein_coding,ENSP00000249837.3,ENSG00000129003.19;ENST00000249837.7,0.2157692846,0.013986014,30,isoform,1.0,True,0.2157692845568347,True
ENST00000560637.5,ENSG00000129003.19,VPS13C,protein_coding,VPS13C-207,retained_intron,,ENSG00000129003.19;ENST00000560637.5,-0.1517835322,0.0344655345,30,isoform,1.0,True,-0.151783532234201,True
ENST00000354678.3,ENSG00000129007.14,CALML4,protein_coding,CALML4-201,protein_coding,ENSP00000456532.1,ENSG00000129007.14;ENST00000354678.3,-0.1620417115,0.0244755245,30,isoform,1.0,True,-0.1620417114900076,True
ENST00000503362.2,ENSG00000129128.13,SPCS3,protein_coding,SPCS3-201,protein_coding,ENSP00000427463.1,ENSG00000129128.13;ENST00000503362.2,-0.1327958552,0.0054945055,30,isoform,1.0,True,-0.1327958552396761,True
ENST00000513139.1,ENSG00000129128.13,SPCS3,protein_coding,SPCS3-204,retained_intron,,ENSG00000129128.13;ENST00000513139.1,0.1391032462,0.0044955045,30,isoform,1.0,True,0.1391032462344421,True
ENST00000528200.5,ENSG00000129158.11,SERGEF,protein_coding,SERGEF-208,protein_coding,ENSP00000434188.1,ENSG00000129158.11;ENST00000528200.5,0.1050675667,0.0314685315,30,isoform,1.0,True,0.1050675666633225,True
ENST00000529440.5,ENSG00000129158.11,SERGEF,protein_coding,SERGEF-211,processed_transcript,,ENSG00000129158.11;ENST00000529440.5,-0.2037021547,0.004995005,30,isoform,1.0,True,-0.2037021547369141,True
ENST00000344862.9,ENSG00000129317.14,PUS7L,protein_coding,PUS7L-201,protein_coding,ENSP00000343081.5,ENSG00000129317.14;ENST00000344862.9,-0.3503985191,0.006993007,30,isoform,1.0,True,-0.3503985191203781,True
ENST00000544260.3,ENSG00000129422.14,MTUS1,protein_coding,MTUS1-228,protein_coding,ENSP00000445738.1,ENSG00000129422.14;ENST00000544260.3,0.1386362884,0.026973027,30,isoform,1.0,True,0.1386362883586936,True
ENST00000382464.6,ENSG00000129493.15,HEATR5A,protein_coding,HEATR5A-201,protein_coding,ENSP00000371903.2,ENSG00000129493.15;ENST00000382464.6,0.1110433399,0.008991009,30,isoform,1.0,True,0.1110433399209802,True
ENST00000547327.2,ENSG00000129521.15,EGLN3,protein_coding,EGLN3-205,protein_coding,ENSP00000446572.2,ENSG00000129521.15;ENST00000547327.2,0.1136162913,0.0404595405,30,isoform,1.0,True,0.1136162912767257,True
ENST00000675367.1,ENSG00000129667.13,RHBDF2,protein_coding,RHBDF2-220,protein_coding,ENSP00000501790.1,ENSG00000129667.13;ENST00000675367.1,0.1915203722,0.0124875125,30,isoform,1.0,True,0.1915203722098327,True
ENST00000263753.8,ENSG00000129810.15,SGO1,protein_coding,SGO1-201,protein_coding,ENSP00000263753.4,ENSG00000129810.15;ENST00000263753.8,-0.1065279689,0.0254745255,30,isoform,1.0,True,-0.1065279688581393,True
ENST00000262815.13,ENSG00000129933.21,MAU2,protein_coding,MAU2-201,protein_coding,ENSP00000262815.9,ENSG00000129933.21;ENST00000262815.13,0.1136775268,0.0134865135,30,isoform,1.0,True,0.1136775268243529,True
ENST00000379270.4,ENSG00000130066.16,SAT1,protein_coding,SAT1-204,protein_coding,ENSP00000368572.4,ENSG00000130066.16;ENST00000379270.4,-0.2378208802,0.0014985015,30,isoform,1.0,True,-0.2378208802253934,True
ENST00000462639.1,ENSG00000130066.16,SAT1,protein_coding,SAT1-205,processed_transcript,,ENSG00000130066.16;ENST00000462639.1,0.1273987411,0.004995005,30,isoform,1.0,True,0.1273987411074381,True
ENST00000358301.7,ENSG00000130669.17,PAK4,protein_coding,PAK4-202,protein_coding,ENSP00000351049.2,ENSG00000130669.17;ENST00000358301.7,0.1313734711,0.0174825175,30,isoform,1.0,True,0.1313734711191472,True
ENST00000252971.11,ENSG00000130675.15,MNX1,protein_coding,MNX1-201,protein_coding,ENSP00000252971.5,ENSG00000130675.15;ENST00000252971.11,0.118315981,0.04995005,30,isoform,1.0,True,0.1183159809736518,True
ENST00000372358.10,ENSG00000130713.16,EXOSC2,protein_coding,EXOSC2-204,protein_coding,ENSP00000361433.5,ENSG00000130713.16;ENST00000372358.10,0.1029427619,0.0044955045,30,isoform,1.0,True,0.1029427618919046,True
ENST00000320610.13,ENSG00000130856.16,ZNF236,protein_coding,ZNF236-202,protein_coding,ENSP00000322361.9,ENSG00000130856.16;ENST00000320610.13,0.1421056272,0.046953047,30,isoform,1.0,True,0.1421056271767725,True
ENST00000623951.1,ENSG00000131089.17,ARHGEF9,protein_coding,ARHGEF9-212,processed_transcript,,ENSG00000131089.17;ENST00000623951.1,0.1002223784,0.0274725275,30,isoform,1.0,True,0.1002223784222888,True
ENST00000332687.11,ENSG00000131263.13,RLIM,protein_coding,RLIM-201,protein_coding,ENSP00000328059.6,ENSG00000131263.13;ENST00000332687.11,-0.1728389695,0.0054945055,30,isoform,1.0,True,-0.1728389695252917,True
ENST00000349225.2,ENSG00000131263.13,RLIM,protein_coding,RLIM-202,protein_coding,ENSP00000253571.3,ENSG00000131263.13;ENST00000349225.2,0.1728389695,0.0054945055,30,isoform,1.0,True,0.1728389695252918,True
ENST00000420267.5,ENSG00000131368.8,MRPS25,protein_coding,MRPS25-202,nonsense_mediated_decay,ENSP00000396828.1,ENSG00000131368.8;ENST00000420267.5,0.1131810606,0.0044955045,30,isoform,1.0,True,0.1131810605838243,True
ENST00000253925.11,ENSG00000131626.18,PPFIA1,protein_coding,PPFIA1-201,protein_coding,ENSP00000253925.7,ENSG00000131626.18;ENST00000253925.11,0.1007859141,0.0364635365,30,isoform,1.0,True,0.1007859141228886,True
ENST00000554790.5,ENSG00000131966.14,ACTR10,protein_coding,ACTR10-206,retained_intron,,ENSG00000131966.14;ENST00000554790.5,0.1248755576,0.001998002,30,isoform,1.0,True,0.1248755575873741,True
ENST00000615587.4,ENSG00000132128.16,LRRC41,protein_coding,LRRC41-206,protein_coding,ENSP00000484752.1,ENSG00000132128.16;ENST00000615587.4,0.148791035,0.005994006,30,isoform,1.0,True,0.1487910349766975,True
ENST00000251303.11,ENSG00000132207.18,SLX1A,protein_coding,SLX1A-201,protein_coding,ENSP00000251303.7,ENSG00000132207.18;ENST00000251303.11,0.1106375978,0.006993007,30,isoform,1.0,True,0.1106375978383318,True
ENST00000254616.11,ENSG00000132286.12,TIMM10B,protein_coding,TIMM10B-201,protein_coding,ENSP00000254616.6,ENSG00000132286.12;ENST00000254616.11,-0.1184168414,0.0074925075,30,isoform,1.0,True,-0.1184168414223079,True
ENST00000530751.1,ENSG00000132286.12,TIMM10B,protein_coding,TIMM10B-203,protein_coding,ENSP00000436579.1,ENSG00000132286.12;ENST00000530751.1,0.1228586079,0.0074925075,30,isoform,1.0,True,0.1228586078797827,True
ENST00000254654.8,ENSG00000132323.9,ILKAP,protein_coding,ILKAP-201,protein_coding,ENSP00000254654.3,ENSG00000132323.9;ENST00000254654.8,0.1031247213,0.0234765235,30,isoform,1.0,True,0.1031247212627946,True
ENST00000254719.10,ENSG00000132383.12,RPA1,protein_coding,RPA1-201,protein_coding,ENSP00000254719.4,ENSG00000132383.12;ENST00000254719.10,0.1042379219,0.0024975025,30,isoform,1.0,True,0.10423792188891,True
ENST00000460600.1,ENSG00000132424.16,PNISR,protein_coding,PNISR-203,processed_transcript,,ENSG00000132424.16;ENST00000460600.1,-0.1143789346,0.005994006,30,isoform,1.0,True,-0.1143789345816871,True
ENST00000474760.1,ENSG00000132429.10,POPDC3,protein_coding,POPDC3-203,processed_transcript,,ENSG00000132429.10;ENST00000474760.1,-0.2650108884,0.0104895105,30,isoform,1.0,True,-0.2650108883691847,True
ENST00000489134.5,ENSG00000132429.10,POPDC3,protein_coding,POPDC3-204,processed_transcript,,ENSG00000132429.10;ENST00000489134.5,0.2761990562,0.00999001,30,isoform,1.0,True,0.2761990562354048,True
ENST00000489885.1,ENSG00000132535.21,DLG4,protein_coding,DLG4-208,retained_intron,,ENSG00000132535.21;ENST00000489885.1,-0.1110615503,0.0314685315,30,isoform,1.0,True,-0.1110615503219854,True
ENST00000378380.4,ENSG00000132623.16,ANKEF1,protein_coding,ANKEF1-201,protein_coding,ENSP00000367631.3,ENSG00000132623.16;ENST00000378380.4,-0.2246874635,0.025974026,30,isoform,1.0,True,-0.2246874635190625,True
ENST00000488991.1,ENSG00000132623.16,ANKEF1,protein_coding,ANKEF1-204,processed_transcript,,ENSG00000132623.16;ENST00000488991.1,0.1937136178,0.037962038,30,isoform,1.0,True,0.1937136177868696,True
ENST00000304886.6,ENSG00000132639.13,SNAP25,protein_coding,SNAP25-202,protein_coding,ENSP00000307341.2,ENSG00000132639.13;ENST00000304886.6,0.2632113509,0.0064935065,30,isoform,1.0,True,0.2632113509175643,True
ENST00000495883.1,ENSG00000132639.13,SNAP25,protein_coding,SNAP25-205,processed_transcript,,ENSG00000132639.13;ENST00000495883.1,-0.170047255,0.01998002,30,isoform,1.0,True,-0.1700472550223851,True
ENST00000445196.5,ENSG00000133247.14,KMT5C,protein_coding,KMT5C-203,nonsense_mediated_decay,ENSP00000397296.1,ENSG00000133247.14;ENST00000445196.5,0.2025809269,0.0014985015,30,isoform,1.0,True,0.2025809269246493,True
ENST00000491948.5,ENSG00000133460.19,SLC2A11,protein_coding,SLC2A11-221,retained_intron,,ENSG00000133460.19;ENST00000491948.5,0.1103249122,0.0284715285,30,isoform,1.0,True,0.1103249121994421,True
ENST00000256001.13,ENSG00000133627.18,ACTR3B,protein_coding,ACTR3B-201,protein_coding,ENSP00000256001.8,ENSG00000133627.18;ENST00000256001.13,0.1242827315,0.014985015,30,isoform,1.0,True,0.1242827314838632,True
ENST00000372281.8,ENSG00000133678.14,TMEM254,protein_coding,TMEM254-205,protein_coding,ENSP00000361355.3,ENSG00000133678.14;ENST00000372281.8,-0.1029956577,0.0264735265,30,isoform,1.0,True,-0.1029956577363042,True
ENST00000539277.6,ENSG00000133687.16,TMTC1,protein_coding,TMTC1-203,protein_coding,ENSP00000442046.1,ENSG00000133687.16;ENST00000539277.6,-0.2071069969,0.002997003,30,isoform,1.0,True,-0.2071069968752904,True
ENST00000551659.5,ENSG00000133687.16,TMTC1,protein_coding,TMTC1-206,protein_coding,ENSP00000448112.1,ENSG00000133687.16;ENST00000551659.5,0.1181403065,0.0214785215,30,isoform,1.0,True,0.1181403065318613,True
ENST00000561411.1,ENSG00000134146.12,DPH6,protein_coding,DPH6-209,protein_coding,ENSP00000453967.1,ENSG00000134146.12;ENST00000561411.1,0.115286154,0.0164835165,30,isoform,1.0,True,0.1152861540325198,True
ENST00000415432.6,ENSG00000134215.16,VAV3,protein_coding,VAV3-203,protein_coding,ENSP00000394897.2,ENSG00000134215.16;ENST00000415432.6,0.1395088677,0.0154845155,30,isoform,1.0,True,0.139508867670722,True
ENST00000256658.8,ENSG00000134262.13,AP4B1,protein_coding,AP4B1-201,protein_coding,ENSP00000256658.4,ENSG00000134262.13;ENST00000256658.8,0.1330293538,0.012987013,30,isoform,1.0,True,0.1330293537534326,True
ENST00000551094.5,ENSG00000134285.11,FKBP11,protein_coding,FKBP11-209,retained_intron,,ENSG00000134285.11;ENST00000551094.5,0.1388343213,0.017982018,30,isoform,1.0,True,0.1388343213359622,True
ENST00000553027.1,ENSG00000134285.11,FKBP11,protein_coding,FKBP11-213,retained_intron,,ENSG00000134285.11;ENST00000553027.1,-0.1074726774,0.0324675325,30,isoform,1.0,True,-0.1074726773505609,True
ENST00000256682.9,ENSG00000134287.10,ARF3,protein_coding,ARF3-201,protein_coding,ENSP00000256682.4,ENSG00000134287.10;ENST00000256682.9,-0.1974811623,0.0014985015,30,isoform,1.0,True,-0.1974811622643778,True
ENST00000447318.6,ENSG00000134287.10,ARF3,protein_coding,ARF3-202,protein_coding,ENSP00000395370.2,ENSG00000134287.10;ENST00000447318.6,0.1025679031,0.008991009,30,isoform,1.0,True,0.1025679030509003,True
ENST00000541959.5,ENSG00000134287.10,ARF3,protein_coding,ARF3-208,protein_coding,ENSP00000438510.1,ENSG00000134287.10;ENST00000541959.5,0.1162630151,0.0064935065,30,isoform,1.0,True,0.1162630151416566,True
ENST00000336399.5,ENSG00000134297.6,PLEKHA8P1,transcribed_processed_pseudogene,PLEKHA8P1-202,transcribed_processed_pseudogene,,ENSG00000134297.6;ENST00000336399.5,-0.1203615702,0.0314685315,30,isoform,1.0,True,-0.1203615701762934,True
ENST00000367435.5,ENSG00000134371.14,CDC73,protein_coding,CDC73-201,protein_coding,ENSP00000356405.4,ENSG00000134371.14;ENST00000367435.5,-0.1005836593,0.016983017,30,isoform,1.0,True,-0.1005836592681855,True
ENST00000373062.8,ENSG00000134697.13,GNL2,protein_coding,GNL2-201,protein_coding,ENSP00000362153.3,ENSG00000134697.13;ENST00000373062.8,0.1089763574,0.0094905095,30,isoform,1.0,True,0.1089763574455155,True
ENST00000351393.10,ENSG00000134759.14,ELP2,protein_coding,ELP2-202,protein_coding,ENSP00000257191.7,ENSG00000134759.14;ENST00000351393.10,0.1062601579,0.006993007,30,isoform,1.0,True,0.1062601578594142,True
ENST00000479384.1,ENSG00000134852.15,CLOCK,protein_coding,CLOCK-204,retained_intron,,ENSG00000134852.15;ENST00000479384.1,0.180473543,0.022977023,30,isoform,1.0,True,0.1804735430315714,True
ENST00000472226.2,ENSG00000134884.15,ARGLU1,protein_coding,ARGLU1-204,retained_intron,,ENSG00000134884.15;ENST00000472226.2,-0.1293365322,0.003996004,30,isoform,1.0,True,-0.1293365322101781,True
ENST00000490317.1,ENSG00000134897.14,BIVM,protein_coding,BIVM-205,retained_intron,,ENSG00000134897.14;ENST00000490317.1,-0.1012487167,0.038961039,30,isoform,1.0,True,-0.101248716714568,True
ENST00000527272.1,ENSG00000134909.18,ARHGAP32,protein_coding,ARHGAP32-206,protein_coding,ENSP00000432862.1,ENSG00000134909.18;ENST00000527272.1,0.1645185978,0.0484515485,30,isoform,1.0,True,0.1645185978379424,True
ENST00000513710.3,ENSG00000134987.11,WDR36,protein_coding,WDR36-204,protein_coding,ENSP00000424628.3,ENSG00000134987.11;ENST00000513710.3,0.1527676276,0.010989011,30,isoform,1.0,True,0.1527676275747809,True
ENST00000612402.4,ENSG00000134987.11,WDR36,protein_coding,WDR36-206,protein_coding,ENSP00000479950.1,ENSG00000134987.11;ENST00000612402.4,-0.1463205212,0.0124875125,30,isoform,1.0,True,-0.146320521230997,True
ENST00000361671.10,ENSG00000135040.16,NAA35,protein_coding,NAA35-201,protein_coding,ENSP00000354972.5,ENSG00000135040.16;ENST00000361671.10,-0.1329432687,0.0194805195,30,isoform,1.0,True,-0.1329432686937938,True
ENST00000257548.10,ENSG00000135093.13,USP30,protein_coding,USP30-201,protein_coding,ENSP00000257548.5,ENSG00000135093.13;ENST00000257548.10,0.1800867869,0.0274725275,30,isoform,1.0,True,0.1800867869401705,True
ENST00000349155.7,ENSG00000135111.16,TBX3,protein_coding,TBX3-202,protein_coding,ENSP00000257567.2,ENSG00000135111.16;ENST00000349155.7,0.1429092053,0.0114885115,30,isoform,1.0,True,0.1429092052915756,True
ENST00000258098.6,ENSG00000135631.17,RAB11FIP5,protein_coding,RAB11FIP5-201,protein_coding,ENSP00000258098.6,ENSG00000135631.17;ENST00000258098.6,0.2137192319,0.0114885115,30,isoform,1.0,True,0.2137192318513779,True
ENST00000482554.5,ENSG00000135631.17,RAB11FIP5,protein_coding,RAB11FIP5-204,processed_transcript,,ENSG00000135631.17;ENST00000482554.5,-0.2050872439,0.0124875125,30,isoform,1.0,True,-0.2050872438577197,True
ENST00000393965.8,ENSG00000135637.14,CCDC142,protein_coding,CCDC142-202,protein_coding,ENSP00000377537.3,ENSG00000135637.14;ENST00000393965.8,0.135455752,0.02997003,30,isoform,1.0,True,0.1354557519677069,True
ENST00000258157.9,ENSG00000135686.13,KLHL36,protein_coding,KLHL36-201,protein_coding,ENSP00000258157.5,ENSG00000135686.13;ENST00000258157.9,0.1350625582,0.025974026,30,isoform,1.0,True,0.1350625582362167,True
ENST00000564996.6,ENSG00000135686.13,KLHL36,protein_coding,KLHL36-204,protein_coding,ENSP00000456743.1,ENSG00000135686.13;ENST00000564996.6,-0.1585254629,0.017982018,30,isoform,1.0,True,-0.1585254628784267,True
ENST00000258399.8,ENSG00000135913.11,USP37,protein_coding,USP37-201,protein_coding,ENSP00000258399.3,ENSG00000135913.11;ENST00000258399.8,-0.3182390808,0.0114885115,30,isoform,1.0,True,-0.3182390807913181,True
ENST00000338465.5,ENSG00000135913.11,USP37,protein_coding,USP37-202,protein_coding,ENSP00000345043.5,ENSG00000135913.11;ENST00000338465.5,0.2222445629,0.027972028,30,isoform,1.0,True,0.2222445628768337,True
ENST00000258428.8,ENSG00000135945.10,REV1,protein_coding,REV1-201,protein_coding,ENSP00000258428.3,ENSG00000135945.10;ENST00000258428.8,0.1233759819,0.0124875125,30,isoform,1.0,True,0.1233759819460179,True
ENST00000489348.1,ENSG00000135951.16,TSGA10,protein_coding,TSGA10-214,processed_transcript,,ENSG00000135951.16;ENST00000489348.1,0.2025635494,0.012987013,30,isoform,1.0,True,0.2025635493790562,True
ENST00000496253.1,ENSG00000135953.11,MFSD9,protein_coding,MFSD9-208,processed_transcript,,ENSG00000135953.11;ENST00000496253.1,0.1910815985,0.0244755245,30,isoform,1.0,True,0.1910815985060305,True
ENST00000409821.5,ENSG00000135968.21,GCC2,protein_coding,GCC2-203,protein_coding,ENSP00000387350.1,ENSG00000135968.21;ENST00000409821.5,0.1433889798,0.0304695305,30,isoform,1.0,True,0.1433889797625492,True
ENST00000409359.7,ENSG00000136002.20,ARHGEF4,protein_coding,ARHGEF4-205,protein_coding,ENSP00000386794.3,ENSG00000136002.20;ENST00000409359.7,0.1195657754,0.0364635365,30,isoform,1.0,True,0.1195657754348626,True
ENST00000258530.8,ENSG00000136044.12,APPL2,protein_coding,APPL2-201,protein_coding,ENSP00000258530.3,ENSG00000136044.12;ENST00000258530.8,0.1265397853,0.03996004,30,isoform,1.0,True,0.1265397853262821,True
ENST00000390667.11,ENSG00000136122.18,BORA,protein_coding,BORA-202,protein_coding,ENSP00000375082.6,ENSG00000136122.18;ENST00000390667.11,-0.146644675,0.015984016,30,isoform,1.0,True,-0.1466446750324117,True
ENST00000651376.1,ENSG00000136122.18,BORA,protein_coding,BORA-207,nonsense_mediated_decay,ENSP00000499159.1,ENSG00000136122.18;ENST00000651376.1,0.1486335199,0.0154845155,30,isoform,1.0,True,0.1486335199107853,True
ENST00000378319.8,ENSG00000136147.18,PHF11,protein_coding,PHF11-202,protein_coding,ENSP00000367570.3,ENSG00000136147.18;ENST00000378319.8,0.2007932074,0.0174825175,30,isoform,1.0,True,0.2007932073811838,True
ENST00000349995.10,ENSG00000136152.15,COG3,protein_coding,COG3-201,protein_coding,ENSP00000258654.8,ENSG00000136152.15;ENST00000349995.10,-0.2576006045,0.004995005,30,isoform,1.0,True,-0.2576006045497417,True
ENST00000480547.5,ENSG00000136231.14,IGF2BP3,protein_coding,IGF2BP3-212,retained_intron,,ENSG00000136231.14;ENST00000480547.5,0.137292084,0.003996004,30,isoform,1.0,True,0.1372920839918106,True
ENST00000431926.6,ENSG00000136485.15,DCAF7,protein_coding,DCAF7-202,nonsense_mediated_decay,ENSP00000402312.2,ENSG00000136485.15;ENST00000431926.6,0.2431690115,0.0004995005,30,isoform,1.0,True,0.2431690115159953,True
ENST00000614556.5,ENSG00000136485.15,DCAF7,protein_coding,DCAF7-205,protein_coding,ENSP00000483236.1,ENSG00000136485.15;ENST00000614556.5,-0.2411214197,0.0004995005,30,isoform,1.0,True,-0.2411214196570764,True
ENST00000259119.9,ENSG00000136603.14,SKIL,protein_coding,SKIL-201,protein_coding,ENSP00000259119.4,ENSG00000136603.14;ENST00000259119.9,-0.452487645,0.000999001,30,isoform,1.0,True,-0.4524876450213191,True
ENST00000465590.1,ENSG00000136603.14,SKIL,protein_coding,SKIL-205,processed_transcript,,ENSG00000136603.14;ENST00000465590.1,0.2186431775,0.0124875125,30,isoform,1.0,True,0.218643177493104,True
ENST00000259253.11,ENSG00000136731.13,UGGT1,protein_coding,UGGT1-201,protein_coding,ENSP00000259253.6,ENSG00000136731.13;ENST00000259253.11,-0.1457965923,0.010989011,30,isoform,1.0,True,-0.1457965923456875,True
ENST00000376140.3,ENSG00000136754.17,ABI1,protein_coding,ABI1-206,protein_coding,ENSP00000365310.3,ENSG00000136754.17;ENST00000376140.3,0.1003718618,0.0304695305,30,isoform,1.0,True,0.1003718617962187,True
ENST00000259400.11,ENSG00000136874.11,STX17,protein_coding,STX17-201,protein_coding,ENSP00000259400.6,ENSG00000136874.11;ENST00000259400.11,-0.1409234652,0.0254745255,30,isoform,1.0,True,-0.1409234652316213,True
ENST00000534052.1,ENSG00000136874.11,STX17,protein_coding,STX17-212,protein_coding,ENSP00000433484.1,ENSG00000136874.11;ENST00000534052.1,0.1960329862,0.006993007,30,isoform,1.0,True,0.196032986201792,True
ENST00000377885.6,ENSG00000137075.18,RNF38,protein_coding,RNF38-206,protein_coding,ENSP00000367117.2,ENSG00000137075.18;ENST00000377885.6,0.490531027,0.0024975025,30,isoform,1.0,True,0.4905310269912057,True
ENST00000676266.1,ENSG00000137411.19,VARS2,protein_coding,VARS2-213,protein_coding,ENSP00000502585.1,ENSG00000137411.19;ENST00000676266.1,0.1622930277,0.0044955045,30,isoform,1.0,True,0.1622930276994556,True
ENST00000527633.6,ENSG00000137502.10,RAB30,protein_coding,RAB30-205,protein_coding,ENSP00000435089.1,ENSG00000137502.10;ENST00000527633.6,-0.2285468189,0.0104895105,30,isoform,1.0,True,-0.2285468189186122,True
ENST00000534141.5,ENSG00000137502.10,RAB30,protein_coding,RAB30-214,protein_coding,ENSP00000434974.1,ENSG00000137502.10;ENST00000534141.5,0.1657504215,0.0194805195,30,isoform,1.0,True,0.165750421477473,True
ENST00000361756.8,ENSG00000137522.18,RNF121,protein_coding,RNF121-201,protein_coding,ENSP00000354571.3,ENSG00000137522.18;ENST00000361756.8,0.132308449,0.0104895105,30,isoform,1.0,True,0.1323084489896725,True
ENST00000511633.5,ENSG00000137601.17,NEK1,protein_coding,NEK1-207,protein_coding,ENSP00000423332.1,ENSG00000137601.17;ENST00000511633.5,0.2103881607,0.0374625375,30,isoform,1.0,True,0.2103881606780677,True
ENST00000311129.9,ENSG00000137713.16,PPP2R1B,protein_coding,PPP2R1B-201,protein_coding,ENSP00000311344.5,ENSG00000137713.16;ENST00000311129.9,0.1030396586,0.023976024,30,isoform,1.0,True,0.1030396585795301,True
ENST00000393100.3,ENSG00000137760.15,ALKBH8,protein_coding,ALKBH8-203,nonsense_mediated_decay,ENSP00000376812.3,ENSG00000137760.15;ENST00000393100.3,-0.1504253895,0.0454545455,30,isoform,1.0,True,-0.1504253895077532,True
ENST00000340965.4,ENSG00000137819.14,PAQR5,protein_coding,PAQR5-201,protein_coding,ENSP00000343877.3,ENSG00000137819.14;ENST00000340965.4,-0.1639158042,0.045954046,30,isoform,1.0,True,-0.1639158042412119,True
ENST00000288840.10,ENSG00000137834.15,SMAD6,protein_coding,SMAD6-201,protein_coding,ENSP00000288840.5,ENSG00000137834.15;ENST00000288840.10,0.1048597391,0.0234765235,30,isoform,1.0,True,0.1048597390889712,True
ENST00000260506.12,ENSG00000137942.16,FNBP1L,protein_coding,FNBP1L-201,protein_coding,ENSP00000260506.8,ENSG00000137942.16;ENST00000260506.12,-0.13932108,0.0274725275,30,isoform,1.0,True,-0.1393210799994539,True
ENST00000370253.6,ENSG00000137942.16,FNBP1L,protein_coding,FNBP1L-203,protein_coding,ENSP00000359275.2,ENSG00000137942.16;ENST00000370253.6,0.1547868113,0.020979021,30,isoform,1.0,True,0.1547868112753205,True
ENST00000378727.8,ENSG00000138050.15,THUMPD2,protein_coding,THUMPD2-201,nonsense_mediated_decay,ENSP00000368001.4,ENSG00000138050.15;ENST00000378727.8,0.1160940695,0.01998002,30,isoform,1.0,True,0.1160940695151658,True
ENST00000398951.6,ENSG00000138101.18,DTNB,protein_coding,DTNB-205,nonsense_mediated_decay,ENSP00000381924.2,ENSG00000138101.18;ENST00000398951.6,-0.1613031389,0.0284715285,30,isoform,1.0,True,-0.1613031388818901,True
ENST00000453929.6,ENSG00000138399.18,FASTKD1,protein_coding,FASTKD1-205,protein_coding,ENSP00000403229.2,ENSG00000138399.18;ENST00000453929.6,0.1305055527,0.0064935065,30,isoform,1.0,True,0.1305055526560246,True
ENST00000261017.9,ENSG00000138443.17,ABI2,protein_coding,ABI2-202,protein_coding,ENSP00000261017.5,ENSG00000138443.17;ENST00000261017.9,-0.1268817642,0.0114885115,30,isoform,1.0,True,-0.1268817642458173,True
ENST00000559420.2,ENSG00000138604.10,GLCE,protein_coding,GLCE-202,protein_coding,ENSP00000454092.1,ENSG00000138604.10;ENST00000559420.2,-0.2167014148,0.00999001,30,isoform,1.0,True,-0.2167014147699422,True
ENST00000559798.2,ENSG00000138604.10,GLCE,protein_coding,GLCE-204,processed_transcript,,ENSG00000138604.10;ENST00000559798.2,0.1565744285,0.021978022,30,isoform,1.0,True,0.1565744285209033,True
ENST00000505725.1,ENSG00000138756.17,BMP2K,protein_coding,BMP2K-205,retained_intron,,ENSG00000138756.17;ENST00000505725.1,-0.2619173988,0.0154845155,30,isoform,1.0,True,-0.2619173988367962,True
ENST00000266517.9,ENSG00000139163.16,ETNK1,protein_coding,ETNK1-201,protein_coding,ENSP00000266517.4,ENSG00000139163.16;ENST00000266517.9,-0.2230097486,0.002997003,30,isoform,1.0,True,-0.2230097486340239,True
ENST00000539974.1,ENSG00000139163.16,ETNK1,protein_coding,ETNK1-204,retained_intron,,ENSG00000139163.16;ENST00000539974.1,0.148706593,0.0154845155,30,isoform,1.0,True,0.1487065929847416,True
ENST00000671733.1,ENSG00000139163.16,ETNK1,protein_coding,ETNK1-207,protein_coding,ENSP00000500633.1,ENSG00000139163.16;ENST00000671733.1,0.1111590127,0.025974026,30,isoform,1.0,True,0.1111590126925151,True
ENST00000266546.11,ENSG00000139182.15,CLSTN3,protein_coding,CLSTN3-201,protein_coding,ENSP00000266546.6,ENSG00000139182.15;ENST00000266546.11,0.1899811839,0.0054945055,30,isoform,1.0,True,0.1899811838790666,True
ENST00000537408.1,ENSG00000139182.15,CLSTN3,protein_coding,CLSTN3-207,retained_intron,,ENSG00000139182.15;ENST00000537408.1,-0.1039899367,0.040959041,30,isoform,1.0,True,-0.1039899367299372,True
ENST00000361716.7,ENSG00000139190.16,VAMP1,protein_coding,VAMP1-201,protein_coding,ENSP00000355122.3,ENSG00000139190.16;ENST00000361716.7,-0.1535201007,0.0204795205,30,isoform,1.0,True,-0.1535201007192087,True
ENST00000369367.8,ENSG00000139218.18,SCAF11,protein_coding,SCAF11-202,protein_coding,ENSP00000358374.3,ENSG00000139218.18;ENST00000369367.8,-0.125210983,0.0064935065,30,isoform,1.0,True,-0.1252109830139339,True
ENST00000546406.1,ENSG00000139624.14,CERS5,protein_coding,CERS5-206,retained_intron,,ENSG00000139624.14;ENST00000546406.1,-0.1752685233,0.0034965035,30,isoform,1.0,True,-0.1752685232599829,True
ENST00000550919.5,ENSG00000139624.14,CERS5,protein_coding,CERS5-223,protein_coding,ENSP00000449311.1,ENSG00000139624.14;ENST00000550919.5,0.1423114569,0.0044955045,30,isoform,1.0,True,0.1423114569186113,True
ENST00000326039.3,ENSG00000139835.14,GRTP1,protein_coding,GRTP1-201,protein_coding,ENSP00000321850.3,ENSG00000139835.14;ENST00000326039.3,-0.1237199015,0.016983017,30,isoform,1.0,True,-0.1237199015050206,True
ENST00000556094.1,ENSG00000140153.18,WDR20,protein_coding,WDR20-209,nonsense_mediated_decay,ENSP00000452539.1,ENSG00000140153.18;ENST00000556094.1,0.1131005612,0.028971029,30,isoform,1.0,True,0.1131005612090239,True
ENST00000612191.4,ENSG00000140299.13,BNIP2,protein_coding,BNIP2-213,protein_coding,ENSP00000479818.1,ENSG00000140299.13;ENST00000612191.4,0.1213810809,0.004995005,30,isoform,1.0,True,0.1213810809272515,True
ENST00000267938.9,ENSG00000140367.12,UBE2Q2,protein_coding,UBE2Q2-201,protein_coding,ENSP00000267938.4,ENSG00000140367.12;ENST00000267938.9,0.1253109053,0.041958042,30,isoform,1.0,True,0.1253109052523534,True
ENST00000559718.1,ENSG00000140455.17,USP3,protein_coding,USP3-214,retained_intron,,ENSG00000140455.17;ENST00000559718.1,-0.1894434166,0.0044955045,30,isoform,1.0,True,-0.1894434165723955,True
ENST00000559149.5,ENSG00000140471.17,LINS1,protein_coding,LINS1-202,processed_transcript,,ENSG00000140471.17;ENST00000559149.5,0.1587209222,0.0144855145,30,isoform,1.0,True,0.1587209221704934,True
ENST00000440863.7,ENSG00000140474.14,ULK3,protein_coding,ULK3-201,protein_coding,ENSP00000400312.2,ENSG00000140474.14;ENST00000440863.7,-0.1021061723,0.011988012,30,isoform,1.0,True,-0.1021061722727403,True
ENST00000570276.5,ENSG00000140474.14,ULK3,protein_coding,ULK3-222,retained_intron,,ENSG00000140474.14;ENST00000570276.5,0.1405716846,0.002997003,30,isoform,1.0,True,0.1405716845872159,True
ENST00000396852.9,ENSG00000140987.20,ZSCAN32,protein_coding,ZSCAN32-203,protein_coding,ENSP00000380061.4,ENSG00000140987.20;ENST00000396852.9,0.1643544649,0.018981019,30,isoform,1.0,True,0.1643544649317233,True
ENST00000583226.1,ENSG00000141027.21,NCOR1,protein_coding,NCOR1-223,processed_transcript,,ENSG00000141027.21;ENST00000583226.1,0.1120962963,0.013986014,30,isoform,1.0,True,0.1120962963254062,True
ENST00000268797.12,ENSG00000141098.13,GFOD2,protein_coding,GFOD2-201,protein_coding,ENSP00000268797.7,ENSG00000141098.13;ENST00000268797.12,0.125932556,0.024975025,30,isoform,1.0,True,0.125932556004921,True
ENST00000268896.10,ENSG00000141179.14,PCTP,protein_coding,PCTP-201,protein_coding,ENSP00000268896.4,ENSG00000141179.14;ENST00000268896.10,0.2744103345,0.0094905095,30,isoform,1.0,True,0.2744103345437602,True
ENST00000325214.10,ENSG00000141179.14,PCTP,protein_coding,PCTP-202,protein_coding,ENSP00000325181.5,ENSG00000141179.14;ENST00000325214.10,-0.1609041238,0.0424575425,30,isoform,1.0,True,-0.1609041238312634,True
ENST00000269033.7,ENSG00000141298.19,SSH2,protein_coding,SSH2-201,protein_coding,ENSP00000269033.3,ENSG00000141298.19;ENST00000269033.7,-0.1753882643,0.010989011,30,isoform,1.0,True,-0.1753882642766772,True
ENST00000336990.8,ENSG00000141391.14,PRELID3A,protein_coding,PRELID3A-201,protein_coding,ENSP00000338988.3,ENSG00000141391.14;ENST00000336990.8,-0.1388624079,0.032967033,30,isoform,1.0,True,-0.138862407876612,True
ENST00000440960.6,ENSG00000141391.14,PRELID3A,protein_coding,PRELID3A-202,protein_coding,ENSP00000404700.1,ENSG00000141391.14;ENST00000440960.6,0.2472340365,0.0084915085,30,isoform,1.0,True,0.2472340364536719,True
ENST00000590654.1,ENSG00000141429.13,GALNT1,protein_coding,GALNT1-204,nonsense_mediated_decay,ENSP00000465452.1,ENSG00000141429.13;ENST00000590654.1,-0.1314109602,0.0114885115,30,isoform,1.0,True,-0.1314109601745428,True
ENST00000574954.5,ENSG00000141480.18,ARRB2,protein_coding,ARRB2-216,protein_coding,ENSP00000466344.1,ENSG00000141480.18;ENST00000574954.5,0.1064621063,0.0074925075,30,isoform,1.0,True,0.1064621063382673,True
ENST00000604348.5,ENSG00000141510.18,TP53,protein_coding,TP53-218,protein_coding,ENSP00000473895.1,ENSG00000141510.18;ENST00000604348.5,-0.1407536979,0.002997003,30,isoform,1.0,True,-0.140753697937062,True
ENST00000573474.5,ENSG00000141519.15,CCDC40,protein_coding,CCDC40-209,nonsense_mediated_decay,ENSP00000460432.1,ENSG00000141519.15;ENST00000573474.5,0.1720259096,0.0214785215,30,isoform,1.0,True,0.1720259096034256,True
ENST00000574099.1,ENSG00000141519.15,CCDC40,protein_coding,CCDC40-211,protein_coding,ENSP00000460002.1,ENSG00000141519.15;ENST00000574099.1,0.1767461275,0.0204795205,30,isoform,1.0,True,0.1767461274511063,True
ENST00000576241.1,ENSG00000141519.15,CCDC40,protein_coding,CCDC40-216,retained_intron,,ENSG00000141519.15;ENST00000576241.1,-0.2271065636,0.0114885115,30,isoform,1.0,True,-0.2271065636005096,True
ENST00000335255.10,ENSG00000141568.21,FOXK2,protein_coding,FOXK2-201,protein_coding,ENSP00000335677.5,ENSG00000141568.21;ENST00000335255.10,0.106313227,0.0244755245,30,isoform,1.0,True,0.1063132269961605,True
ENST00000586834.1,ENSG00000141664.10,ZCCHC2,protein_coding,ZCCHC2-204,protein_coding,ENSP00000464791.1,ENSG00000141664.10;ENST00000586834.1,-0.1804769074,0.0234765235,30,isoform,1.0,True,-0.1804769074459271,True
ENST00000447016.6,ENSG00000141956.14,PRDM15,protein_coding,PRDM15-205,nonsense_mediated_decay,ENSP00000431410.1,ENSG00000141956.14;ENST00000447016.6,0.1644511916,0.0234765235,30,isoform,1.0,True,0.1644511915517779,True
ENST00000525776.1,ENSG00000142082.15,SIRT3,protein_coding,SIRT3-205,protein_coding,ENSP00000433132.1,ENSG00000142082.15;ENST00000525776.1,-0.1331034096,0.02997003,30,isoform,1.0,True,-0.1331034095884019,True
ENST00000486023.1,ENSG00000142156.15,COL6A1,protein_coding,COL6A1-204,processed_transcript,,ENSG00000142156.15;ENST00000486023.1,0.2260457115,0.01998002,30,isoform,1.0,True,0.226045711519526,True
ENST00000270861.10,ENSG00000142731.11,PLK4,protein_coding,PLK4-201,protein_coding,ENSP00000270861.5,ENSG00000142731.11;ENST00000270861.10,0.1320032813,0.0194805195,30,isoform,1.0,True,0.1320032812570109,True
ENST00000510605.1,ENSG00000142731.11,PLK4,protein_coding,PLK4-207,retained_intron,,ENSG00000142731.11;ENST00000510605.1,-0.1085036881,0.026973027,30,isoform,1.0,True,-0.1085036881141905,True
ENST00000431781.2,ENSG00000142751.15,GPN2,protein_coding,GPN2-203,protein_coding,ENSP00000408257.2,ENSG00000142751.15;ENST00000431781.2,0.1653694491,0.0044955045,30,isoform,1.0,True,0.1653694490634416,True
ENST00000648566.1,ENSG00000142867.14,BCL10,protein_coding,BCL10-202,protein_coding,ENSP00000498104.1,ENSG00000142867.14;ENST00000648566.1,-0.1709802035,0.0334665335,30,isoform,1.0,True,-0.1709802034930383,True
ENST00000649060.1,ENSG00000142867.14,BCL10,protein_coding,BCL10-203,nonsense_mediated_decay,ENSP00000497490.1,ENSG00000142867.14;ENST00000649060.1,0.2213590611,0.021978022,30,isoform,1.0,True,0.2213590610734413,True
ENST00000451137.7,ENSG00000142871.18,CCN1,protein_coding,CCN1-201,protein_coding,ENSP00000398736.2,ENSG00000142871.18;ENST00000451137.7,-0.1455110696,0.0024975025,30,isoform,1.0,True,-0.1455110695568771,True
ENST00000482305.1,ENSG00000143207.21,COP1,protein_coding,COP1-208,retained_intron,,ENSG00000143207.21;ENST00000482305.1,-0.1481936695,0.0074925075,30,isoform,1.0,True,-0.1481936695120165,True
ENST00000271715.7,ENSG00000143442.22,POGZ,protein_coding,POGZ-201,protein_coding,ENSP00000271715.2,ENSG00000143442.22;ENST00000271715.7,0.1410645416,0.007992008,30,isoform,1.0,True,0.1410645415745262,True
ENST00000368918.8,ENSG00000143458.12,GABPB2,protein_coding,GABPB2-202,protein_coding,ENSP00000357914.3,ENSG00000143458.12;ENST00000368918.8,-0.1444589217,0.0414585415,30,isoform,1.0,True,-0.1444589217440035,True
ENST00000367108.7,ENSG00000143479.17,DYRK3,protein_coding,DYRK3-202,protein_coding,ENSP00000356075.3,ENSG00000143479.17;ENST00000367108.7,0.1751716563,0.021978022,30,isoform,1.0,True,0.1751716562567048,True
ENST00000367109.7,ENSG00000143479.17,DYRK3,protein_coding,DYRK3-203,protein_coding,ENSP00000356076.2,ENSG00000143479.17;ENST00000367109.7,-0.1492957163,0.0324675325,30,isoform,1.0,True,-0.1492957163089264,True
ENST00000352967.9,ENSG00000143498.18,TAF1A,protein_coding,TAF1A-202,protein_coding,ENSP00000327072.6,ENSG00000143498.18;ENST00000352967.9,0.1599619828,0.018981019,30,isoform,1.0,True,0.1599619828370991,True
ENST00000366624.8,ENSG00000143674.11,MAP3K21,protein_coding,MAP3K21-203,protein_coding,ENSP00000355583.3,ENSG00000143674.11;ENST00000366624.8,0.1987714263,0.0204795205,30,isoform,1.0,True,0.1987714262966614,True
ENST00000366862.10,ENSG00000143756.12,FBXO28,protein_coding,FBXO28-201,protein_coding,ENSP00000355827.5,ENSG00000143756.12;ENST00000366862.10,-0.1426350109,0.013986014,30,isoform,1.0,True,-0.142635010901545,True
ENST00000448940.5,ENSG00000143776.18,CDC42BPA,protein_coding,CDC42BPA-209,protein_coding,ENSP00000415388.1,ENSG00000143776.18;ENST00000448940.5,-0.1405567688,0.032967033,30,isoform,1.0,True,-0.1405567688260213,True
ENST00000305997.8,ENSG00000143797.12,MBOAT2,protein_coding,MBOAT2-201,protein_coding,ENSP00000302177.3,ENSG00000143797.12;ENST00000305997.8,-0.2109253846,0.0034965035,30,isoform,1.0,True,-0.2109253845718848,True
ENST00000471753.5,ENSG00000143797.12,MBOAT2,protein_coding,MBOAT2-204,nonsense_mediated_decay,ENSP00000419573.1,ENSG00000143797.12;ENST00000471753.5,0.1865067553,0.0034965035,30,isoform,1.0,True,0.1865067552627518,True
ENST00000416400.1,ENSG00000143952.20,VPS54,protein_coding,VPS54-204,nonsense_mediated_decay,ENSP00000414725.2,ENSG00000143952.20;ENST00000416400.1,-0.152361117,0.033966034,30,isoform,1.0,True,-0.1523611170475697,True
ENST00000331203.7,ENSG00000144152.13,FBLN7,protein_coding,FBLN7-202,protein_coding,ENSP00000331411.2,ENSG00000144152.13;ENST00000331203.7,0.1029070183,0.0344655345,30,isoform,1.0,True,0.1029070183316506,True
ENST00000272748.9,ENSG00000144320.14,LNPK,protein_coding,LNPK-201,protein_coding,ENSP00000272748.4,ENSG00000144320.14;ENST00000272748.9,-0.1510141631,0.0084915085,30,isoform,1.0,True,-0.1510141630605307,True
ENST00000449802.5,ENSG00000144426.18,NBEAL1,protein_coding,NBEAL1-203,protein_coding,ENSP00000399903.1,ENSG00000144426.18;ENST00000449802.5,-0.2207944982,0.038961039,30,isoform,1.0,True,-0.2207944982138852,True
ENST00000478884.5,ENSG00000144426.18,NBEAL1,protein_coding,NBEAL1-207,processed_transcript,,ENSG00000144426.18;ENST00000478884.5,0.1907283788,0.0484515485,30,isoform,1.0,True,0.1907283788062664,True
ENST00000398559.7,ENSG00000144747.17,TMF1,protein_coding,TMF1-201,protein_coding,ENSP00000381567.2,ENSG00000144747.17;ENST00000398559.7,-0.203379246,0.0124875125,30,isoform,1.0,True,-0.2033792460095015,True
ENST00000488010.5,ENSG00000144747.17,TMF1,protein_coding,TMF1-203,nonsense_mediated_decay,ENSP00000419330.1,ENSG00000144747.17;ENST00000488010.5,0.1476965833,0.0284715285,30,isoform,1.0,True,0.1476965833270568,True
ENST00000326172.9,ENSG00000144802.11,NFKBIZ,protein_coding,NFKBIZ-202,protein_coding,ENSP00000325663.5,ENSG00000144802.11;ENST00000326172.9,-0.1743299858,0.036963037,30,isoform,1.0,True,-0.1743299858009556,True
ENST00000347147.8,ENSG00000145014.17,TMEM44,protein_coding,TMEM44-202,protein_coding,ENSP00000333355.6,ENSG00000145014.17;ENST00000347147.8,0.1318108098,0.015984016,30,isoform,1.0,True,0.1318108097556123,True
ENST00000361687.8,ENSG00000145348.17,TBCK,protein_coding,TBCK-202,protein_coding,ENSP00000355338.4,ENSG00000145348.17;ENST00000361687.8,0.186228922,0.038961039,30,isoform,1.0,True,0.1862289220080614,True
ENST00000507597.5,ENSG00000145390.11,USP53,protein_coding,USP53-203,processed_transcript,,ENSG00000145390.11;ENST00000507597.5,0.240952276,0.0324675325,30,isoform,1.0,True,0.2409522759749779,True
ENST00000509769.5,ENSG00000145390.11,USP53,protein_coding,USP53-205,nonsense_mediated_decay,ENSP00000426628.1,ENSG00000145390.11;ENST00000509769.5,-0.2030089229,0.0414585415,30,isoform,1.0,True,-0.2030089228858458,True
ENST00000456692.6,ENSG00000145715.15,RASA1,protein_coding,RASA1-202,protein_coding,ENSP00000411221.2,ENSG00000145715.15;ENST00000456692.6,-0.1012797015,0.038961039,30,isoform,1.0,True,-0.1012797015169708,True
ENST00000508629.5,ENSG00000145723.17,GIN1,protein_coding,GIN1-203,protein_coding,ENSP00000427162.1,ENSG00000145723.17;ENST00000508629.5,-0.1620137155,0.0344655345,30,isoform,1.0,True,-0.1620137155387365,True
ENST00000509597.5,ENSG00000145725.20,PPIP5K2,protein_coding,PPIP5K2-210,protein_coding,ENSP00000424948.1,ENSG00000145725.20;ENST00000509597.5,-0.1015719328,0.027972028,30,isoform,1.0,True,-0.101571932832195,True
ENST00000515845.5,ENSG00000145725.20,PPIP5K2,protein_coding,PPIP5K2-214,protein_coding,ENSP00000421513.1,ENSG00000145725.20;ENST00000515845.5,0.1606454342,0.006993007,30,isoform,1.0,True,0.1606454341759033,True
ENST00000518658.1,ENSG00000145919.11,BOD1,protein_coding,BOD1-207,retained_intron,,ENSG00000145919.11;ENST00000518658.1,-0.1112122584,0.0074925075,30,isoform,1.0,True,-0.1112122583883632,True
ENST00000380274.2,ENSG00000145945.7,FAM50B,protein_coding,FAM50B-201,protein_coding,ENSP00000369627.1,ENSG00000145945.7;ENST00000380274.2,-0.1039998961,0.0354645355,30,isoform,1.0,True,-0.1039998960719029,True
ENST00000648326.1,ENSG00000145945.7,FAM50B,protein_coding,FAM50B-202,protein_coding,ENSP00000496837.1,ENSG00000145945.7;ENST00000648326.1,0.1039998961,0.0354645355,30,isoform,1.0,True,0.1039998960719028,True
ENST00000275053.8,ENSG00000146263.11,MMS22L,protein_coding,MMS22L-201,protein_coding,ENSP00000275053.4,ENSG00000146263.11;ENST00000275053.8,-0.1633821433,0.010989011,30,isoform,1.0,True,-0.1633821432853388,True
ENST00000521654.6,ENSG00000146373.16,RNF217,protein_coding,RNF217-210,protein_coding,ENSP00000428698.2,ENSG00000146373.16;ENST00000521654.6,-0.2523540895,0.024975025,30,isoform,1.0,True,-0.2523540895468498,True
ENST00000560949.5,ENSG00000146373.16,RNF217,protein_coding,RNF217-211,protein_coding,ENSP00000452812.2,ENSG00000146373.16;ENST00000560949.5,0.1893329804,0.040959041,30,isoform,1.0,True,0.1893329804368556,True
ENST00000468078.1,ENSG00000146574.15,CCZ1B,protein_coding,CCZ1B-207,retained_intron,,ENSG00000146574.15;ENST00000468078.1,-0.1791961828,0.0064935065,30,isoform,1.0,True,-0.1791961828425961,True
ENST00000626257.2,ENSG00000146574.15,CCZ1B,protein_coding,CCZ1B-215,protein_coding,ENSP00000487253.1,ENSG00000146574.15;ENST00000626257.2,0.1098453911,0.0164835165,30,isoform,1.0,True,0.1098453910672727,True
ENST00000470260.1,ENSG00000146826.17,MAP11,protein_coding,MAP11-208,retained_intron,,ENSG00000146826.17;ENST00000470260.1,-0.1061986676,0.018981019,30,isoform,1.0,True,-0.106198667623093,True
ENST00000354161.8,ENSG00000146828.18,SLC12A9,protein_coding,SLC12A9-201,protein_coding,ENSP00000275730.4,ENSG00000146828.18;ENST00000354161.8,0.1322940595,0.0194805195,30,isoform,1.0,True,0.1322940594731204,True
ENST00000475687.5,ENSG00000146828.18,SLC12A9,protein_coding,SLC12A9-211,retained_intron,,ENSG00000146828.18;ENST00000475687.5,-0.1014165237,0.0284715285,30,isoform,1.0,True,-0.1014165236936956,True
ENST00000354241.5,ENSG00000146833.15,TRIM4,protein_coding,TRIM4-202,protein_coding,ENSP00000346186.5,ENSG00000146833.15;ENST00000354241.5,0.113639121,0.045954046,30,isoform,1.0,True,0.1136391210398906,True
ENST00000470839.1,ENSG00000146856.14,AGBL3,protein_coding,AGBL3-205,retained_intron,,ENSG00000146856.14;ENST00000470839.1,-0.2088471993,0.041958042,30,isoform,1.0,True,-0.2088471993106673,True
ENST00000494702.2,ENSG00000146856.14,AGBL3,protein_coding,AGBL3-207,processed_transcript,,ENSG00000146856.14;ENST00000494702.2,0.2609736358,0.0284715285,30,isoform,1.0,True,0.2609736358443099,True
ENST00000298190.10,ENSG00000147121.16,KRBOX4,protein_coding,KRBOX4-201,protein_coding,ENSP00000298190.6,ENSG00000147121.16;ENST00000298190.10,0.1092922718,0.0274725275,30,isoform,1.0,True,0.1092922718421824,True
ENST00000522468.1,ENSG00000147421.18,HMBOX1,protein_coding,HMBOX1-209,nonsense_mediated_decay,ENSP00000429854.1,ENSG00000147421.18;ENST00000522468.1,-0.1913944791,0.0204795205,30,isoform,1.0,True,-0.1913944791355746,True
ENST00000316985.7,ENSG00000147548.17,NSD3,protein_coding,NSD3-201,protein_coding,ENSP00000313410.3,ENSG00000147548.17;ENST00000316985.7,0.1513938811,0.0134865135,30,isoform,1.0,True,0.1513938811377832,True
ENST00000317025.13,ENSG00000147548.17,NSD3,protein_coding,NSD3-202,protein_coding,ENSP00000313983.7,ENSG00000147548.17;ENST00000317025.13,-0.1494064168,0.0144855145,30,isoform,1.0,True,-0.1494064167617032,True
ENST00000276590.5,ENSG00000147592.9,LACTB2,protein_coding,LACTB2-201,protein_coding,ENSP00000276590.4,ENSG00000147592.9;ENST00000276590.5,0.1275854531,0.011988012,30,isoform,1.0,True,0.1275854531317963,True
ENST00000522447.5,ENSG00000147592.9,LACTB2,protein_coding,LACTB2-203,protein_coding,ENSP00000428801.1,ENSG00000147592.9;ENST00000522447.5,-0.1187919846,0.014985015,30,isoform,1.0,True,-0.1187919845955048,True
ENST00000380959.7,ENSG00000147862.17,NFIB,protein_coding,NFIB-205,protein_coding,ENSP00000370346.3,ENSG00000147862.17;ENST00000380959.7,-0.1195269434,0.045954046,30,isoform,1.0,True,-0.1195269434071659,True
ENST00000374242.9,ENSG00000148153.14,INIP,protein_coding,INIP-203,protein_coding,ENSP00000363360.3,ENSG00000148153.14;ENST00000374242.9,-0.1142808516,0.017982018,30,isoform,1.0,True,-0.1142808515969802,True
ENST00000359204.5,ENSG00000148690.12,FRA10AC1,protein_coding,FRA10AC1-201,protein_coding,ENSP00000360488.3,ENSG00000148690.12;ENST00000359204.5,0.1340894942,0.0354645355,30,isoform,1.0,True,0.1340894942177311,True
ENST00000469480.1,ENSG00000149016.16,TUT1,protein_coding,TUT1-204,retained_intron,,ENSG00000149016.16;ENST00000469480.1,-0.1135070317,0.0164835165,30,isoform,1.0,True,-0.113507031720958,True
ENST00000545264.1,ENSG00000149231.15,CCDC82,protein_coding,CCDC82-208,retained_intron,,ENSG00000149231.15;ENST00000545264.1,-0.1250546334,0.031968032,30,isoform,1.0,True,-0.1250546333674909,True
ENST00000527296.1,ENSG00000149308.17,NPAT,protein_coding,NPAT-202,protein_coding,ENSP00000436510.1,ENSG00000149308.17;ENST00000527296.1,-0.1773387221,0.028971029,30,isoform,1.0,True,-0.1773387220715978,True
ENST00000530859.1,ENSG00000149308.17,NPAT,protein_coding,NPAT-203,retained_intron,,ENSG00000149308.17;ENST00000530859.1,0.2223626017,0.014985015,30,isoform,1.0,True,0.2223626017355696,True
ENST00000492286.1,ENSG00000149474.13,KAT14,protein_coding,KAT14-207,processed_transcript,,ENSG00000149474.13;ENST00000492286.1,0.1284688871,0.044955045,30,isoform,1.0,True,0.1284688871321833,True
ENST00000278849.4,ENSG00000149503.13,INCENP,protein_coding,INCENP-201,protein_coding,ENSP00000278849.4,ENSG00000149503.13;ENST00000278849.4,0.1033871546,0.0234765235,30,isoform,1.0,True,0.1033871546198728,True
ENST00000278927.10,ENSG00000149564.12,ESAM,protein_coding,ESAM-201,protein_coding,ENSP00000278927.5,ENSG00000149564.12;ENST00000278927.10,0.1273233718,0.0404595405,30,isoform,1.0,True,0.1273233717557257,True
ENST00000350119.9,ENSG00000149927.18,DOC2A,protein_coding,DOC2A-201,protein_coding,ENSP00000340017.4,ENSG00000149927.18;ENST00000350119.9,-0.2493069622,0.013986014,30,isoform,1.0,True,-0.249306962165444,True
ENST00000393047.8,ENSG00000150776.18,NKAPD1,protein_coding,NKAPD1-202,protein_coding,ENSP00000376767.3,ENSG00000150776.18;ENST00000393047.8,-0.1260033432,0.018981019,30,isoform,1.0,True,-0.1260033432183154,True
ENST00000320750.10,ENSG00000151116.17,UEVLD,protein_coding,UEVLD-202,protein_coding,ENSP00000323353.6,ENSG00000151116.17;ENST00000320750.10,-0.1909721044,0.015984016,30,isoform,1.0,True,-0.1909721043954224,True
ENST00000543987.5,ENSG00000151116.17,UEVLD,protein_coding,UEVLD-213,protein_coding,ENSP00000442974.1,ENSG00000151116.17;ENST00000543987.5,0.2150701012,0.011988012,30,isoform,1.0,True,0.2150701012018146,True
ENST00000622317.5,ENSG00000151131.11,C12orf45,protein_coding,C12orf45-205,protein_coding,ENSP00000477543.2,ENSG00000151131.11;ENST00000622317.5,0.1197466366,0.0144855145,30,isoform,1.0,True,0.1197466365941566,True
ENST00000280876.6,ENSG00000151233.11,GXYLT1,protein_coding,GXYLT1-201,protein_coding,ENSP00000280876.6,ENSG00000151233.11;ENST00000280876.6,0.1453599039,0.0284715285,30,isoform,1.0,True,0.1453599038509381,True
ENST00000398675.8,ENSG00000151233.11,GXYLT1,protein_coding,GXYLT1-202,protein_coding,ENSP00000381666.3,ENSG00000151233.11;ENST00000398675.8,-0.1453599039,0.0284715285,30,isoform,1.0,True,-0.145359903850938,True
ENST00000281092.9,ENSG00000151422.13,FER,protein_coding,FER-201,protein_coding,ENSP00000281092.4,ENSG00000151422.13;ENST00000281092.9,-0.4469560564,0.002997003,30,isoform,1.0,True,-0.4469560563599112,True
ENST00000438717.6,ENSG00000151422.13,FER,protein_coding,FER-202,protein_coding,ENSP00000394297.4,ENSG00000151422.13;ENST00000438717.6,0.2670995101,0.013986014,30,isoform,1.0,True,0.2670995100995489,True
ENST00000281146.9,ENSG00000151470.13,C4orf33,protein_coding,C4orf33-201,protein_coding,ENSP00000281146.4,ENSG00000151470.13;ENST00000281146.9,-0.1514467943,0.046953047,30,isoform,1.0,True,-0.1514467942580764,True
ENST00000425929.6,ENSG00000151470.13,C4orf33,protein_coding,C4orf33-202,protein_coding,ENSP00000401090.1,ENSG00000151470.13;ENST00000425929.6,0.1825015923,0.0314685315,30,isoform,1.0,True,0.182501592261066,True
ENST00000463666.5,ENSG00000151657.12,KIN,protein_coding,KIN-203,processed_transcript,,ENSG00000151657.12;ENST00000463666.5,0.1644254169,0.0274725275,30,isoform,1.0,True,0.164425416895087,True
ENST00000281416.11,ENSG00000151690.15,MFSD6,protein_coding,MFSD6-201,protein_coding,ENSP00000281416.7,ENSG00000151690.15;ENST00000281416.11,0.1237959034,0.025974026,30,isoform,1.0,True,0.1237959033588637,True
ENST00000310823.8,ENSG00000151694.14,ADAM17,protein_coding,ADAM17-201,protein_coding,ENSP00000309968.3,ENSG00000151694.14;ENST00000310823.8,-0.1787163229,0.00999001,30,isoform,1.0,True,-0.1787163228507606,True
ENST00000324679.5,ENSG00000151748.15,SAV1,protein_coding,SAV1-201,protein_coding,ENSP00000324729.4,ENSG00000151748.15;ENST00000324679.5,-0.1163017403,0.0384615385,30,isoform,1.0,True,-0.1163017402586948,True
ENST00000402364.1,ENSG00000151835.16,SACS,protein_coding,SACS-202,protein_coding,ENSP00000385844.1,ENSG00000151835.16;ENST00000402364.1,-0.2200638509,0.015984016,30,isoform,1.0,True,-0.2200638508889704,True
ENST00000423156.2,ENSG00000151835.16,SACS,protein_coding,SACS-203,protein_coding,ENSP00000390925.2,ENSG00000151835.16;ENST00000423156.2,0.2200638509,0.015984016,30,isoform,1.0,True,0.2200638508889703,True
ENST00000545981.5,ENSG00000151849.15,CENPJ,protein_coding,CENPJ-205,protein_coding,ENSP00000441090.2,ENSG00000151849.15;ENST00000545981.5,0.161895526,0.0184815185,30,isoform,1.0,True,0.1618955260214865,True
ENST00000282032.4,ENSG00000152219.5,ARL14EP,protein_coding,ARL14EP-201,protein_coding,ENSP00000282032.3,ENSG00000152219.5;ENST00000282032.4,0.1017610039,0.0364635365,30,isoform,1.0,True,0.1017610038506208,True
ENST00000282041.11,ENSG00000152223.15,EPG5,protein_coding,EPG5-201,protein_coding,ENSP00000282041.4,ENSG00000152223.15;ENST00000282041.11,0.2136023544,0.034965035,30,isoform,1.0,True,0.2136023543545749,True
ENST00000282344.11,ENSG00000152484.14,USP12,protein_coding,USP12-201,protein_coding,ENSP00000282344.6,ENSG00000152484.14;ENST00000282344.11,-0.1112604552,0.024975025,30,isoform,1.0,True,-0.1112604552006468,True
ENST00000620323.1,ENSG00000152484.14,USP12,protein_coding,USP12-203,protein_coding,ENSP00000478929.1,ENSG00000152484.14;ENST00000620323.1,0.1135731714,0.0234765235,30,isoform,1.0,True,0.1135731714312779,True
ENST00000392456.4,ENSG00000152492.15,CCDC50,protein_coding,CCDC50-202,protein_coding,ENSP00000376250.4,ENSG00000152492.15;ENST00000392456.4,0.1045559616,0.024975025,30,isoform,1.0,True,0.1045559615806843,True
ENST00000380958.8,ENSG00000152520.14,PAN3,protein_coding,PAN3-201,protein_coding,ENSP00000370345.3,ENSG00000152520.14;ENST00000380958.8,0.2399508229,0.0104895105,30,isoform,1.0,True,0.239950822878249,True
ENST00000399613.1,ENSG00000152520.14,PAN3,protein_coding,PAN3-202,protein_coding,ENSP00000382522.1,ENSG00000152520.14;ENST00000399613.1,-0.2243809571,0.013986014,30,isoform,1.0,True,-0.2243809571435429,True
ENST00000282512.7,ENSG00000152620.13,NADK2,protein_coding,NADK2-201,protein_coding,ENSP00000282512.3,ENSG00000152620.13;ENST00000282512.7,0.1131676906,0.0234765235,30,isoform,1.0,True,0.1131676905739373,True
ENST00000274311.3,ENSG00000152684.11,PELO,protein_coding,PELO-201,protein_coding,ENSP00000274311.2,ENSG00000152684.11;ENST00000274311.3,-0.1335014833,0.0234765235,30,isoform,1.0,True,-0.1335014832676315,True
ENST00000506949.1,ENSG00000152684.11,PELO,protein_coding,PELO-202,processed_transcript,,ENSG00000152684.11;ENST00000506949.1,0.1335014833,0.0234765235,30,isoform,1.0,True,0.1335014832676316,True
ENST00000507721.5,ENSG00000152795.17,HNRNPDL,protein_coding,HNRNPDL-204,protein_coding,ENSP00000480156.1,ENSG00000152795.17;ENST00000507721.5,-0.1148337342,0.0024975025,30,isoform,1.0,True,-0.114833734202614,True
ENST00000433557.1,ENSG00000152818.18,UTRN,protein_coding,UTRN-208,protein_coding,ENSP00000390879.1,ENSG00000152818.18;ENST00000433557.1,0.1338986143,0.032967033,30,isoform,1.0,True,0.1338986143328379,True
ENST00000495198.6,ENSG00000153006.16,SREK1IP1,protein_coding,SREK1IP1-201,retained_intron,,ENSG00000153006.16;ENST00000495198.6,0.1771827918,0.0264735265,30,isoform,1.0,True,0.1771827918414422,True
ENST00000513458.9,ENSG00000153006.16,SREK1IP1,protein_coding,SREK1IP1-204,protein_coding,ENSP00000427401.3,ENSG00000153006.16;ENST00000513458.9,-0.218717161,0.012987013,30,isoform,1.0,True,-0.2187171610059905,True
ENST00000394201.8,ENSG00000153130.17,SCOC,protein_coding,SCOC-202,protein_coding,ENSP00000377751.4,ENSG00000153130.17;ENST00000394201.8,0.1039177968,0.0124875125,30,isoform,1.0,True,0.1039177967993569,True
ENST00000614192.4,ENSG00000153130.17,SCOC,protein_coding,SCOC-211,protein_coding,ENSP00000477812.1,ENSG00000153130.17;ENST00000614192.4,-0.1287045465,0.0054945055,30,isoform,1.0,True,-0.1287045465313509,True
ENST00000518721.6,ENSG00000153317.15,ASAP1,protein_coding,ASAP1-202,protein_coding,ENSP00000429900.1,ENSG00000153317.15;ENST00000518721.6,-0.1128736326,0.01998002,30,isoform,1.0,True,-0.1128736326305843,True
ENST00000465248.1,ENSG00000153551.14,CMTM7,protein_coding,CMTM7-205,protein_coding,ENSP00000440333.1,ENSG00000153551.14;ENST00000465248.1,0.1182714839,0.045954046,30,isoform,1.0,True,0.1182714838741511,True
ENST00000283627.10,ENSG00000153558.16,FBXL2,protein_coding,FBXL2-201,processed_transcript,,ENSG00000153558.16;ENST00000283627.10,0.1446335311,0.0394605395,30,isoform,1.0,True,0.1446335311444872,True
ENST00000283875.6,ENSG00000153767.10,GTF2E1,protein_coding,GTF2E1-201,protein_coding,ENSP00000283875.5,ENSG00000153767.10;ENST00000283875.6,-0.1413011945,0.0164835165,30,isoform,1.0,True,-0.1413011945226578,True
ENST00000497393.1,ENSG00000153767.10,GTF2E1,protein_coding,GTF2E1-205,retained_intron,,ENSG00000153767.10;ENST00000497393.1,0.2185910311,0.0054945055,30,isoform,1.0,True,0.2185910311408148,True
ENST00000530971.1,ENSG00000153898.13,MCOLN2,protein_coding,MCOLN2-204,retained_intron,,ENSG00000153898.13;ENST00000530971.1,-0.1231815586,0.028971029,30,isoform,1.0,True,-0.1231815586308204,True
ENST00000284049.7,ENSG00000153922.11,CHD1,protein_coding,CHD1-201,protein_coding,ENSP00000284049.3,ENSG00000153922.11;ENST00000284049.7,0.1187469611,0.01998002,30,isoform,1.0,True,0.1187469611293182,True
ENST00000284061.8,ENSG00000153933.10,DGKE,protein_coding,DGKE-201,protein_coding,ENSP00000284061.3,ENSG00000153933.10;ENST00000284061.8,-0.162858844,0.036963037,30,isoform,1.0,True,-0.1628588439625201,True
ENST00000581523.5,ENSG00000153944.12,MSI2,protein_coding,MSI2-213,processed_transcript,,ENSG00000153944.12;ENST00000581523.5,0.1110009885,0.0084915085,30,isoform,1.0,True,0.1110009885368184,True
ENST00000578221.1,ENSG00000154059.11,IMPACT,protein_coding,IMPACT-202,protein_coding,ENSP00000464363.1,ENSG00000154059.11;ENST00000578221.1,-0.146271449,0.010989011,30,isoform,1.0,True,-0.1462714490149703,True
ENST00000585067.5,ENSG00000154059.11,IMPACT,protein_coding,IMPACT-206,protein_coding,ENSP00000462769.2,ENSG00000154059.11;ENST00000585067.5,0.1779688465,0.004995005,30,isoform,1.0,True,0.1779688465058003,True
ENST00000284274.5,ENSG00000154124.5,OTULIN,protein_coding,OTULIN-201,protein_coding,ENSP00000284274.4,ENSG00000154124.5;ENST00000284274.5,-0.1094875659,0.013986014,30,isoform,1.0,True,-0.1094875659241824,True
ENST00000530731.5,ENSG00000154144.13,TBRG1,protein_coding,TBRG1-208,nonsense_mediated_decay,ENSP00000436238.1,ENSG00000154144.13;ENST00000530731.5,0.1443525632,0.0154845155,30,isoform,1.0,True,0.144352563231757,True
ENST00000284551.11,ENSG00000154370.16,TRIM11,protein_coding,TRIM11-201,protein_coding,ENSP00000284551.6,ENSG00000154370.16;ENST00000284551.11,0.1183050364,0.0114885115,30,isoform,1.0,True,0.1183050363757785,True
ENST00000284878.12,ENSG00000154639.19,CXADR,protein_coding,CXADR-201,protein_coding,ENSP00000284878.7,ENSG00000154639.19;ENST00000284878.12,-0.1337274817,0.0244755245,30,isoform,1.0,True,-0.133727481735118,True
ENST00000400169.1,ENSG00000154639.19,CXADR,protein_coding,CXADR-205,protein_coding,ENSP00000383033.1,ENSG00000154639.19;ENST00000400169.1,0.1303333423,0.0244755245,30,isoform,1.0,True,0.1303333422638663,True
ENST00000354828.7,ENSG00000154727.10,GABPA,protein_coding,GABPA-201,protein_coding,ENSP00000346886.3,ENSG00000154727.10;ENST00000354828.7,0.178780572,0.0214785215,30,isoform,1.0,True,0.1787805719979494,True
ENST00000400075.3,ENSG00000154727.10,GABPA,protein_coding,GABPA-202,protein_coding,ENSP00000382948.3,ENSG00000154727.10;ENST00000400075.3,-0.1708540653,0.025974026,30,isoform,1.0,True,-0.1708540653405328,True
ENST00000400555.7,ENSG00000154845.15,PPP4R1,protein_coding,PPP4R1-202,protein_coding,ENSP00000383401.3,ENSG00000154845.15;ENST00000400555.7,0.1474972552,0.0044955045,30,isoform,1.0,True,0.1474972551761436,True
ENST00000518857.5,ENSG00000155097.12,ATP6V1C1,protein_coding,ATP6V1C1-203,protein_coding,ENSP00000428204.1,ENSG00000155097.12;ENST00000518857.5,0.1407269156,0.0094905095,30,isoform,1.0,True,0.140726915602057,True
ENST00000389737.5,ENSG00000155275.19,TRMT44,protein_coding,TRMT44-201,protein_coding,ENSP00000374387.4,ENSG00000155275.19;ENST00000389737.5,-0.150482841,0.02997003,30,isoform,1.0,True,-0.1504828409570426,True
ENST00000528167.1,ENSG00000155275.19,TRMT44,protein_coding,TRMT44-206,processed_transcript,,ENSG00000155275.19;ENST00000528167.1,0.1315738641,0.038961039,30,isoform,1.0,True,0.1315738641432847,True
ENST00000285697.9,ENSG00000155330.10,C16orf87,protein_coding,C16orf87-201,protein_coding,ENSP00000285697.4,ENSG00000155330.10;ENST00000285697.9,-0.178140276,0.0114885115,30,isoform,1.0,True,-0.1781402760359345,True
ENST00000381213.7,ENSG00000155545.20,MIER3,protein_coding,MIER3-203,protein_coding,ENSP00000370611.3,ENSG00000155545.20;ENST00000381213.7,-0.1345926476,0.035964036,30,isoform,1.0,True,-0.134592647624035,True
ENST00000286070.10,ENSG00000155636.15,RBM45,protein_coding,RBM45-201,protein_coding,ENSP00000286070.5,ENSG00000155636.15;ENST00000286070.10,0.1898843431,0.010989011,30,isoform,1.0,True,0.1898843430996007,True
ENST00000351429.7,ENSG00000156239.12,N6AMT1,protein_coding,N6AMT1-202,protein_coding,ENSP00000286764.4,ENSG00000156239.12;ENST00000351429.7,-0.133391341,0.034965035,30,isoform,1.0,True,-0.1333913409604047,True
ENST00000460212.1,ENSG00000156239.12,N6AMT1,protein_coding,N6AMT1-203,nonsense_mediated_decay,ENSP00000436490.1,ENSG00000156239.12;ENST00000460212.1,0.147894969,0.0284715285,30,isoform,1.0,True,0.1478949689709123,True
ENST00000459894.6,ENSG00000156398.13,SFXN2,protein_coding,SFXN2-202,nonsense_mediated_decay,ENSP00000473325.1,ENSG00000156398.13;ENST00000459894.6,-0.3071047899,0.0034965035,30,isoform,1.0,True,-0.3071047898893768,True
ENST00000480358.6,ENSG00000156398.13,SFXN2,protein_coding,SFXN2-203,nonsense_mediated_decay,ENSP00000473504.1,ENSG00000156398.13;ENST00000480358.6,0.3359490194,0.0024975025,30,isoform,1.0,True,0.3359490194357695,True
ENST00000425053.5,ENSG00000156976.17,EIF4A2,protein_coding,EIF4A2-202,nonsense_mediated_decay,ENSP00000413529.1,ENSG00000156976.17;ENST00000425053.5,0.1122030286,0.005994006,30,isoform,1.0,True,0.1122030286040994,True
ENST00000446231.7,ENSG00000157106.17,SMG1,protein_coding,SMG1-202,protein_coding,ENSP00000402515.3,ENSG00000157106.17;ENST00000446231.7,-0.1191973823,0.041958042,30,isoform,1.0,True,-0.1191973823109139,True
ENST00000478571.1,ENSG00000157181.16,ODR4,protein_coding,ODR4-205,processed_transcript,,ENSG00000157181.16;ENST00000478571.1,-0.1191234546,0.017982018,30,isoform,1.0,True,-0.11912345458009,True
ENST00000404141.6,ENSG00000157212.19,PAXIP1,protein_coding,PAXIP1-202,protein_coding,ENSP00000384048.1,ENSG00000157212.19;ENST00000404141.6,0.1151055679,0.0334665335,30,isoform,1.0,True,0.1151055678771608,True
ENST00000493878.1,ENSG00000157259.8,GATAD1,protein_coding,GATAD1-203,retained_intron,,ENSG00000157259.8;ENST00000493878.1,-0.146561768,0.022977023,30,isoform,1.0,True,-0.1465617680057561,True
ENST00000205214.11,ENSG00000157426.14,AASDH,protein_coding,AASDH-201,protein_coding,ENSP00000205214.6,ENSG00000157426.14;ENST00000205214.11,0.2760053944,0.00999001,30,isoform,1.0,True,0.2760053943508757,True
ENST00000513376.5,ENSG00000157426.14,AASDH,protein_coding,AASDH-207,protein_coding,ENSP00000423760.1,ENSG00000157426.14;ENST00000513376.5,-0.2061129024,0.0224775225,30,isoform,1.0,True,-0.2061129024075337,True
ENST00000496384.7,ENSG00000157764.14,BRAF,protein_coding,BRAF-204,protein_coding,ENSP00000419060.2,ENSG00000157764.14;ENST00000496384.7,-0.2073837617,0.021978022,30,isoform,1.0,True,-0.2073837617323473,True
ENST00000497784.2,ENSG00000157764.14,BRAF,protein_coding,BRAF-205,nonsense_mediated_decay,ENSP00000420119.2,ENSG00000157764.14;ENST00000497784.2,0.1607198583,0.0394605395,30,isoform,1.0,True,0.1607198582769087,True
ENST00000336665.9,ENSG00000157985.19,AGAP1,protein_coding,AGAP1-202,protein_coding,ENSP00000338378.5,ENSG00000157985.19;ENST00000336665.9,0.1251956647,0.034965035,30,isoform,1.0,True,0.125195664726479,True
ENST00000288943.5,ENSG00000158050.5,DUSP2,protein_coding,DUSP2-201,protein_coding,ENSP00000288943.4,ENSG00000158050.5;ENST00000288943.5,-0.1174318908,0.002997003,30,isoform,1.0,True,-0.1174318908191499,True
ENST00000488952.1,ENSG00000158050.5,DUSP2,protein_coding,DUSP2-202,retained_intron,,ENSG00000158050.5;ENST00000488952.1,0.1174318908,0.002997003,30,isoform,1.0,True,0.1174318908191501,True
ENST00000289316.2,ENSG00000158373.8,H2BC5,protein_coding,H2BC5-201,protein_coding,ENSP00000289316.2,ENSG00000158373.8;ENST00000289316.2,-0.1880372301,0.0004995005,30,isoform,1.0,True,-0.1880372301067545,True
ENST00000377777.5,ENSG00000158373.8,H2BC5,protein_coding,H2BC5-202,protein_coding,ENSP00000367008.4,ENSG00000158373.8;ENST00000377777.5,0.1880372301,0.0004995005,30,isoform,1.0,True,0.1880372301067545,True
ENST00000325006.7,ENSG00000158467.16,AHCYL2,protein_coding,AHCYL2-201,protein_coding,ENSP00000315931.3,ENSG00000158467.16;ENST00000325006.7,-0.1774617687,0.0144855145,30,isoform,1.0,True,-0.1774617687282518,True
ENST00000446544.6,ENSG00000158467.16,AHCYL2,protein_coding,AHCYL2-202,protein_coding,ENSP00000413639.2,ENSG00000158467.16;ENST00000446544.6,0.1771242574,0.0144855145,30,isoform,1.0,True,0.1771242574305794,True
ENST00000529721.5,ENSG00000158555.15,GDPD5,protein_coding,GDPD5-209,protein_coding,ENSP00000433214.1,ENSG00000158555.15;ENST00000529721.5,0.1315677244,0.0264735265,30,isoform,1.0,True,0.1315677243577303,True
ENST00000289703.8,ENSG00000158711.14,ELK4,protein_coding,ELK4-201,protein_coding,ENSP00000289703.4,ENSG00000158711.14;ENST00000289703.8,0.3075924007,0.002997003,30,isoform,1.0,True,0.3075924007368661,True
ENST00000357992.9,ENSG00000158711.14,ELK4,protein_coding,ELK4-202,protein_coding,ENSP00000350681.4,ENSG00000158711.14;ENST00000357992.9,-0.3765823151,0.0024975025,30,isoform,1.0,True,-0.3765823150538021,True
ENST00000367987.1,ENSG00000158882.15,TOMM40L,protein_coding,TOMM40L-201,protein_coding,ENSP00000356966.1,ENSG00000158882.15;ENST00000367987.1,-0.160946665,0.0164835165,30,isoform,1.0,True,-0.1609466650113298,True
ENST00000367988.8,ENSG00000158882.15,TOMM40L,protein_coding,TOMM40L-202,protein_coding,ENSP00000356967.3,ENSG00000158882.15;ENST00000367988.8,0.1628686008,0.014985015,30,isoform,1.0,True,0.1628686007653646,True
ENST00000344691.8,ENSG00000159216.19,RUNX1,protein_coding,RUNX1-202,protein_coding,ENSP00000340690.4,ENSG00000159216.19;ENST00000344691.8,-0.3101169936,0.0104895105,30,isoform,1.0,True,-0.3101169936268514,True
ENST00000358356.9,ENSG00000159216.19,RUNX1,protein_coding,RUNX1-203,protein_coding,ENSP00000351123.5,ENSG00000159216.19;ENST00000358356.9,0.2676494892,0.0174825175,30,isoform,1.0,True,0.2676494891947931,True
ENST00000290341.8,ENSG00000159217.10,IGF2BP1,protein_coding,IGF2BP1-201,protein_coding,ENSP00000290341.3,ENSG00000159217.10;ENST00000290341.8,-0.1921549815,0.013986014,30,isoform,1.0,True,-0.1921549814698665,True
ENST00000515586.5,ENSG00000159217.10,IGF2BP1,protein_coding,IGF2BP1-206,processed_transcript,,ENSG00000159217.10;ENST00000515586.5,0.1399860395,0.027972028,30,isoform,1.0,True,0.139986039526945,True
ENST00000400762.7,ENSG00000159674.12,SPON2,protein_coding,SPON2-202,processed_transcript,,ENSG00000159674.12;ENST00000400762.7,0.1597347234,0.0404595405,30,isoform,1.0,True,0.1597347233785013,True
ENST00000507041.5,ENSG00000159788.19,RGS12,protein_coding,RGS12-212,retained_intron,,ENSG00000159788.19;ENST00000507041.5,-0.2340857503,0.011988012,30,isoform,1.0,True,-0.2340857503401793,True
ENST00000511805.5,ENSG00000159788.19,RGS12,protein_coding,RGS12-219,processed_transcript,,ENSG00000159788.19;ENST00000511805.5,0.1110963353,0.04995005,30,isoform,1.0,True,0.1110963353446715,True
ENST00000448821.5,ENSG00000159899.15,NPR2,protein_coding,NPR2-204,nonsense_mediated_decay,ENSP00000402902.1,ENSG00000159899.15;ENST00000448821.5,-0.3346756517,0.007992008,30,isoform,1.0,True,-0.3346756517331093,True
ENST00000341071.11,ENSG00000160058.19,BSDC1,protein_coding,BSDC1-201,protein_coding,ENSP00000344816.7,ENSG00000160058.19;ENST00000341071.11,-0.1219825696,0.014985015,30,isoform,1.0,True,-0.1219825695628158,True
ENST00000444377.5,ENSG00000160058.19,BSDC1,protein_coding,BSDC1-204,nonsense_mediated_decay,ENSP00000414103.1,ENSG00000160058.19;ENST00000444377.5,0.1192796359,0.0164835165,30,isoform,1.0,True,0.1192796358585127,True
ENST00000330374.6,ENSG00000160131.13,VMA21,protein_coding,VMA21-201,protein_coding,ENSP00000333255.6,ENSG00000160131.13;ENST00000330374.6,-0.2840175803,0.0,30,isoform,0.0,True,-0.2840175802500351,True
ENST00000477649.1,ENSG00000160131.13,VMA21,protein_coding,VMA21-203,processed_transcript,,ENSG00000160131.13;ENST00000477649.1,0.2812293209,0.0,30,isoform,0.0,True,0.2812293209078778,True
ENST00000398341.7,ENSG00000160190.14,SLC37A1,protein_coding,SLC37A1-202,protein_coding,ENSP00000381383.3,ENSG00000160190.14;ENST00000398341.7,0.1898933277,0.043956044,30,isoform,1.0,True,0.1898933276852241,True
ENST00000330317.6,ENSG00000160193.12,WDR4,protein_coding,WDR4-201,protein_coding,ENSP00000328671.2,ENSG00000160193.12;ENST00000330317.6,0.132585051,0.0134865135,30,isoform,1.0,True,0.1325850510102326,True
ENST00000398208.3,ENSG00000160193.12,WDR4,protein_coding,WDR4-202,protein_coding,ENSP00000381266.2,ENSG00000160193.12;ENST00000398208.3,-0.1103479444,0.0184815185,30,isoform,1.0,True,-0.1103479444015215,True
ENST00000325223.7,ENSG00000160226.16,CFAP410,protein_coding,CFAP410-201,protein_coding,ENSP00000317302.7,ENSG00000160226.16;ENST00000325223.7,0.1235905124,0.028971029,30,isoform,1.0,True,0.1235905123690174,True
ENST00000494435.5,ENSG00000160305.18,DIP2A,protein_coding,DIP2A-212,retained_intron,,ENSG00000160305.18;ENST00000494435.5,0.1176767181,0.02997003,30,isoform,1.0,True,0.1176767181177351,True
ENST00000456283.7,ENSG00000160352.16,ZNF714,protein_coding,ZNF714-202,protein_coding,ENSP00000478345.1,ENSG00000160352.16;ENST00000456283.7,-0.1326854009,0.01998002,30,isoform,1.0,True,-0.1326854009304465,True
ENST00000591774.5,ENSG00000160469.17,BRSK1,protein_coding,BRSK1-207,protein_coding,ENSP00000466380.1,ENSG00000160469.17;ENST00000591774.5,0.2065429255,0.0304695305,30,isoform,1.0,True,0.2065429255049622,True
ENST00000368633.2,ENSG00000160741.17,CRTC2,protein_coding,CRTC2-203,protein_coding,ENSP00000357622.1,ENSG00000160741.17;ENST00000368633.2,0.1222906852,0.0164835165,30,isoform,1.0,True,0.1222906851986552,True
ENST00000486197.5,ENSG00000160766.14,GBAP1,transcribed_unprocessed_pseudogene,GBAP1-206,retained_intron,,ENSG00000160766.14;ENST00000486197.5,0.1097918938,0.0264735265,30,isoform,1.0,True,0.1097918937998847,True
ENST00000368270.2,ENSG00000160781.17,PAQR6,protein_coding,PAQR6-205,protein_coding,ENSP00000357253.1,ENSG00000160781.17;ENST00000368270.2,0.3225541496,0.011988012,30,isoform,1.0,True,0.3225541495811382,True
ENST00000292433.4,ENSG00000160888.7,IER2,protein_coding,IER2-201,protein_coding,ENSP00000292433.2,ENSG00000160888.7;ENST00000292433.4,0.241450092,0.0,30,isoform,0.0,True,0.2414500919743871,True
ENST00000588173.1,ENSG00000160888.7,IER2,protein_coding,IER2-203,protein_coding,ENSP00000465617.1,ENSG00000160888.7;ENST00000588173.1,-0.239284861,0.0,30,isoform,0.0,True,-0.2392848610037164,True
ENST00000518235.5,ENSG00000161010.15,MRNIP,protein_coding,MRNIP-205,protein_coding,ENSP00000430298.1,ENSG00000161010.15;ENST00000518235.5,0.2601699414,0.0,30,isoform,0.0,True,0.2601699414251293,True
ENST00000522663.5,ENSG00000161010.15,MRNIP,protein_coding,MRNIP-219,nonsense_mediated_decay,ENSP00000429835.1,ENSG00000161010.15;ENST00000522663.5,-0.1611868891,0.001998002,30,isoform,1.0,True,-0.1611868890621826,True
ENST00000420631.5,ENSG00000161048.11,NAPEPLD,protein_coding,NAPEPLD-205,nonsense_mediated_decay,ENSP00000395138.1,ENSG00000161048.11;ENST00000420631.5,0.1306417108,0.0414585415,30,isoform,1.0,True,0.1306417107720254,True
ENST00000465647.5,ENSG00000161048.11,NAPEPLD,protein_coding,NAPEPLD-209,protein_coding,ENSP00000419188.1,ENSG00000161048.11;ENST00000465647.5,0.1477432809,0.032967033,30,isoform,1.0,True,0.1477432809326192,True
ENST00000313143.9,ENSG00000161202.20,DVL3,protein_coding,DVL3-201,protein_coding,ENSP00000316054.3,ENSG00000161202.20;ENST00000313143.9,-0.1044475687,0.01998002,30,isoform,1.0,True,-0.1044475686555428,True
ENST00000492681.1,ENSG00000161267.12,BDH1,protein_coding,BDH1-216,retained_intron,,ENSG00000161267.12;ENST00000492681.1,-0.1336209298,0.022977023,30,isoform,1.0,True,-0.1336209297553405,True
ENST00000567020.6,ENSG00000162065.14,TBC1D24,protein_coding,TBC1D24-204,protein_coding,ENSP00000454408.1,ENSG00000162065.14;ENST00000567020.6,-0.2477175228,0.0184815185,30,isoform,1.0,True,-0.2477175228352683,True
ENST00000377658.8,ENSG00000162413.16,KLHL21,protein_coding,KLHL21-201,protein_coding,ENSP00000366886.4,ENSG00000162413.16;ENST00000377658.8,0.1005292487,0.0234765235,30,isoform,1.0,True,0.1005292487385238,True
ENST00000509138.1,ENSG00000162458.13,FBLIM1,protein_coding,FBLIM1-212,processed_transcript,,ENSG00000162458.13;ENST00000509138.1,-0.1683268532,0.0254745255,30,isoform,1.0,True,-0.168326853170849,True
ENST00000373534.4,ENSG00000162526.7,TSSK3,protein_coding,TSSK3-201,protein_coding,ENSP00000362634.3,ENSG00000162526.7;ENST00000373534.4,0.2276405534,0.0284715285,30,isoform,1.0,True,0.2276405534058039,True
ENST00000403491.8,ENSG00000162599.17,NFIA,protein_coding,NFIA-207,protein_coding,ENSP00000384523.3,ENSG00000162599.17;ENST00000403491.8,-0.1810299303,0.028971029,30,isoform,1.0,True,-0.1810299302739163,True
ENST00000294623.8,ENSG00000162613.17,FUBP1,protein_coding,FUBP1-201,nonsense_mediated_decay,ENSP00000294623.4,ENSG00000162613.17;ENST00000294623.8,0.1074980619,0.0044955045,30,isoform,1.0,True,0.1074980619165847,True
ENST00000294740.3,ENSG00000162702.8,ZNF281,protein_coding,ZNF281-201,protein_coding,ENSP00000294740.2,ENSG00000162702.8;ENST00000294740.3,0.1651869295,0.017982018,30,isoform,1.0,True,0.1651869294553992,True
ENST00000465155.5,ENSG00000162772.17,ATF3,protein_coding,ATF3-208,retained_intron,,ENSG00000162772.17;ENST00000465155.5,0.1083970465,0.0094905095,30,isoform,1.0,True,0.1083970464578651,True
ENST00000340934.10,ENSG00000162819.12,BROX,protein_coding,BROX-201,protein_coding,ENSP00000343742.5,ENSG00000162819.12;ENST00000340934.10,-0.1655356196,0.0094905095,30,isoform,1.0,True,-0.1655356196355588,True
ENST00000496267.1,ENSG00000162819.12,BROX,protein_coding,BROX-206,processed_transcript,,ENSG00000162819.12;ENST00000496267.1,0.1874183615,0.0074925075,30,isoform,1.0,True,0.187418361497075,True
ENST00000294964.6,ENSG00000162878.13,PKDCC,protein_coding,PKDCC-201,protein_coding,ENSP00000294964.5,ENSG00000162878.13;ENST00000294964.6,0.1579238137,0.002997003,30,isoform,1.0,True,0.1579238137303222,True
ENST00000337335.5,ENSG00000162913.10,OBSCN-AS1,lncRNA,OBSCN-AS1-202,lncRNA,,ENSG00000162913.10;ENST00000337335.5,-0.2071453182,0.0324675325,30,isoform,1.0,True,-0.2071453181637713,True
ENST00000472613.3,ENSG00000162913.10,OBSCN-AS1,lncRNA,OBSCN-AS1-203,lncRNA,,ENSG00000162913.10;ENST00000472613.3,0.2208914684,0.0284715285,30,isoform,1.0,True,0.2208914683636288,True
ENST00000651911.1,ENSG00000162923.16,WDR26,protein_coding,WDR26-210,protein_coding,ENSP00000498603.1,ENSG00000162923.16;ENST00000651911.1,-0.1168079883,0.0094905095,30,isoform,1.0,True,-0.1168079882539838,True
ENST00000295030.6,ENSG00000162928.9,PEX13,protein_coding,PEX13-201,protein_coding,ENSP00000295030.4,ENSG00000162928.9;ENST00000295030.6,-0.1017762078,0.017982018,30,isoform,1.0,True,-0.1017762078362257,True
ENST00000295324.4,ENSG00000163171.8,CDC42EP3,protein_coding,CDC42EP3-201,protein_coding,ENSP00000295324.3,ENSG00000163171.8;ENST00000295324.4,-0.1393016984,0.0234765235,30,isoform,1.0,True,-0.1393016984074241,True
ENST00000457889.1,ENSG00000163171.8,CDC42EP3,protein_coding,CDC42EP3-204,protein_coding,ENSP00000403298.1,ENSG00000163171.8;ENST00000457889.1,0.1496030816,0.0204795205,30,isoform,1.0,True,0.1496030815908812,True
ENST00000295488.8,ENSG00000163312.11,HELQ,protein_coding,HELQ-201,protein_coding,ENSP00000295488.3,ENSG00000163312.11;ENST00000295488.8,-0.2071145755,0.0204795205,30,isoform,1.0,True,-0.2071145755435476,True
ENST00000309534.10,ENSG00000163320.12,CGGBP1,protein_coding,CGGBP1-201,protein_coding,ENSP00000381428.2,ENSG00000163320.12;ENST00000309534.10,-0.1634812167,0.0054945055,30,isoform,1.0,True,-0.1634812166965207,True
ENST00000321945.12,ENSG00000163322.14,ABRAXAS1,protein_coding,ABRAXAS1-201,protein_coding,ENSP00000369857.3,ENSG00000163322.14;ENST00000321945.12,-0.1487304055,0.0474525475,30,isoform,1.0,True,-0.1487304054948017,True
ENST00000295694.9,ENSG00000163472.19,TMEM79,protein_coding,TMEM79-201,protein_coding,ENSP00000295694.5,ENSG00000163472.19;ENST00000295694.9,-0.1266732454,0.0164835165,30,isoform,1.0,True,-0.1266732453982907,True
ENST00000295754.10,ENSG00000163513.19,TGFBR2,protein_coding,TGFBR2-201,protein_coding,ENSP00000295754.5,ENSG00000163513.19;ENST00000295754.10,-0.1426991553,0.0084915085,30,isoform,1.0,True,-0.1426991552895029,True
ENST00000673203.1,ENSG00000163513.19,TGFBR2,protein_coding,TGFBR2-205,retained_intron,,ENSG00000163513.19;ENST00000673203.1,0.1219309149,0.0134865135,30,isoform,1.0,True,0.1219309149136144,True
ENST00000295757.8,ENSG00000163517.15,HDAC11,protein_coding,HDAC11-201,protein_coding,ENSP00000295757.3,ENSG00000163517.15;ENST00000295757.8,-0.6918738264,0.000999001,30,isoform,1.0,True,-0.691873826368414,True
ENST00000437379.2,ENSG00000163517.15,HDAC11,protein_coding,HDAC11-213,protein_coding,ENSP00000395188.2,ENSG00000163517.15;ENST00000437379.2,0.6014342015,0.000999001,30,isoform,1.0,True,0.6014342015192963,True
ENST00000295797.5,ENSG00000163558.13,PRKCI,protein_coding,PRKCI-201,protein_coding,ENSP00000295797.4,ENSG00000163558.13;ENST00000295797.5,-0.1203538454,0.0174825175,30,isoform,1.0,True,-0.1203538453848361,True
ENST00000485837.5,ENSG00000163558.13,PRKCI,protein_coding,PRKCI-205,retained_intron,,ENSG00000163558.13;ENST00000485837.5,0.1256548186,0.0164835165,30,isoform,1.0,True,0.1256548186140546,True
ENST00000511467.1,ENSG00000163629.13,PTPN13,protein_coding,PTPN13-209,protein_coding,ENSP00000426626.1,ENSG00000163629.13;ENST00000511467.1,-0.165798842,0.0304695305,30,isoform,1.0,True,-0.1657988419993211,True
ENST00000295958.10,ENSG00000163683.12,SMIM14,protein_coding,SMIM14-201,protein_coding,ENSP00000295958.4,ENSG00000163683.12;ENST00000295958.10,-0.1267050927,0.0144855145,30,isoform,1.0,True,-0.1267050927402876,True
ENST00000412055.6,ENSG00000163704.12,PRRT3,protein_coding,PRRT3-203,protein_coding,ENSP00000392511.1,ENSG00000163704.12;ENST00000412055.6,0.2122679417,0.033966034,30,isoform,1.0,True,0.2122679416974613,True
ENST00000296015.9,ENSG00000163728.11,TTC14,protein_coding,TTC14-201,protein_coding,ENSP00000296015.4,ENSG00000163728.11;ENST00000296015.9,0.1443496948,0.0174825175,30,isoform,1.0,True,0.1443496947873255,True
ENST00000484725.1,ENSG00000163738.18,MTHFD2L,protein_coding,MTHFD2L-212,processed_transcript,,ENSG00000163738.18;ENST00000484725.1,0.1479690711,0.020979021,30,isoform,1.0,True,0.1479690711058955,True
ENST00000323703.11,ENSG00000163795.14,ZNF513,protein_coding,ZNF513-201,protein_coding,ENSP00000318373.6,ENSG00000163795.14;ENST00000323703.11,0.10916478,0.0304695305,30,isoform,1.0,True,0.1091647800423234,True
ENST00000296121.6,ENSG00000163807.6,KIAA1143,protein_coding,KIAA1143-201,protein_coding,ENSP00000296121.4,ENSG00000163807.6;ENST00000296121.6,-0.1679340851,0.004995005,30,isoform,1.0,True,-0.1679340850984892,True
ENST00000484437.1,ENSG00000163807.6,KIAA1143,protein_coding,KIAA1143-202,processed_transcript,,ENSG00000163807.6;ENST00000484437.1,0.1679340851,0.004995005,30,isoform,1.0,True,0.167934085098489,True
ENST00000296135.11,ENSG00000163818.17,LZTFL1,protein_coding,LZTFL1-201,protein_coding,ENSP00000296135.6,ENSG00000163818.17;ENST00000296135.11,-0.1222201674,0.046953047,30,isoform,1.0,True,-0.1222201674001016,True
ENST00000411866.5,ENSG00000163818.17,LZTFL1,protein_coding,LZTFL1-202,nonsense_mediated_decay,ENSP00000397589.1,ENSG00000163818.17;ENST00000411866.5,0.1457970865,0.0364635365,30,isoform,1.0,True,0.1457970864845294,True
ENST00000360647.9,ENSG00000163848.20,ZNF148,protein_coding,ZNF148-201,protein_coding,ENSP00000353863.4,ENSG00000163848.20;ENST00000360647.9,-0.1521066738,0.0164835165,30,isoform,1.0,True,-0.1521066738419323,True
ENST00000492394.5,ENSG00000163848.20,ZNF148,protein_coding,ZNF148-207,protein_coding,ENSP00000419322.1,ENSG00000163848.20;ENST00000492394.5,0.2291502276,0.0034965035,30,isoform,1.0,True,0.2291502276233686,True
ENST00000652449.1,ENSG00000163932.15,PRKCD,protein_coding,PRKCD-210,protein_coding,ENSP00000498400.1,ENSG00000163932.15;ENST00000652449.1,0.1930292228,0.0154845155,30,isoform,1.0,True,0.1930292227694433,True
ENST00000389851.10,ENSG00000163945.18,UVSSA,protein_coding,UVSSA-201,protein_coding,ENSP00000374501.4,ENSG00000163945.18;ENST00000389851.10,0.2160111278,0.028971029,30,isoform,1.0,True,0.2160111278025741,True
ENST00000511216.6,ENSG00000163945.18,UVSSA,protein_coding,UVSSA-206,protein_coding,ENSP00000425130.1,ENSG00000163945.18;ENST00000511216.6,-0.2881562503,0.016983017,30,isoform,1.0,True,-0.2881562503317619,True
ENST00000296328.9,ENSG00000163960.12,UBXN7,protein_coding,UBXN7-201,protein_coding,ENSP00000296328.4,ENSG00000163960.12;ENST00000296328.9,-0.3233553135,0.001998002,30,isoform,1.0,True,-0.3233553135302109,True
ENST00000429160.1,ENSG00000163960.12,UBXN7,protein_coding,UBXN7-205,nonsense_mediated_decay,ENSP00000397238.1,ENSG00000163960.12;ENST00000429160.1,0.2824501101,0.0064935065,30,isoform,1.0,True,0.2824501100712119,True
ENST00000372517.8,ENSG00000164010.15,ERMAP,protein_coding,ERMAP-203,protein_coding,ENSP00000361595.2,ENSG00000164010.15;ENST00000372517.8,0.2682234315,0.0114885115,30,isoform,1.0,True,0.2682234314755185,True
ENST00000372506.5,ENSG00000164011.18,ZNF691,protein_coding,ZNF691-204,protein_coding,ENSP00000361584.1,ENSG00000164011.18;ENST00000372506.5,-0.2578618139,0.003996004,30,isoform,1.0,True,-0.2578618138728933,True
ENST00000475058.5,ENSG00000164039.15,BDH2,protein_coding,BDH2-203,retained_intron,,ENSG00000164039.15;ENST00000475058.5,0.1340078142,0.022977023,30,isoform,1.0,True,0.1340078142486283,True
ENST00000492366.5,ENSG00000164039.15,BDH2,protein_coding,BDH2-204,retained_intron,,ENSG00000164039.15;ENST00000492366.5,-0.1218248527,0.028971029,30,isoform,1.0,True,-0.1218248527454034,True
ENST00000320211.10,ENSG00000164053.21,ATRIP,protein_coding,ATRIP-201,protein_coding,ENSP00000323099.3,ENSG00000164053.21;ENST00000320211.10,-0.2026047527,0.003996004,30,isoform,1.0,True,-0.2026047526797276,True
ENST00000634384.2,ENSG00000164053.21,ATRIP,protein_coding,ATRIP-205,nonsense_mediated_decay,ENSP00000489041.2,ENSG00000164053.21;ENST00000634384.2,0.1322729898,0.0194805195,30,isoform,1.0,True,0.1322729898204031,True
ENST00000641686.2,ENSG00000164073.11,MFSD8,protein_coding,MFSD8-241,protein_coding,ENSP00000493218.2,ENSG00000164073.11;ENST00000641686.2,-0.1505308433,0.020979021,30,isoform,1.0,True,-0.1505308432688385,True
ENST00000641742.1,ENSG00000164073.11,MFSD8,protein_coding,MFSD8-244,nonsense_mediated_decay,ENSP00000493315.1,ENSG00000164073.11;ENST00000641742.1,0.1080990402,0.0394605395,30,isoform,1.0,True,0.1080990402408947,True
ENST00000612032.4,ENSG00000164078.13,MST1R,protein_coding,MST1R-213,protein_coding,ENSP00000481084.1,ENSG00000164078.13;ENST00000612032.4,0.1730187542,0.024975025,30,isoform,1.0,True,0.1730187542076749,True
ENST00000451320.6,ENSG00000164144.16,ARFIP1,protein_coding,ARFIP1-205,protein_coding,ENSP00000395083.2,ENSG00000164144.16;ENST00000451320.6,0.1123926683,0.0234765235,30,isoform,1.0,True,0.1123926683127385,True
ENST00000322396.7,ENSG00000164169.13,PRMT9,protein_coding,PRMT9-201,protein_coding,ENSP00000314396.6,ENSG00000164169.13;ENST00000322396.7,0.2085906423,0.0204795205,30,isoform,1.0,True,0.2085906423334121,True
ENST00000514886.1,ENSG00000164169.13,PRMT9,protein_coding,PRMT9-204,nonsense_mediated_decay,ENSP00000426732.1,ENSG00000164169.13;ENST00000514886.1,-0.2138000383,0.0194805195,30,isoform,1.0,True,-0.2138000383211614,True
ENST00000504098.1,ENSG00000164209.17,SLC25A46,protein_coding,SLC25A46-204,protein_coding,ENSP00000425708.1,ENSG00000164209.17;ENST00000504098.1,0.1140829233,0.0104895105,30,isoform,1.0,True,0.1140829233081683,True
ENST00000443439.7,ENSG00000164307.13,ERAP1,protein_coding,ERAP1-202,protein_coding,ENSP00000406304.2,ENSG00000164307.13;ENST00000443439.7,0.1205323518,0.030969031,30,isoform,1.0,True,0.1205323517955354,True
ENST00000514095.5,ENSG00000164329.13,TENT2,protein_coding,TENT2-215,processed_transcript,,ENSG00000164329.13;ENST00000514095.5,0.1215507332,0.033966034,30,isoform,1.0,True,0.121550733169388,True
ENST00000509433.1,ENSG00000164331.10,ANKRA2,protein_coding,ANKRA2-205,retained_intron,,ENSG00000164331.10;ENST00000509433.1,0.1612370106,0.017982018,30,isoform,1.0,True,0.161237010635223,True
ENST00000515804.1,ENSG00000164331.10,ANKRA2,protein_coding,ANKRA2-208,retained_intron,,ENSG00000164331.10;ENST00000515804.1,-0.1230365674,0.032967033,30,isoform,1.0,True,-0.1230365674401459,True
ENST00000319357.6,ENSG00000164543.7,STK17A,protein_coding,STK17A-201,protein_coding,ENSP00000319192.5,ENSG00000164543.7;ENST00000319357.6,-0.1762848169,0.003996004,30,isoform,1.0,True,-0.1762848168808018,True
ENST00000474211.1,ENSG00000164543.7,STK17A,protein_coding,STK17A-203,retained_intron,,ENSG00000164543.7;ENST00000474211.1,-0.10339508,0.020979021,30,isoform,1.0,True,-0.1033950800354799,True
ENST00000648544.1,ENSG00000164543.7,STK17A,protein_coding,STK17A-204,nonsense_mediated_decay,ENSP00000497301.1,ENSG00000164543.7;ENST00000648544.1,0.2796798969,0.0,30,isoform,0.0,True,0.2796798969162816,True
ENST00000605888.1,ENSG00000164597.14,COG5,protein_coding,COG5-210,protein_coding,ENSP00000476238.1,ENSG00000164597.14;ENST00000605888.1,0.1401603194,0.017982018,30,isoform,1.0,True,0.1401603193547395,True
ENST00000427812.1,ENSG00000164659.15,ELAPOR2,protein_coding,ELAPOR2-206,nonsense_mediated_decay,ENSP00000387496.1,ENSG00000164659.15;ENST00000427812.1,0.1127227899,0.038961039,30,isoform,1.0,True,0.1127227898983214,True
ENST00000442977.6,ENSG00000164830.18,OXR1,protein_coding,OXR1-205,protein_coding,ENSP00000405424.2,ENSG00000164830.18;ENST00000442977.6,0.1160097034,0.0414585415,30,isoform,1.0,True,0.1160097033690506,True
ENST00000444847.2,ENSG00000164849.10,GPR146,protein_coding,GPR146-203,protein_coding,ENSP00000410743.2,ENSG00000164849.10;ENST00000444847.2,0.2382114682,0.018981019,30,isoform,1.0,True,0.2382114682287436,True
ENST00000297565.8,ENSG00000164920.9,OSR2,protein_coding,OSR2-201,protein_coding,ENSP00000297565.4,ENSG00000164920.9;ENST00000297565.8,-0.2812507075,0.0354645355,30,isoform,1.0,True,-0.2812507074610012,True
ENST00000435298.6,ENSG00000164920.9,OSR2,protein_coding,OSR2-202,protein_coding,ENSP00000402862.2,ENSG00000164920.9;ENST00000435298.6,0.2859008185,0.034965035,30,isoform,1.0,True,0.2859008185267245,True
ENST00000518896.1,ENSG00000164953.16,TMEM67,protein_coding,TMEM67-215,processed_transcript,,ENSG00000164953.16;ENST00000518896.1,-0.1585627627,0.0204795205,30,isoform,1.0,True,-0.1585627626898949,True
ENST00000379644.9,ENSG00000165102.15,HGSNAT,protein_coding,HGSNAT-201,protein_coding,ENSP00000368965.4,ENSG00000165102.15;ENST00000379644.9,0.1068343396,0.033966034,30,isoform,1.0,True,0.1068343396038065,True
ENST00000353234.5,ENSG00000165138.18,ANKS6,protein_coding,ANKS6-201,protein_coding,ENSP00000297837.6,ENSG00000165138.18;ENST00000353234.5,-0.1096157981,0.034965035,30,isoform,1.0,True,-0.10961579808,True
ENST00000297994.4,ENSG00000165275.10,TRMT10B,protein_coding,TRMT10B-201,protein_coding,ENSP00000297994.3,ENSG00000165275.10;ENST00000297994.4,-0.2000956604,0.020979021,30,isoform,1.0,True,-0.2000956604228198,True
ENST00000537016.5,ENSG00000165275.10,TRMT10B,protein_coding,TRMT10B-206,nonsense_mediated_decay,ENSP00000444612.1,ENSG00000165275.10;ENST00000537016.5,0.2876879018,0.00999001,30,isoform,1.0,True,0.2876879017772444,True
ENST00000373275.5,ENSG00000165288.11,BRWD3,protein_coding,BRWD3-201,protein_coding,ENSP00000362372.4,ENSG00000165288.11;ENST00000373275.5,-0.193266657,0.043956044,30,isoform,1.0,True,-0.1932666570005674,True
ENST00000473691.1,ENSG00000165288.11,BRWD3,protein_coding,BRWD3-202,processed_transcript,,ENSG00000165288.11;ENST00000473691.1,0.2853057577,0.016983017,30,isoform,1.0,True,0.2853057576616862,True
ENST00000395347.1,ENSG00000165449.11,SLC16A9,protein_coding,SLC16A9-201,protein_coding,ENSP00000378756.1,ENSG00000165449.11;ENST00000395347.1,-0.1968106226,0.006993007,30,isoform,1.0,True,-0.1968106225613904,True
ENST00000395348.7,ENSG00000165449.11,SLC16A9,protein_coding,SLC16A9-202,protein_coding,ENSP00000378757.3,ENSG00000165449.11;ENST00000395348.7,0.1968106226,0.006993007,30,isoform,1.0,True,0.1968106225613906,True
ENST00000624931.1,ENSG00000165494.11,PCF11,protein_coding,PCF11-207,TEC,,ENSG00000165494.11;ENST00000624931.1,0.1386192715,0.0074925075,30,isoform,1.0,True,0.1386192715349714,True
ENST00000354179.8,ENSG00000165671.21,NSD1,protein_coding,NSD1-202,protein_coding,ENSP00000346111.4,ENSG00000165671.21;ENST00000354179.8,-0.1320043816,0.0134865135,30,isoform,1.0,True,-0.1320043816478314,True
ENST00000511258.5,ENSG00000165671.21,NSD1,protein_coding,NSD1-211,protein_coding,ENSP00000426428.1,ENSG00000165671.21;ENST00000511258.5,0.1141342479,0.01998002,30,isoform,1.0,True,0.1141342478549716,True
ENST00000298571.6,ENSG00000165714.11,BORCS5,protein_coding,BORCS5-201,protein_coding,ENSP00000298571.6,ENSG00000165714.11;ENST00000298571.6,0.2125594566,0.0054945055,30,isoform,1.0,True,0.2125594566290947,True
ENST00000314565.9,ENSG00000165714.11,BORCS5,protein_coding,BORCS5-202,protein_coding,ENSP00000321546.4,ENSG00000165714.11;ENST00000314565.9,-0.1221632261,0.0304695305,30,isoform,1.0,True,-0.1221632261031369,True
ENST00000369286.1,ENSG00000165813.20,CCDC186,protein_coding,CCDC186-202,protein_coding,ENSP00000358292.1,ENSG00000165813.20;ENST00000369286.1,0.2299441631,0.027972028,30,isoform,1.0,True,0.229944163128228,True
ENST00000298746.5,ENSG00000165832.6,TRUB1,protein_coding,TRUB1-201,protein_coding,ENSP00000298746.3,ENSG00000165832.6;ENST00000298746.5,-0.2041436418,0.0054945055,30,isoform,1.0,True,-0.2041436418099637,True
ENST00000485065.1,ENSG00000165832.6,TRUB1,protein_coding,TRUB1-202,processed_transcript,,ENSG00000165832.6;ENST00000485065.1,0.2041436418,0.0054945055,30,isoform,1.0,True,0.2041436418099636,True
ENST00000298966.7,ENSG00000166002.7,SMCO4,protein_coding,SMCO4-201,protein_coding,ENSP00000298966.2,ENSG00000166002.7;ENST00000298966.7,-0.1347565333,0.0134865135,30,isoform,1.0,True,-0.1347565333307386,True
ENST00000393094.7,ENSG00000166266.14,CUL5,protein_coding,CUL5-201,protein_coding,ENSP00000376808.2,ENSG00000166266.14;ENST00000393094.7,-0.1499192945,0.023976024,30,isoform,1.0,True,-0.1499192945098043,True
ENST00000299498.11,ENSG00000166394.15,CYB5R2,protein_coding,CYB5R2-201,protein_coding,ENSP00000299498.6,ENSG00000166394.15;ENST00000299498.11,-0.1681082632,0.0364635365,30,isoform,1.0,True,-0.1681082631949351,True
ENST00000524430.1,ENSG00000166435.15,XRRA1,protein_coding,XRRA1-204,processed_transcript,,ENSG00000166435.15;ENST00000524430.1,-0.1505961061,0.042957043,30,isoform,1.0,True,-0.1505961061429461,True
ENST00000570137.7,ENSG00000166446.15,CDYL2,protein_coding,CDYL2-207,protein_coding,ENSP00000476295.1,ENSG00000166446.15;ENST00000570137.7,-0.2963134729,0.0024975025,30,isoform,1.0,True,-0.2963134729375006,True
ENST00000389286.9,ENSG00000166450.13,PRTG,protein_coding,PRTG-201,protein_coding,ENSP00000373937.4,ENSG00000166450.13;ENST00000389286.9,-0.2137918691,0.0244755245,30,isoform,1.0,True,-0.213791869053861,True
ENST00000530712.5,ENSG00000166483.11,WEE1,protein_coding,WEE1-207,protein_coding,ENSP00000434148.1,ENSG00000166483.11;ENST00000530712.5,-0.1015194455,0.032967033,30,isoform,1.0,True,-0.1015194454753141,True
ENST00000398701.2,ENSG00000166507.19,NDST2,protein_coding,NDST2-203,processed_transcript,,ENSG00000166507.19;ENST00000398701.2,0.115164527,0.0394605395,30,isoform,1.0,True,0.1151645269880629,True
ENST00000504495.6,ENSG00000166532.16,RIMKLB,protein_coding,RIMKLB-203,processed_transcript,,ENSG00000166532.16;ENST00000504495.6,-0.1177843428,0.0074925075,30,isoform,1.0,True,-0.1177843427900661,True
ENST00000334527.12,ENSG00000166579.16,NDEL1,protein_coding,NDEL1-201,protein_coding,ENSP00000333982.7,ENSG00000166579.16;ENST00000334527.12,0.1040510407,0.0134865135,30,isoform,1.0,True,0.1040510406724457,True
ENST00000559607.1,ENSG00000166716.10,ZNF592,protein_coding,ZNF592-202,nonsense_mediated_decay,ENSP00000453491.1,ENSG00000166716.10;ENST00000559607.1,0.1739948261,0.0224775225,30,isoform,1.0,True,0.1739948260955143,True
ENST00000545255.1,ENSG00000166741.8,NNMT,protein_coding,NNMT-207,processed_transcript,,ENSG00000166741.8;ENST00000545255.1,-0.1198017893,0.0064935065,30,isoform,1.0,True,-0.1198017892914622,True
ENST00000531147.1,ENSG00000166801.16,FAM111A,protein_coding,FAM111A-207,protein_coding,ENSP00000431631.1,ENSG00000166801.16;ENST00000531147.1,-0.1935882162,0.0494505495,30,isoform,1.0,True,-0.1935882161741388,True
ENST00000300056.8,ENSG00000166821.9,PEX11A,protein_coding,PEX11A-201,protein_coding,ENSP00000300056.3,ENSG00000166821.9;ENST00000300056.8,-0.1898583828,0.0184815185,30,isoform,1.0,True,-0.1898583828161417,True
ENST00000561878.2,ENSG00000166822.13,TMEM170A,protein_coding,TMEM170A-202,protein_coding,ENSP00000454404.1,ENSG00000166822.13;ENST00000561878.2,-0.13931238,0.028971029,30,isoform,1.0,True,-0.1393123800246494,True
ENST00000300291.10,ENSG00000167005.14,NUDT21,protein_coding,NUDT21-201,protein_coding,ENSP00000300291.5,ENSG00000167005.14;ENST00000300291.10,-0.1196625117,0.002997003,30,isoform,1.0,True,-0.1196625116714268,True
ENST00000373489.10,ENSG00000167081.18,PBX3,protein_coding,PBX3-204,protein_coding,ENSP00000362588.5,ENSG00000167081.18;ENST00000373489.10,-0.1971947164,0.0144855145,30,isoform,1.0,True,-0.1971947163716554,True
ENST00000373084.8,ENSG00000167106.12,FAM102A,protein_coding,FAM102A-202,protein_coding,ENSP00000362176.4,ENSG00000167106.12;ENST00000373084.8,-0.1516475568,0.013986014,30,isoform,1.0,True,-0.1516475567972229,True
ENST00000531452.5,ENSG00000167257.11,RNF214,protein_coding,RNF214-206,protein_coding,ENSP00000431643.1,ENSG00000167257.11;ENST00000531452.5,-0.1708418158,0.0194805195,30,isoform,1.0,True,-0.1708418158272136,True
ENST00000564238.1,ENSG00000167523.13,SPATA33,protein_coding,SPATA33-203,protein_coding,ENSP00000462233.1,ENSG00000167523.13;ENST00000564238.1,-0.141466448,0.0204795205,30,isoform,1.0,True,-0.1414664479629659,True
ENST00000566204.1,ENSG00000167523.13,SPATA33,protein_coding,SPATA33-205,protein_coding,ENSP00000461933.1,ENSG00000167523.13;ENST00000566204.1,0.1956143183,0.011988012,30,isoform,1.0,True,0.1956143182665488,True
ENST00000301037.11,ENSG00000167524.16,RSKR,protein_coding,RSKR-201,protein_coding,ENSP00000301037.5,ENSG00000167524.16;ENST00000301037.11,0.1586256324,0.0494505495,30,isoform,1.0,True,0.1586256324374793,True
ENST00000396901.5,ENSG00000167604.14,NFKBID,protein_coding,NFKBID-201,protein_coding,ENSP00000380109.1,ENSG00000167604.14;ENST00000396901.5,0.2281481396,0.0144855145,30,isoform,1.0,True,0.2281481395601399,True
ENST00000585544.1,ENSG00000167604.14,NFKBID,protein_coding,NFKBID-202,processed_transcript,,ENSG00000167604.14;ENST00000585544.1,-0.3212063544,0.002997003,30,isoform,1.0,True,-0.3212063543622021,True
ENST00000590828.5,ENSG00000167604.14,NFKBID,protein_coding,NFKBID-208,nonsense_mediated_decay,ENSP00000467127.1,ENSG00000167604.14;ENST00000590828.5,0.1543455008,0.0334665335,30,isoform,1.0,True,0.1543455008023978,True
ENST00000336868.8,ENSG00000167693.17,NXN,protein_coding,NXN-201,protein_coding,ENSP00000337443.3,ENSG00000167693.17;ENST00000336868.8,-0.1007686616,0.016983017,30,isoform,1.0,True,-0.1007686616450861,True
ENST00000250076.7,ENSG00000167840.13,ZNF232,protein_coding,ZNF232-201,protein_coding,ENSP00000250076.3,ENSG00000167840.13;ENST00000250076.7,-0.1256101682,0.024975025,30,isoform,1.0,True,-0.1256101682175191,True
ENST00000611091.5,ENSG00000167842.16,MIS12,protein_coding,MIS12-206,protein_coding,ENSP00000484532.1,ENSG00000167842.16;ENST00000611091.5,-0.1033357078,0.022977023,30,isoform,1.0,True,-0.1033357077771056,True
ENST00000321297.10,ENSG00000168010.11,ATG16L2,protein_coding,ATG16L2-201,protein_coding,ENSP00000326340.5,ENSG00000168010.11;ENST00000321297.10,0.3036535275,0.0204795205,30,isoform,1.0,True,0.3036535274968888,True
ENST00000541367.5,ENSG00000168010.11,ATG16L2,protein_coding,ATG16L2-215,protein_coding,ENSP00000437412.1,ENSG00000168010.11;ENST00000541367.5,-0.1902744219,0.0434565435,30,isoform,1.0,True,-0.1902744219253896,True
ENST00000420927.5,ENSG00000168038.11,ULK4,protein_coding,ULK4-203,protein_coding,ENSP00000412187.1,ENSG00000168038.11;ENST00000420927.5,-0.1627127574,0.04995005,30,isoform,1.0,True,-0.1627127573603762,True
ENST00000431379.5,ENSG00000168038.11,ULK4,protein_coding,ULK4-204,nonsense_mediated_decay,ENSP00000391849.1,ENSG00000168038.11;ENST00000431379.5,0.3825302681,0.00999001,30,isoform,1.0,True,0.3825302681282252,True
ENST00000435926.5,ENSG00000168067.12,MAP4K2,protein_coding,MAP4K2-205,nonsense_mediated_decay,ENSP00000400594.1,ENSG00000168067.12;ENST00000435926.5,-0.1043403203,0.0274725275,30,isoform,1.0,True,-0.1043403202803149,True
ENST00000307602.9,ENSG00000168172.9,HOOK3,protein_coding,HOOK3-201,protein_coding,ENSP00000305699.3,ENSG00000168172.9;ENST00000307602.9,-0.3035982611,0.0134865135,30,isoform,1.0,True,-0.3035982610863768,True
ENST00000647650.1,ENSG00000168216.13,LMBRD1,protein_coding,LMBRD1-203,nonsense_mediated_decay,ENSP00000497808.1,ENSG00000168216.13;ENST00000647650.1,0.1284767302,0.010989011,30,isoform,1.0,True,0.1284767302445995,True
ENST00000336783.8,ENSG00000168488.18,ATXN2L,protein_coding,ATXN2L-202,protein_coding,ENSP00000338718.4,ENSG00000168488.18;ENST00000336783.8,-0.100176553,0.007992008,30,isoform,1.0,True,-0.1001765530494549,True
ENST00000397802.8,ENSG00000168495.13,POLR3D,protein_coding,POLR3D-202,protein_coding,ENSP00000380904.3,ENSG00000168495.13;ENST00000397802.8,-0.1236660997,0.0164835165,30,isoform,1.0,True,-0.1236660997215365,True
ENST00000359446.9,ENSG00000168675.18,LDLRAD4,protein_coding,LDLRAD4-201,protein_coding,ENSP00000352420.5,ENSG00000168675.18;ENST00000359446.9,-0.1342851323,0.038961039,30,isoform,1.0,True,-0.1342851322542726,True
ENST00000305476.10,ENSG00000168758.11,SEMA4C,protein_coding,SEMA4C-201,protein_coding,ENSP00000306844.5,ENSG00000168758.11;ENST00000305476.10,0.1325938127,0.0204795205,30,isoform,1.0,True,0.1325938126580865,True
ENST00000377060.7,ENSG00000168763.16,CNNM3,protein_coding,CNNM3-202,protein_coding,ENSP00000366260.3,ENSG00000168763.16;ENST00000377060.7,0.1129792818,0.0264735265,30,isoform,1.0,True,0.11297928179566,True
ENST00000389651.8,ENSG00000168803.16,ADAL,protein_coding,ADAL-201,protein_coding,ENSP00000374302.4,ENSG00000168803.16;ENST00000389651.8,0.1083017536,0.0224775225,30,isoform,1.0,True,0.108301753626672,True
ENST00000306467.10,ENSG00000168944.17,CEP120,protein_coding,CEP120-201,protein_coding,ENSP00000303058.6,ENSG00000168944.17;ENST00000306467.10,0.3403571468,0.000999001,30,isoform,1.0,True,0.3403571468029938,True
ENST00000675283.1,ENSG00000168944.17,CEP120,protein_coding,CEP120-213,retained_intron,,ENSG00000168944.17;ENST00000675283.1,-0.168624988,0.02997003,30,isoform,1.0,True,-0.1686249880078833,True
ENST00000303391.11,ENSG00000169057.24,MECP2,protein_coding,MECP2-201,protein_coding,ENSP00000301948.6,ENSG00000169057.24;ENST00000303391.11,-0.2622956005,0.003996004,30,isoform,1.0,True,-0.2622956004691426,True
ENST00000628176.2,ENSG00000169057.24,MECP2,protein_coding,MECP2-216,protein_coding,ENSP00000486978.1,ENSG00000169057.24;ENST00000628176.2,0.2498653794,0.003996004,30,isoform,1.0,True,0.2498653794058027,True
ENST00000463763.6,ENSG00000169093.16,ASMTL,protein_coding,ASMTL-204,processed_transcript,,ENSG00000169093.16;ENST00000463763.6,-0.1303143778,0.0394605395,30,isoform,1.0,True,-0.1303143778048596,True
ENST00000409939.8,ENSG00000169221.14,TBC1D10B,protein_coding,TBC1D10B-201,protein_coding,ENSP00000386538.3,ENSG00000169221.14;ENST00000409939.8,0.1155835786,0.0224775225,30,isoform,1.0,True,0.115583578629856,True
ENST00000542817.1,ENSG00000169246.16,NPIPB3,protein_coding,NPIPB3-210,protein_coding,ENSP00000444096.1,ENSG00000169246.16;ENST00000542817.1,-0.1979517391,0.0094905095,30,isoform,1.0,True,-0.1979517390986119,True
ENST00000378209.8,ENSG00000169598.17,DFFB,protein_coding,DFFB-204,protein_coding,ENSP00000367454.4,ENSG00000169598.17;ENST00000378209.8,-0.2110837232,0.015984016,30,isoform,1.0,True,-0.2110837231560137,True
ENST00000625756.2,ENSG00000169598.17,DFFB,protein_coding,DFFB-211,protein_coding,ENSP00000486916.1,ENSG00000169598.17;ENST00000625756.2,0.209945835,0.0164835165,30,isoform,1.0,True,0.2099458349910329,True
ENST00000409179.2,ENSG00000169967.16,MAP3K2,protein_coding,MAP3K2-202,protein_coding,ENSP00000386313.2,ENSG00000169967.16;ENST00000409179.2,0.149877391,0.012987013,30,isoform,1.0,True,0.1498773909783786,True
ENST00000409947.5,ENSG00000169967.16,MAP3K2,protein_coding,MAP3K2-203,protein_coding,ENSP00000387246.1,ENSG00000169967.16;ENST00000409947.5,-0.1584514149,0.0114885115,30,isoform,1.0,True,-0.1584514148777702,True
ENST00000337435.9,ENSG00000170113.16,NIPA1,protein_coding,NIPA1-201,protein_coding,ENSP00000337452.4,ENSG00000170113.16;ENST00000337435.9,-0.1483805724,0.0064935065,30,isoform,1.0,True,-0.1483805723701556,True
ENST00000354429.6,ENSG00000170291.15,ELP5,protein_coding,ELP5-201,protein_coding,ENSP00000346412.2,ENSG00000170291.15;ENST00000354429.6,0.1641330893,0.0004995005,30,isoform,1.0,True,0.1641330892508635,True
ENST00000652232.1,ENSG00000170412.18,GPRC5C,protein_coding,GPRC5C-212,protein_coding,ENSP00000499092.1,ENSG00000170412.18;ENST00000652232.1,-0.1021941143,0.0434565435,30,isoform,1.0,True,-0.1021941142746887,True
ENST00000389082.10,ENSG00000170456.16,DENND5B,protein_coding,DENND5B-202,protein_coding,ENSP00000373734.5,ENSG00000170456.16;ENST00000389082.10,-0.1362355909,0.0204795205,30,isoform,1.0,True,-0.1362355909470531,True
ENST00000546299.1,ENSG00000170456.16,DENND5B,protein_coding,DENND5B-207,protein_coding,ENSP00000442938.1,ENSG00000170456.16;ENST00000546299.1,0.139982053,0.0204795205,30,isoform,1.0,True,0.1399820529751776,True
ENST00000591397.1,ENSG00000170653.19,ATF7,protein_coding,ATF7-212,protein_coding,ENSP00000465192.1,ENSG00000170653.19;ENST00000591397.1,0.1426080356,0.005994006,30,isoform,1.0,True,0.1426080355720325,True
ENST00000477184.5,ENSG00000170667.15,RASA4B,protein_coding,RASA4B-204,retained_intron,,ENSG00000170667.15;ENST00000477184.5,-0.2910198831,0.0204795205,30,isoform,1.0,True,-0.2910198831443513,True
ENST00000397942.4,ENSG00000170677.6,SOCS6,protein_coding,SOCS6-201,protein_coding,ENSP00000381034.3,ENSG00000170677.6;ENST00000397942.4,-0.1634718703,0.026973027,30,isoform,1.0,True,-0.1634718703450753,True
ENST00000582322.1,ENSG00000170677.6,SOCS6,protein_coding,SOCS6-203,protein_coding,ENSP00000463395.1,ENSG00000170677.6;ENST00000582322.1,0.1634718703,0.026973027,30,isoform,1.0,True,0.1634718703450752,True
ENST00000372236.9,ENSG00000170734.12,POLH,protein_coding,POLH-202,protein_coding,ENSP00000361310.4,ENSG00000170734.12;ENST00000372236.9,-0.1552076362,0.0234765235,30,isoform,1.0,True,-0.1552076362201214,True
ENST00000635031.1,ENSG00000170846.17,AC093323.1,protein_coding,AC093323.1-203,protein_coding,ENSP00000493540.1,ENSG00000170846.17;ENST00000635031.1,-0.1068487243,0.010989011,30,isoform,1.0,True,-0.1068487242955635,True
ENST00000302000.10,ENSG00000171016.12,PYGO1,protein_coding,PYGO1-201,protein_coding,ENSP00000302327.6,ENSG00000171016.12;ENST00000302000.10,-0.3097267595,0.0204795205,30,isoform,1.0,True,-0.3097267595351969,True
ENST00000302586.8,ENSG00000171097.14,KYAT1,protein_coding,KYAT1-201,protein_coding,ENSP00000302227.3,ENSG00000171097.14;ENST00000302586.8,-0.1033570811,0.0254745255,30,isoform,1.0,True,-0.1033570811194436,True
ENST00000302188.8,ENSG00000171174.15,RBKS,protein_coding,RBKS-201,protein_coding,ENSP00000306817.3,ENSG00000171174.15;ENST00000302188.8,0.207159662,0.024975025,30,isoform,1.0,True,0.2071596619796697,True
ENST00000453412.1,ENSG00000171174.15,RBKS,protein_coding,RBKS-203,nonsense_mediated_decay,ENSP00000415975.1,ENSG00000171174.15;ENST00000453412.1,-0.1520203878,0.0434565435,30,isoform,1.0,True,-0.152020387817433,True
ENST00000305188.13,ENSG00000171320.15,ESCO2,protein_coding,ESCO2-201,protein_coding,ENSP00000306999.8,ENSG00000171320.15;ENST00000305188.13,-0.2541790834,0.005994006,30,isoform,1.0,True,-0.2541790833663565,True
ENST00000590155.5,ENSG00000171466.10,ZNF562,protein_coding,ZNF562-208,protein_coding,ENSP00000464716.1,ENSG00000171466.10;ENST00000590155.5,0.1566530234,0.048951049,30,isoform,1.0,True,0.1566530233603532,True
ENST00000595146.1,ENSG00000171606.18,ZNF274,protein_coding,ZNF274-206,retained_intron,,ENSG00000171606.18;ENST00000595146.1,-0.1010419969,0.0274725275,30,isoform,1.0,True,-0.1010419968677064,True
ENST00000377399.2,ENSG00000171621.14,SPSB1,protein_coding,SPSB1-203,protein_coding,ENSP00000366616.2,ENSG00000171621.14;ENST00000377399.2,0.1247798071,0.0104895105,30,isoform,1.0,True,0.1247798070783723,True
ENST00000349767.6,ENSG00000171631.15,P2RY6,protein_coding,P2RY6-201,protein_coding,ENSP00000309771.2,ENSG00000171631.15;ENST00000349767.6,-0.3243750789,0.0,30,isoform,0.0,True,-0.3243750788572239,True
ENST00000542092.5,ENSG00000171631.15,P2RY6,protein_coding,P2RY6-210,protein_coding,ENSP00000445652.1,ENSG00000171631.15;ENST00000542092.5,0.152496968,0.008991009,30,isoform,1.0,True,0.1524969679911132,True
ENST00000675976.1,ENSG00000171680.23,PLEKHG5,protein_coding,PLEKHG5-225,protein_coding,ENSP00000501611.1,ENSG00000171680.23;ENST00000675976.1,0.1744596032,0.0284715285,30,isoform,1.0,True,0.1744596031577346,True
ENST00000536444.5,ENSG00000171681.12,ATF7IP,protein_coding,ATF7IP-209,protein_coding,ENSP00000445955.1,ENSG00000171681.12;ENST00000536444.5,-0.1508285665,0.025974026,30,isoform,1.0,True,-0.1508285665053544,True
ENST00000540793.5,ENSG00000171681.12,ATF7IP,protein_coding,ATF7IP-214,protein_coding,ENSP00000444589.1,ENSG00000171681.12;ENST00000540793.5,0.3346791154,0.001998002,30,isoform,1.0,True,0.3346791154438008,True
ENST00000542920.1,ENSG00000171840.12,NINJ2,protein_coding,NINJ2-205,protein_coding,ENSP00000438831.1,ENSG00000171840.12;ENST00000542920.1,0.1357558318,0.0354645355,30,isoform,1.0,True,0.1357558318440149,True
ENST00000324266.10,ENSG00000171853.16,TRAPPC12,protein_coding,TRAPPC12-201,protein_coding,ENSP00000324318.5,ENSG00000171853.16;ENST00000324266.10,0.1093628617,0.0124875125,30,isoform,1.0,True,0.1093628616978417,True
ENST00000315212.4,ENSG00000171865.10,RNASEH1,protein_coding,RNASEH1-201,protein_coding,ENSP00000313350.3,ENSG00000171865.10;ENST00000315212.4,-0.1913129297,0.0034965035,30,isoform,1.0,True,-0.1913129297365888,True
ENST00000436842.5,ENSG00000171865.10,RNASEH1,protein_coding,RNASEH1-202,nonsense_mediated_decay,ENSP00000404926.1,ENSG00000171865.10;ENST00000436842.5,0.1703572551,0.005994006,30,isoform,1.0,True,0.1703572551058796,True
ENST00000302641.8,ENSG00000172382.10,PRSS27,protein_coding,PRSS27-201,protein_coding,ENSP00000306390.3,ENSG00000172382.10;ENST00000302641.8,0.2044453171,0.02997003,30,isoform,1.0,True,0.2044453170759692,True
ENST00000536773.1,ENSG00000172663.9,TMEM134,protein_coding,TMEM134-209,retained_intron,,ENSG00000172663.9;ENST00000536773.1,0.1856649255,0.002997003,30,isoform,1.0,True,0.1856649254930168,True
ENST00000327671.10,ENSG00000172728.16,FUT10,protein_coding,FUT10-201,protein_coding,ENSP00000332757.5,ENSG00000172728.16;ENST00000327671.10,-0.1981076884,0.027972028,30,isoform,1.0,True,-0.1981076883558745,True
ENST00000515024.5,ENSG00000172765.17,TMCC1,protein_coding,TMCC1-214,processed_transcript,,ENSG00000172765.17;ENST00000515024.5,0.154773821,0.025974026,30,isoform,1.0,True,0.1547738209903582,True
ENST00000469708.1,ENSG00000172766.19,NAA16,protein_coding,NAA16-205,processed_transcript,,ENSG00000172766.19;ENST00000469708.1,-0.114474371,0.0394605395,30,isoform,1.0,True,-0.114474370954869,True
ENST00000389063.3,ENSG00000172795.17,DCP2,protein_coding,DCP2-201,protein_coding,ENSP00000373715.2,ENSG00000172795.17;ENST00000389063.3,-0.2137493583,0.0034965035,30,isoform,1.0,True,-0.2137493582516149,True
ENST00000504961.1,ENSG00000172795.17,DCP2,protein_coding,DCP2-203,processed_transcript,,ENSG00000172795.17;ENST00000504961.1,0.1483906963,0.0124875125,30,isoform,1.0,True,0.1483906962995759,True
ENST00000503802.5,ENSG00000172869.14,DMXL1,protein_coding,DMXL1-203,protein_coding,ENSP00000427692.1,ENSG00000172869.14;ENST00000503802.5,0.1161577267,0.0294705295,30,isoform,1.0,True,0.1161577267344814,True
ENST00000549141.1,ENSG00000173064.13,HECTD4,protein_coding,HECTD4-209,processed_transcript,,ENSG00000173064.13;ENST00000549141.1,-0.16511993,0.0264735265,30,isoform,1.0,True,-0.1651199300264348,True
ENST00000311412.10,ENSG00000173083.15,HPSE,protein_coding,HPSE-201,protein_coding,ENSP00000308107.5,ENSG00000173083.15;ENST00000311412.10,-0.1560010298,0.023976024,30,isoform,1.0,True,-0.1560010297828916,True
ENST00000671876.2,ENSG00000173214.7,MFSD4B,protein_coding,MFSD4B-208,protein_coding,ENSP00000500934.1,ENSG00000173214.7;ENST00000671876.2,-0.1651219216,0.035964036,30,isoform,1.0,True,-0.1651219216382428,True
ENST00000355485.7,ENSG00000173218.15,VANGL1,protein_coding,VANGL1-202,protein_coding,ENSP00000347672.2,ENSG00000173218.15;ENST00000355485.7,-0.1712985744,0.0164835165,30,isoform,1.0,True,-0.1712985743741413,True
ENST00000369509.1,ENSG00000173218.15,VANGL1,protein_coding,VANGL1-203,protein_coding,ENSP00000358522.1,ENSG00000173218.15;ENST00000369509.1,0.186972555,0.0144855145,30,isoform,1.0,True,0.1869725550379136,True
ENST00000398505.7,ENSG00000173276.14,ZBTB21,protein_coding,ZBTB21-204,protein_coding,ENSP00000381517.3,ENSG00000173276.14;ENST00000398505.7,-0.1883401044,0.026973027,30,isoform,1.0,True,-0.1883401044104132,True
ENST00000312493.5,ENSG00000173517.10,PEAK1,protein_coding,PEAK1-201,protein_coding,ENSP00000309230.4,ENSG00000173517.10;ENST00000312493.5,-0.1745197076,0.0374625375,30,isoform,1.0,True,-0.1745197075640989,True
ENST00000625662.2,ENSG00000173575.22,CHD2,protein_coding,CHD2-205,nonsense_mediated_decay,ENSP00000486007.1,ENSG00000173575.22;ENST00000625662.2,-0.1276755216,0.004995005,30,isoform,1.0,True,-0.127675521602074,True
ENST00000627622.1,ENSG00000173575.22,CHD2,protein_coding,CHD2-212,protein_coding,ENSP00000486926.1,ENSG00000173575.22;ENST00000627622.1,0.173318841,0.0024975025,30,isoform,1.0,True,0.1733188409820369,True
ENST00000588740.5,ENSG00000173581.8,CCDC106,protein_coding,CCDC106-205,protein_coding,ENSP00000468539.1,ENSG00000173581.8;ENST00000588740.5,0.1254798479,0.026973027,30,isoform,1.0,True,0.125479847948826,True
ENST00000336505.11,ENSG00000173611.18,SCAI,protein_coding,SCAI-201,protein_coding,ENSP00000336756.6,ENSG00000173611.18;ENST00000336505.11,-0.3277332779,0.015984016,30,isoform,1.0,True,-0.3277332779368566,True
ENST00000373549.8,ENSG00000173611.18,SCAI,protein_coding,SCAI-202,protein_coding,ENSP00000362650.4,ENSG00000173611.18;ENST00000373549.8,0.3035500044,0.016983017,30,isoform,1.0,True,0.3035500043626461,True
ENST00000495893.7,ENSG00000173889.16,PHC3,protein_coding,PHC3-215,protein_coding,ENSP00000420294.1,ENSG00000173889.16;ENST00000495893.7,-0.4244650719,0.0014985015,30,isoform,1.0,True,-0.4244650719437214,True
ENST00000463262.1,ENSG00000174032.17,SLC25A30,protein_coding,SLC25A30-202,nonsense_mediated_decay,ENSP00000425603.1,ENSG00000174032.17;ENST00000463262.1,0.1169005157,0.0454545455,30,isoform,1.0,True,0.1169005157412022,True
ENST00000310442.5,ENSG00000174165.8,ZDHHC24,protein_coding,ZDHHC24-201,protein_coding,ENSP00000309429.3,ENSG00000174165.8;ENST00000310442.5,-0.1610633667,0.0144855145,30,isoform,1.0,True,-0.1610633667399712,True
ENST00000525925.1,ENSG00000174165.8,ZDHHC24,protein_coding,ZDHHC24-202,processed_transcript,,ENSG00000174165.8;ENST00000525925.1,0.1990888469,0.0094905095,30,isoform,1.0,True,0.1990888469161408,True
ENST00000545763.5,ENSG00000174197.16,MGA,protein_coding,MGA-202,protein_coding,ENSP00000442467.1,ENSG00000174197.16;ENST00000545763.5,0.229256578,0.0044955045,30,isoform,1.0,True,0.2292565780472963,True
ENST00000570161.5,ENSG00000174197.16,MGA,protein_coding,MGA-211,protein_coding,ENSP00000457035.1,ENSG00000174197.16;ENST00000570161.5,-0.1906498016,0.008991009,30,isoform,1.0,True,-0.1906498016431856,True
ENST00000311915.12,ENSG00000174206.13,C12orf66,protein_coding,C12orf66-201,protein_coding,ENSP00000311486.8,ENSG00000174206.13;ENST00000311915.12,-0.1779243132,0.0244755245,30,isoform,1.0,True,-0.177924313199075,True
ENST00000669338.1,ENSG00000174365.20,SNHG11,lncRNA,SNHG11-236,lncRNA,,ENSG00000174365.20;ENST00000669338.1,-0.1017929521,0.023976024,30,isoform,1.0,True,-0.1017929521164461,True
ENST00000318312.12,ENSG00000174483.20,BBS1,protein_coding,BBS1-201,protein_coding,ENSP00000317469.7,ENSG00000174483.20;ENST00000318312.12,0.1176536899,0.033966034,30,isoform,1.0,True,0.1176536899210545,True
ENST00000534730.5,ENSG00000174483.20,BBS1,protein_coding,BBS1-224,retained_intron,,ENSG00000174483.20;ENST00000534730.5,-0.1776294243,0.008991009,30,isoform,1.0,True,-0.1776294243482414,True
ENST00000431932.6,ENSG00000174485.16,DENND4A,protein_coding,DENND4A-201,protein_coding,ENSP00000396830.2,ENSG00000174485.16;ENST00000431932.6,0.149755923,0.0374625375,30,isoform,1.0,True,0.1497559230382585,True
ENST00000329582.9,ENSG00000174564.13,IL20RB,protein_coding,IL20RB-201,protein_coding,ENSP00000328133.4,ENSG00000174564.13;ENST00000329582.9,-0.2729743545,0.01998002,30,isoform,1.0,True,-0.2729743544507537,True
ENST00000481918.1,ENSG00000174606.14,ANGEL2,protein_coding,ANGEL2-206,processed_transcript,,ENSG00000174606.14;ENST00000481918.1,0.1236470277,0.0174825175,30,isoform,1.0,True,0.123647027739463,True
ENST00000540924.5,ENSG00000174718.12,RESF1,protein_coding,RESF1-206,protein_coding,ENSP00000445152.1,ENSG00000174718.12;ENST00000540924.5,0.1808560735,0.020979021,30,isoform,1.0,True,0.1808560734968219,True
ENST00000543763.1,ENSG00000174718.12,RESF1,protein_coding,RESF1-208,retained_intron,,ENSG00000174718.12;ENST00000543763.1,-0.2012934311,0.015984016,30,isoform,1.0,True,-0.2012934311224241,True
ENST00000370360.8,ENSG00000174842.17,GLMN,protein_coding,GLMN-201,protein_coding,ENSP00000359385.3,ENSG00000174842.17;ENST00000370360.8,0.1074188802,0.0324675325,30,isoform,1.0,True,0.1074188802001935,True
ENST00000471465.1,ENSG00000174842.17,GLMN,protein_coding,GLMN-203,retained_intron,,ENSG00000174842.17;ENST00000471465.1,-0.1277899596,0.022977023,30,isoform,1.0,True,-0.1277899596139537,True
ENST00000561540.2,ENSG00000174943.11,KCTD13,protein_coding,KCTD13-202,protein_coding,ENSP00000458486.1,ENSG00000174943.11;ENST00000561540.2,-0.127021123,0.0444555445,30,isoform,1.0,True,-0.1270211230420215,True
ENST00000563955.5,ENSG00000174943.11,KCTD13,protein_coding,KCTD13-204,retained_intron,,ENSG00000174943.11;ENST00000563955.5,-0.1118195104,0.0494505495,30,isoform,1.0,True,-0.1118195104255668,True
ENST00000392993.7,ENSG00000175066.16,GK5,protein_coding,GK5-201,protein_coding,ENSP00000418001.1,ENSG00000175066.16;ENST00000392993.7,-0.1933671038,0.007992008,30,isoform,1.0,True,-0.1933671038266275,True
ENST00000374269.2,ENSG00000175087.10,PDIK1L,protein_coding,PDIK1L-201,protein_coding,ENSP00000363387.1,ENSG00000175087.10;ENST00000374269.2,0.2682837256,0.0184815185,30,isoform,1.0,True,0.2682837256254896,True
ENST00000617672.1,ENSG00000175221.15,MED16,protein_coding,MED16-213,protein_coding,ENSP00000483533.1,ENSG00000175221.15;ENST00000617672.1,-0.197305495,0.0044955045,30,isoform,1.0,True,-0.1973054949603118,True
ENST00000327283.7,ENSG00000175354.20,PTPN2,protein_coding,PTPN2-202,protein_coding,ENSP00000320298.3,ENSG00000175354.20;ENST00000327283.7,0.1073111085,0.017982018,30,isoform,1.0,True,0.1073111084597222,True
ENST00000308742.9,ENSG00000175548.9,ALG10B,protein_coding,ALG10B-201,protein_coding,ENSP00000310120.4,ENSG00000175548.9;ENST00000308742.9,-0.2306101401,0.004995005,30,isoform,1.0,True,-0.2306101401111661,True
ENST00000548240.1,ENSG00000175548.9,ALG10B,protein_coding,ALG10B-202,nonsense_mediated_decay,ENSP00000449210.1,ENSG00000175548.9;ENST00000548240.1,0.1289042455,0.0234765235,30,isoform,1.0,True,0.1289042455137324,True
ENST00000439603.5,ENSG00000175556.17,LONRF3,protein_coding,LONRF3-204,protein_coding,ENSP00000414519.1,ENSG00000175556.17;ENST00000439603.5,0.26256388,0.017982018,30,isoform,1.0,True,0.2625638799835175,True
ENST00000438576.3,ENSG00000175573.7,C11orf68,protein_coding,C11orf68-201,protein_coding,ENSP00000398350.2,ENSG00000175573.7;ENST00000438576.3,0.1026824834,0.0274725275,30,isoform,1.0,True,0.1026824834460115,True
ENST00000530188.1,ENSG00000175573.7,C11orf68,protein_coding,C11orf68-203,protein_coding,ENSP00000433914.1,ENSG00000175573.7;ENST00000530188.1,-0.1016521718,0.027972028,30,isoform,1.0,True,-0.1016521717580242,True
ENST00000541951.5,ENSG00000175575.13,PAAF1,protein_coding,PAAF1-210,protein_coding,ENSP00000441333.1,ENSG00000175575.13;ENST00000541951.5,-0.1761592631,0.0104895105,30,isoform,1.0,True,-0.1761592630664179,True
ENST00000576348.1,ENSG00000175595.15,ERCC4,protein_coding,ERCC4-208,retained_intron,,ENSG00000175595.15;ENST00000576348.1,0.242073126,0.0164835165,30,isoform,1.0,True,0.2420731260239205,True
ENST00000571301.1,ENSG00000175711.8,B3GNTL1,protein_coding,B3GNTL1-204,retained_intron,,ENSG00000175711.8;ENST00000571301.1,-0.135638272,0.035964036,30,isoform,1.0,True,-0.1356382719640372,True
ENST00000654118.1,ENSG00000175772.11,LINC01106,lncRNA,LINC01106-203,lncRNA,,ENSG00000175772.11;ENST00000654118.1,-0.3410456114,0.006993007,30,isoform,1.0,True,-0.3410456114348771,True
ENST00000665250.1,ENSG00000175772.11,LINC01106,lncRNA,LINC01106-204,lncRNA,,ENSG00000175772.11;ENST00000665250.1,0.3401191176,0.006993007,30,isoform,1.0,True,0.3401191176457283,True
ENST00000393664.6,ENSG00000175832.13,ETV4,protein_coding,ETV4-202,protein_coding,ENSP00000377273.1,ENSG00000175832.13;ENST00000393664.6,0.2634151565,0.0084915085,30,isoform,1.0,True,0.2634151564625952,True
ENST00000450510.2,ENSG00000175879.9,HOXD8,protein_coding,HOXD8-203,protein_coding,ENSP00000409026.2,ENSG00000175879.9;ENST00000450510.2,-0.2443585966,0.0164835165,30,isoform,1.0,True,-0.2443585965541178,True
ENST00000587127.1,ENSG00000175931.13,UBE2O,protein_coding,UBE2O-204,protein_coding,ENSP00000468498.1,ENSG00000175931.13;ENST00000587127.1,0.1122540164,0.0254745255,30,isoform,1.0,True,0.1122540163955317,True
ENST00000409012.6,ENSG00000176058.13,TPRN,protein_coding,TPRN-202,protein_coding,ENSP00000387100.4,ENSG00000176058.13;ENST00000409012.6,0.1077119334,0.0184815185,30,isoform,1.0,True,0.1077119334496132,True
ENST00000334274.9,ENSG00000176148.16,TCP11L1,protein_coding,TCP11L1-201,protein_coding,ENSP00000335595.4,ENSG00000176148.16;ENST00000334274.9,-0.1526973389,0.014985015,30,isoform,1.0,True,-0.1526973389185012,True
ENST00000531632.6,ENSG00000176148.16,TCP11L1,protein_coding,TCP11L1-209,protein_coding,ENSP00000433067.1,ENSG00000176148.16;ENST00000531632.6,0.2061480888,0.0074925075,30,isoform,1.0,True,0.2061480887555581,True
ENST00000567507.1,ENSG00000176454.14,LPCAT4,protein_coding,LPCAT4-207,nonsense_mediated_decay,ENSP00000454422.1,ENSG00000176454.14;ENST00000567507.1,0.1031671474,0.011988012,30,isoform,1.0,True,0.1031671474463829,True
ENST00000319449.9,ENSG00000176783.15,RUFY1,protein_coding,RUFY1-201,protein_coding,ENSP00000325594.4,ENSG00000176783.15;ENST00000319449.9,0.1051127103,0.0134865135,30,isoform,1.0,True,0.1051127102634699,True
ENST00000319651.9,ENSG00000176809.10,LRRC37A3,protein_coding,LRRC37A3-201,protein_coding,ENSP00000325713.5,ENSG00000176809.10;ENST00000319651.9,0.2147365279,0.026973027,30,isoform,1.0,True,0.2147365279348074,True
ENST00000339474.9,ENSG00000176809.10,LRRC37A3,protein_coding,LRRC37A3-203,protein_coding,ENSP00000344298.5,ENSG00000176809.10;ENST00000339474.9,0.2398551749,0.0194805195,30,isoform,1.0,True,0.2398551749328635,True
ENST00000584306.5,ENSG00000176809.10,LRRC37A3,protein_coding,LRRC37A3-211,protein_coding,ENSP00000464535.1,ENSG00000176809.10;ENST00000584306.5,-0.2578985079,0.015984016,30,isoform,1.0,True,-0.2578985078907817,True
ENST00000512528.3,ENSG00000177034.17,MTX3,protein_coding,MTX3-202,protein_coding,ENSP00000424798.2,ENSG00000177034.17;ENST00000512528.3,0.1958332068,0.022977023,30,isoform,1.0,True,0.1958332068252657,True
ENST00000617335.4,ENSG00000177034.17,MTX3,protein_coding,MTX3-204,protein_coding,ENSP00000484157.1,ENSG00000177034.17;ENST00000617335.4,-0.2322071641,0.015984016,30,isoform,1.0,True,-0.2322071641238878,True
ENST00000379565.9,ENSG00000177189.14,RPS6KA3,protein_coding,RPS6KA3-201,protein_coding,ENSP00000368884.3,ENSG00000177189.14;ENST00000379565.9,-0.1696505547,0.0064935065,30,isoform,1.0,True,-0.1696505547435741,True
ENST00000219084.10,ENSG00000177200.17,CHD9,protein_coding,CHD9-201,retained_intron,,ENSG00000177200.17;ENST00000219084.10,-0.1033241032,0.0424575425,30,isoform,1.0,True,-0.1033241032279802,True
ENST00000552637.1,ENSG00000177425.11,PAWR,protein_coding,PAWR-211,protein_coding,ENSP00000449928.1,ENSG00000177425.11;ENST00000552637.1,0.1358178062,0.006993007,30,isoform,1.0,True,0.1358178061994268,True
ENST00000318240.8,ENSG00000177576.12,C18orf32,protein_coding,C18orf32-201,protein_coding,ENSP00000323199.3,ENSG00000177576.12;ENST00000318240.8,0.1045347414,0.033966034,30,isoform,1.0,True,0.1045347414078277,True
ENST00000582392.2,ENSG00000177576.12,C18orf32,protein_coding,C18orf32-202,protein_coding,ENSP00000462538.1,ENSG00000177576.12;ENST00000582392.2,-0.1907079586,0.0104895105,30,isoform,1.0,True,-0.1907079585542906,True
ENST00000316804.10,ENSG00000177885.15,GRB2,protein_coding,GRB2-202,protein_coding,ENSP00000339007.4,ENSG00000177885.15;ENST00000316804.10,-0.1174969587,0.007992008,30,isoform,1.0,True,-0.1174969587139116,True
ENST00000534221.1,ENSG00000178105.11,DDX10,protein_coding,DDX10-206,processed_transcript,,ENSG00000178105.11;ENST00000534221.1,-0.1142987533,0.01998002,30,isoform,1.0,True,-0.1142987533338311,True
ENST00000382226.5,ENSG00000178177.16,LCORL,protein_coding,LCORL-203,protein_coding,ENSP00000371661.5,ENSG00000178177.16;ENST00000382226.5,0.1689298813,0.0344655345,30,isoform,1.0,True,0.1689298813146904,True
ENST00000317402.11,ENSG00000178295.15,GEN1,protein_coding,GEN1-201,protein_coding,ENSP00000318977.7,ENSG00000178295.15;ENST00000317402.11,-0.1300797277,0.0274725275,30,isoform,1.0,True,-0.1300797277173591,True
ENST00000624586.1,ENSG00000178567.8,EPM2AIP1,protein_coding,EPM2AIP1-203,protein_coding,ENSP00000485091.1,ENSG00000178567.8;ENST00000624586.1,0.101821676,0.047952048,30,isoform,1.0,True,0.1018216759925472,True
ENST00000314622.9,ENSG00000178694.10,NSUN3,protein_coding,NSUN3-201,protein_coding,ENSP00000318986.4,ENSG00000178694.10;ENST00000314622.9,-0.1448089778,0.0384615385,30,isoform,1.0,True,-0.1448089778119201,True
ENST00000483378.1,ENSG00000178694.10,NSUN3,protein_coding,NSUN3-206,nonsense_mediated_decay,ENSP00000419297.1,ENSG00000178694.10;ENST00000483378.1,0.2327208379,0.0104895105,30,isoform,1.0,True,0.2327208378752018,True
ENST00000314636.3,ENSG00000178700.9,DHFR2,protein_coding,DHFR2-201,protein_coding,ENSP00000319170.2,ENSG00000178700.9;ENST00000314636.3,-0.1435659461,0.038961039,30,isoform,1.0,True,-0.1435659460733385,True
ENST00000394221.3,ENSG00000178700.9,DHFR2,protein_coding,DHFR2-202,protein_coding,ENSP00000377768.2,ENSG00000178700.9;ENST00000394221.3,0.1356322548,0.0424575425,30,isoform,1.0,True,0.135632254839748,True
ENST00000546354.6,ENSG00000178752.16,ERFE,protein_coding,ERFE-207,protein_coding,ENSP00000442304.1,ENSG00000178752.16;ENST00000546354.6,0.2251739282,0.0184815185,30,isoform,1.0,True,0.2251739281658702,True
ENST00000519772.5,ENSG00000178852.16,EFCAB13,protein_coding,EFCAB13-207,protein_coding,ENSP00000430802.1,ENSG00000178852.16;ENST00000519772.5,0.3796318337,0.0094905095,30,isoform,1.0,True,0.3796318337037141,True
ENST00000582438.1,ENSG00000178927.18,CYBC1,protein_coding,CYBC1-223,protein_coding,ENSP00000463840.1,ENSG00000178927.18;ENST00000582438.1,0.1130650408,0.00999001,30,isoform,1.0,True,0.1130650407800319,True
ENST00000318887.8,ENSG00000179021.10,C3orf38,protein_coding,C3orf38-201,protein_coding,ENSP00000322469.3,ENSG00000179021.10;ENST00000318887.8,-0.1338589931,0.0304695305,30,isoform,1.0,True,-0.133858993078623,True
ENST00000317276.9,ENSG00000179094.16,PER1,protein_coding,PER1-201,protein_coding,ENSP00000314420.4,ENSG00000179094.16;ENST00000317276.9,0.2060855319,0.006993007,30,isoform,1.0,True,0.2060855318944957,True
ENST00000585284.1,ENSG00000179094.16,PER1,protein_coding,PER1-219,retained_intron,,ENSG00000179094.16;ENST00000585284.1,-0.2453754446,0.0044955045,30,isoform,1.0,True,-0.2453754446268384,True
ENST00000570112.1,ENSG00000179455.9,MKRN3,protein_coding,MKRN3-205,processed_transcript,,ENSG00000179455.9;ENST00000570112.1,-0.1249262943,0.017982018,30,isoform,1.0,True,-0.1249262942574402,True
ENST00000528664.1,ENSG00000179832.17,MROH1,protein_coding,MROH1-206,retained_intron,,ENSG00000179832.17;ENST00000528664.1,-0.1392703745,0.0264735265,30,isoform,1.0,True,-0.139270374497491,True
ENST00000313349.3,ENSG00000179833.4,SERTAD2,protein_coding,SERTAD2-201,protein_coding,ENSP00000326933.3,ENSG00000179833.4;ENST00000313349.3,-0.2900852028,0.0044955045,30,isoform,1.0,True,-0.2900852027740824,True
ENST00000608423.1,ENSG00000179833.4,SERTAD2,protein_coding,SERTAD2-203,processed_transcript,,ENSG00000179833.4;ENST00000608423.1,0.268324556,0.0054945055,30,isoform,1.0,True,0.2683245559565355,True
ENST00000551465.1,ENSG00000179912.20,R3HDM2,protein_coding,R3HDM2-213,retained_intron,,ENSG00000179912.20;ENST00000551465.1,-0.1308598106,0.02997003,30,isoform,1.0,True,-0.1308598106141371,True
ENST00000324453.13,ENSG00000180354.16,MTURN,protein_coding,MTURN-201,protein_coding,ENSP00000324204.8,ENSG00000180354.16;ENST00000324453.13,-0.1467938191,0.0304695305,30,isoform,1.0,True,-0.1467938190706871,True
ENST00000409688.1,ENSG00000180354.16,MTURN,protein_coding,MTURN-203,protein_coding,ENSP00000386490.1,ENSG00000180354.16;ENST00000409688.1,0.1656906763,0.021978022,30,isoform,1.0,True,0.1656906762926043,True
ENST00000394672.8,ENSG00000180376.17,CCDC66,protein_coding,CCDC66-203,protein_coding,ENSP00000378167.3,ENSG00000180376.17;ENST00000394672.8,0.1066433634,0.0244755245,30,isoform,1.0,True,0.1066433633955898,True
ENST00000326237.3,ENSG00000180385.8,EMC3-AS1,transcribed_unprocessed_pseudogene,EMC3-AS1-201,processed_transcript,,ENSG00000180385.8;ENST00000326237.3,-0.1678179991,0.0234765235,30,isoform,1.0,True,-0.1678179991130823,True
ENST00000366264.6,ENSG00000180385.8,EMC3-AS1,transcribed_unprocessed_pseudogene,EMC3-AS1-202,processed_transcript,,ENSG00000180385.8;ENST00000366264.6,0.1659151152,0.0244755245,30,isoform,1.0,True,0.1659151151856454,True
ENST00000319466.9,ENSG00000180398.13,MCFD2,protein_coding,MCFD2-201,protein_coding,ENSP00000317271.4,ENSG00000180398.13;ENST00000319466.9,-0.1199780037,0.0034965035,30,isoform,1.0,True,-0.1199780037298061,True
ENST00000590577.2,ENSG00000180448.10,ARHGAP45,protein_coding,ARHGAP45-212,protein_coding,ENSP00000468607.1,ENSG00000180448.10;ENST00000590577.2,-0.1045892113,0.022977023,30,isoform,1.0,True,-0.1045892112868337,True
ENST00000370791.7,ENSG00000180488.15,MIGA1,protein_coding,MIGA1-201,protein_coding,ENSP00000359827.3,ENSG00000180488.15;ENST00000370791.7,-0.1214147973,0.0454545455,30,isoform,1.0,True,-0.1214147973020533,True
ENST00000490164.1,ENSG00000180628.15,PCGF5,protein_coding,PCGF5-202,processed_transcript,,ENSG00000180628.15;ENST00000490164.1,0.1560314118,0.023976024,30,isoform,1.0,True,0.156031411808083,True
ENST00000614189.4,ENSG00000180628.15,PCGF5,protein_coding,PCGF5-205,protein_coding,ENSP00000479492.1,ENSG00000180628.15;ENST00000614189.4,-0.1192089996,0.0354645355,30,isoform,1.0,True,-0.1192089996281731,True
ENST00000328381.10,ENSG00000181481.14,RNF135,protein_coding,RNF135-202,protein_coding,ENSP00000328340.5,ENSG00000181481.14;ENST00000328381.10,-0.1596990616,0.0174825175,30,isoform,1.0,True,-0.1596990615700767,True
ENST00000374643.7,ENSG00000181704.12,YIPF6,protein_coding,YIPF6-202,processed_transcript,,ENSG00000181704.12;ENST00000374643.7,0.1636457949,0.004995005,30,isoform,1.0,True,0.1636457948889838,True
ENST00000366711.4,ENSG00000181873.13,IBA57,protein_coding,IBA57-201,protein_coding,ENSP00000355672.3,ENSG00000181873.13;ENST00000366711.4,-0.2121034811,0.0124875125,30,isoform,1.0,True,-0.2121034811310469,True
ENST00000546123.2,ENSG00000181873.13,IBA57,protein_coding,IBA57-203,processed_transcript,,ENSG00000181873.13;ENST00000546123.2,0.2140348344,0.011988012,30,isoform,1.0,True,0.2140348343891832,True
ENST00000373789.8,ENSG00000182010.11,RTKN2,protein_coding,RTKN2-202,protein_coding,ENSP00000362894.3,ENSG00000182010.11;ENST00000373789.8,-0.2337502858,0.010989011,30,isoform,1.0,True,-0.2337502858456855,True
ENST00000395260.3,ENSG00000182010.11,RTKN2,protein_coding,RTKN2-203,protein_coding,ENSP00000378678.3,ENSG00000182010.11;ENST00000395260.3,0.2402515294,0.00999001,30,isoform,1.0,True,0.240251529358347,True
ENST00000328270.3,ENSG00000182095.14,TNRC18,protein_coding,TNRC18-201,protein_coding,ENSP00000329902.3,ENSG00000182095.14;ENST00000328270.3,-0.1061869354,0.017982018,30,isoform,1.0,True,-0.106186935407295,True
ENST00000452463.5,ENSG00000182158.15,CREB3L2,protein_coding,CREB3L2-203,protein_coding,ENSP00000410314.1,ENSG00000182158.15;ENST00000452463.5,0.1058591673,0.0294705295,30,isoform,1.0,True,0.1058591672917529,True
ENST00000610086.1,ENSG00000182165.18,TP53TG1,lncRNA,TP53TG1-206,lncRNA,,ENSG00000182165.18;ENST00000610086.1,-0.1199051994,0.0454545455,30,isoform,1.0,True,-0.1199051993762767,True
ENST00000328642.11,ENSG00000182253.15,SYNM,protein_coding,SYNM-201,protein_coding,ENSP00000330469.8,ENSG00000182253.15;ENST00000328642.11,0.1503547639,0.02997003,30,isoform,1.0,True,0.1503547639310859,True
ENST00000447472.6,ENSG00000182378.14,PLCXD1,protein_coding,PLCXD1-209,protein_coding,ENSP00000405307.1,ENSG00000182378.14;ENST00000447472.6,0.1608687875,0.008991009,30,isoform,1.0,True,0.1608687875368579,True
ENST00000330149.10,ENSG00000182400.15,TRAPPC6B,protein_coding,TRAPPC6B-201,protein_coding,ENSP00000330289.5,ENSG00000182400.15;ENST00000330149.10,-0.1320491738,0.0354645355,30,isoform,1.0,True,-0.1320491738053618,True
ENST00000329613.7,ENSG00000182463.16,TSHZ2,protein_coding,TSHZ2-201,protein_coding,ENSP00000333114.5,ENSG00000182463.16;ENST00000329613.7,0.1180818996,0.021978022,30,isoform,1.0,True,0.1180818996080945,True
ENST00000327827.12,ENSG00000182831.12,C16orf72,protein_coding,C16orf72-201,protein_coding,ENSP00000331720.7,ENSG00000182831.12;ENST00000327827.12,0.1512391526,0.0234765235,30,isoform,1.0,True,0.1512391525566842,True
ENST00000574285.2,ENSG00000182831.12,C16orf72,protein_coding,C16orf72-202,protein_coding,ENSP00000484249.1,ENSG00000182831.12;ENST00000574285.2,-0.1512391526,0.0234765235,30,isoform,1.0,True,-0.1512391525566844,True
ENST00000458605.5,ENSG00000182841.12,RRP7BP,transcribed_unprocessed_pseudogene,RRP7BP-204,processed_transcript,,ENSG00000182841.12;ENST00000458605.5,-0.1371850692,0.00999001,30,isoform,1.0,True,-0.1371850692467035,True
ENST00000566851.5,ENSG00000182841.12,RRP7BP,transcribed_unprocessed_pseudogene,RRP7BP-205,transcribed_unprocessed_pseudogene,,ENSG00000182841.12;ENST00000566851.5,0.1770357528,0.002997003,30,isoform,1.0,True,0.1770357527773342,True
ENST00000330514.4,ENSG00000182963.11,GJC1,protein_coding,GJC1-201,protein_coding,ENSP00000333193.3,ENSG00000182963.11;ENST00000330514.4,0.1700023317,0.011988012,30,isoform,1.0,True,0.1700023317111389,True
ENST00000592524.6,ENSG00000182963.11,GJC1,protein_coding,GJC1-208,protein_coding,ENSP00000467201.1,ENSG00000182963.11;ENST00000592524.6,-0.1986027471,0.0064935065,30,isoform,1.0,True,-0.1986027470533392,True
ENST00000328834.9,ENSG00000182973.18,CNOT10,protein_coding,CNOT10-201,protein_coding,ENSP00000330060.5,ENSG00000182973.18;ENST00000328834.9,0.1705500084,0.0044955045,30,isoform,1.0,True,0.1705500083684046,True
ENST00000533472.1,ENSG00000182993.5,C12orf60,protein_coding,C12orf60-203,processed_transcript,,ENSG00000182993.5;ENST00000533472.1,0.1488849581,0.0454545455,30,isoform,1.0,True,0.1488849581287046,True
ENST00000591952.5,ENSG00000183077.15,AFMID,protein_coding,AFMID-214,protein_coding,ENSP00000467365.1,ENSG00000183077.15;ENST00000591952.5,0.107614474,0.012987013,30,isoform,1.0,True,0.1076144739524435,True
ENST00000327773.7,ENSG00000183087.15,GAS6,protein_coding,GAS6-201,protein_coding,ENSP00000331831.6,ENSG00000183087.15;ENST00000327773.7,0.1371449222,0.025974026,30,isoform,1.0,True,0.1371449221881605,True
ENST00000458270.2,ENSG00000183309.12,ZNF623,protein_coding,ZNF623-201,protein_coding,ENSP00000411139.2,ENSG00000183309.12;ENST00000458270.2,0.2586734741,0.0064935065,30,isoform,1.0,True,0.2586734740852367,True
ENST00000501748.3,ENSG00000183309.12,ZNF623,protein_coding,ZNF623-202,protein_coding,ENSP00000445979.1,ENSG00000183309.12;ENST00000501748.3,-0.2433460136,0.0064935065,30,isoform,1.0,True,-0.2433460136226859,True
ENST00000357422.2,ENSG00000183625.15,CCR3,protein_coding,CCR3-201,protein_coding,ENSP00000350003.2,ENSG00000183625.15;ENST00000357422.2,0.256971782,0.0114885115,30,isoform,1.0,True,0.2569717819623526,True
ENST00000395940.3,ENSG00000183625.15,CCR3,protein_coding,CCR3-202,protein_coding,ENSP00000379271.2,ENSG00000183625.15;ENST00000395940.3,-0.2166807745,0.0184815185,30,isoform,1.0,True,-0.2166807744605968,True
ENST00000337975.6,ENSG00000183655.13,KLHL25,protein_coding,KLHL25-201,protein_coding,ENSP00000336800.5,ENSG00000183655.13;ENST00000337975.6,-0.1639258438,0.0394605395,30,isoform,1.0,True,-0.163925843806642,True
ENST00000559131.1,ENSG00000183655.13,KLHL25,protein_coding,KLHL25-203,processed_transcript,,ENSG00000183655.13;ENST00000559131.1,0.2496357805,0.018981019,30,isoform,1.0,True,0.2496357804537574,True
ENST00000508973.5,ENSG00000183666.17,GUSBP1,transcribed_unprocessed_pseudogene,GUSBP1-203,processed_transcript,,ENSG00000183666.17;ENST00000508973.5,0.1367282658,0.0104895105,30,isoform,1.0,True,0.1367282657748137,True
ENST00000509649.5,ENSG00000183666.17,GUSBP1,transcribed_unprocessed_pseudogene,GUSBP1-204,processed_transcript,,ENSG00000183666.17;ENST00000509649.5,-0.1588695947,0.0074925075,30,isoform,1.0,True,-0.1588695946836973,True
ENST00000513146.1,ENSG00000183718.5,TRIM52,protein_coding,TRIM52-203,processed_transcript,,ENSG00000183718.5;ENST00000513146.1,-0.1477534979,0.0204795205,30,isoform,1.0,True,-0.1477534978985773,True
ENST00000333610.4,ENSG00000183891.6,TTC32,protein_coding,TTC32-201,protein_coding,ENSP00000333018.3,ENSG00000183891.6;ENST00000333610.4,0.139816371,0.004995005,30,isoform,1.0,True,0.1398163710321415,True
ENST00000495698.1,ENSG00000183891.6,TTC32,protein_coding,TTC32-204,retained_intron,,ENSG00000183891.6;ENST00000495698.1,-0.1389792848,0.004995005,30,isoform,1.0,True,-0.1389792847751828,True
ENST00000262848.6,ENSG00000183943.6,PRKX,protein_coding,PRKX-201,protein_coding,ENSP00000262848.5,ENSG00000183943.6;ENST00000262848.6,-0.1214848615,0.0264735265,30,isoform,1.0,True,-0.121484861522902,True
ENST00000496648.1,ENSG00000183943.6,PRKX,protein_coding,PRKX-204,processed_transcript,,ENSG00000183943.6;ENST00000496648.1,0.1214848615,0.0264735265,30,isoform,1.0,True,0.121484861522902,True
ENST00000333371.8,ENSG00000184056.15,VPS33B,protein_coding,VPS33B-201,protein_coding,ENSP00000327650.4,ENSG00000184056.15;ENST00000333371.8,0.312309282,0.0004995005,30,isoform,1.0,True,0.3123092820031828,True
ENST00000477084.1,ENSG00000184083.12,FAM120C,protein_coding,FAM120C-203,protein_coding,ENSP00000420718.1,ENSG00000184083.12;ENST00000477084.1,0.1175356981,0.0324675325,30,isoform,1.0,True,0.1175356980520229,True
ENST00000324866.11,ENSG00000184154.15,LRTOMT,protein_coding,LRTOMT-202,protein_coding,ENSP00000440693.1,ENSG00000184154.15;ENST00000324866.11,-0.1610973813,0.024975025,30,isoform,1.0,True,-0.1610973812807954,True
ENST00000388940.8,ENSG00000184178.16,SCFD2,protein_coding,SCFD2-201,protein_coding,ENSP00000373592.4,ENSG00000184178.16;ENST00000388940.8,0.1273821337,0.024975025,30,isoform,1.0,True,0.1273821337385407,True
ENST00000401642.8,ENSG00000184178.16,SCFD2,protein_coding,SCFD2-202,protein_coding,ENSP00000384182.3,ENSG00000184178.16;ENST00000401642.8,-0.1414752555,0.0204795205,30,isoform,1.0,True,-0.1414752554914988,True
ENST00000402064.5,ENSG00000184381.20,PLA2G6,protein_coding,PLA2G6-203,protein_coding,ENSP00000386100.1,ENSG00000184381.20;ENST00000402064.5,-0.1285897897,0.024975025,30,isoform,1.0,True,-0.1285897896704103,True
ENST00000429094.7,ENSG00000184613.11,NELL2,protein_coding,NELL2-203,protein_coding,ENSP00000390680.2,ENSG00000184613.11;ENST00000429094.7,-0.113668117,0.0324675325,30,isoform,1.0,True,-0.1136681170431827,True
ENST00000330125.10,ENSG00000184708.18,EIF4ENIF1,protein_coding,EIF4ENIF1-201,protein_coding,ENSP00000328103.5,ENSG00000184708.18;ENST00000330125.10,0.1666663471,0.0144855145,30,isoform,1.0,True,0.166666347081466,True
ENST00000398868.8,ENSG00000184743.13,ATL3,protein_coding,ATL3-201,protein_coding,ENSP00000381844.3,ENSG00000184743.13;ENST00000398868.8,-0.1860988749,0.0024975025,30,isoform,1.0,True,-0.1860988748543455,True
ENST00000538786.1,ENSG00000184743.13,ATL3,protein_coding,ATL3-203,protein_coding,ENSP00000437593.1,ENSG00000184743.13;ENST00000538786.1,0.18639397,0.0024975025,30,isoform,1.0,True,0.1863939700153852,True
ENST00000345496.7,ENSG00000184787.19,UBE2G2,protein_coding,UBE2G2-202,protein_coding,ENSP00000338348.3,ENSG00000184787.19;ENST00000345496.7,0.1206114507,0.0114885115,30,isoform,1.0,True,0.1206114506672054,True
ENST00000481546.1,ENSG00000184787.19,UBE2G2,protein_coding,UBE2G2-206,retained_intron,,ENSG00000184787.19;ENST00000481546.1,-0.1049615052,0.016983017,30,isoform,1.0,True,-0.1049615051530062,True
ENST00000287912.7,ENSG00000184863.11,RBM33,protein_coding,RBM33-201,protein_coding,ENSP00000287912.3,ENSG00000184863.11;ENST00000287912.7,0.107512639,0.0284715285,30,isoform,1.0,True,0.1075126389620066,True
ENST00000341148.7,ENSG00000184863.11,RBM33,protein_coding,RBM33-203,protein_coding,ENSP00000341583.3,ENSG00000184863.11;ENST00000341148.7,-0.1207828575,0.0204795205,30,isoform,1.0,True,-0.120782857516737,True
ENST00000392554.7,ENSG00000184887.13,BTBD6,protein_coding,BTBD6-203,protein_coding,ENSP00000376337.3,ENSG00000184887.13;ENST00000392554.7,0.190615178,0.0064935065,30,isoform,1.0,True,0.1906151779918119,True
ENST00000570495.5,ENSG00000184939.16,ZFP90,protein_coding,ZFP90-209,protein_coding,ENSP00000460547.1,ENSG00000184939.16;ENST00000570495.5,0.1435119425,0.0214785215,30,isoform,1.0,True,0.1435119425147824,True
ENST00000341446.9,ENSG00000184992.13,BRI3BP,protein_coding,BRI3BP-201,protein_coding,ENSP00000340761.7,ENSG00000184992.13;ENST00000341446.9,-0.1160239865,0.0164835165,30,isoform,1.0,True,-0.1160239864662486,True
ENST00000671775.2,ENSG00000184992.13,BRI3BP,protein_coding,BRI3BP-202,protein_coding,ENSP00000500775.2,ENSG00000184992.13;ENST00000671775.2,-0.1176046731,0.015984016,30,isoform,1.0,True,-0.1176046731448349,True
ENST00000672415.1,ENSG00000184992.13,BRI3BP,protein_coding,BRI3BP-203,protein_coding,ENSP00000500359.1,ENSG00000184992.13;ENST00000672415.1,0.2336286596,0.003996004,30,isoform,1.0,True,0.2336286596110836,True
ENST00000331327.5,ENSG00000185129.8,PURA,protein_coding,PURA-201,protein_coding,ENSP00000332706.3,ENSG00000185129.8;ENST00000331327.5,-0.1533028254,0.021978022,30,isoform,1.0,True,-0.1533028253625466,True
ENST00000651386.1,ENSG00000185129.8,PURA,protein_coding,PURA-204,protein_coding,ENSP00000499133.1,ENSG00000185129.8;ENST00000651386.1,0.198510894,0.00999001,30,isoform,1.0,True,0.1985108940051314,True
ENST00000331075.10,ENSG00000185133.14,INPP5J,protein_coding,INPP5J-201,protein_coding,ENSP00000333262.5,ENSG00000185133.14;ENST00000331075.10,0.1450318016,0.0334665335,30,isoform,1.0,True,0.1450318016385899,True
ENST00000442628.7,ENSG00000185189.18,NRBP2,protein_coding,NRBP2-202,protein_coding,ENSP00000414055.2,ENSG00000185189.18;ENST00000442628.7,0.1248034464,0.032967033,30,isoform,1.0,True,0.1248034463835829,True
ENST00000424478.5,ENSG00000185246.18,PRPF39,protein_coding,PRPF39-202,nonsense_mediated_decay,ENSP00000390867.1,ENSG00000185246.18;ENST00000424478.5,0.1251335428,0.00999001,30,isoform,1.0,True,0.1251335427961029,True
ENST00000554785.1,ENSG00000185246.18,PRPF39,protein_coding,PRPF39-208,retained_intron,,ENSG00000185246.18;ENST00000554785.1,-0.1150424783,0.011988012,30,isoform,1.0,True,-0.1150424783222297,True
ENST00000527160.1,ENSG00000185507.21,IRF7,protein_coding,IRF7-208,retained_intron,,ENSG00000185507.21;ENST00000527160.1,-0.2234169315,0.0284715285,30,isoform,1.0,True,-0.2234169315356857,True
ENST00000559884.5,ENSG00000185596.16,WASH3P,transcribed_unprocessed_pseudogene,WASH3P-206,processed_transcript,,ENSG00000185596.16;ENST00000559884.5,0.1392461266,0.0154845155,30,isoform,1.0,True,0.1392461265697091,True
ENST00000362003.9,ENSG00000185619.18,PCGF3,protein_coding,PCGF3-201,protein_coding,ENSP00000354724.5,ENSG00000185619.18;ENST00000362003.9,-0.1421426271,0.00999001,30,isoform,1.0,True,-0.14214262706889,True
ENST00000367897.5,ENSG00000185630.19,PBX1,protein_coding,PBX1-202,protein_coding,ENSP00000356872.1,ENSG00000185630.19;ENST00000367897.5,0.1132041778,0.013986014,30,isoform,1.0,True,0.1132041777996597,True
ENST00000612123.3,ENSG00000185630.19,PBX1,protein_coding,PBX1-221,protein_coding,ENSP00000483563.1,ENSG00000185630.19;ENST00000612123.3,-0.1441397892,0.006993007,30,isoform,1.0,True,-0.1441397892045933,True
ENST00000333229.6,ENSG00000185658.13,BRWD1,protein_coding,BRWD1-201,protein_coding,ENSP00000330753.2,ENSG00000185658.13;ENST00000333229.6,-0.106884658,0.0414585415,30,isoform,1.0,True,-0.1068846579598083,True
ENST00000548493.5,ENSG00000185664.14,PMEL,protein_coding,PMEL-204,protein_coding,ENSP00000447374.1,ENSG00000185664.14;ENST00000548493.5,0.2024016256,0.028971029,30,isoform,1.0,True,0.2024016256206813,True
ENST00000332780.4,ENSG00000185909.15,KLHDC8B,protein_coding,KLHDC8B-201,protein_coding,ENSP00000327468.2,ENSG00000185909.15;ENST00000332780.4,0.1285089865,0.0124875125,30,isoform,1.0,True,0.1285089865352687,True
ENST00000462582.1,ENSG00000185909.15,KLHDC8B,protein_coding,KLHDC8B-203,processed_transcript,,ENSG00000185909.15;ENST00000462582.1,-0.1388123563,0.00999001,30,isoform,1.0,True,-0.1388123562513132,True
ENST00000549678.1,ENSG00000185920.16,PTCH1,protein_coding,PTCH1-219,retained_intron,,ENSG00000185920.16;ENST00000549678.1,-0.1508446764,0.043956044,30,isoform,1.0,True,-0.1508446763845212,True
ENST00000334859.8,ENSG00000186001.14,LRCH3,protein_coding,LRCH3-201,protein_coding,ENSP00000334375.4,ENSG00000186001.14;ENST00000334859.8,0.1325689097,0.031968032,30,isoform,1.0,True,0.1325689096841106,True
ENST00000452939.5,ENSG00000186017.14,ZNF566,protein_coding,ZNF566-205,protein_coding,ENSP00000411526.1,ENSG00000186017.14;ENST00000452939.5,0.174339532,0.0364635365,30,isoform,1.0,True,0.1743395319648548,True
ENST00000334418.6,ENSG00000186166.9,CCDC84,protein_coding,CCDC84-201,protein_coding,ENSP00000334767.1,ENSG00000186166.9;ENST00000334418.6,0.2075265089,0.0014985015,30,isoform,1.0,True,0.2075265089277115,True
ENST00000528088.1,ENSG00000186166.9,CCDC84,protein_coding,CCDC84-205,retained_intron,,ENSG00000186166.9;ENST00000528088.1,-0.1520717108,0.0054945055,30,isoform,1.0,True,-0.1520717107706495,True
ENST00000571589.6,ENSG00000186260.17,MRTFB,protein_coding,MRTFB-202,protein_coding,ENSP00000459626.2,ENSG00000186260.17;ENST00000571589.6,-0.1727809259,0.041958042,30,isoform,1.0,True,-0.1727809259315318,True
ENST00000599867.1,ENSG00000186272.12,ZNF17,protein_coding,ZNF17-205,processed_transcript,,ENSG00000186272.12;ENST00000599867.1,0.1416905763,0.046953047,30,isoform,1.0,True,0.1416905763344564,True
ENST00000529146.6,ENSG00000186523.14,FAM86B1,protein_coding,FAM86B1-210,nonsense_mediated_decay,ENSP00000473629.1,ENSG00000186523.14;ENST00000529146.6,0.211748609,0.0444555445,30,isoform,1.0,True,0.2117486089840054,True
ENST00000472396.5,ENSG00000186591.13,UBE2H,protein_coding,UBE2H-203,protein_coding,ENSP00000419689.1,ENSG00000186591.13;ENST00000472396.5,0.1601900034,0.005994006,30,isoform,1.0,True,0.1601900034447044,True
ENST00000379174.7,ENSG00000186638.16,KIF24,protein_coding,KIF24-201,protein_coding,ENSP00000368472.3,ENSG00000186638.16;ENST00000379174.7,0.2210971555,0.0234765235,30,isoform,1.0,True,0.2210971555411104,True
ENST00000402558.6,ENSG00000186638.16,KIF24,protein_coding,KIF24-202,protein_coding,ENSP00000384433.1,ENSG00000186638.16;ENST00000402558.6,-0.2210971555,0.0234765235,30,isoform,1.0,True,-0.2210971555411107,True
ENST00000379380.9,ENSG00000186687.16,LYRM7,protein_coding,LYRM7-201,protein_coding,ENSP00000368688.4,ENSG00000186687.16;ENST00000379380.9,-0.1632033039,0.0094905095,30,isoform,1.0,True,-0.1632033039272037,True
ENST00000550785.5,ENSG00000186815.13,TPCN1,protein_coding,TPCN1-214,protein_coding,ENSP00000448083.1,ENSG00000186815.13;ENST00000550785.5,0.1474049151,0.0044955045,30,isoform,1.0,True,0.1474049151240317,True
ENST00000460932.1,ENSG00000186866.16,POFUT2,protein_coding,POFUT2-205,processed_transcript,,ENSG00000186866.16;ENST00000460932.1,0.1006248362,0.0374625375,30,isoform,1.0,True,0.1006248362273876,True
ENST00000426126.6,ENSG00000186908.14,ZDHHC17,protein_coding,ZDHHC17-201,protein_coding,ENSP00000403397.2,ENSG00000186908.14;ENST00000426126.6,0.1255817899,0.01998002,30,isoform,1.0,True,0.1255817898637459,True
ENST00000526600.1,ENSG00000187079.19,TEAD1,protein_coding,TEAD1-203,protein_coding,ENSP00000435393.1,ENSG00000187079.19;ENST00000526600.1,-0.1653564127,0.0034965035,30,isoform,1.0,True,-0.1653564126963362,True
ENST00000328666.11,ENSG00000187531.14,SIRT7,protein_coding,SIRT7-201,protein_coding,ENSP00000329466.6,ENSG00000187531.14;ENST00000328666.11,0.110428463,0.011988012,30,isoform,1.0,True,0.1104284630429678,True
ENST00000481540.1,ENSG00000187607.16,ZNF286A,protein_coding,ZNF286A-206,protein_coding,ENSP00000467116.1,ENSG00000187607.16;ENST00000481540.1,0.1005521401,0.016983017,30,isoform,1.0,True,0.1005521401367157,True
ENST00000553551.1,ENSG00000187790.11,FANCM,protein_coding,FANCM-203,retained_intron,,ENSG00000187790.11;ENST00000553551.1,-0.1869814111,0.0314685315,30,isoform,1.0,True,-0.186981411126906,True
ENST00000328300.11,ENSG00000188153.14,COL4A5,protein_coding,COL4A5-201,protein_coding,ENSP00000331902.7,ENSG00000188153.14;ENST00000328300.11,0.1040485098,0.0364635365,30,isoform,1.0,True,0.1040485097916334,True
ENST00000505728.1,ENSG00000188153.14,COL4A5,protein_coding,COL4A5-208,protein_coding,ENSP00000424137.1,ENSG00000188153.14;ENST00000505728.1,-0.1077927349,0.033966034,30,isoform,1.0,True,-0.1077927348690933,True
ENST00000375579.7,ENSG00000188312.14,CENPP,protein_coding,CENPP-202,protein_coding,ENSP00000364729.3,ENSG00000188312.14;ENST00000375579.7,0.1106501576,0.0384615385,30,isoform,1.0,True,0.1106501575688169,True
ENST00000518322.6,ENSG00000188343.13,CIBAR1,protein_coding,CIBAR1-206,protein_coding,ENSP00000429367.1,ENSG00000188343.13;ENST00000518322.6,-0.1356367643,0.0144855145,30,isoform,1.0,True,-0.135636764349613,True
ENST00000654224.1,ENSG00000188385.12,JAKMIP3,protein_coding,JAKMIP3-205,processed_transcript,,ENSG00000188385.12;ENST00000654224.1,-0.2098684999,0.028971029,30,isoform,1.0,True,-0.2098684999123853,True
ENST00000343217.6,ENSG00000188542.10,DUSP28,protein_coding,DUSP28-201,protein_coding,ENSP00000344235.2,ENSG00000188542.10;ENST00000343217.6,0.3586746502,0.002997003,30,isoform,1.0,True,0.3586746501807687,True
ENST00000438823.1,ENSG00000188542.10,DUSP28,protein_coding,DUSP28-203,nonsense_mediated_decay,ENSP00000403899.1,ENSG00000188542.10;ENST00000438823.1,-0.4093224524,0.000999001,30,isoform,1.0,True,-0.4093224523519934,True
ENST00000557973.1,ENSG00000188549.12,CCDC9B,protein_coding,CCDC9B-203,processed_transcript,,ENSG00000188549.12;ENST00000557973.1,0.1006186419,0.0434565435,30,isoform,1.0,True,0.1006186418537037,True
ENST00000560922.1,ENSG00000188549.12,CCDC9B,protein_coding,CCDC9B-207,protein_coding,ENSP00000453500.1,ENSG00000188549.12;ENST00000560922.1,-0.1121891972,0.03996004,30,isoform,1.0,True,-0.1121891972045216,True
ENST00000340434.5,ENSG00000188647.13,PTAR1,protein_coding,PTAR1-201,protein_coding,ENSP00000344299.4,ENSG00000188647.13;ENST00000340434.5,-0.1120850168,0.0324675325,30,isoform,1.0,True,-0.1120850167846844,True
ENST00000377200.9,ENSG00000188647.13,PTAR1,protein_coding,PTAR1-202,protein_coding,ENSP00000366405.5,ENSG00000188647.13;ENST00000377200.9,-0.1564789473,0.0124875125,30,isoform,1.0,True,-0.1564789472524555,True
ENST00000472967.2,ENSG00000188647.13,PTAR1,protein_coding,PTAR1-205,protein_coding,ENSP00000440164.1,ENSG00000188647.13;ENST00000472967.2,0.1598325684,0.011988012,30,isoform,1.0,True,0.1598325683526303,True
ENST00000651768.1,ENSG00000188660.4,LINC00319,lncRNA,LINC00319-203,lncRNA,,ENSG00000188660.4;ENST00000651768.1,-0.1537487164,0.0194805195,30,isoform,1.0,True,-0.1537487164316037,True
ENST00000485407.1,ENSG00000188811.14,NHLRC3,protein_coding,NHLRC3-205,retained_intron,,ENSG00000188811.14;ENST00000485407.1,0.1169466725,0.026973027,30,isoform,1.0,True,0.1169466724505284,True
ENST00000662750.1,ENSG00000188825.14,LINC00910,lncRNA,LINC00910-215,lncRNA,,ENSG00000188825.14;ENST00000662750.1,-0.1200376069,0.0264735265,30,isoform,1.0,True,-0.1200376069195262,True
ENST00000663186.1,ENSG00000188825.14,LINC00910,lncRNA,LINC00910-217,lncRNA,,ENSG00000188825.14;ENST00000663186.1,0.1463883509,0.010989011,30,isoform,1.0,True,0.1463883508591741,True
ENST00000577454.5,ENSG00000188895.12,MSL1,protein_coding,MSL1-203,protein_coding,ENSP00000463949.1,ENSG00000188895.12;ENST00000577454.5,0.1346396292,0.0044955045,30,isoform,1.0,True,0.1346396292385699,True
ENST00000358776.7,ENSG00000196177.13,ACADSB,protein_coding,ACADSB-201,protein_coding,ENSP00000357873.3,ENSG00000196177.13;ENST00000358776.7,-0.1624515973,0.038961039,30,isoform,1.0,True,-0.1624515973357752,True
ENST00000366835.8,ENSG00000196187.12,TMEM63A,protein_coding,TMEM63A-201,protein_coding,ENSP00000355800.3,ENSG00000196187.12;ENST00000366835.8,0.1240984419,0.0124875125,30,isoform,1.0,True,0.1240984418984413,True
ENST00000641863.1,ENSG00000196369.11,SRGAP2B,protein_coding,SRGAP2B-207,protein_coding,ENSP00000493121.1,ENSG00000196369.11;ENST00000641863.1,0.1598440524,0.0194805195,30,isoform,1.0,True,0.1598440523722215,True
ENST00000505447.5,ENSG00000196526.10,AFAP1,protein_coding,AFAP1-205,retained_intron,,ENSG00000196526.10;ENST00000505447.5,0.1007375321,0.027972028,30,isoform,1.0,True,0.1007375320557885,True
ENST00000493285.2,ENSG00000196693.15,ZNF33B,protein_coding,ZNF33B-207,protein_coding,ENSP00000479296.1,ENSG00000196693.15;ENST00000493285.2,-0.1727973234,0.0254745255,30,isoform,1.0,True,-0.1727973234179652,True
ENST00000311048.11,ENSG00000196705.8,ZNF431,protein_coding,ZNF431-201,protein_coding,ENSP00000308578.6,ENSG00000196705.8;ENST00000311048.11,-0.1164018819,0.042957043,30,isoform,1.0,True,-0.1164018818591787,True
ENST00000356175.7,ENSG00000196712.18,NF1,protein_coding,NF1-201,protein_coding,ENSP00000348498.3,ENSG00000196712.18;ENST00000356175.7,-0.2849332663,0.004995005,30,isoform,1.0,True,-0.2849332662706552,True
ENST00000498569.5,ENSG00000196712.18,NF1,protein_coding,NF1-217,processed_transcript,,ENSG00000196712.18;ENST00000498569.5,0.1436382153,0.020979021,30,isoform,1.0,True,0.1436382153265448,True
ENST00000434382.2,ENSG00000196715.7,VKORC1L1,protein_coding,VKORC1L1-202,protein_coding,ENSP00000403077.2,ENSG00000196715.7;ENST00000434382.2,0.1766069651,0.007992008,30,isoform,1.0,True,0.1766069651154195,True
ENST00000648179.1,ENSG00000196715.7,VKORC1L1,protein_coding,VKORC1L1-203,protein_coding,ENSP00000497394.1,ENSG00000196715.7;ENST00000648179.1,-0.1963420167,0.004995005,30,isoform,1.0,True,-0.1963420166909166,True
ENST00000368708.9,ENSG00000196754.13,S100A2,protein_coding,S100A2-202,protein_coding,ENSP00000357697.4,ENSG00000196754.13;ENST00000368708.9,0.1702960396,0.004995005,30,isoform,1.0,True,0.1702960395956936,True
ENST00000368709.6,ENSG00000196754.13,S100A2,protein_coding,S100A2-203,protein_coding,ENSP00000357698.2,ENSG00000196754.13;ENST00000368709.6,-0.1324773785,0.010989011,30,isoform,1.0,True,-0.1324773784790265,True
ENST00000254321.10,ENSG00000196757.8,ZNF700,protein_coding,ZNF700-201,protein_coding,ENSP00000254321.4,ENSG00000196757.8;ENST00000254321.10,0.2838709136,0.0044955045,30,isoform,1.0,True,0.2838709136284438,True
ENST00000482090.1,ENSG00000196757.8,ZNF700,protein_coding,ZNF700-202,protein_coding,ENSP00000467996.1,ENSG00000196757.8;ENST00000482090.1,-0.3369933883,0.001998002,30,isoform,1.0,True,-0.3369933883399592,True
ENST00000359634.10,ENSG00000196950.14,SLC39A10,protein_coding,SLC39A10-201,protein_coding,ENSP00000352655.5,ENSG00000196950.14;ENST00000359634.10,0.1129429633,0.023976024,30,isoform,1.0,True,0.1129429633066058,True
ENST00000464301.1,ENSG00000196950.14,SLC39A10,protein_coding,SLC39A10-208,processed_transcript,,ENSG00000196950.14;ENST00000464301.1,-0.1043168276,0.025974026,30,isoform,1.0,True,-0.104316827566261,True
ENST00000619937.4,ENSG00000197062.11,ZSCAN26,protein_coding,ZSCAN26-206,protein_coding,ENSP00000484018.1,ENSG00000197062.11;ENST00000619937.4,-0.1072738849,0.0484515485,30,isoform,1.0,True,-0.1072738848769338,True
ENST00000358431.7,ENSG00000197077.13,KIAA1671,protein_coding,KIAA1671-201,protein_coding,ENSP00000351207.3,ENSG00000197077.13;ENST00000358431.7,0.1542546006,0.0494505495,30,isoform,1.0,True,0.1542546006490939,True
ENST00000401395.1,ENSG00000197077.13,KIAA1671,protein_coding,KIAA1671-202,protein_coding,ENSP00000385377.1,ENSG00000197077.13;ENST00000401395.1,-0.1656869042,0.0434565435,30,isoform,1.0,True,-0.1656869041851088,True
ENST00000359232.8,ENSG00000197119.13,SLC25A29,protein_coding,SLC25A29-201,protein_coding,ENSP00000352167.3,ENSG00000197119.13;ENST00000359232.8,0.1518864669,0.0084915085,30,isoform,1.0,True,0.151886466890194,True
ENST00000554912.1,ENSG00000197119.13,SLC25A29,protein_coding,SLC25A29-208,protein_coding,ENSP00000450913.1,ENSG00000197119.13;ENST00000554912.1,-0.1243606554,0.0104895105,30,isoform,1.0,True,-0.124360655449707,True
ENST00000360737.4,ENSG00000197182.14,MIRLET7BHG,lncRNA,MIRLET7BHG-201,lncRNA,,ENSG00000197182.14;ENST00000360737.4,-0.230762647,0.0104895105,30,isoform,1.0,True,-0.2307626470191492,True
ENST00000443490.5,ENSG00000197182.14,MIRLET7BHG,lncRNA,MIRLET7BHG-204,lncRNA,,ENSG00000197182.14;ENST00000443490.5,0.3725016993,0.0024975025,30,isoform,1.0,True,0.3725016992655789,True
ENST00000360271.3,ENSG00000197355.11,UAP1L1,protein_coding,UAP1L1-201,protein_coding,ENSP00000353409.3,ENSG00000197355.11;ENST00000360271.3,-0.1014200252,0.0204795205,30,isoform,1.0,True,-0.1014200251580922,True
ENST00000359788.9,ENSG00000197372.10,ZNF675,protein_coding,ZNF675-201,protein_coding,ENSP00000352836.3,ENSG00000197372.10;ENST00000359788.9,0.1755858471,0.0194805195,30,isoform,1.0,True,0.175585847113968,True
ENST00000360697.4,ENSG00000197381.16,ADARB1,protein_coding,ADARB1-202,protein_coding,ENSP00000353920.3,ENSG00000197381.16;ENST00000360697.4,-0.2194576442,0.001998002,30,isoform,1.0,True,-0.219457644170719,True
ENST00000432695.2,ENSG00000197444.10,OGDHL,protein_coding,OGDHL-203,protein_coding,ENSP00000390240.1,ENSG00000197444.10;ENST00000432695.2,0.1331928889,0.012987013,30,isoform,1.0,True,0.1331928889106645,True
ENST00000487338.6,ENSG00000197472.15,ZNF695,protein_coding,ZNF695-204,protein_coding,ENSP00000429736.1,ENSG00000197472.15;ENST00000487338.6,-0.1227776999,0.0324675325,30,isoform,1.0,True,-0.1227776998611858,True
ENST00000378953.8,ENSG00000197536.11,IRF1-AS1,lncRNA,IRF1-AS1-203,lncRNA,,ENSG00000197536.11;ENST00000378953.8,0.2097575281,0.042957043,30,isoform,1.0,True,0.2097575281296307,True
ENST00000538492.5,ENSG00000197562.10,RAB40C,protein_coding,RAB40C-204,protein_coding,ENSP00000438382.1,ENSG00000197562.10;ENST00000538492.5,-0.1574271308,0.022977023,30,isoform,1.0,True,-0.1574271307894547,True
ENST00000640593.1,ENSG00000197563.11,PIGN,protein_coding,PIGN-248,nonsense_mediated_decay,ENSP00000492017.1,ENSG00000197563.11;ENST00000640593.1,0.1014165571,0.0404595405,30,isoform,1.0,True,0.1014165571359613,True
ENST00000513998.5,ENSG00000197594.13,ENPP1,protein_coding,ENPP1-203,nonsense_mediated_decay,ENSP00000422424.1,ENSG00000197594.13;ENST00000513998.5,0.1759747464,0.0424575425,30,isoform,1.0,True,0.1759747463616683,True
ENST00000647893.1,ENSG00000197594.13,ENPP1,protein_coding,ENPP1-204,protein_coding,ENSP00000498074.1,ENSG00000197594.13;ENST00000647893.1,-0.1908164189,0.03996004,30,isoform,1.0,True,-0.1908164188768875,True
ENST00000376954.6,ENSG00000197779.14,ZNF81,protein_coding,ZNF81-204,protein_coding,ENSP00000366153.1,ENSG00000197779.14;ENST00000376954.6,-0.1639567081,0.0404595405,30,isoform,1.0,True,-0.1639567080913139,True
ENST00000601688.5,ENSG00000197782.14,ZNF780A,protein_coding,ZNF780A-210,non_stop_decay,ENSP00000472779.1,ENSG00000197782.14;ENST00000601688.5,0.1335507931,0.0204795205,30,isoform,1.0,True,0.1335507930519173,True
ENST00000381007.9,ENSG00000197860.10,SGTB,protein_coding,SGTB-201,protein_coding,ENSP00000370395.4,ENSG00000197860.10;ENST00000381007.9,-0.2142257178,0.033966034,30,isoform,1.0,True,-0.2142257177870472,True
ENST00000506816.1,ENSG00000197860.10,SGTB,protein_coding,SGTB-202,protein_coding,ENSP00000421447.1,ENSG00000197860.10;ENST00000506816.1,0.2142257178,0.033966034,30,isoform,1.0,True,0.2142257177870471,True
ENST00000425478.7,ENSG00000197885.11,NKIRAS1,protein_coding,NKIRAS1-206,protein_coding,ENSP00000400385.2,ENSG00000197885.11;ENST00000425478.7,0.1471478533,0.022977023,30,isoform,1.0,True,0.1471478533474577,True
ENST00000645818.2,ENSG00000197912.16,SPG7,protein_coding,SPG7-268,protein_coding,ENSP00000495795.2,ENSG00000197912.16;ENST00000645818.2,0.1049286041,0.005994006,30,isoform,1.0,True,0.104928604116116,True
ENST00000313871.9,ENSG00000197976.12,AKAP17A,protein_coding,AKAP17A-201,protein_coding,ENSP00000324827.3,ENSG00000197976.12;ENST00000313871.9,-0.1709015871,0.013986014,30,isoform,1.0,True,-0.1709015870868666,True
ENST00000313871.9_PAR_Y,ENSG00000197976.12_PAR_Y,AKAP17A,protein_coding,AKAP17A-201,protein_coding,ENSP00000324827.3,ENSG00000197976.12_PAR_Y;ENST00000313871.9_PAR_Y,0.192779025,0.008991009,30,isoform,1.0,True,0.1927790250419915,True
ENST00000381261.8_PAR_Y,ENSG00000197976.12_PAR_Y,AKAP17A,protein_coding,AKAP17A-202,protein_coding,ENSP00000370660.3,ENSG00000197976.12_PAR_Y;ENST00000381261.8_PAR_Y,-0.3276019826,0.0024975025,30,isoform,1.0,True,-0.3276019825973956,True
ENST00000421535.5,ENSG00000198162.12,MAN1A2,protein_coding,MAN1A2-202,protein_coding,ENSP00000396362.1,ENSG00000198162.12;ENST00000421535.5,0.1707103585,0.013986014,30,isoform,1.0,True,0.1707103584583056,True
ENST00000375370.10,ENSG00000198176.13,TFDP1,protein_coding,TFDP1-201,protein_coding,ENSP00000364519.4,ENSG00000198176.13;ENST00000375370.10,-0.1198559739,0.0034965035,30,isoform,1.0,True,-0.1198559738637684,True
ENST00000464794.5,ENSG00000198176.13,TFDP1,protein_coding,TFDP1-204,processed_transcript,,ENSG00000198176.13;ENST00000464794.5,0.1268700747,0.002997003,30,isoform,1.0,True,0.1268700747212751,True
ENST00000358691.10,ENSG00000198265.12,HELZ,protein_coding,HELZ-201,protein_coding,ENSP00000351524.5,ENSG00000198265.12;ENST00000358691.10,-0.3502290715,0.0114885115,30,isoform,1.0,True,-0.3502290714932539,True
ENST00000580168.5,ENSG00000198265.12,HELZ,protein_coding,HELZ-207,protein_coding,ENSP00000464512.1,ENSG00000198265.12;ENST00000580168.5,0.2590914067,0.017982018,30,isoform,1.0,True,0.2590914066752666,True
ENST00000437003.3,ENSG00000198270.13,TMEM116,protein_coding,TMEM116-202,processed_transcript,,ENSG00000198270.13;ENST00000437003.3,-0.1002806596,0.028971029,30,isoform,1.0,True,-0.1002806595976313,True
ENST00000480678.1,ENSG00000198298.13,ZNF485,protein_coding,ZNF485-204,retained_intron,,ENSG00000198298.13;ENST00000480678.1,-0.1831422446,0.044955045,30,isoform,1.0,True,-0.1831422445814759,True
ENST00000361060.5,ENSG00000198380.13,GFPT1,protein_coding,GFPT1-202,protein_coding,ENSP00000354347.4,ENSG00000198380.13;ENST00000361060.5,-0.1386438785,0.005994006,30,isoform,1.0,True,-0.1386438785467757,True
ENST00000674438.1,ENSG00000198380.13,GFPT1,protein_coding,GFPT1-204,protein_coding,ENSP00000501469.1,ENSG00000198380.13;ENST00000674438.1,0.1189903231,0.0094905095,30,isoform,1.0,True,0.1189903231340767,True
ENST00000359798.9,ENSG00000198482.14,ZNF808,protein_coding,ZNF808-201,protein_coding,ENSP00000352846.4,ENSG00000198482.14;ENST00000359798.9,0.2071656282,0.0314685315,30,isoform,1.0,True,0.2071656281985387,True
ENST00000487863.5,ENSG00000198482.14,ZNF808,protein_coding,ZNF808-206,nonsense_mediated_decay,ENSP00000420522.1,ENSG00000198482.14;ENST00000487863.5,-0.1517150725,0.0484515485,30,isoform,1.0,True,-0.1517150725371968,True
ENST00000465438.1,ENSG00000198556.14,ZNF789,protein_coding,ZNF789-205,retained_intron,,ENSG00000198556.14;ENST00000465438.1,-0.1222628339,0.013986014,30,isoform,1.0,True,-0.1222628338806952,True
ENST00000396172.6,ENSG00000198563.14,DDX39B,protein_coding,DDX39B-202,protein_coding,ENSP00000379475.1,ENSG00000198563.14;ENST00000396172.6,0.1044092946,0.007992008,30,isoform,1.0,True,0.1044092945658199,True
ENST00000462012.1,ENSG00000198625.13,MDM4,protein_coding,MDM4-208,processed_transcript,,ENSG00000198625.13;ENST00000462012.1,-0.121109188,0.0474525475,30,isoform,1.0,True,-0.1211091879883518,True
ENST00000359359.6,ENSG00000198663.17,C6orf89,protein_coding,C6orf89-202,protein_coding,ENSP00000352316.2,ENSG00000198663.17;ENST00000359359.6,0.170667161,0.0034965035,30,isoform,1.0,True,0.1706671610338436,True
ENST00000480824.7,ENSG00000198663.17,C6orf89,protein_coding,C6orf89-204,protein_coding,ENSP00000475947.1,ENSG00000198663.17;ENST00000480824.7,-0.2282010281,0.0004995005,30,isoform,1.0,True,-0.2282010281443695,True
ENST00000552770.3,ENSG00000198707.17,CEP290,protein_coding,CEP290-206,protein_coding,ENSP00000447527.3,ENSG00000198707.17;ENST00000552770.3,0.1382632912,0.0344655345,30,isoform,1.0,True,0.1382632912138338,True
ENST00000552810.6,ENSG00000198707.17,CEP290,protein_coding,CEP290-207,protein_coding,ENSP00000448012.1,ENSG00000198707.17;ENST00000552810.6,0.1634526752,0.025974026,30,isoform,1.0,True,0.1634526751634724,True
ENST00000508237.5,ENSG00000198740.9,ZNF652,protein_coding,ZNF652-203,nonsense_mediated_decay,ENSP00000424848.1,ENSG00000198740.9;ENST00000508237.5,0.1587253344,0.0274725275,30,isoform,1.0,True,0.1587253344125246,True
ENST00000513488.2,ENSG00000198740.9,ZNF652,protein_coding,ZNF652-204,processed_transcript,,ENSG00000198740.9;ENST00000513488.2,-0.2455480224,0.0124875125,30,isoform,1.0,True,-0.245548022379983,True
ENST00000562765.5,ENSG00000198794.12,SCAMP5,protein_coding,SCAMP5-205,nonsense_mediated_decay,ENSP00000455598.1,ENSG00000198794.12;ENST00000562765.5,0.1340210422,0.046953047,30,isoform,1.0,True,0.1340210421933635,True
ENST00000590662.1,ENSG00000198796.7,ALPK2,protein_coding,ALPK2-206,retained_intron,,ENSG00000198796.7;ENST00000590662.1,0.165658857,0.005994006,30,isoform,1.0,True,0.1656588570397258,True
ENST00000361127.6,ENSG00000198799.12,LRIG2,protein_coding,LRIG2-201,protein_coding,ENSP00000355396.4,ENSG00000198799.12;ENST00000361127.6,-0.1818379718,0.021978022,30,isoform,1.0,True,-0.1818379717920268,True
ENST00000361822.8,ENSG00000198839.10,ZNF277,protein_coding,ZNF277-201,protein_coding,ENSP00000354501.3,ENSG00000198839.10;ENST00000361822.8,-0.102443558,0.035964036,30,isoform,1.0,True,-0.102443557950138,True
ENST00000471696.6,ENSG00000198843.13,SELENOT,protein_coding,SELENOT-202,protein_coding,ENSP00000418910.1,ENSG00000198843.13;ENST00000471696.6,-0.1268400563,0.0054945055,30,isoform,1.0,True,-0.1268400563043573,True
ENST00000480740.5,ENSG00000198843.13,SELENOT,protein_coding,SELENOT-204,protein_coding,ENSP00000417762.1,ENSG00000198843.13;ENST00000480740.5,0.1163925912,0.0064935065,30,isoform,1.0,True,0.1163925911799548,True
ENST00000361813.5,ENSG00000198952.8,SMG5,protein_coding,SMG5-201,protein_coding,ENSP00000355261.5,ENSG00000198952.8;ENST00000361813.5,0.1068477611,0.0154845155,30,isoform,1.0,True,0.1068477610681315,True
ENST00000464757.1,ENSG00000203667.10,COX20,protein_coding,COX20-204,retained_intron,,ENSG00000203667.10;ENST00000464757.1,-0.1080448373,0.0114885115,30,isoform,1.0,True,-0.1080448373449747,True
ENST00000674823.1,ENSG00000203865.11,ATP1A1-AS1,lncRNA,ATP1A1-AS1-206,lncRNA,,ENSG00000203865.11;ENST00000674823.1,-0.1289895628,0.0374625375,30,isoform,1.0,True,-0.1289895627560033,True
ENST00000676321.1,ENSG00000203865.11,ATP1A1-AS1,lncRNA,ATP1A1-AS1-216,lncRNA,,ENSG00000203865.11;ENST00000676321.1,0.1865746947,0.014985015,30,isoform,1.0,True,0.1865746946648802,True
ENST00000309546.8,ENSG00000203896.10,LIME1,protein_coding,LIME1-201,protein_coding,ENSP00000309521.3,ENSG00000203896.10;ENST00000309546.8,0.1019756831,0.018981019,30,isoform,1.0,True,0.1019756830552399,True
ENST00000618025.4,ENSG00000204149.12,AGAP6,protein_coding,AGAP6-203,processed_transcript,,ENSG00000204149.12;ENST00000618025.4,0.1057552228,0.0284715285,30,isoform,1.0,True,0.1057552227947097,True
ENST00000374580.10,ENSG00000204217.15,BMPR2,protein_coding,BMPR2-202,protein_coding,ENSP00000363708.4,ENSG00000204217.15;ENST00000374580.10,-0.218664443,0.014985015,30,isoform,1.0,True,-0.2186644429595806,True
ENST00000638587.1,ENSG00000204217.15,BMPR2,protein_coding,BMPR2-204,protein_coding,ENSP00000491062.1,ENSG00000204217.15;ENST00000638587.1,0.21122691,0.014985015,30,isoform,1.0,True,0.2112269099786131,True
ENST00000374680.4,ENSG00000204231.11,RXRB,protein_coding,RXRB-201,protein_coding,ENSP00000363812.3,ENSG00000204231.11;ENST00000374680.4,0.1043712144,0.0134865135,30,isoform,1.0,True,0.1043712143961772,True
ENST00000652259.1,ENSG00000204267.16,TAP2,protein_coding,TAP2-205,protein_coding,ENSP00000498827.1,ENSG00000204267.16;ENST00000652259.1,0.1196086943,0.005994006,30,isoform,1.0,True,0.1196086943345644,True
ENST00000463144.5,ENSG00000204410.16,MSH5,protein_coding,MSH5-211,nonsense_mediated_decay,ENSP00000419648.1,ENSG00000204410.16;ENST00000463144.5,0.1435294171,0.0114885115,30,isoform,1.0,True,0.1435294171296336,True
ENST00000375895.6,ENSG00000204438.11,GPANK1,protein_coding,GPANK1-202,protein_coding,ENSP00000365059.2,ENSG00000204438.11;ENST00000375895.6,0.1019977249,0.0164835165,30,isoform,1.0,True,0.1019977249325333,True
ENST00000336905.3,ENSG00000204588.5,LINC01123,lncRNA,LINC01123-201,lncRNA,,ENSG00000204588.5;ENST00000336905.3,-0.1621985691,0.027972028,30,isoform,1.0,True,-0.1621985690624781,True
ENST00000419296.1,ENSG00000204588.5,LINC01123,lncRNA,LINC01123-202,lncRNA,,ENSG00000204588.5;ENST00000419296.1,0.1621985691,0.027972028,30,isoform,1.0,True,0.1621985690624779,True
ENST00000458516.5,ENSG00000204599.14,TRIM39,protein_coding,TRIM39-211,protein_coding,ENSP00000405928.1,ENSG00000204599.14;ENST00000458516.5,0.2364666229,0.003996004,30,isoform,1.0,True,0.2364666228605129,True
ENST00000378509.9,ENSG00000205060.11,SLC35B4,protein_coding,SLC35B4-201,protein_coding,ENSP00000367770.4,ENSG00000205060.11;ENST00000378509.9,-0.2580109076,0.0,30,isoform,0.0,True,-0.2580109075893153,True
ENST00000536679.5,ENSG00000205885.7,C1RL-AS1,lncRNA,C1RL-AS1-204,lncRNA,,ENSG00000205885.7;ENST00000536679.5,-0.1005209803,0.042957043,30,isoform,1.0,True,-0.1005209803042762,True
ENST00000248098.8,ENSG00000206053.13,JPT2,protein_coding,JPT2-201,protein_coding,ENSP00000248098.3,ENSG00000206053.13;ENST00000248098.8,-0.1469844807,0.0044955045,30,isoform,1.0,True,-0.1469844807077941,True
ENST00000566742.5,ENSG00000206053.13,JPT2,protein_coding,JPT2-209,protein_coding,ENSP00000454567.1,ENSG00000206053.13;ENST00000566742.5,0.1154044518,0.0074925075,30,isoform,1.0,True,0.1154044517889231,True
ENST00000329286.7,ENSG00000206418.4,RAB12,protein_coding,RAB12-201,protein_coding,ENSP00000331748.6,ENSG00000206418.4;ENST00000329286.7,0.3817524545,0.0,30,isoform,0.0,True,0.3817524544995346,True
ENST00000389061.10,ENSG00000211456.13,SACM1L,protein_coding,SACM1L-201,protein_coding,ENSP00000373713.4,ENSG00000211456.13;ENST00000389061.10,0.1067939354,0.0134865135,30,isoform,1.0,True,0.1067939354331728,True
ENST00000647872.1,ENSG00000212719.13,LINC02693,lncRNA,LINC02693-208,lncRNA,,ENSG00000212719.13;ENST00000647872.1,-0.1292943493,0.031968032,30,isoform,1.0,True,-0.1292943493328019,True
ENST00000653508.1,ENSG00000212719.13,LINC02693,lncRNA,LINC02693-213,lncRNA,,ENSG00000212719.13;ENST00000653508.1,0.1744495723,0.015984016,30,isoform,1.0,True,0.1744495722959369,True
ENST00000325333.10,ENSG00000213015.9,ZNF580,protein_coding,ZNF580-201,protein_coding,ENSP00000320050.4,ENSG00000213015.9;ENST00000325333.10,0.179169589,0.001998002,30,isoform,1.0,True,0.1791695890432767,True
ENST00000543039.2,ENSG00000213015.9,ZNF580,protein_coding,ZNF580-202,protein_coding,ENSP00000443957.1,ENSG00000213015.9;ENST00000543039.2,-0.1392547386,0.0044955045,30,isoform,1.0,True,-0.1392547386037822,True
ENST00000599798.1,ENSG00000213020.10,ZNF611,protein_coding,ZNF611-213,processed_transcript,,ENSG00000213020.10;ENST00000599798.1,-0.2918658205,0.014985015,30,isoform,1.0,True,-0.2918658205018421,True
ENST00000271375.7,ENSG00000213064.10,SFT2D2,protein_coding,SFT2D2-201,protein_coding,ENSP00000271375.3,ENSG00000213064.10;ENST00000271375.7,-0.419861018,0.000999001,30,isoform,1.0,True,-0.419861017997719,True
ENST00000349556.4,ENSG00000213066.13,CEP43,protein_coding,CEP43-201,protein_coding,ENSP00000230248.6,ENSG00000213066.13;ENST00000349556.4,0.1118070678,0.0374625375,30,isoform,1.0,True,0.1118070678188395,True
ENST00000622353.4,ENSG00000213066.13,CEP43,protein_coding,CEP43-207,protein_coding,ENSP00000479115.1,ENSG00000213066.13;ENST00000622353.4,-0.1054120205,0.0404595405,30,isoform,1.0,True,-0.1054120205091006,True
ENST00000339642.10,ENSG00000213096.11,ZNF254,protein_coding,ZNF254-201,protein_coding,ENSP00000341573.6,ENSG00000213096.11;ENST00000339642.10,0.1455818364,0.0384615385,30,isoform,1.0,True,0.1455818363656836,True
ENST00000349064.10,ENSG00000213199.8,ASIC3,protein_coding,ASIC3-202,protein_coding,ENSP00000344838.5,ENSG00000213199.8;ENST00000349064.10,0.1744828315,0.0424575425,30,isoform,1.0,True,0.1744828314729098,True
ENST00000482155.1,ENSG00000213533.13,STIMATE,protein_coding,STIMATE-205,protein_coding,ENSP00000418967.1,ENSG00000213533.13;ENST00000482155.1,-0.1090285368,0.031968032,30,isoform,1.0,True,-0.1090285368111419,True
ENST00000396789.4,ENSG00000213903.9,LTB4R,protein_coding,LTB4R-203,protein_coding,ENSP00000380008.4,ENSG00000213903.9;ENST00000396789.4,-0.1797678393,0.008991009,30,isoform,1.0,True,-0.179767839309383,True
ENST00000528054.1,ENSG00000213906.10,LTB4R2,protein_coding,LTB4R2-202,protein_coding,ENSP00000432146.1,ENSG00000213906.10;ENST00000528054.1,-0.1751090111,0.0404595405,30,isoform,1.0,True,-0.1751090111125214,True
ENST00000533293.2,ENSG00000213906.10,LTB4R2,protein_coding,LTB4R2-204,protein_coding,ENSP00000433290.1,ENSG00000213906.10;ENST00000533293.2,0.2921303249,0.0134865135,30,isoform,1.0,True,0.2921303249217956,True
ENST00000430718.5,ENSG00000214021.16,TTLL3,protein_coding,TTLL3-212,protein_coding,ENSP00000402197.1,ENSG00000214021.16;ENST00000430718.5,-0.1595673536,0.0214785215,30,isoform,1.0,True,-0.1595673535529768,True
ENST00000517673.5,ENSG00000214050.8,FBXO16,protein_coding,FBXO16-204,protein_coding,ENSP00000429390.1,ENSG00000214050.8;ENST00000517673.5,0.2271104909,0.011988012,30,isoform,1.0,True,0.2271104908789007,True
ENST00000393073.4,ENSG00000214182.5,PTMAP5,transcribed_processed_pseudogene,PTMAP5-201,transcribed_processed_pseudogene,,ENSG00000214182.5;ENST00000393073.4,-0.3667099926,0.005994006,30,isoform,1.0,True,-0.3667099925891207,True
ENST00000607242.1,ENSG00000214182.5,PTMAP5,transcribed_processed_pseudogene,PTMAP5-202,processed_transcript,,ENSG00000214182.5;ENST00000607242.1,0.3667099926,0.005994006,30,isoform,1.0,True,0.3667099925891209,True
ENST00000443786.2,ENSG00000214367.8,HAUS3,protein_coding,HAUS3-202,protein_coding,ENSP00000392903.2,ENSG00000214367.8;ENST00000443786.2,0.1143461344,0.020979021,30,isoform,1.0,True,0.1143461343538904,True
ENST00000466608.2,ENSG00000214595.12,EML6,protein_coding,EML6-202,processed_transcript,,ENSG00000214595.12;ENST00000466608.2,0.2505413911,0.0214785215,30,isoform,1.0,True,0.2505413911492135,True
ENST00000515319.6_PAR_Y,ENSG00000214717.12_PAR_Y,ZBED1,protein_coding,ZBED1-205,processed_transcript,,ENSG00000214717.12_PAR_Y;ENST00000515319.6_PAR_Y,-0.1330835321,0.013986014,30,isoform,1.0,True,-0.1330835321427032,True
ENST00000413875.5,ENSG00000214765.8,SEPTIN7P2,transcribed_unprocessed_pseudogene,SEPTIN7P2-204,retained_intron,,ENSG00000214765.8;ENST00000413875.5,-0.160469197,0.008991009,30,isoform,1.0,True,-0.160469197031282,True
ENST00000447687.2,ENSG00000215039.7,CD27-AS1,lncRNA,CD27-AS1-203,retained_intron,,ENSG00000215039.7;ENST00000447687.2,-0.5497014803,0.000999001,30,isoform,1.0,True,-0.5497014803408744,True
ENST00000504270.2,ENSG00000215039.7,CD27-AS1,lncRNA,CD27-AS1-204,retained_intron,,ENSG00000215039.7;ENST00000504270.2,0.5721986358,0.000999001,30,isoform,1.0,True,0.5721986358327937,True
ENST00000399598.7,ENSG00000215114.10,UBXN2B,protein_coding,UBXN2B-201,protein_coding,ENSP00000382507.2,ENSG00000215114.10;ENST00000399598.7,-0.1506247777,0.011988012,30,isoform,1.0,True,-0.150624777654755,True
ENST00000582141.5,ENSG00000215417.13,MIR17HG,lncRNA,MIR17HG-203,retained_intron,,ENSG00000215417.13;ENST00000582141.5,-0.1159470224,0.0374625375,30,isoform,1.0,True,-0.1159470223995278,True
ENST00000664987.1,ENSG00000215417.13,MIR17HG,lncRNA,MIR17HG-205,lncRNA,,ENSG00000215417.13;ENST00000664987.1,0.1049072888,0.046953047,30,isoform,1.0,True,0.1049072887749318,True
ENST00000643905.1,ENSG00000215790.7,SLC35E2A,protein_coding,SLC35E2A-204,protein_coding,ENSP00000495949.1,ENSG00000215790.7;ENST00000643905.1,-0.2315517356,0.0034965035,30,isoform,1.0,True,-0.231551735574841,True
ENST00000647043.1,ENSG00000215790.7,SLC35E2A,protein_coding,SLC35E2A-206,processed_transcript,,ENSG00000215790.7;ENST00000647043.1,0.1312943427,0.0224775225,30,isoform,1.0,True,0.1312943426858865,True
ENST00000510461.6,ENSG00000217128.12,FNIP1,protein_coding,FNIP1-203,protein_coding,ENSP00000421985.1,ENSG00000217128.12;ENST00000510461.6,-0.1500615031,0.0264735265,30,isoform,1.0,True,-0.1500615030681881,True
ENST00000623690.1,ENSG00000217128.12,FNIP1,protein_coding,FNIP1-206,TEC,,ENSG00000217128.12;ENST00000623690.1,0.221229914,0.0124875125,30,isoform,1.0,True,0.2212299139889526,True
ENST00000403352.1,ENSG00000220201.7,ZGLP1,protein_coding,ZGLP1-201,protein_coding,ENSP00000385403.1,ENSG00000220201.7;ENST00000403352.1,0.2580207338,0.0174825175,30,isoform,1.0,True,0.2580207338250754,True
ENST00000316509.11,ENSG00000220205.9,VAMP2,protein_coding,VAMP2-201,protein_coding,ENSP00000314214.6,ENSG00000220205.9;ENST00000316509.11,0.1502002864,0.005994006,30,isoform,1.0,True,0.1502002864376304,True
ENST00000369385.5,ENSG00000220323.4,H2BC19P,transcribed_unprocessed_pseudogene,H2BC19P-201,transcribed_unprocessed_pseudogene,,ENSG00000220323.4;ENST00000369385.5,0.3089222711,0.0014985015,30,isoform,1.0,True,0.3089222711306098,True
ENST00000608318.2,ENSG00000220323.4,H2BC19P,transcribed_unprocessed_pseudogene,H2BC19P-202,processed_transcript,,ENSG00000220323.4;ENST00000608318.2,-0.3089222711,0.0014985015,30,isoform,1.0,True,-0.30892227113061,True
ENST00000359593.9,ENSG00000221838.10,AP4M1,protein_coding,AP4M1-201,protein_coding,ENSP00000352603.4,ENSG00000221838.10;ENST00000359593.9,-0.217318792,0.0034965035,30,isoform,1.0,True,-0.2173187920275715,True
ENST00000421755.5,ENSG00000221838.10,AP4M1,protein_coding,AP4M1-204,protein_coding,ENSP00000412185.1,ENSG00000221838.10;ENST00000421755.5,0.2001017526,0.005994006,30,isoform,1.0,True,0.2001017525870921,True
ENST00000409768.2,ENSG00000222019.7,URAHP,transcribed_unprocessed_pseudogene,URAHP-201,processed_transcript,,ENSG00000222019.7;ENST00000409768.2,0.1161021593,0.0444555445,30,isoform,1.0,True,0.1161021593297389,True
ENST00000517889.5,ENSG00000222019.7,URAHP,transcribed_unprocessed_pseudogene,URAHP-203,processed_transcript,,ENSG00000222019.7;ENST00000517889.5,-0.1316735053,0.0324675325,30,isoform,1.0,True,-0.1316735053213764,True
ENST00000456375.1,ENSG00000223820.5,CFL1P1,transcribed_unprocessed_pseudogene,CFL1P1-204,processed_transcript,,ENSG00000223820.5;ENST00000456375.1,-0.1811745547,0.0284715285,30,isoform,1.0,True,-0.1811745547097769,True
ENST00000655968.1,ENSG00000223891.6,OSER1-DT,lncRNA,OSER1-DT-206,lncRNA,,ENSG00000223891.6;ENST00000655968.1,-0.1654090605,0.031968032,30,isoform,1.0,True,-0.1654090604597288,True
ENST00000420195.1,ENSG00000224660.2,SH3BP5-AS1,lncRNA,SH3BP5-AS1-202,lncRNA,,ENSG00000224660.2;ENST00000420195.1,0.1784124548,0.0084915085,30,isoform,1.0,True,0.1784124547518535,True
ENST00000659956.1,ENSG00000224660.2,SH3BP5-AS1,lncRNA,SH3BP5-AS1-205,lncRNA,,ENSG00000224660.2;ENST00000659956.1,-0.1110202701,0.0264735265,30,isoform,1.0,True,-0.111020270122143,True
ENST00000647895.1,ENSG00000224934.5,AL391684.1,lncRNA,AL391684.1-201,lncRNA,,ENSG00000224934.5;ENST00000647895.1,0.204267641,0.043956044,30,isoform,1.0,True,0.2042676409553613,True
ENST00000458733.5,ENSG00000225177.6,AL590617.2,lncRNA,AL590617.2-203,lncRNA,,ENSG00000225177.6;ENST00000458733.5,0.3447084068,0.0084915085,30,isoform,1.0,True,0.3447084067762168,True
ENST00000586084.1,ENSG00000225190.11,PLEKHM1,protein_coding,PLEKHM1-214,nonsense_mediated_decay,ENSP00000464766.1,ENSG00000225190.11;ENST00000586084.1,0.114446163,0.038961039,30,isoform,1.0,True,0.1144461630046336,True
ENST00000660087.1,ENSG00000225470.8,JPX,lncRNA,JPX-242,lncRNA,,ENSG00000225470.8;ENST00000660087.1,0.129678292,0.0064935065,30,isoform,1.0,True,0.1296782920126514,True
ENST00000416512.1,ENSG00000225828.1,FAM229A,protein_coding,FAM229A-202,retained_intron,,ENSG00000225828.1;ENST00000416512.1,-0.1405389832,0.0394605395,30,isoform,1.0,True,-0.1405389832235091,True
ENST00000432622.1,ENSG00000225828.1,FAM229A,protein_coding,FAM229A-204,protein_coding,ENSP00000455971.1,ENSG00000225828.1;ENST00000432622.1,0.155713777,0.02997003,30,isoform,1.0,True,0.1557137769609547,True
ENST00000450199.1,ENSG00000225855.7,RUSC1-AS1,lncRNA,RUSC1-AS1-203,lncRNA,,ENSG00000225855.7;ENST00000450199.1,0.1520375483,0.0314685315,30,isoform,1.0,True,0.1520375483046995,True
ENST00000543656.2,ENSG00000225855.7,RUSC1-AS1,lncRNA,RUSC1-AS1-204,lncRNA,,ENSG00000225855.7;ENST00000543656.2,-0.1830614995,0.0204795205,30,isoform,1.0,True,-0.1830614995490171,True
ENST00000622774.1,ENSG00000226124.7,FTCDNL1,protein_coding,FTCDNL1-204,protein_coding,ENSP00000482786.1,ENSG00000226124.7;ENST00000622774.1,0.2319691173,0.0314685315,30,isoform,1.0,True,0.2319691173496099,True
ENST00000642693.1,ENSG00000226124.7,FTCDNL1,protein_coding,FTCDNL1-205,processed_transcript,,ENSG00000226124.7;ENST00000642693.1,-0.3762849357,0.0084915085,30,isoform,1.0,True,-0.3762849356554832,True
ENST00000452055.5,ENSG00000226287.8,TMEM191A,transcribed_unprocessed_pseudogene,TMEM191A-209,retained_intron,,ENSG00000226287.8;ENST00000452055.5,-0.2503115895,0.031968032,30,isoform,1.0,True,-0.25031158951455,True
ENST00000658963.1,ENSG00000227388.3,AL133410.1,lncRNA,AL133410.1-205,lncRNA,,ENSG00000227388.3;ENST00000658963.1,-0.1820423909,0.038961039,30,isoform,1.0,True,-0.1820423908720978,True
ENST00000661811.1,ENSG00000227619.3,AL391056.1,lncRNA,AL391056.1-207,lncRNA,,ENSG00000227619.3;ENST00000661811.1,0.1401786173,0.046953047,30,isoform,1.0,True,0.1401786172933472,True
ENST00000664125.1,ENSG00000227764.2,LINC01693,lncRNA,LINC01693-209,lncRNA,,ENSG00000227764.2;ENST00000664125.1,0.1391710229,0.02997003,30,isoform,1.0,True,0.1391710228561655,True
ENST00000417099.1,ENSG00000227775.3,AL031282.1,transcribed_processed_pseudogene,AL031282.1-202,processed_transcript,,ENSG00000227775.3;ENST00000417099.1,-0.2240318909,0.042957043,30,isoform,1.0,True,-0.2240318909121513,True
ENST00000418950.2,ENSG00000227775.3,AL031282.1,transcribed_processed_pseudogene,AL031282.1-204,transcribed_processed_pseudogene,,ENSG00000227775.3;ENST00000418950.2,0.4978001888,0.006993007,30,isoform,1.0,True,0.4978001888103333,True
ENST00000424604.1,ENSG00000227775.3,AL031282.1,transcribed_processed_pseudogene,AL031282.1-203,processed_transcript,,ENSG00000227775.3;ENST00000424604.1,-0.3078531139,0.0284715285,30,isoform,1.0,True,-0.307853113925212,True
ENST00000415244.1,ENSG00000228109.1,MELTF-AS1,lncRNA,MELTF-AS1-202,lncRNA,,ENSG00000228109.1;ENST00000415244.1,-0.1897686766,0.0204795205,30,isoform,1.0,True,-0.1897686765814696,True
ENST00000422506.5,ENSG00000228315.12,GUSBP11,lncRNA,GUSBP11-202,lncRNA,,ENSG00000228315.12;ENST00000422506.5,-0.1662505672,0.0354645355,30,isoform,1.0,True,-0.1662505671883259,True
ENST00000451837.5,ENSG00000228315.12,GUSBP11,lncRNA,GUSBP11-207,lncRNA,,ENSG00000228315.12;ENST00000451837.5,0.1488775845,0.0394605395,30,isoform,1.0,True,0.1488775844731596,True
ENST00000651432.1,ENSG00000228315.12,GUSBP11,lncRNA,GUSBP11-210,lncRNA,,ENSG00000228315.12;ENST00000651432.1,-0.1501868366,0.0394605395,30,isoform,1.0,True,-0.1501868365666539,True
ENST00000415611.8,ENSG00000228649.9,SNHG26,lncRNA,SNHG26-201,lncRNA,,ENSG00000228649.9;ENST00000415611.8,0.1102643723,0.033966034,30,isoform,1.0,True,0.1102643722857669,True
ENST00000667557.1,ENSG00000228649.9,SNHG26,lncRNA,SNHG26-212,lncRNA,,ENSG00000228649.9;ENST00000667557.1,-0.2512756964,0.0044955045,30,isoform,1.0,True,-0.2512756964076855,True
ENST00000450673.4,ENSG00000228696.10,ARL17B,protein_coding,ARL17B-202,protein_coding,ENSP00000404247.4,ENSG00000228696.10;ENST00000450673.4,-0.1753270778,0.0114885115,30,isoform,1.0,True,-0.1753270778422599,True
ENST00000572991.5,ENSG00000228696.10,ARL17B,protein_coding,ARL17B-205,nonsense_mediated_decay,ENSP00000458681.1,ENSG00000228696.10;ENST00000572991.5,-0.140811393,0.0194805195,30,isoform,1.0,True,-0.1408113930258283,True
ENST00000575960.5,ENSG00000228696.10,ARL17B,protein_coding,ARL17B-207,protein_coding,ENSP00000460539.1,ENSG00000228696.10;ENST00000575960.5,0.3149765516,0.0004995005,30,isoform,1.0,True,0.3149765515892769,True
ENST00000508282.1,ENSG00000228716.7,DHFR,protein_coding,DHFR-204,retained_intron,,ENSG00000228716.7;ENST00000508282.1,0.1063880824,0.0154845155,30,isoform,1.0,True,0.1063880824285578,True
ENST00000421315.2,ENSG00000229852.4,AC019205.1,lncRNA,AC019205.1-206,lncRNA,,ENSG00000229852.4;ENST00000421315.2,-0.136071854,0.0454545455,30,isoform,1.0,True,-0.136071854048993,True
ENST00000429962.1,ENSG00000230513.2,THAP7-AS1,lncRNA,THAP7-AS1-201,lncRNA,,ENSG00000230513.2;ENST00000429962.1,0.1064482643,0.044955045,30,isoform,1.0,True,0.1064482643155555,True
ENST00000447959.1,ENSG00000230615.7,AL139220.2,lncRNA,AL139220.2-218,lncRNA,,ENSG00000230615.7;ENST00000447959.1,0.1103838282,0.0254745255,30,isoform,1.0,True,0.1103838281653551,True
ENST00000602290.2,ENSG00000231074.9,HCG18,lncRNA,HCG18-241,lncRNA,,ENSG00000231074.9;ENST00000602290.2,-0.1002218624,0.0274725275,30,isoform,1.0,True,-0.1002218623656169,True
ENST00000425884.5,ENSG00000231365.6,WARS2-AS1,lncRNA,WARS2-AS1-203,lncRNA,,ENSG00000231365.6;ENST00000425884.5,0.1068838273,0.0364635365,30,isoform,1.0,True,0.1068838273273511,True
ENST00000377542.3,ENSG00000231527.7,FAM27C,lncRNA,FAM27C-201,lncRNA,,ENSG00000231527.7;ENST00000377542.3,0.2004884384,0.024975025,30,isoform,1.0,True,0.200488438382731,True
ENST00000467292.6,ENSG00000231584.8,FAHD2CP,transcribed_unprocessed_pseudogene,FAHD2CP-203,processed_transcript,,ENSG00000231584.8;ENST00000467292.6,-0.2042341945,0.032967033,30,isoform,1.0,True,-0.2042341945103411,True
ENST00000449579.2,ENSG00000231607.12,DLEU2,lncRNA,DLEU2-206,lncRNA,,ENSG00000231607.12;ENST00000449579.2,0.2096864859,0.0094905095,30,isoform,1.0,True,0.2096864858858798,True
ENST00000458725.6,ENSG00000231607.12,DLEU2,lncRNA,DLEU2-207,lncRNA,,ENSG00000231607.12;ENST00000458725.6,-0.1287405273,0.0274725275,30,isoform,1.0,True,-0.1287405272844793,True
ENST00000421538.1,ENSG00000231711.2,LINC00899,lncRNA,LINC00899-201,retained_intron,,ENSG00000231711.2;ENST00000421538.1,0.1030564239,0.034965035,30,isoform,1.0,True,0.1030564239140816,True
ENST00000494138.4,ENSG00000232671.6,ZNF687-AS1,lncRNA,ZNF687-AS1-202,lncRNA,,ENSG00000232671.6;ENST00000494138.4,0.466712479,0.002997003,30,isoform,1.0,True,0.4667124789860831,True
ENST00000660511.1,ENSG00000232671.6,ZNF687-AS1,lncRNA,ZNF687-AS1-203,lncRNA,,ENSG00000232671.6;ENST00000660511.1,-0.4684867686,0.002997003,30,isoform,1.0,True,-0.4684867686355476,True
ENST00000651681.2,ENSG00000232677.9,LINC00665,lncRNA,LINC00665-209,lncRNA,,ENSG00000232677.9;ENST00000651681.2,0.1930482845,0.02997003,30,isoform,1.0,True,0.1930482844962458,True
ENST00000578968.5,ENSG00000232956.9,SNHG15,lncRNA,SNHG15-203,lncRNA,,ENSG00000232956.9;ENST00000578968.5,0.1189766167,0.0064935065,30,isoform,1.0,True,0.1189766166763829,True
ENST00000657397.1,ENSG00000232973.13,CYP1B1-AS1,lncRNA,CYP1B1-AS1-238,lncRNA,,ENSG00000232973.13;ENST00000657397.1,0.2385187276,0.0194805195,30,isoform,1.0,True,0.2385187275802974,True
ENST00000453876.1,ENSG00000233006.8,MIR3936HG,lncRNA,MIR3936HG-201,retained_intron,,ENSG00000233006.8;ENST00000453876.1,-0.134204849,0.011988012,30,isoform,1.0,True,-0.1342048489752156,True
ENST00000460041.5,ENSG00000233101.10,HOXB-AS3,lncRNA,HOXB-AS3-202,lncRNA,,ENSG00000233101.10;ENST00000460041.5,0.5262701919,0.0064935065,30,isoform,1.0,True,0.5262701919463596,True
ENST00000474040.5,ENSG00000233101.10,HOXB-AS3,lncRNA,HOXB-AS3-206,lncRNA,,ENSG00000233101.10;ENST00000474040.5,-0.5559833959,0.005994006,30,isoform,1.0,True,-0.5559833959277025,True
ENST00000654148.1,ENSG00000233901.6,LINC01503,lncRNA,LINC01503-205,lncRNA,,ENSG00000233901.6;ENST00000654148.1,-0.1294571246,0.025974026,30,isoform,1.0,True,-0.1294571245956868,True
ENST00000654190.1,ENSG00000233901.6,LINC01503,lncRNA,LINC01503-206,lncRNA,,ENSG00000233901.6;ENST00000654190.1,0.1401946421,0.022977023,30,isoform,1.0,True,0.1401946420555901,True
ENST00000506340.2,ENSG00000233937.7,CTC-338M12.4,lncRNA,CTC-338M12.4-203,lncRNA,,ENSG00000233937.7;ENST00000506340.2,0.1815467834,0.002997003,30,isoform,1.0,True,0.1815467833942155,True
ENST00000599439.2,ENSG00000233937.7,CTC-338M12.4,lncRNA,CTC-338M12.4-205,retained_intron,,ENSG00000233937.7;ENST00000599439.2,-0.100725096,0.0204795205,30,isoform,1.0,True,-0.1007250960075386,True
ENST00000445716.6,ENSG00000234545.8,FAM133B,protein_coding,FAM133B-204,protein_coding,ENSP00000398401.1,ENSG00000234545.8;ENST00000445716.6,0.1116971057,0.017982018,30,isoform,1.0,True,0.1116971056951929,True
ENST00000426828.5,ENSG00000234585.6,CCT6P3,transcribed_unprocessed_pseudogene,CCT6P3-202,processed_transcript,,ENSG00000234585.6;ENST00000426828.5,0.1715532337,0.035964036,30,isoform,1.0,True,0.1715532337018408,True
ENST00000612905.2,ENSG00000234616.9,JRK,protein_coding,JRK-209,protein_coding,ENSP00000482410.1,ENSG00000234616.9;ENST00000612905.2,-0.1897130227,0.010989011,30,isoform,1.0,True,-0.1897130226891161,True
ENST00000648926.1,ENSG00000234912.12,SNHG20,lncRNA,SNHG20-214,lncRNA,,ENSG00000234912.12;ENST00000648926.1,0.1327529882,0.0154845155,30,isoform,1.0,True,0.1327529882281949,True
ENST00000603928.3,ENSG00000235106.10,BRD3OS,protein_coding,BRD3OS-205,protein_coding,ENSP00000490916.1,ENSG00000235106.10;ENST00000603928.3,-0.101754247,0.038961039,30,isoform,1.0,True,-0.1017542469942662,True
ENST00000609143.6,ENSG00000235437.8,LINC01278,lncRNA,LINC01278-204,lncRNA,,ENSG00000235437.8;ENST00000609143.6,-0.1215788718,0.0204795205,30,isoform,1.0,True,-0.121578871810743,True
ENST00000669422.1,ENSG00000235437.8,LINC01278,lncRNA,LINC01278-232,lncRNA,,ENSG00000235437.8;ENST00000669422.1,0.1232016603,0.0204795205,30,isoform,1.0,True,0.1232016602627096,True
ENST00000435343.1,ENSG00000235706.8,DICER1-AS1,lncRNA,DICER1-AS1-201,lncRNA,,ENSG00000235706.8;ENST00000435343.1,0.1136329031,0.0384615385,30,isoform,1.0,True,0.113632903055983,True
ENST00000449363.2,ENSG00000236088.10,COX10-AS1,lncRNA,COX10-AS1-202,lncRNA,,ENSG00000236088.10;ENST00000449363.2,0.1657384108,0.0244755245,30,isoform,1.0,True,0.1657384107687231,True
ENST00000661551.1,ENSG00000236088.10,COX10-AS1,lncRNA,COX10-AS1-216,lncRNA,,ENSG00000236088.10;ENST00000661551.1,-0.1354782276,0.0404595405,30,isoform,1.0,True,-0.135478227580573,True
ENST00000589137.5,ENSG00000236144.8,TMEM147-AS1,lncRNA,TMEM147-AS1-203,lncRNA,,ENSG00000236144.8;ENST00000589137.5,-0.1844356083,0.018981019,30,isoform,1.0,True,-0.1844356082830477,True
ENST00000590717.2,ENSG00000236144.8,TMEM147-AS1,lncRNA,TMEM147-AS1-205,lncRNA,,ENSG00000236144.8;ENST00000590717.2,0.2261015744,0.012987013,30,isoform,1.0,True,0.226101574391356,True
ENST00000641049.1,ENSG00000237094.12,AL732372.2,transcribed_unprocessed_pseudogene,AL732372.2-224,processed_transcript,,ENSG00000237094.12;ENST00000641049.1,-0.2416633538,0.0124875125,30,isoform,1.0,True,-0.2416633537964555,True
ENST00000675770.1,ENSG00000237232.9,ZNF295-AS1,lncRNA,ZNF295-AS1-208,lncRNA,,ENSG00000237232.9;ENST00000675770.1,0.195304227,0.033966034,30,isoform,1.0,True,0.1953042269643093,True
ENST00000604956.1,ENSG00000237298.10,TTN-AS1,lncRNA,TTN-AS1-252,lncRNA,,ENSG00000237298.10;ENST00000604956.1,-0.1625843069,0.026973027,30,isoform,1.0,True,-0.1625843068659934,True
ENST00000666724.1,ENSG00000237310.2,GS1-124K5.4,lncRNA,GS1-124K5.4-204,lncRNA,,ENSG00000237310.2;ENST00000666724.1,0.1772027815,0.007992008,30,isoform,1.0,True,0.1772027815079654,True
ENST00000609932.5,ENSG00000237438.7,CECR7,transcribed_unprocessed_pseudogene,CECR7-204,processed_transcript,,ENSG00000237438.7;ENST00000609932.5,0.175414073,0.0164835165,30,isoform,1.0,True,0.1754140729914452,True
ENST00000440578.1,ENSG00000237499.7,WAKMAR2,lncRNA,WAKMAR2-202,lncRNA,,ENSG00000237499.7;ENST00000440578.1,0.1627655271,0.0494505495,30,isoform,1.0,True,0.1627655271393933,True
ENST00000448942.5,ENSG00000237499.7,WAKMAR2,lncRNA,WAKMAR2-203,lncRNA,,ENSG00000237499.7;ENST00000448942.5,-0.2309898496,0.027972028,30,isoform,1.0,True,-0.2309898495658862,True
ENST00000658174.1,ENSG00000237595.5,LINC01275,lncRNA,LINC01275-204,lncRNA,,ENSG00000237595.5;ENST00000658174.1,-0.2254836481,0.022977023,30,isoform,1.0,True,-0.225483648093016,True
ENST00000484974.5,ENSG00000239969.5,AC091390.4,transcribed_unprocessed_pseudogene,AC091390.4-201,processed_transcript,,ENSG00000239969.5;ENST00000484974.5,-0.4194692943,0.0014985015,30,isoform,1.0,True,-0.4194692942578958,True
ENST00000492837.1,ENSG00000239969.5,AC091390.4,transcribed_unprocessed_pseudogene,AC091390.4-203,processed_transcript,,ENSG00000239969.5;ENST00000492837.1,0.3735552782,0.0024975025,30,isoform,1.0,True,0.3735552782467751,True
ENST00000468603.7,ENSG00000240498.9,CDKN2B-AS1,lncRNA,CDKN2B-AS1-205,lncRNA,,ENSG00000240498.9;ENST00000468603.7,0.1063251548,0.0454545455,30,isoform,1.0,True,0.1063251548391304,True
ENST00000472943.5,ENSG00000240875.6,LINC00886,lncRNA,LINC00886-201,lncRNA,,ENSG00000240875.6;ENST00000472943.5,-0.191440326,0.038961039,30,isoform,1.0,True,-0.1914403259765135,True
ENST00000664482.1,ENSG00000240875.6,LINC00886,lncRNA,LINC00886-205,lncRNA,,ENSG00000240875.6;ENST00000664482.1,0.3029027128,0.013986014,30,isoform,1.0,True,0.3029027127919271,True
ENST00000520360.6,ENSG00000240990.10,HOXA11-AS,lncRNA,HOXA11-AS-202,lncRNA,,ENSG00000240990.10;ENST00000520360.6,-0.1108575658,0.0334665335,30,isoform,1.0,True,-0.1108575657684339,True
ENST00000614574.4,ENSG00000241852.10,C8orf58,protein_coding,C8orf58-206,protein_coding,ENSP00000480712.1,ENSG00000241852.10;ENST00000614574.4,0.1844192519,0.0094905095,30,isoform,1.0,True,0.1844192518883189,True
ENST00000663267.1,ENSG00000242474.3,AC093627.5,lncRNA,AC093627.5-212,lncRNA,,ENSG00000242474.3;ENST00000663267.1,-0.142446344,0.010989011,30,isoform,1.0,True,-0.1424463439937985,True
ENST00000536620.1,ENSG00000243716.10,NPIPB5,protein_coding,NPIPB5-212,protein_coding,ENSP00000444299.1,ENSG00000243716.10;ENST00000536620.1,-0.1090131357,0.012987013,30,isoform,1.0,True,-0.1090131357260831,True
ENST00000321826.5,ENSG00000244165.2,P2RY11,protein_coding,P2RY11-201,protein_coding,ENSP00000323872.4,ENSG00000244165.2;ENST00000321826.5,-0.1472613063,0.0384615385,30,isoform,1.0,True,-0.1472613062941161,True
ENST00000471843.1,ENSG00000244165.2,P2RY11,protein_coding,P2RY11-202,processed_transcript,,ENSG00000244165.2;ENST00000471843.1,0.1472613063,0.0384615385,30,isoform,1.0,True,0.1472613062941162,True
ENST00000624585.3,ENSG00000244306.11,DUXAP10,transcribed_processed_pseudogene,DUXAP10-210,processed_transcript,,ENSG00000244306.11;ENST00000624585.3,-0.1743185316,0.0054945055,30,isoform,1.0,True,-0.1743185316175676,True
ENST00000499624.3,ENSG00000244879.8,GABPB1-AS1,lncRNA,GABPB1-AS1-202,lncRNA,,ENSG00000244879.8;ENST00000499624.3,-0.1190725619,0.01998002,30,isoform,1.0,True,-0.1190725619311593,True
ENST00000619314.1,ENSG00000244879.8,GABPB1-AS1,lncRNA,GABPB1-AS1-206,lncRNA,,ENSG00000244879.8;ENST00000619314.1,0.1906740755,0.004995005,30,isoform,1.0,True,0.1906740754566968,True
ENST00000519861.1,ENSG00000245149.4,RNF139-AS1,lncRNA,RNF139-AS1-202,lncRNA,,ENSG00000245149.4;ENST00000519861.1,0.2487226494,0.007992008,30,isoform,1.0,True,0.248722649354276,True
ENST00000530778.1,ENSG00000245149.4,RNF139-AS1,lncRNA,RNF139-AS1-203,lncRNA,,ENSG00000245149.4;ENST00000530778.1,-0.2502383836,0.0074925075,30,isoform,1.0,True,-0.2502383835949784,True
ENST00000392156.7,ENSG00000245680.11,ZNF585B,protein_coding,ZNF585B-201,nonsense_mediated_decay,ENSP00000432760.1,ENSG00000245680.11;ENST00000392156.7,0.1316263341,0.048951049,30,isoform,1.0,True,0.1316263341274091,True
ENST00000522600.1,ENSG00000246582.3,AC100861.1,lncRNA,AC100861.1-203,retained_intron,,ENSG00000246582.3;ENST00000522600.1,0.1394878606,0.044955045,30,isoform,1.0,True,0.139487860569059,True
ENST00000670072.1,ENSG00000246582.3,AC100861.1,lncRNA,AC100861.1-204,lncRNA,,ENSG00000246582.3;ENST00000670072.1,-0.1291951861,0.046953047,30,isoform,1.0,True,-0.1291951861408313,True
ENST00000666013.1,ENSG00000246859.3,STARD4-AS1,lncRNA,STARD4-AS1-204,lncRNA,,ENSG00000246859.3;ENST00000666013.1,0.1635692597,0.021978022,30,isoform,1.0,True,0.1635692597217847,True
ENST00000528524.5,ENSG00000247137.9,AP000873.2,lncRNA,AP000873.2-203,lncRNA,,ENSG00000247137.9;ENST00000528524.5,0.1508932561,0.015984016,30,isoform,1.0,True,0.1508932561166786,True
ENST00000500949.6,ENSG00000247556.6,OIP5-AS1,lncRNA,OIP5-AS1-201,lncRNA,,ENSG00000247556.6;ENST00000500949.6,-0.1133242689,0.0134865135,30,isoform,1.0,True,-0.1133242689234596,True
ENST00000558945.5,ENSG00000247556.6,OIP5-AS1,lncRNA,OIP5-AS1-205,lncRNA,,ENSG00000247556.6;ENST00000558945.5,0.1470240925,0.004995005,30,isoform,1.0,True,0.1470240924815999,True
ENST00000499900.2,ENSG00000247679.3,AC139795.2,lncRNA,AC139795.2-201,lncRNA,,ENSG00000247679.3;ENST00000499900.2,0.1682175041,0.0444555445,30,isoform,1.0,True,0.1682175041115441,True
ENST00000514763.1,ENSG00000247708.8,STX18-AS1,lncRNA,STX18-AS1-205,lncRNA,,ENSG00000247708.8;ENST00000514763.1,-0.1457554191,0.046953047,30,isoform,1.0,True,-0.145755419066426,True
ENST00000503719.6,ENSG00000249437.8,NAIP,protein_coding,NAIP-204,protein_coding,ENSP00000424913.2,ENSG00000249437.8;ENST00000503719.6,0.2672742089,0.0174825175,30,isoform,1.0,True,0.2672742088677659,True
ENST00000503185.5,ENSG00000249592.6,AC139887.2,lncRNA,AC139887.2-203,lncRNA,,ENSG00000249592.6;ENST00000503185.5,-0.1350824431,0.0224775225,30,isoform,1.0,True,-0.1350824430626244,True
ENST00000528335.5,ENSG00000250305.9,TRMT9B,protein_coding,TRMT9B-205,processed_transcript,,ENSG00000250305.9;ENST00000528335.5,-0.2799977159,0.015984016,30,isoform,1.0,True,-0.2799977159480791,True
ENST00000529978.1,ENSG00000250305.9,TRMT9B,protein_coding,TRMT9B-208,retained_intron,,ENSG00000250305.9;ENST00000529978.1,0.1662536751,0.0494505495,30,isoform,1.0,True,0.1662536750871851,True
ENST00000532376.2,ENSG00000250305.9,TRMT9B,protein_coding,TRMT9B-209,protein_coding,ENSP00000431717.2,ENSG00000250305.9;ENST00000532376.2,0.2470631342,0.0204795205,30,isoform,1.0,True,0.2470631341898428,True
ENST00000512067.5,ENSG00000250337.7,PURPL,lncRNA,PURPL-204,lncRNA,,ENSG00000250337.7;ENST00000512067.5,-0.1994594434,0.0204795205,30,isoform,1.0,True,-0.199459443380393,True
ENST00000311268.8,ENSG00000250510.8,GPR162,protein_coding,GPR162-201,protein_coding,ENSP00000311528.3,ENSG00000250510.8;ENST00000311268.8,0.1077712838,0.035964036,30,isoform,1.0,True,0.1077712838460147,True
ENST00000382315.7,ENSG00000250510.8,GPR162,protein_coding,GPR162-202,protein_coding,ENSP00000371752.3,ENSG00000250510.8;ENST00000382315.7,-0.1388812338,0.022977023,30,isoform,1.0,True,-0.1388812338146562,True
ENST00000544685.2,ENSG00000250988.7,SNHG21,lncRNA,SNHG21-201,lncRNA,,ENSG00000250988.7;ENST00000544685.2,-0.1269478008,0.008991009,30,isoform,1.0,True,-0.1269478007620215,True
ENST00000457177.5,ENSG00000251369.9,ZNF550,protein_coding,ZNF550-204,protein_coding,ENSP00000469679.1,ENSG00000251369.9;ENST00000457177.5,0.1815497736,0.0354645355,30,isoform,1.0,True,0.1815497735668415,True
ENST00000513179.1,ENSG00000251580.3,LINC02482,lncRNA,LINC02482-201,lncRNA,,ENSG00000251580.3;ENST00000513179.1,0.2396416434,0.007992008,30,isoform,1.0,True,0.2396416433612765,True
ENST00000515205.1,ENSG00000251580.3,LINC02482,lncRNA,LINC02482-202,lncRNA,,ENSG00000251580.3;ENST00000515205.1,-0.1662232731,0.0224775225,30,isoform,1.0,True,-0.1662232730975963,True
ENST00000524007.1,ENSG00000253320.7,AZIN1-AS1,lncRNA,AZIN1-AS1-217,lncRNA,,ENSG00000253320.7;ENST00000524007.1,0.1456345422,0.040959041,30,isoform,1.0,True,0.1456345422185017,True
ENST00000521508.2,ENSG00000253710.4,ALG11,protein_coding,ALG11-202,protein_coding,ENSP00000430236.1,ENSG00000253710.4;ENST00000521508.2,-0.1537128427,0.012987013,30,isoform,1.0,True,-0.1537128426828411,True
ENST00000650049.1,ENSG00000253710.4,ALG11,protein_coding,ALG11-208,nonsense_mediated_decay,ENSP00000497398.1,ENSG00000253710.4;ENST00000650049.1,0.1604126446,0.0094905095,30,isoform,1.0,True,0.1604126445948391,True
ENST00000519728.6,ENSG00000254087.8,LYN,protein_coding,LYN-202,protein_coding,ENSP00000428924.1,ENSG00000254087.8;ENST00000519728.6,0.1611160077,0.037962038,30,isoform,1.0,True,0.1611160076735071,True
ENST00000526605.6,ENSG00000254416.6,LINC02732,lncRNA,LINC02732-201,lncRNA,,ENSG00000254416.6;ENST00000526605.6,0.1006806927,0.025974026,30,isoform,1.0,True,0.1006806927124578,True
ENST00000299638.8,ENSG00000255529.9,POLR2M,protein_coding,POLR2M-201,protein_coding,ENSP00000299638.3,ENSG00000255529.9;ENST00000299638.8,-0.11560574,0.0064935065,30,isoform,1.0,True,-0.1156057400319917,True
ENST00000539111.7,ENSG00000256525.8,POLG2,protein_coding,POLG2-201,protein_coding,ENSP00000442563.2,ENSG00000256525.8;ENST00000539111.7,0.1144442851,0.0164835165,30,isoform,1.0,True,0.1144442850826939,True
ENST00000575094.5,ENSG00000256594.8,AC010186.2,transcribed_unprocessed_pseudogene,AC010186.2-201,processed_transcript,,ENSG00000256594.8;ENST00000575094.5,0.1350610556,0.047952048,30,isoform,1.0,True,0.1350610556380515,True
ENST00000428388.6,ENSG00000258388.7,PPT2-EGFL8,protein_coding,PPT2-EGFL8-203,nonsense_mediated_decay,ENSP00000455087.1,ENSG00000258388.7;ENST00000428388.6,-0.180064254,0.012987013,30,isoform,1.0,True,-0.1800642540171252,True
ENST00000585246.5,ENSG00000258388.7,PPT2-EGFL8,protein_coding,PPT2-EGFL8-207,nonsense_mediated_decay,ENSP00000463570.1,ENSG00000258388.7;ENST00000585246.5,0.2191247714,0.0074925075,30,isoform,1.0,True,0.2191247713814812,True
ENST00000556200.1,ENSG00000258725.2,PRC1-AS1,lncRNA,PRC1-AS1-202,lncRNA,,ENSG00000258725.2;ENST00000556200.1,0.1064201495,0.0234765235,30,isoform,1.0,True,0.1064201494968599,True
ENST00000539976.1,ENSG00000258839.4,MC1R,protein_coding,MC1R-201,retained_intron,,ENSG00000258839.4;ENST00000539976.1,-0.1483912455,0.0334665335,30,isoform,1.0,True,-0.1483912454811539,True
ENST00000555147.2,ENSG00000258839.4,MC1R,protein_coding,MC1R-202,protein_coding,ENSP00000451605.1,ENSG00000258839.4;ENST00000555147.2,0.1661589646,0.024975025,30,isoform,1.0,True,0.1661589646166341,True
ENST00000555771.2,ENSG00000259146.4,AC005476.2,lncRNA,AC005476.2-201,lncRNA,,ENSG00000259146.4;ENST00000555771.2,0.2860078944,0.017982018,30,isoform,1.0,True,0.2860078943843185,True
ENST00000656865.1,ENSG00000259248.7,USP3-AS1,lncRNA,USP3-AS1-212,lncRNA,,ENSG00000259248.7;ENST00000656865.1,-0.1364834405,0.036963037,30,isoform,1.0,True,-0.1364834404976101,True
ENST00000638026.1,ENSG00000260007.3,AC107871.1,protein_coding,AC107871.1-204,processed_transcript,,ENSG00000260007.3;ENST00000638026.1,-0.1700664782,0.0364635365,30,isoform,1.0,True,-0.1700664781753277,True
ENST00000564340.2,ENSG00000260565.7,ERVK13-1,lncRNA,ERVK13-1-203,lncRNA,,ENSG00000260565.7;ENST00000564340.2,0.1544671021,0.0394605395,30,isoform,1.0,True,0.154467102079832,True
ENST00000663379.1,ENSG00000260565.7,ERVK13-1,lncRNA,ERVK13-1-228,lncRNA,,ENSG00000260565.7;ENST00000663379.1,0.2013239692,0.0254745255,30,isoform,1.0,True,0.2013239692451739,True
ENST00000565764.1,ENSG00000261188.1,Z95115.1,lncRNA,Z95115.1-202,lncRNA,,ENSG00000261188.1;ENST00000565764.1,0.1630191333,0.0294705295,30,isoform,1.0,True,0.163019133299956,True
ENST00000566814.1,ENSG00000261188.1,Z95115.1,lncRNA,Z95115.1-201,lncRNA,,ENSG00000261188.1;ENST00000566814.1,-0.1630191333,0.0294705295,30,isoform,1.0,True,-0.163019133299956,True
ENST00000573493.1,ENSG00000261884.2,AC040162.1,protein_coding,AC040162.1-202,nonsense_mediated_decay,ENSP00000463376.1,ENSG00000261884.2;ENST00000573493.1,0.155984561,0.0324675325,30,isoform,1.0,True,0.1559845609594832,True
ENST00000575231.1,ENSG00000261884.2,AC040162.1,protein_coding,AC040162.1-201,retained_intron,,ENSG00000261884.2;ENST00000575231.1,-0.155984561,0.0324675325,30,isoform,1.0,True,-0.1559845609594832,True
ENST00000572574.5,ENSG00000261971.8,MMP25-AS1,lncRNA,MMP25-AS1-204,lncRNA,,ENSG00000261971.8;ENST00000572574.5,0.1748149268,0.033966034,30,isoform,1.0,True,0.1748149268153446,True
ENST00000570379.1,ENSG00000262879.6,AC005670.3,lncRNA,AC005670.3-229,retained_intron,,ENSG00000262879.6;ENST00000570379.1,0.208803526,0.0064935065,30,isoform,1.0,True,0.2088035259545248,True
ENST00000658121.1,ENSG00000262879.6,AC005670.3,lncRNA,AC005670.3-226,lncRNA,,ENSG00000262879.6;ENST00000658121.1,-0.1085401838,0.0354645355,30,isoform,1.0,True,-0.1085401838410995,True
ENST00000614785.4,ENSG00000263956.6,NBPF11,protein_coding,NBPF11-204,protein_coding,ENSP00000479429.1,ENSG00000263956.6;ENST00000614785.4,-0.1428860767,0.035964036,30,isoform,1.0,True,-0.1428860767264391,True
ENST00000640979.1,ENSG00000266173.7,STRADA,protein_coding,STRADA-253,protein_coding,ENSP00000491485.1,ENSG00000266173.7;ENST00000640979.1,0.1265379061,0.015984016,30,isoform,1.0,True,0.1265379060559995,True
ENST00000581897.6,ENSG00000266338.6,NBPF15,protein_coding,NBPF15-206,protein_coding,ENSP00000463178.1,ENSG00000266338.6;ENST00000581897.6,-0.145290523,0.0164835165,30,isoform,1.0,True,-0.1452905229654952,True
ENST00000591365.1,ENSG00000267121.6,AC008105.3,lncRNA,AC008105.3-203,lncRNA,,ENSG00000267121.6;ENST00000591365.1,-0.1990957705,0.02997003,30,isoform,1.0,True,-0.1990957704765056,True
ENST00000589680.5,ENSG00000267680.5,ZNF224,protein_coding,ZNF224-204,protein_coding,ENSP00000465000.1,ENSG00000267680.5;ENST00000589680.5,0.1268624792,0.0464535465,30,isoform,1.0,True,0.1268624792107428,True
ENST00000622447.4,ENSG00000268350.7,FAM156A,protein_coding,FAM156A-221,protein_coding,ENSP00000482142.1,ENSG00000268350.7;ENST00000622447.4,-0.1485146319,0.0034965035,30,isoform,1.0,True,-0.1485146319457638,True
ENST00000668169.1,ENSG00000268362.6,AC092279.1,lncRNA,AC092279.1-212,lncRNA,,ENSG00000268362.6;ENST00000668169.1,-0.1311781783,0.038961039,30,isoform,1.0,True,-0.1311781782959067,True
ENST00000670905.1,ENSG00000268362.6,AC092279.1,lncRNA,AC092279.1-221,lncRNA,,ENSG00000268362.6;ENST00000670905.1,0.1454900595,0.030969031,30,isoform,1.0,True,0.1454900595110996,True
ENST00000595886.1,ENSG00000268388.6,FENDRR,lncRNA,FENDRR-203,lncRNA,,ENSG00000268388.6;ENST00000595886.1,-0.1071087117,0.0144855145,30,isoform,1.0,True,-0.1071087117442619,True
ENST00000593654.1,ENSG00000269352.1,PTOV1-AS2,lncRNA,PTOV1-AS2-201,lncRNA,,ENSG00000269352.1;ENST00000593654.1,-0.170352735,0.021978022,30,isoform,1.0,True,-0.1703527350490263,True
ENST00000615939.1,ENSG00000269439.6,AC010618.3,lncRNA,AC010618.3-204,lncRNA,,ENSG00000269439.6;ENST00000615939.1,-0.1820377735,0.0104895105,30,isoform,1.0,True,-0.1820377735119656,True
ENST00000473970.3,ENSG00000269609.6,RPARP-AS1,lncRNA,RPARP-AS1-201,lncRNA,,ENSG00000269609.6;ENST00000473970.3,0.1714978438,0.0094905095,30,isoform,1.0,True,0.1714978437669726,True
ENST00000613595.4,ENSG00000269713.7,NBPF9,protein_coding,NBPF9-205,protein_coding,ENSP00000483900.1,ENSG00000269713.7;ENST00000613595.4,0.1100775662,0.0344655345,30,isoform,1.0,True,0.1100775662230362,True
ENST00000613969.4,ENSG00000269713.7,NBPF9,protein_coding,NBPF9-206,protein_coding,ENSP00000482016.1,ENSG00000269713.7;ENST00000613969.4,-0.1166137666,0.0284715285,30,isoform,1.0,True,-0.1166137665829205,True
ENST00000652769.1,ENSG00000269929.3,MIRLET7A1HG,lncRNA,MIRLET7A1HG-203,lncRNA,,ENSG00000269929.3;ENST00000652769.1,-0.1646830041,0.0224775225,30,isoform,1.0,True,-0.1646830040765501,True
ENST00000602596.1,ENSG00000270049.3,AC009061.2,lncRNA,AC009061.2-202,lncRNA,,ENSG00000270049.3;ENST00000602596.1,0.2057965251,0.031968032,30,isoform,1.0,True,0.2057965250998694,True
ENST00000608760.3,ENSG00000272645.3,GTF2IP20,transcribed_unprocessed_pseudogene,GTF2IP20-202,retained_intron,,ENSG00000272645.3;ENST00000608760.3,-0.1555738698,0.026973027,30,isoform,1.0,True,-0.1555738698142786,True
ENST00000634905.1,ENSG00000272645.3,GTF2IP20,transcribed_unprocessed_pseudogene,GTF2IP20-203,processed_transcript,,ENSG00000272645.3;ENST00000634905.1,0.1555738698,0.026973027,30,isoform,1.0,True,0.1555738698142786,True
ENST00000609170.1,ENSG00000272734.1,ADIRF-AS1,lncRNA,ADIRF-AS1-204,retained_intron,,ENSG00000272734.1;ENST00000609170.1,-0.1150300205,0.0484515485,30,isoform,1.0,True,-0.1150300205118484,True
ENST00000622829.4,ENSG00000277053.4,GTF2IP1,transcribed_unprocessed_pseudogene,GTF2IP1-210,processed_transcript,,ENSG00000277053.4;ENST00000622829.4,0.1309117042,0.008991009,30,isoform,1.0,True,0.130911704219179,True
ENST00000620190.1,ENSG00000277147.6,LINC00869,transcribed_unprocessed_pseudogene,LINC00869-207,processed_transcript,,ENSG00000277147.6;ENST00000620190.1,-0.2458139922,0.015984016,30,isoform,1.0,True,-0.2458139922246073,True
ENST00000623165.3,ENSG00000280018.4,CU634019.5,lncRNA,CU634019.5-201,lncRNA,,ENSG00000280018.4;ENST00000623165.3,0.128123854,0.0274725275,30,isoform,1.0,True,0.1281238540498833,True
ENST00000624965.1,ENSG00000280145.3,CU638689.4,lncRNA,CU638689.4-207,lncRNA,,ENSG00000280145.3;ENST00000624965.1,-0.1955691342,0.0474525475,30,isoform,1.0,True,-0.1955691341556699,True
ENST00000626810.1,ENSG00000280832.1,GSEC,lncRNA,GSEC-201,lncRNA,,ENSG00000280832.1;ENST00000626810.1,-0.2143120512,0.0074925075,30,isoform,1.0,True,-0.2143120511972736,True
ENST00000629441.1,ENSG00000280832.1,GSEC,lncRNA,GSEC-202,lncRNA,,ENSG00000280832.1;ENST00000629441.1,0.2143120512,0.0074925075,30,isoform,1.0,True,0.2143120511972736,True
ENST00000625445.1,ENSG00000281649.2,EBLN3P,lncRNA,EBLN3P-202,lncRNA,,ENSG00000281649.2;ENST00000625445.1,0.1148049156,0.0154845155,30,isoform,1.0,True,0.1148049155652849,True
ENST00000632089.1,ENSG00000282458.1,WASH5P,transcribed_processed_pseudogene,WASH5P-203,processed_transcript,,ENSG00000282458.1;ENST00000632089.1,0.125860358,0.0184815185,30,isoform,1.0,True,0.125860357993305,True
ENST00000645667.1,ENSG00000284024.3,HSPA14,protein_coding,HSPA14-206,processed_transcript,,ENSG00000284024.3;ENST00000645667.1,0.1063078936,0.027972028,30,isoform,1.0,True,0.1063078936372166,True
ENST00000494332.5,ENSG00000284954.1,AL662884.3,lncRNA,AL662884.3-204,lncRNA,,ENSG00000284954.1;ENST00000494332.5,-0.1439102629,0.0244755245,30,isoform,1.0,True,-0.143910262948274,True
ENST00000534312.5,ENSG00000284969.1,AL049629.2,protein_coding,AL049629.2-201,protein_coding,ENSP00000432362.1,ENSG00000284969.1;ENST00000534312.5,-0.2073202004,0.013986014,30,isoform,1.0,True,-0.2073202003954679,True
ENST00000566362.1,ENSG00000285077.2,ARHGAP11B,protein_coding,ARHGAP11B-203,processed_transcript,,ENSG00000285077.2;ENST00000566362.1,0.2027726332,0.0114885115,30,isoform,1.0,True,0.2027726331995634,True
ENST00000568574.1,ENSG00000285077.2,ARHGAP11B,protein_coding,ARHGAP11B-205,retained_intron,,ENSG00000285077.2;ENST00000568574.1,-0.2758792614,0.002997003,30,isoform,1.0,True,-0.2758792613753633,True
ENST00000613744.4,ENSG00000285437.1,POLR2J3,protein_coding,POLR2J3-220,protein_coding,ENSP00000482932.1,ENSG00000285437.1;ENST00000613744.4,-0.1045243267,0.011988012,30,isoform,1.0,True,-0.1045243266690615,True
ENST00000648436.1,ENSG00000285906.2,AC083855.2,lncRNA,AC083855.2-201,lncRNA,,ENSG00000285906.2;ENST00000648436.1,-0.290653656,0.014985015,30,isoform,1.0,True,-0.2906536560483101,True
ENST00000658562.1,ENSG00000285906.2,AC083855.2,lncRNA,AC083855.2-202,lncRNA,,ENSG00000285906.2;ENST00000658562.1,0.290653656,0.014985015,30,isoform,1.0,True,0.2906536560483101,True
ENST00000649921.1,ENSG00000285967.1,NIPBL-DT,lncRNA,NIPBL-DT-203,lncRNA,,ENSG00000285967.1;ENST00000649921.1,-0.1778340331,0.0174825175,30,isoform,1.0,True,-0.1778340330859188,True
ENST00000667248.1,ENSG00000287737.1,AC132872.5,lncRNA,AC132872.5-201,lncRNA,,ENSG00000287737.1;ENST00000667248.1,-0.1423795987,0.0414585415,30,isoform,1.0,True,-0.1423795986726331,True
ENST00000671452.1,ENSG00000287737.1,AC132872.5,lncRNA,AC132872.5-206,lncRNA,,ENSG00000287737.1;ENST00000671452.1,0.136770803,0.044955045,30,isoform,1.0,True,0.1367708030285676,True
ENST00000673665.1,ENSG00000288558.2,DUS4L-BCAP29,protein_coding,DUS4L-BCAP29-202,protein_coding,ENSP00000501082.1,ENSG00000288558.2;ENST00000673665.1,-0.261921378,0.0124875125,30,isoform,1.0,True,-0.2619213779690282,True
ENST00000673970.1,ENSG00000288558.2,DUS4L-BCAP29,protein_coding,DUS4L-BCAP29-209,protein_coding,ENSP00000501195.1,ENSG00000288558.2;ENST00000673970.1,-0.1886212566,0.030969031,30,isoform,1.0,True,-0.1886212565905905,True
ENST00000519561.6,ENSG00000288596.1,C8orf44,protein_coding,C8orf44-203,protein_coding,ENSP00000428002.1,ENSG00000288596.1;ENST00000519561.6,-0.1751578844,0.031968032,30,isoform,1.0,True,-0.1751578844155743,True
ENST00000542297.1,ENSG00000002016.18,RAD52,protein_coding,RAD52-213,processed_transcript,,ENSG00000002016.18;ENST00000542297.1,-0.1383519716,0.0314685315,60,isoform,1.0,True,-0.1383519716488233,True
ENST00000371882.5,ENSG00000003096.14,KLHL13,protein_coding,KLHL13-204,protein_coding,ENSP00000360949.1,ENSG00000003096.14;ENST00000371882.5,-0.1024444126,0.0404595405,60,isoform,1.0,True,-0.1024444126013215,True
ENST00000266022.9,ENSG00000004534.15,RBM6,protein_coding,RBM6-201,protein_coding,ENSP00000266022.4,ENSG00000004534.15;ENST00000266022.9,0.1034504871,0.010989011,60,isoform,1.0,True,0.1034504870630655,True
ENST00000322813.10,ENSG00000005238.20,FAM214B,protein_coding,FAM214B-201,protein_coding,ENSP00000319897.5,ENSG00000005238.20;ENST00000322813.10,-0.2787921644,0.0024975025,60,isoform,1.0,True,-0.2787921644305833,True
ENST00000478462.5,ENSG00000005302.19,MSL3,protein_coding,MSL3-213,retained_intron,,ENSG00000005302.19;ENST00000478462.5,0.1026717772,0.024975025,60,isoform,1.0,True,0.1026717771575323,True
ENST00000257745.8,ENSG00000005483.21,KMT2E,protein_coding,KMT2E-201,protein_coding,ENSP00000257745.4,ENSG00000005483.21;ENST00000257745.8,-0.1011495923,0.031968032,60,isoform,1.0,True,-0.1011495923167632,True
ENST00000434600.6,ENSG00000005893.16,LAMP2,protein_coding,LAMP2-203,protein_coding,ENSP00000408411.2,ENSG00000005893.16;ENST00000434600.6,0.1019019947,0.00999001,60,isoform,1.0,True,0.1019019947047441,True
ENST00000344686.8,ENSG00000006062.17,MAP3K14,protein_coding,MAP3K14-201,protein_coding,ENSP00000478552.1,ENSG00000006062.17;ENST00000344686.8,0.1130366158,0.026973027,60,isoform,1.0,True,0.1130366157704048,True
ENST00000510917.5,ENSG00000006282.21,SPATA20,protein_coding,SPATA20-216,nonsense_mediated_decay,ENSP00000423643.1,ENSG00000006282.21;ENST00000510917.5,-0.1362723466,0.003996004,60,isoform,1.0,True,-0.1362723466332805,True
ENST00000005260.9,ENSG00000006453.14,BAIAP2L1,protein_coding,BAIAP2L1-201,protein_coding,ENSP00000005260.8,ENSG00000006453.14;ENST00000005260.9,-0.1059299073,0.0154845155,60,isoform,1.0,True,-0.1059299073295221,True
ENST00000462558.5,ENSG00000006453.14,BAIAP2L1,protein_coding,BAIAP2L1-202,processed_transcript,,ENSG00000006453.14;ENST00000462558.5,0.1113550916,0.011988012,60,isoform,1.0,True,0.111355091604132,True
ENST00000529563.5,ENSG00000006611.16,USH1C,protein_coding,USH1C-208,processed_transcript,,ENSG00000006611.16;ENST00000529563.5,-0.1133373633,0.0204795205,60,isoform,1.0,True,-0.1133373633119887,True
ENST00000261643.8,ENSG00000006695.12,COX10,protein_coding,COX10-201,protein_coding,ENSP00000261643.3,ENSG00000006695.12;ENST00000261643.8,-0.1387018261,0.0094905095,60,isoform,1.0,True,-0.1387018261158771,True
ENST00000429152.6,ENSG00000006695.12,COX10,protein_coding,COX10-202,protein_coding,ENSP00000397750.2,ENSG00000006695.12;ENST00000429152.6,0.1604671174,0.0044955045,60,isoform,1.0,True,0.1604671173953332,True
ENST00000527769.5,ENSG00000007372.23,PAX6,protein_coding,PAX6-221,retained_intron,,ENSG00000007372.23;ENST00000527769.5,0.2205908439,0.006993007,60,isoform,1.0,True,0.2205908438907287,True
ENST00000461362.5,ENSG00000008300.17,CELSR3,protein_coding,CELSR3-202,retained_intron,,ENSG00000008300.17;ENST00000461362.5,0.1324628099,0.0434565435,60,isoform,1.0,True,0.1324628098984385,True
ENST00000008527.10,ENSG00000008405.12,CRY1,protein_coding,CRY1-201,protein_coding,ENSP00000008527.5,ENSG00000008405.12;ENST00000008527.10,0.1635415062,0.0094905095,60,isoform,1.0,True,0.1635415061534247,True
ENST00000522652.6,ENSG00000008513.16,ST3GAL1,protein_coding,ST3GAL1-211,protein_coding,ENSP00000430515.1,ENSG00000008513.16;ENST00000522652.6,-0.1668257482,0.0254745255,60,isoform,1.0,True,-0.1668257481540685,True
ENST00000473145.5,ENSG00000010318.21,PHF7,protein_coding,PHF7-207,retained_intron,,ENSG00000010318.21;ENST00000473145.5,-0.1150775281,0.0494505495,60,isoform,1.0,True,-0.1150775280807372,True
ENST00000420808.2,ENSG00000010322.16,NISCH,protein_coding,NISCH-202,protein_coding,ENSP00000392484.2,ENSG00000010322.16;ENST00000420808.2,0.1249732736,0.00999001,60,isoform,1.0,True,0.1249732736078161,True
ENST00000370441.8,ENSG00000010404.18,IDS,protein_coding,IDS-202,protein_coding,ENSP00000359470.4,ENSG00000010404.18;ENST00000370441.8,0.1170140805,0.014985015,60,isoform,1.0,True,0.1170140805238766,True
ENST00000396870.8,ENSG00000010539.12,ZNF200,protein_coding,ZNF200-202,protein_coding,ENSP00000380079.4,ENSG00000010539.12;ENST00000396870.8,0.1193719653,0.0344655345,60,isoform,1.0,True,0.1193719652839753,True
ENST00000007969.12,ENSG00000010626.15,LRRC23,protein_coding,LRRC23-201,protein_coding,ENSP00000007969.8,ENSG00000010626.15;ENST00000007969.12,0.1321702616,0.0374625375,60,isoform,1.0,True,0.1321702616390111,True
ENST00000397174.6,ENSG00000010803.16,SCMH1,protein_coding,SCMH1-209,protein_coding,ENSP00000380359.3,ENSG00000010803.16;ENST00000397174.6,-0.1188298791,0.025974026,60,isoform,1.0,True,-0.1188298791453234,True
ENST00000334746.10,ENSG00000011114.15,BTBD7,protein_coding,BTBD7-202,protein_coding,ENSP00000335615.5,ENSG00000011114.15;ENST00000334746.10,0.2659276114,0.018981019,60,isoform,1.0,True,0.2659276114482734,True
ENST00000355125.3,ENSG00000011114.15,BTBD7,protein_coding,BTBD7-203,nonsense_mediated_decay,ENSP00000347246.3,ENSG00000011114.15;ENST00000355125.3,-0.3439679497,0.008991009,60,isoform,1.0,True,-0.3439679497491303,True
ENST00000316757.4,ENSG00000011132.12,APBA3,protein_coding,APBA3-201,protein_coding,ENSP00000315136.2,ENSG00000011132.12;ENST00000316757.4,0.1587871353,0.0084915085,60,isoform,1.0,True,0.1587871353263111,True
ENST00000355526.8,ENSG00000011332.19,DPF1,protein_coding,DPF1-201,protein_coding,ENSP00000347716.4,ENSG00000011332.19;ENST00000355526.8,-0.3189446328,0.0214785215,60,isoform,1.0,True,-0.3189446328169923,True
ENST00000599218.6,ENSG00000012211.13,PRICKLE3,protein_coding,PRICKLE3-206,protein_coding,ENSP00000470248.1,ENSG00000012211.13;ENST00000599218.6,0.1353274267,0.0214785215,60,isoform,1.0,True,0.1353274266775941,True
ENST00000321356.9,ENSG00000013441.16,CLK1,protein_coding,CLK1-201,protein_coding,ENSP00000326830.4,ENSG00000013441.16;ENST00000321356.9,0.1781436943,0.0024975025,60,isoform,1.0,True,0.1781436942834502,True
ENST00000557179.5,ENSG00000013523.11,ANGEL1,protein_coding,ANGEL1-205,protein_coding,ENSP00000451534.1,ENSG00000013523.11;ENST00000557179.5,-0.1239510248,0.0384615385,60,isoform,1.0,True,-0.1239510247705351,True
ENST00000542838.6,ENSG00000013573.17,DDX11,protein_coding,DDX11-223,protein_coding,ENSP00000443426.1,ENSG00000013573.17;ENST00000542838.6,0.100471494,0.0164835165,60,isoform,1.0,True,0.100471494047147,True
ENST00000014914.6,ENSG00000013588.9,GPRC5A,protein_coding,GPRC5A-201,protein_coding,ENSP00000014914.6,ENSG00000013588.9;ENST00000014914.6,-0.1579209564,0.002997003,60,isoform,1.0,True,-0.1579209563753412,True
ENST00000262858.7,ENSG00000013619.14,MAMLD1,protein_coding,MAMLD1-201,protein_coding,ENSP00000262858.5,ENSG00000013619.14;ENST00000262858.7,0.430282539,0.000999001,60,isoform,1.0,True,0.4302825390021738,True
ENST00000464149.1,ENSG00000013619.14,MAMLD1,protein_coding,MAMLD1-206,retained_intron,,ENSG00000013619.14;ENST00000464149.1,-0.2509279755,0.0084915085,60,isoform,1.0,True,-0.250927975528258,True
ENST00000265465.8,ENSG00000014138.9,POLA2,protein_coding,POLA2-201,protein_coding,ENSP00000265465.3,ENSG00000014138.9;ENST00000265465.8,0.136467773,0.0054945055,60,isoform,1.0,True,0.1364677729890079,True
ENST00000017003.7,ENSG00000015532.10,XYLT2,protein_coding,XYLT2-201,protein_coding,ENSP00000017003.2,ENSG00000015532.10;ENST00000017003.7,0.1328018737,0.011988012,60,isoform,1.0,True,0.132801873695315,True
ENST00000504612.5,ENSG00000017260.20,ATP2C1,protein_coding,ATP2C1-207,protein_coding,ENSP00000425228.1,ENSG00000017260.20;ENST00000504612.5,0.1089505724,0.0114885115,60,isoform,1.0,True,0.1089505723850685,True
ENST00000381006.8,ENSG00000018189.13,RUFY3,protein_coding,RUFY3-202,protein_coding,ENSP00000370394.3,ENSG00000018189.13;ENST00000381006.8,-0.1477694211,0.0284715285,60,isoform,1.0,True,-0.147769421094631,True
ENST00000502653.5,ENSG00000018189.13,RUFY3,protein_coding,RUFY3-204,protein_coding,ENSP00000425400.1,ENSG00000018189.13;ENST00000502653.5,0.1985593845,0.011988012,60,isoform,1.0,True,0.1985593844682679,True
ENST00000264167.10,ENSG00000018510.16,AGPS,protein_coding,AGPS-201,protein_coding,ENSP00000264167.4,ENSG00000018510.16;ENST00000264167.10,-0.1019586088,0.0284715285,60,isoform,1.0,True,-0.1019586087742013,True
ENST00000323929.8,ENSG00000020922.13,MRE11,protein_coding,MRE11-201,protein_coding,ENSP00000325863.4,ENSG00000020922.13;ENST00000323929.8,-0.1800167391,0.0034965035,60,isoform,1.0,True,-0.1800167391086594,True
ENST00000407439.7,ENSG00000020922.13,MRE11,protein_coding,MRE11-204,protein_coding,ENSP00000385614.3,ENSG00000020922.13;ENST00000407439.7,0.2018328307,0.0024975025,60,isoform,1.0,True,0.2018328307374312,True
ENST00000621856.2,ENSG00000021574.13,SPAST,protein_coding,SPAST-202,protein_coding,ENSP00000482496.2,ENSG00000021574.13;ENST00000621856.2,0.1220533185,0.034965035,60,isoform,1.0,True,0.1220533185353177,True
ENST00000263650.12,ENSG00000021762.20,OSBPL5,protein_coding,OSBPL5-201,protein_coding,ENSP00000263650.7,ENSG00000021762.20;ENST00000263650.12,0.1498525929,0.00999001,60,isoform,1.0,True,0.1498525928620925,True
ENST00000471035.1,ENSG00000023041.11,ZDHHC6,protein_coding,ZDHHC6-203,processed_transcript,,ENSG00000023041.11;ENST00000471035.1,0.1331406682,0.006993007,60,isoform,1.0,True,0.1331406681905989,True
ENST00000482410.5,ENSG00000023041.11,ZDHHC6,protein_coding,ZDHHC6-204,processed_transcript,,ENSG00000023041.11;ENST00000482410.5,-0.121902286,0.010989011,60,isoform,1.0,True,-0.1219022860298269,True
ENST00000525757.1,ENSG00000023171.18,GRAMD1B,protein_coding,GRAMD1B-204,processed_transcript,,ENSG00000023171.18;ENST00000525757.1,0.1498443027,0.0084915085,60,isoform,1.0,True,0.1498443027257394,True
ENST00000374012.8,ENSG00000025293.17,PHF20,protein_coding,PHF20-203,protein_coding,ENSP00000363124.3,ENSG00000025293.17;ENST00000374012.8,-0.1607540212,0.001998002,60,isoform,1.0,True,-0.1607540211674859,True
ENST00000617560.1,ENSG00000025293.17,PHF20,protein_coding,PHF20-216,processed_transcript,,ENSG00000025293.17;ENST00000617560.1,0.1629408486,0.001998002,60,isoform,1.0,True,0.1629408486246905,True
ENST00000252029.8,ENSG00000025708.14,TYMP,protein_coding,TYMP-201,protein_coding,ENSP00000252029.3,ENSG00000025708.14;ENST00000252029.8,0.2281663272,0.002997003,60,isoform,1.0,True,0.2281663271700585,True
ENST00000467963.6,ENSG00000028310.18,BRD9,protein_coding,BRD9-202,protein_coding,ENSP00000419765.1,ENSG00000028310.18;ENST00000467963.6,0.1572441029,0.0014985015,60,isoform,1.0,True,0.1572441029176863,True
ENST00000534762.5,ENSG00000029363.17,BCLAF1,protein_coding,BCLAF1-221,protein_coding,ENSP00000437018.1,ENSG00000029363.17;ENST00000534762.5,0.1169044635,0.003996004,60,isoform,1.0,True,0.1169044635351435,True
ENST00000495806.1,ENSG00000029639.11,TFB1M,protein_coding,TFB1M-209,processed_transcript,,ENSG00000029639.11;ENST00000495806.1,-0.1206578668,0.0274725275,60,isoform,1.0,True,-0.1206578667748363,True
ENST00000343619.9,ENSG00000033627.17,ATP6V0A1,protein_coding,ATP6V0A1-202,protein_coding,ENSP00000342951.3,ENSG00000033627.17;ENST00000343619.9,-0.1972213303,0.0034965035,60,isoform,1.0,True,-0.1972213303197499,True
ENST00000393829.6,ENSG00000033627.17,ATP6V0A1,protein_coding,ATP6V0A1-203,protein_coding,ENSP00000377415.2,ENSG00000033627.17;ENST00000393829.6,0.1287904166,0.0134865135,60,isoform,1.0,True,0.1287904165724313,True
ENST00000587797.1,ENSG00000033627.17,ATP6V0A1,protein_coding,ATP6V0A1-214,processed_transcript,,ENSG00000033627.17;ENST00000587797.1,0.2941915746,0.0004995005,60,isoform,1.0,True,0.2941915745938843,True
ENST00000545237.1,ENSG00000033800.14,PIAS1,protein_coding,PIAS1-202,protein_coding,ENSP00000438574.1,ENSG00000033800.14;ENST00000545237.1,0.107135721,0.041958042,60,isoform,1.0,True,0.1071357209815228,True
ENST00000611270.1,ENSG00000033800.14,PIAS1,protein_coding,PIAS1-208,processed_transcript,,ENSG00000033800.14;ENST00000611270.1,-0.1157241475,0.0364635365,60,isoform,1.0,True,-0.1157241475412908,True
ENST00000342679.9,ENSG00000034152.19,MAP2K3,protein_coding,MAP2K3-202,protein_coding,ENSP00000345083.4,ENSG00000034152.19;ENST00000342679.9,0.1145864651,0.0194805195,60,isoform,1.0,True,0.1145864651354221,True
ENST00000488044.5,ENSG00000035115.22,SH3YL1,protein_coding,SH3YL1-224,processed_transcript,,ENSG00000035115.22;ENST00000488044.5,0.1039172271,0.0294705295,60,isoform,1.0,True,0.1039172271112381,True
ENST00000512442.1,ENSG00000039319.17,ZFYVE16,protein_coding,ZFYVE16-210,processed_transcript,,ENSG00000039319.17;ENST00000512442.1,0.102744854,0.032967033,60,isoform,1.0,True,0.1027448539650493,True
ENST00000495445.5,ENSG00000040531.16,CTNS,protein_coding,CTNS-207,retained_intron,,ENSG00000040531.16;ENST00000495445.5,-0.1259547932,0.0164835165,60,isoform,1.0,True,-0.125954793204677,True
ENST00000265245.10,ENSG00000041802.11,LSG1,protein_coding,LSG1-201,protein_coding,ENSP00000265245.5,ENSG00000041802.11;ENST00000265245.10,0.1046184132,0.0204795205,60,isoform,1.0,True,0.104618413203122,True
ENST00000533133.6,ENSG00000042429.12,MED17,protein_coding,MED17-209,nonsense_mediated_decay,ENSP00000433090.2,ENSG00000042429.12;ENST00000533133.6,-0.1331806947,0.005994006,60,isoform,1.0,True,-0.1331806946856726,True
ENST00000372818.5,ENSG00000043514.17,TRIT1,protein_coding,TRIT1-202,protein_coding,ENSP00000361905.1,ENSG00000043514.17;ENST00000372818.5,-0.1687087346,0.0034965035,60,isoform,1.0,True,-0.168708734641074,True
ENST00000462797.5,ENSG00000043514.17,TRIT1,protein_coding,TRIT1-205,nonsense_mediated_decay,ENSP00000473773.1,ENSG00000043514.17;ENST00000462797.5,0.1385842814,0.006993007,60,isoform,1.0,True,0.138584281417833,True
ENST00000263150.9,ENSG00000047056.16,WDR37,protein_coding,WDR37-201,protein_coding,ENSP00000263150.4,ENSG00000047056.16;ENST00000263150.9,0.3515633809,0.004995005,60,isoform,1.0,True,0.3515633808604916,True
ENST00000358220.5,ENSG00000047056.16,WDR37,protein_coding,WDR37-202,protein_coding,ENSP00000350954.1,ENSG00000047056.16;ENST00000358220.5,-0.3739563788,0.0034965035,60,isoform,1.0,True,-0.3739563787708141,True
ENST00000487842.1,ENSG00000047634.15,SCML1,protein_coding,SCML1-207,retained_intron,,ENSG00000047634.15;ENST00000487842.1,-0.1575131784,0.005994006,60,isoform,1.0,True,-0.1575131783867055,True
ENST00000380861.9,ENSG00000047644.19,WWC3,protein_coding,WWC3-201,protein_coding,ENSP00000370242.5,ENSG00000047644.19;ENST00000380861.9,-0.2847768633,0.0,60,isoform,0.0,True,-0.2847768632853336,True
ENST00000466248.1,ENSG00000047644.19,WWC3,protein_coding,WWC3-202,processed_transcript,,ENSG00000047644.19;ENST00000466248.1,0.2847768633,0.0,60,isoform,0.0,True,0.2847768632853337,True
ENST00000265827.8,ENSG00000048405.10,ZNF800,protein_coding,ZNF800-201,protein_coding,ENSP00000265827.3,ENSG00000048405.10;ENST00000265827.8,0.1416518846,0.0394605395,60,isoform,1.0,True,0.1416518846445035,True
ENST00000308488.10,ENSG00000048649.13,RSF1,protein_coding,RSF1-201,protein_coding,ENSP00000311513.6,ENSG00000048649.13;ENST00000308488.10,-0.149120415,0.021978022,60,isoform,1.0,True,-0.1491204149574103,True
ENST00000379170.8,ENSG00000050393.11,MCUR1,protein_coding,MCUR1-201,protein_coding,ENSP00000368468.3,ENSG00000050393.11;ENST00000379170.8,-0.1752449725,0.003996004,60,isoform,1.0,True,-0.1752449725430821,True
ENST00000488770.1,ENSG00000050393.11,MCUR1,protein_coding,MCUR1-202,nonsense_mediated_decay,ENSP00000476162.1,ENSG00000050393.11;ENST00000488770.1,0.1679902139,0.0044955045,60,isoform,1.0,True,0.1679902138690551,True
ENST00000550100.5,ENSG00000050426.16,LETMD1,protein_coding,LETMD1-221,nonsense_mediated_decay,ENSP00000447047.1,ENSG00000050426.16;ENST00000550100.5,0.1052381434,0.0074925075,60,isoform,1.0,True,0.1052381434213202,True
ENST00000538440.6,ENSG00000050820.17,BCAR1,protein_coding,BCAR1-207,protein_coding,ENSP00000443841.2,ENSG00000050820.17;ENST00000538440.6,0.1025752498,0.010989011,60,isoform,1.0,True,0.1025752498060978,True
ENST00000544217.1,ENSG00000051825.15,MPHOSPH9,protein_coding,MPHOSPH9-215,processed_transcript,,ENSG00000051825.15;ENST00000544217.1,0.113798744,0.015984016,60,isoform,1.0,True,0.1137987440457891,True
ENST00000606320.6,ENSG00000051825.15,MPHOSPH9,protein_coding,MPHOSPH9-220,protein_coding,ENSP00000475489.1,ENSG00000051825.15;ENST00000606320.6,-0.1399487445,0.010989011,60,isoform,1.0,True,-0.1399487445474881,True
ENST00000313654.13,ENSG00000053747.16,LAMA3,protein_coding,LAMA3-202,protein_coding,ENSP00000324532.8,ENSG00000053747.16;ENST00000313654.13,-0.114545751,0.0424575425,60,isoform,1.0,True,-0.1145457510396193,True
ENST00000474401.1,ENSG00000054267.22,ARID4B,protein_coding,ARID4B-210,retained_intron,,ENSG00000054267.22;ENST00000474401.1,-0.1337723681,0.0234765235,60,isoform,1.0,True,-0.1337723680767604,True
ENST00000553289.5,ENSG00000054654.19,SYNE2,protein_coding,SYNE2-208,nonsense_mediated_decay,ENSP00000451184.2,ENSG00000054654.19;ENST00000553289.5,-0.1114376263,0.0344655345,60,isoform,1.0,True,-0.1114376263006144,True
ENST00000555022.5,ENSG00000054654.19,SYNE2,protein_coding,SYNE2-217,processed_transcript,,ENSG00000054654.19;ENST00000555022.5,0.1468790174,0.0164835165,60,isoform,1.0,True,0.1468790173821765,True
ENST00000393580.2,ENSG00000054967.13,RELT,protein_coding,RELT-202,protein_coding,ENSP00000377207.2,ENSG00000054967.13;ENST00000393580.2,0.1531025641,0.020979021,60,isoform,1.0,True,0.1531025641182684,True
ENST00000538427.5,ENSG00000055208.19,TAB2,protein_coding,TAB2-205,protein_coding,ENSP00000445752.1,ENSG00000055208.19;ENST00000538427.5,-0.1687979474,0.004995005,60,isoform,1.0,True,-0.1687979474042013,True
ENST00000233057.9,ENSG00000055332.18,EIF2AK2,protein_coding,EIF2AK2-201,protein_coding,ENSP00000233057.4,ENSG00000055332.18;ENST00000233057.9,-0.1854119984,0.0044955045,60,isoform,1.0,True,-0.1854119983743925,True
ENST00000647926.1,ENSG00000055332.18,EIF2AK2,protein_coding,EIF2AK2-208,nonsense_mediated_decay,ENSP00000497534.1,ENSG00000055332.18;ENST00000647926.1,0.1774333938,0.004995005,60,isoform,1.0,True,0.1774333938217322,True
ENST00000360104.7,ENSG00000055609.19,KMT2C,protein_coding,KMT2C-202,protein_coding,ENSP00000353218.3,ENSG00000055609.19;ENST00000360104.7,-0.1330159298,0.037962038,60,isoform,1.0,True,-0.1330159298078824,True
ENST00000471874.2,ENSG00000056586.16,RC3H2,protein_coding,RC3H2-207,protein_coding,ENSP00000474148.1,ENSG00000056586.16;ENST00000471874.2,0.1461405424,0.007992008,60,isoform,1.0,True,0.1461405423801447,True
ENST00000326840.11,ENSG00000057019.16,DCBLD2,protein_coding,DCBLD2-201,protein_coding,ENSP00000321573.6,ENSG00000057019.16;ENST00000326840.11,-0.1780880871,0.0184815185,60,isoform,1.0,True,-0.1780880870870604,True
ENST00000490303.5,ENSG00000058063.16,ATP11B,protein_coding,ATP11B-207,retained_intron,,ENSG00000058063.16;ENST00000490303.5,0.1208013683,0.0284715285,60,isoform,1.0,True,0.1208013682816381,True
ENST00000450142.7,ENSG00000058272.19,PPP1R12A,protein_coding,PPP1R12A-203,protein_coding,ENSP00000389168.2,ENSG00000058272.19;ENST00000450142.7,0.1013741185,0.0264735265,60,isoform,1.0,True,0.1013741185037787,True
ENST00000494191.6,ENSG00000058453.17,CROCC,protein_coding,CROCC-211,retained_intron,,ENSG00000058453.17;ENST00000494191.6,-0.1214201664,0.024975025,60,isoform,1.0,True,-0.1214201663640317,True
ENST00000263985.11,ENSG00000059691.12,GATB,protein_coding,GATB-201,protein_coding,ENSP00000263985.6,ENSG00000059691.12;ENST00000263985.11,-0.1664908002,0.003996004,60,isoform,1.0,True,-0.1664908002196634,True
ENST00000515812.5,ENSG00000059691.12,GATB,protein_coding,GATB-213,protein_coding,ENSP00000426859.1,ENSG00000059691.12;ENST00000515812.5,0.1171807799,0.0094905095,60,isoform,1.0,True,0.1171807799282901,True
ENST00000313525.4,ENSG00000059769.20,DNAJC25,protein_coding,DNAJC25-201,protein_coding,ENSP00000320650.3,ENSG00000059769.20;ENST00000313525.4,0.1431750839,0.013986014,60,isoform,1.0,True,0.1431750839005912,True
ENST00000447096.1,ENSG00000059769.20,DNAJC25,protein_coding,DNAJC25-202,nonsense_mediated_decay,ENSP00000399325.1,ENSG00000059769.20;ENST00000447096.1,-0.1483880409,0.0134865135,60,isoform,1.0,True,-0.1483880409121328,True
ENST00000261192.12,ENSG00000060982.15,BCAT1,protein_coding,BCAT1-201,protein_coding,ENSP00000261192.7,ENSG00000060982.15;ENST00000261192.12,-0.2145057716,0.0004995005,60,isoform,1.0,True,-0.214505771591315,True
ENST00000612790.1,ENSG00000060982.15,BCAT1,protein_coding,BCAT1-210,non_stop_decay,ENSP00000481749.1,ENSG00000060982.15;ENST00000612790.1,0.1366889666,0.002997003,60,isoform,1.0,True,0.136688966601759,True
ENST00000548938.5,ENSG00000061273.18,HDAC7,protein_coding,HDAC7-228,nonsense_mediated_decay,ENSP00000448305.1,ENSG00000061273.18;ENST00000548938.5,0.113976056,0.015984016,60,isoform,1.0,True,0.1139760560116042,True
ENST00000262291.9,ENSG00000062716.13,VMP1,protein_coding,VMP1-201,protein_coding,ENSP00000262291.3,ENSG00000062716.13;ENST00000262291.9,0.1612095025,0.0014985015,60,isoform,1.0,True,0.1612095025073667,True
ENST00000587470.1,ENSG00000062716.13,VMP1,protein_coding,VMP1-205,retained_intron,,ENSG00000062716.13;ENST00000587470.1,-0.1604777428,0.0014985015,60,isoform,1.0,True,-0.1604777427537345,True
ENST00000602258.1,ENSG00000063169.11,BICRA,protein_coding,BICRA-203,retained_intron,,ENSG00000063169.11;ENST00000602258.1,-0.1540453811,0.0474525475,60,isoform,1.0,True,-0.1540453811476574,True
ENST00000510910.1,ENSG00000063438.18,AHRR,protein_coding,AHRR-205,retained_intron,,ENSG00000063438.18;ENST00000510910.1,-0.1805959116,0.024975025,60,isoform,1.0,True,-0.1805959116080216,True
ENST00000452918.7,ENSG00000064607.17,SUGP2,protein_coding,SUGP2-203,protein_coding,ENSP00000389380.1,ENSG00000064607.17;ENST00000452918.7,-0.1033137575,0.0124875125,60,isoform,1.0,True,-0.1033137575095919,True
ENST00000373953.8,ENSG00000065029.15,ZNF76,protein_coding,ZNF76-203,protein_coding,ENSP00000363064.3,ENSG00000065029.15;ENST00000373953.8,0.1753891194,0.0054945055,60,isoform,1.0,True,0.1753891193829982,True
ENST00000498555.1,ENSG00000065029.15,ZNF76,protein_coding,ZNF76-211,protein_coding,ENSP00000418749.1,ENSG00000065029.15;ENST00000498555.1,-0.1173727827,0.0184815185,60,isoform,1.0,True,-0.1173727826941489,True
ENST00000264607.9,ENSG00000065802.12,ASB1,protein_coding,ASB1-201,protein_coding,ENSP00000264607.4,ENSG00000065802.12;ENST00000264607.9,-0.2632572916,0.005994006,60,isoform,1.0,True,-0.2632572916266548,True
ENST00000438264.5,ENSG00000065802.12,ASB1,protein_coding,ASB1-203,nonsense_mediated_decay,ENSP00000411773.1,ENSG00000065802.12;ENST00000438264.5,0.1168247047,0.043956044,60,isoform,1.0,True,0.1168247046589953,True
ENST00000502250.5,ENSG00000066427.24,ATXN3,protein_coding,ATXN3-206,protein_coding,ENSP00000425322.1,ENSG00000066427.24;ENST00000502250.5,0.132707273,0.020979021,60,isoform,1.0,True,0.1327072729962995,True
ENST00000504047.1,ENSG00000066427.24,ATXN3,protein_coding,ATXN3-208,processed_transcript,,ENSG00000066427.24;ENST00000504047.1,0.3182691214,0.000999001,60,isoform,1.0,True,0.3182691213715113,True
ENST00000585747.1,ENSG00000066926.12,FECH,protein_coding,FECH-205,processed_transcript,,ENSG00000066926.12;ENST00000585747.1,0.1013981511,0.011988012,60,isoform,1.0,True,0.1013981511225465,True
ENST00000497571.6,ENSG00000067082.15,KLF6,protein_coding,KLF6-206,protein_coding,ENSP00000419923.1,ENSG00000067082.15;ENST00000497571.6,0.1213700212,0.0304695305,60,isoform,1.0,True,0.1213700212014192,True
ENST00000373539.3,ENSG00000067177.15,PHKA1,protein_coding,PHKA1-202,protein_coding,ENSP00000362640.3,ENSG00000067177.15;ENST00000373539.3,0.107533668,0.0424575425,60,isoform,1.0,True,0.1075336679999507,True
ENST00000163678.11,ENSG00000067365.15,METTL22,protein_coding,METTL22-201,nonsense_mediated_decay,ENSP00000163678.6,ENSG00000067365.15;ENST00000163678.11,0.2091536143,0.0034965035,60,isoform,1.0,True,0.2091536143112876,True
ENST00000562973.1,ENSG00000067365.15,METTL22,protein_coding,METTL22-206,protein_coding,ENSP00000460481.1,ENSG00000067365.15;ENST00000562973.1,-0.1028681562,0.0254745255,60,isoform,1.0,True,-0.102868156190418,True
ENST00000411772.5,ENSG00000067369.14,TP53BP1,protein_coding,TP53BP1-204,nonsense_mediated_decay,ENSP00000413010.1,ENSG00000067369.14;ENST00000411772.5,0.1144546323,0.011988012,60,isoform,1.0,True,0.1144546323220574,True
ENST00000366932.4,ENSG00000067533.6,RRP15,protein_coding,RRP15-201,protein_coding,ENSP00000355899.3,ENSG00000067533.6;ENST00000366932.4,-0.1163819058,0.015984016,60,isoform,1.0,True,-0.1163819057723108,True
ENST00000491428.1,ENSG00000067533.6,RRP15,protein_coding,RRP15-202,processed_transcript,,ENSG00000067533.6;ENST00000491428.1,0.1163819058,0.015984016,60,isoform,1.0,True,0.1163819057723107,True
ENST00000379162.9,ENSG00000067992.16,PDK3,protein_coding,PDK3-201,protein_coding,ENSP00000368460.4,ENSG00000067992.16;ENST00000379162.9,0.3061091433,0.0064935065,60,isoform,1.0,True,0.3061091433052305,True
ENST00000568479.2,ENSG00000067992.16,PDK3,protein_coding,PDK3-203,protein_coding,ENSP00000498864.1,ENSG00000067992.16;ENST00000568479.2,-0.3109364286,0.005994006,60,isoform,1.0,True,-0.3109364285507605,True
ENST00000165698.9,ENSG00000068615.19,REEP1,protein_coding,REEP1-201,protein_coding,ENSP00000165698.5,ENSG00000068615.19;ENST00000165698.9,-0.1776211149,0.026973027,60,isoform,1.0,True,-0.1776211149134516,True
ENST00000489855.2,ENSG00000068615.19,REEP1,protein_coding,REEP1-205,protein_coding,ENSP00000475269.1,ENSG00000068615.19;ENST00000489855.2,0.1460479027,0.0384615385,60,isoform,1.0,True,0.1460479026577405,True
ENST00000401507.7,ENSG00000068796.19,KIF2A,protein_coding,KIF2A-202,protein_coding,ENSP00000385622.3,ENSG00000068796.19;ENST00000401507.7,-0.1136450964,0.0214785215,60,isoform,1.0,True,-0.1136450963595119,True
ENST00000478278.1,ENSG00000068885.15,IFT80,protein_coding,IFT80-214,retained_intron,,ENSG00000068885.15;ENST00000478278.1,-0.1174165817,0.026973027,60,isoform,1.0,True,-0.1174165817319603,True
ENST00000164227.10,ENSG00000069399.15,BCL3,protein_coding,BCL3-201,protein_coding,ENSP00000164227.5,ENSG00000069399.15;ENST00000164227.10,0.110547398,0.0154845155,60,isoform,1.0,True,0.1105473980240575,True
ENST00000413872.6,ENSG00000070047.13,PHRF1,protein_coding,PHRF1-202,protein_coding,ENSP00000388589.2,ENSG00000070047.13;ENST00000413872.6,-0.1143471718,0.035964036,60,isoform,1.0,True,-0.1143471718300946,True
ENST00000554598.5,ENSG00000070367.16,EXOC5,protein_coding,EXOC5-204,retained_intron,,ENSG00000070367.16;ENST00000554598.5,0.1124805774,0.013986014,60,isoform,1.0,True,0.1124805774111081,True
ENST00000174618.5,ENSG00000070444.15,MNT,protein_coding,MNT-201,protein_coding,ENSP00000174618.4,ENSG00000070444.15;ENST00000174618.5,0.1465059168,0.01998002,60,isoform,1.0,True,0.146505916807149,True
ENST00000389709.8,ENSG00000070476.15,ZXDC,protein_coding,ZXDC-202,protein_coding,ENSP00000374359.3,ENSG00000070476.15;ENST00000389709.8,0.19689756,0.007992008,60,isoform,1.0,True,0.1968975599887472,True
ENST00000514463.1,ENSG00000070476.15,ZXDC,protein_coding,ZXDC-203,retained_intron,,ENSG00000070476.15;ENST00000514463.1,-0.1659637434,0.014985015,60,isoform,1.0,True,-0.1659637433598093,True
ENST00000378103.7,ENSG00000070610.14,GBA2,protein_coding,GBA2-203,protein_coding,ENSP00000367343.3,ENSG00000070610.14;ENST00000378103.7,0.1645665607,0.0054945055,60,isoform,1.0,True,0.1645665607085529,True
ENST00000262506.8,ENSG00000070770.9,CSNK2A2,protein_coding,CSNK2A2-201,protein_coding,ENSP00000262506.3,ENSG00000070770.9;ENST00000262506.8,0.1241063263,0.0084915085,60,isoform,1.0,True,0.12410632632466,True
ENST00000563307.1,ENSG00000070770.9,CSNK2A2,protein_coding,CSNK2A2-203,protein_coding,ENSP00000457911.1,ENSG00000070770.9;ENST00000563307.1,-0.1026783437,0.016983017,60,isoform,1.0,True,-0.1026783436967707,True
ENST00000264926.7,ENSG00000070950.10,RAD18,protein_coding,RAD18-201,protein_coding,ENSP00000264926.2,ENSG00000070950.10;ENST00000264926.7,-0.2330949248,0.004995005,60,isoform,1.0,True,-0.2330949247675002,True
ENST00000415439.5,ENSG00000070950.10,RAD18,protein_coding,RAD18-203,nonsense_mediated_decay,ENSP00000402049.1,ENSG00000070950.10;ENST00000415439.5,0.2350415912,0.0044955045,60,isoform,1.0,True,0.2350415912396052,True
ENST00000460768.1,ENSG00000071073.13,MGAT4A,protein_coding,MGAT4A-205,processed_transcript,,ENSG00000071073.13;ENST00000460768.1,-0.4293439144,0.0034965035,60,isoform,1.0,True,-0.4293439143787676,True
ENST00000495056.2,ENSG00000071073.13,MGAT4A,protein_coding,MGAT4A-209,protein_coding,ENSP00000475198.1,ENSG00000071073.13;ENST00000495056.2,0.2903020413,0.0114885115,60,isoform,1.0,True,0.290302041320728,True
ENST00000339121.9,ENSG00000071243.16,ING3,protein_coding,ING3-202,protein_coding,ENSP00000341697.5,ENSG00000071243.16;ENST00000339121.9,0.14038932,0.007992008,60,isoform,1.0,True,0.1403893199540917,True
ENST00000545738.6,ENSG00000072163.20,LIMS2,protein_coding,LIMS2-217,protein_coding,ENSP00000443794.2,ENSG00000072163.20;ENST00000545738.6,0.2808980906,0.0124875125,60,isoform,1.0,True,0.2808980906379081,True
ENST00000498378.5,ENSG00000072195.15,SPEG,protein_coding,SPEG-222,processed_transcript,,ENSG00000072195.15;ENST00000498378.5,-0.110196765,0.0474525475,60,isoform,1.0,True,-0.1101967650325799,True
ENST00000561024.1,ENSG00000073417.15,PDE8A,protein_coding,PDE8A-214,retained_intron,,ENSG00000073417.15;ENST00000561024.1,-0.1175050442,0.0204795205,60,isoform,1.0,True,-0.1175050442204942,True
ENST00000300141.11,ENSG00000074603.19,DPP8,protein_coding,DPP8-201,protein_coding,ENSP00000300141.6,ENSG00000074603.19;ENST00000300141.11,-0.1379290663,0.008991009,60,isoform,1.0,True,-0.1379290662955097,True
ENST00000589288.5,ENSG00000074657.14,ZNF532,protein_coding,ZNF532-214,protein_coding,ENSP00000466007.1,ENSG00000074657.14;ENST00000589288.5,0.1328729567,0.0334665335,60,isoform,1.0,True,0.1328729566969789,True
ENST00000548180.5,ENSG00000075089.9,ACTR6,protein_coding,ACTR6-204,nonsense_mediated_decay,ENSP00000450330.1,ENSG00000075089.9;ENST00000548180.5,0.1256572273,0.0084915085,60,isoform,1.0,True,0.1256572272776511,True
ENST00000264211.12,ENSG00000075151.20,EIF4G3,protein_coding,EIF4G3-201,protein_coding,ENSP00000264211.7,ENSG00000075151.20;ENST00000264211.12,-0.1160316669,0.0074925075,60,isoform,1.0,True,-0.1160316669181245,True
ENST00000634778.1,ENSG00000075151.20,EIF4G3,protein_coding,EIF4G3-213,processed_transcript,,ENSG00000075151.20;ENST00000634778.1,0.19953458,0.0,60,isoform,0.0,True,0.1995345800159909,True
ENST00000496178.1,ENSG00000075340.23,ADD2,protein_coding,ADD2-213,processed_transcript,,ENSG00000075340.23;ENST00000496178.1,0.1025277148,0.030969031,60,isoform,1.0,True,0.1025277148427059,True
ENST00000567379.5,ENSG00000075399.14,VPS9D1,protein_coding,VPS9D1-206,retained_intron,,ENSG00000075399.14;ENST00000567379.5,-0.1731258723,0.011988012,60,isoform,1.0,True,-0.1731258723007818,True
ENST00000421757.5,ENSG00000075420.13,FNDC3B,protein_coding,FNDC3B-204,protein_coding,ENSP00000408496.1,ENSG00000075420.13;ENST00000421757.5,0.2516219568,0.0104895105,60,isoform,1.0,True,0.251621956758764,True
ENST00000186436.10,ENSG00000075568.17,TMEM131,protein_coding,TMEM131-201,protein_coding,ENSP00000186436.5,ENSG00000075568.17;ENST00000186436.10,0.1292889331,0.024975025,60,isoform,1.0,True,0.1292889330747211,True
ENST00000546728.5,ENSG00000075856.12,SART3,protein_coding,SART3-204,nonsense_mediated_decay,ENSP00000449743.1,ENSG00000075856.12;ENST00000546728.5,0.1123531739,0.0074925075,60,isoform,1.0,True,0.1123531739128092,True
ENST00000262031.10,ENSG00000076067.13,RBMS2,protein_coding,RBMS2-201,protein_coding,ENSP00000262031.5,ENSG00000076067.13;ENST00000262031.10,-0.1943829302,0.0154845155,60,isoform,1.0,True,-0.1943829302302688,True
ENST00000544726.2,ENSG00000076555.15,ACACB,protein_coding,ACACB-214,protein_coding,ENSP00000474680.1,ENSG00000076555.15;ENST00000544726.2,0.2019925374,0.014985015,60,isoform,1.0,True,0.2019925374445601,True
ENST00000480184.5,ENSG00000077157.22,PPP1R12B,protein_coding,PPP1R12B-212,protein_coding,ENSP00000417159.1,ENSG00000077157.22;ENST00000480184.5,0.2081147334,0.0384615385,60,isoform,1.0,True,0.2081147333506814,True
ENST00000608999.6,ENSG00000077157.22,PPP1R12B,protein_coding,PPP1R12B-216,protein_coding,ENSP00000476755.1,ENSG00000077157.22;ENST00000608999.6,0.2007292171,0.0404595405,60,isoform,1.0,True,0.2007292171189308,True
ENST00000170630.6,ENSG00000077238.14,IL4R,protein_coding,IL4R-201,protein_coding,ENSP00000170630.3,ENSG00000077238.14;ENST00000170630.6,-0.32150378,0.007992008,60,isoform,1.0,True,-0.3215037799542711,True
ENST00000310300.11,ENSG00000077454.16,LRCH4,protein_coding,LRCH4-201,protein_coding,ENSP00000309689.6,ENSG00000077454.16;ENST00000310300.11,0.1579421292,0.0074925075,60,isoform,1.0,True,0.1579421292079841,True
ENST00000545813.1,ENSG00000077458.13,FAM76B,protein_coding,FAM76B-213,retained_intron,,ENSG00000077458.13;ENST00000545813.1,-0.1110373169,0.0234765235,60,isoform,1.0,True,-0.1110373168708917,True
ENST00000530163.1,ENSG00000077514.9,POLD3,protein_coding,POLD3-205,retained_intron,,ENSG00000077514.9;ENST00000530163.1,-0.1580052418,0.0114885115,60,isoform,1.0,True,-0.1580052418317704,True
ENST00000366592.8,ENSG00000077585.14,GPR137B,protein_coding,GPR137B-202,protein_coding,ENSP00000355551.3,ENSG00000077585.14;ENST00000366592.8,0.1534245655,0.027972028,60,isoform,1.0,True,0.1534245655363766,True
ENST00000590127.5,ENSG00000078043.16,PIAS2,protein_coding,PIAS2-211,retained_intron,,ENSG00000078043.16;ENST00000590127.5,0.1349814859,0.0224775225,60,isoform,1.0,True,0.1349814858947292,True
ENST00000675700.1,ENSG00000078114.19,NEBL,protein_coding,NEBL-220,processed_transcript,,ENSG00000078114.19;ENST00000675700.1,-0.1532949983,0.042957043,60,isoform,1.0,True,-0.1532949982537088,True
ENST00000531352.5,ENSG00000078124.12,ACER3,protein_coding,ACER3-210,nonsense_mediated_decay,ENSP00000431504.1,ENSG00000078124.12;ENST00000531352.5,0.1577250412,0.027972028,60,isoform,1.0,True,0.1577250412266749,True
ENST00000355585.9,ENSG00000078269.15,SYNJ2,protein_coding,SYNJ2-201,protein_coding,ENSP00000347792.4,ENSG00000078269.15;ENST00000355585.9,-0.1971517427,0.0264735265,60,isoform,1.0,True,-0.1971517426925832,True
ENST00000367113.5,ENSG00000078269.15,SYNJ2,protein_coding,SYNJ2-203,protein_coding,ENSP00000356080.4,ENSG00000078269.15;ENST00000367113.5,0.2369710734,0.0194805195,60,isoform,1.0,True,0.2369710733979745,True
ENST00000471315.5,ENSG00000078403.17,MLLT10,protein_coding,MLLT10-211,retained_intron,,ENSG00000078403.17;ENST00000471315.5,0.1473137876,0.0014985015,60,isoform,1.0,True,0.1473137876053103,True
ENST00000440652.5,ENSG00000078967.13,UBE2D4,protein_coding,UBE2D4-203,processed_transcript,,ENSG00000078967.13;ENST00000440652.5,0.1100722585,0.0404595405,60,isoform,1.0,True,0.1100722584565913,True
ENST00000261600.11,ENSG00000079134.12,THOC1,protein_coding,THOC1-201,protein_coding,ENSP00000261600.6,ENSG00000079134.12;ENST00000261600.11,0.1602892835,0.004995005,60,isoform,1.0,True,0.1602892835428337,True
ENST00000409045.7,ENSG00000079156.17,OSBPL6,protein_coding,OSBPL6-206,protein_coding,ENSP00000387248.3,ENSG00000079156.17;ENST00000409045.7,-0.1903433082,0.0464535465,60,isoform,1.0,True,-0.190343308216087,True
ENST00000170168.9,ENSG00000079313.15,REXO1,protein_coding,REXO1-201,protein_coding,ENSP00000170168.3,ENSG00000079313.15;ENST00000170168.9,0.1403608141,0.0194805195,60,isoform,1.0,True,0.1403608141311699,True
ENST00000171111.10,ENSG00000079999.14,KEAP1,protein_coding,KEAP1-201,protein_coding,ENSP00000171111.4,ENSG00000079999.14;ENST00000171111.10,-0.1008064117,0.0184815185,60,isoform,1.0,True,-0.1008064116842899,True
ENST00000428287.6,ENSG00000080345.18,RIF1,protein_coding,RIF1-203,protein_coding,ENSP00000415691.2,ENSG00000080345.18;ENST00000428287.6,-0.2011744769,0.0204795205,60,isoform,1.0,True,-0.2011744768590954,True
ENST00000647941.2,ENSG00000080819.9,CPOX,protein_coding,CPOX-204,protein_coding,ENSP00000497326.1,ENSG00000080819.9;ENST00000647941.2,0.1015273543,0.018981019,60,isoform,1.0,True,0.101527354289952,True
ENST00000612242.4,ENSG00000081019.13,RSBN1,protein_coding,RSBN1-204,protein_coding,ENSP00000479490.1,ENSG00000081019.13;ENST00000612242.4,-0.3951552476,0.007992008,60,isoform,1.0,True,-0.3951552475822734,True
ENST00000261464.10,ENSG00000082512.15,TRAF5,protein_coding,TRAF5-201,protein_coding,ENSP00000261464.5,ENSG00000082512.15;ENST00000261464.10,0.2009876187,0.0054945055,60,isoform,1.0,True,0.200987618695642,True
ENST00000473385.1,ENSG00000082512.15,TRAF5,protein_coding,TRAF5-205,processed_transcript,,ENSG00000082512.15;ENST00000473385.1,-0.2173660558,0.0044955045,60,isoform,1.0,True,-0.2173660558469501,True
ENST00000264235.13,ENSG00000082701.16,GSK3B,protein_coding,GSK3B-201,protein_coding,ENSP00000264235.9,ENSG00000082701.16;ENST00000264235.13,-0.2360742835,0.000999001,60,isoform,1.0,True,-0.2360742834814256,True
ENST00000650344.1,ENSG00000082701.16,GSK3B,protein_coding,GSK3B-205,protein_coding,ENSP00000497956.1,ENSG00000082701.16;ENST00000650344.1,0.2044427538,0.0014985015,60,isoform,1.0,True,0.2044427538459235,True
ENST00000261584.9,ENSG00000083093.10,PALB2,protein_coding,PALB2-201,protein_coding,ENSP00000261584.4,ENSG00000083093.10;ENST00000261584.9,-0.1587416407,0.01998002,60,isoform,1.0,True,-0.1587416407152512,True
ENST00000320393.9,ENSG00000083123.15,BCKDHB,protein_coding,BCKDHB-201,protein_coding,ENSP00000318351.5,ENSG00000083123.15;ENST00000320393.9,-0.1568969028,0.0244755245,60,isoform,1.0,True,-0.156896902826864,True
ENST00000356489.9,ENSG00000083123.15,BCKDHB,protein_coding,BCKDHB-202,protein_coding,ENSP00000348880.5,ENSG00000083123.15;ENST00000356489.9,0.2137053522,0.00999001,60,isoform,1.0,True,0.213705352188004,True
ENST00000265713.8,ENSG00000083168.11,KAT6A,protein_coding,KAT6A-201,protein_coding,ENSP00000265713.2,ENSG00000083168.11;ENST00000265713.8,0.1898922562,0.0314685315,60,isoform,1.0,True,0.1898922561533876,True
ENST00000326291.11,ENSG00000083535.16,PIBF1,protein_coding,PIBF1-201,protein_coding,ENSP00000317144.6,ENSG00000083535.16;ENST00000326291.11,-0.2773187015,0.001998002,60,isoform,1.0,True,-0.277318701471956,True
ENST00000489797.1,ENSG00000083535.16,PIBF1,protein_coding,PIBF1-204,processed_transcript,,ENSG00000083535.16;ENST00000489797.1,0.1544586626,0.016983017,60,isoform,1.0,True,0.1544586625779097,True
ENST00000377894.6,ENSG00000083544.15,TDRD3,protein_coding,TDRD3-204,protein_coding,ENSP00000367126.2,ENSG00000083544.15;ENST00000377894.6,0.1905542714,0.0064935065,60,isoform,1.0,True,0.1905542713934697,True
ENST00000535286.5,ENSG00000083544.15,TDRD3,protein_coding,TDRD3-208,protein_coding,ENSP00000440190.1,ENSG00000083544.15;ENST00000535286.5,-0.1156206366,0.0244755245,60,isoform,1.0,True,-0.1156206366332914,True
ENST00000315596.15,ENSG00000083642.19,PDS5B,protein_coding,PDS5B-201,protein_coding,ENSP00000313851.10,ENSG00000083642.19;ENST00000315596.15,-0.1064765682,0.045954046,60,isoform,1.0,True,-0.1064765682021454,True
ENST00000427738.8,ENSG00000083799.18,CYLD,protein_coding,CYLD-203,protein_coding,ENSP00000392025.3,ENSG00000083799.18;ENST00000427738.8,-0.1205791551,0.026973027,60,isoform,1.0,True,-0.1205791550704986,True
ENST00000568744.1,ENSG00000083799.18,CYLD,protein_coding,CYLD-213,retained_intron,,ENSG00000083799.18;ENST00000568744.1,0.1090276173,0.030969031,60,isoform,1.0,True,0.1090276172746278,True
ENST00000594369.6,ENSG00000083838.16,ZNF446,protein_coding,ZNF446-203,protein_coding,ENSP00000472802.1,ENSG00000083838.16;ENST00000594369.6,0.1780237297,0.027972028,60,isoform,1.0,True,0.1780237296786867,True
ENST00000263095.10,ENSG00000083844.10,ZNF264,protein_coding,ZNF264-201,protein_coding,ENSP00000263095.5,ENSG00000083844.10;ENST00000263095.10,-0.2194095457,0.016983017,60,isoform,1.0,True,-0.2194095457205179,True
ENST00000600531.5,ENSG00000083844.10,ZNF264,protein_coding,ZNF264-206,protein_coding,ENSP00000470759.1,ENSG00000083844.10;ENST00000600531.5,0.1972505812,0.022977023,60,isoform,1.0,True,0.1972505811883206,True
ENST00000326495.10,ENSG00000084112.15,SSH1,protein_coding,SSH1-202,protein_coding,ENSP00000315713.5,ENSG00000084112.15;ENST00000326495.10,-0.1107758346,0.0444555445,60,isoform,1.0,True,-0.1107758345935684,True
ENST00000551165.5,ENSG00000084112.15,SSH1,protein_coding,SSH1-209,protein_coding,ENSP00000448824.1,ENSG00000084112.15;ENST00000551165.5,0.1472405901,0.030969031,60,isoform,1.0,True,0.1472405901130999,True
ENST00000264712.8,ENSG00000084731.15,KIF3C,protein_coding,KIF3C-201,protein_coding,ENSP00000264712.3,ENSG00000084731.15;ENST00000264712.8,-0.2387184261,0.018981019,60,isoform,1.0,True,-0.2387184260971417,True
ENST00000356716.8,ENSG00000085274.15,MYNN,protein_coding,MYNN-202,protein_coding,ENSP00000349150.3,ENSG00000085274.15;ENST00000356716.8,0.1585763701,0.026973027,60,isoform,1.0,True,0.158576370064285,True
ENST00000479942.5,ENSG00000085978.22,ATG16L1,protein_coding,ATG16L1-215,retained_intron,,ENSG00000085978.22;ENST00000479942.5,-0.1107840931,0.020979021,60,isoform,1.0,True,-0.1107840931480702,True
ENST00000426907.5,ENSG00000086758.16,HUWE1,protein_coding,HUWE1-204,protein_coding,ENSP00000403236.1,ENSG00000086758.16;ENST00000426907.5,0.1168016731,0.006993007,60,isoform,1.0,True,0.1168016730837501,True
ENST00000345358.12,ENSG00000087088.20,BAX,protein_coding,BAX-202,protein_coding,ENSP00000263262.9,ENSG00000087088.20;ENST00000345358.12,0.1185262162,0.0034965035,60,isoform,1.0,True,0.118526216201643,True
ENST00000407008.8,ENSG00000087095.13,NLK,protein_coding,NLK-201,protein_coding,ENSP00000384625.3,ENSG00000087095.13;ENST00000407008.8,-0.1329102273,0.0234765235,60,isoform,1.0,True,-0.132910227341614,True
ENST00000582037.2,ENSG00000087095.13,NLK,protein_coding,NLK-203,protein_coding,ENSP00000464656.1,ENSG00000087095.13;ENST00000582037.2,0.1557249861,0.0174825175,60,isoform,1.0,True,0.1557249861024355,True
ENST00000539176.1,ENSG00000087448.11,KLHL42,protein_coding,KLHL42-202,nonsense_mediated_decay,ENSP00000444748.1,ENSG00000087448.11;ENST00000539176.1,0.176224632,0.021978022,60,isoform,1.0,True,0.1762246319584247,True
ENST00000543254.1,ENSG00000087448.11,KLHL42,protein_coding,KLHL42-204,protein_coding,ENSP00000443934.1,ENSG00000087448.11;ENST00000543254.1,-0.1161277138,0.0464535465,60,isoform,1.0,True,-0.1161277137696348,True
ENST00000262919.10,ENSG00000088812.18,ATRN,protein_coding,ATRN-201,protein_coding,ENSP00000262919.5,ENSG00000088812.18;ENST00000262919.10,-0.1647503543,0.0134865135,60,isoform,1.0,True,-0.1647503543215031,True
ENST00000446916.2,ENSG00000088812.18,ATRN,protein_coding,ATRN-202,protein_coding,ENSP00000416587.2,ENSG00000088812.18;ENST00000446916.2,0.1647503543,0.0134865135,60,isoform,1.0,True,0.1647503543215032,True
ENST00000606557.1,ENSG00000089006.16,SNX5,protein_coding,SNX5-217,protein_coding,ENSP00000475510.1,ENSG00000089006.16;ENST00000606557.1,0.2704565076,0.0,60,isoform,0.0,True,0.2704565076018413,True
ENST00000602983.1,ENSG00000089022.14,MAPKAPK5,protein_coding,MAPKAPK5-210,retained_intron,,ENSG00000089022.14;ENST00000602983.1,0.1484057357,0.0044955045,60,isoform,1.0,True,0.148405735671161,True
ENST00000284690.4,ENSG00000089876.12,DHX32,protein_coding,DHX32-201,protein_coding,ENSP00000284690.3,ENSG00000089876.12;ENST00000284690.4,0.1316749853,0.008991009,60,isoform,1.0,True,0.1316749852976236,True
ENST00000263980.8,ENSG00000090020.11,SLC9A1,protein_coding,SLC9A1-201,protein_coding,ENSP00000263980.3,ENSG00000090020.11;ENST00000263980.8,0.1256330072,0.03996004,60,isoform,1.0,True,0.1256330072446781,True
ENST00000389879.9,ENSG00000090061.17,CCNK,protein_coding,CCNK-201,protein_coding,ENSP00000374529.5,ENSG00000090061.17;ENST00000389879.9,0.1330760773,0.0154845155,60,isoform,1.0,True,0.1330760772509637,True
ENST00000222399.11,ENSG00000091136.14,LAMB1,protein_coding,LAMB1-201,protein_coding,ENSP00000222399.6,ENSG00000091136.14;ENST00000222399.11,0.1062393197,0.0084915085,60,isoform,1.0,True,0.1062393196783575,True
ENST00000555943.1,ENSG00000092201.10,SUPT16H,protein_coding,SUPT16H-204,protein_coding,ENSP00000450910.1,ENSG00000092201.10;ENST00000555943.1,0.1116838156,0.003996004,60,isoform,1.0,True,0.1116838155519882,True
ENST00000568331.5,ENSG00000092531.10,SNAP23,protein_coding,SNAP23-216,nonsense_mediated_decay,ENSP00000455652.1,ENSG00000092531.10;ENST00000568331.5,0.1787934379,0.0034965035,60,isoform,1.0,True,0.1787934379193548,True
ENST00000366934.3,ENSG00000092978.11,GPATCH2,protein_coding,GPATCH2-201,protein_coding,ENSP00000355901.3,ENSG00000092978.11;ENST00000366934.3,0.1093156331,0.038961039,60,isoform,1.0,True,0.1093156331171053,True
ENST00000264454.8,ENSG00000093183.14,SEC22C,protein_coding,SEC22C-201,protein_coding,ENSP00000264454.3,ENSG00000093183.14;ENST00000264454.8,-0.101907266,0.017982018,60,isoform,1.0,True,-0.1019072660327981,True
ENST00000649234.1,ENSG00000093217.11,XYLB,protein_coding,XYLB-206,nonsense_mediated_decay,ENSP00000497023.1,ENSG00000093217.11;ENST00000649234.1,0.2352316272,0.025974026,60,isoform,1.0,True,0.2352316272277893,True
ENST00000394884.7,ENSG00000094880.11,CDC23,protein_coding,CDC23-201,protein_coding,ENSP00000378348.3,ENSG00000094880.11;ENST00000394884.7,0.136390812,0.004995005,60,isoform,1.0,True,0.1363908120228317,True
ENST00000394886.7,ENSG00000094880.11,CDC23,protein_coding,CDC23-202,protein_coding,ENSP00000378350.2,ENSG00000094880.11;ENST00000394886.7,-0.1284922503,0.004995005,60,isoform,1.0,True,-0.1284922503003308,True
ENST00000209875.9,ENSG00000094916.16,CBX5,protein_coding,CBX5-201,protein_coding,ENSP00000209875.4,ENSG00000094916.16;ENST00000209875.9,-0.3350121119,0.0,60,isoform,0.0,True,-0.3350121118913464,True
ENST00000439541.6,ENSG00000094916.16,CBX5,protein_coding,CBX5-202,protein_coding,ENSP00000401009.2,ENSG00000094916.16;ENST00000439541.6,0.1273966346,0.003996004,60,isoform,1.0,True,0.1273966345579553,True
ENST00000550411.5,ENSG00000094916.16,CBX5,protein_coding,CBX5-204,protein_coding,ENSP00000449207.1,ENSG00000094916.16;ENST00000550411.5,0.2012739222,0.0004995005,60,isoform,1.0,True,0.2012739222068173,True
ENST00000616058.4,ENSG00000094975.14,SUCO,protein_coding,SUCO-210,protein_coding,ENSP00000479061.1,ENSG00000094975.14;ENST00000616058.4,-0.1128515251,0.0424575425,60,isoform,1.0,True,-0.1128515250743472,True
ENST00000368886.10,ENSG00000095574.12,IKZF5,protein_coding,IKZF5-201,protein_coding,ENSP00000357881.5,ENSG00000095574.12;ENST00000368886.10,-0.1353866182,0.0484515485,60,isoform,1.0,True,-0.1353866181711432,True
ENST00000212015.11,ENSG00000096717.12,SIRT1,protein_coding,SIRT1-201,protein_coding,ENSP00000212015.6,ENSG00000096717.12;ENST00000212015.11,-0.1153777571,0.030969031,60,isoform,1.0,True,-0.1153777570529168,True
ENST00000406900.5,ENSG00000096717.12,SIRT1,protein_coding,SIRT1-203,protein_coding,ENSP00000384508.1,ENSG00000096717.12;ENST00000406900.5,0.1234438567,0.0274725275,60,isoform,1.0,True,0.1234438566657743,True
ENST00000482504.1,ENSG00000097033.14,SH3GLB1,protein_coding,SH3GLB1-202,protein_coding,ENSP00000418744.1,ENSG00000097033.14;ENST00000482504.1,0.1112143156,0.0314685315,60,isoform,1.0,True,0.1112143156035674,True
ENST00000282633.10,ENSG00000099290.17,WASHC2A,protein_coding,WASHC2A-201,protein_coding,ENSP00000282633.5,ENSG00000099290.17;ENST00000282633.10,0.1467766067,0.0144855145,60,isoform,1.0,True,0.1467766067413731,True
ENST00000215057.7,ENSG00000099326.9,MZF1,protein_coding,MZF1-201,protein_coding,ENSP00000215057.1,ENSG00000099326.9;ENST00000215057.7,0.199599452,0.005994006,60,isoform,1.0,True,0.1995994519977222,True
ENST00000599369.5,ENSG00000099326.9,MZF1,protein_coding,MZF1-206,protein_coding,ENSP00000469493.1,ENSG00000099326.9;ENST00000599369.5,0.1385799469,0.012987013,60,isoform,1.0,True,0.1385799469365711,True
ENST00000600004.1,ENSG00000099326.9,MZF1,protein_coding,MZF1-207,retained_intron,,ENSG00000099326.9;ENST00000600004.1,-0.2504225979,0.004995005,60,isoform,1.0,True,-0.2504225979005843,True
ENST00000320936.9,ENSG00000099622.14,CIRBP,protein_coding,CIRBP-201,protein_coding,ENSP00000322887.4,ENSG00000099622.14;ENST00000320936.9,0.1007851162,0.0044955045,60,isoform,1.0,True,0.1007851162480367,True
ENST00000650044.1,ENSG00000099625.13,CBARP,protein_coding,CBARP-207,protein_coding,ENSP00000497208.1,ENSG00000099625.13;ENST00000650044.1,0.1691253477,0.032967033,60,isoform,1.0,True,0.1691253477027105,True
ENST00000397582.7,ENSG00000099849.15,RASSF7,protein_coding,RASSF7-201,protein_coding,ENSP00000380712.3,ENSG00000099849.15;ENST00000397582.7,-0.1430467843,0.025974026,60,isoform,1.0,True,-0.1430467842987756,True
ENST00000309340.11,ENSG00000099875.14,MKNK2,protein_coding,MKNK2-202,protein_coding,ENSP00000309485.6,ENSG00000099875.14;ENST00000309340.11,0.1315325725,0.0044955045,60,isoform,1.0,True,0.1315325725397352,True
ENST00000292733.11,ENSG00000099917.17,MED15,protein_coding,MED15-202,protein_coding,ENSP00000292733.7,ENSG00000099917.17;ENST00000292733.11,0.162874265,0.0064935065,60,isoform,1.0,True,0.1628742650360926,True
ENST00000215730.12,ENSG00000099940.12,SNAP29,protein_coding,SNAP29-201,protein_coding,ENSP00000215730.6,ENSG00000099940.12;ENST00000215730.12,-0.1112492168,0.0174825175,60,isoform,1.0,True,-0.1112492168383438,True
ENST00000617837.4,ENSG00000100003.18,SEC14L2,protein_coding,SEC14L2-215,protein_coding,ENSP00000482467.1,ENSG00000100003.18;ENST00000617837.4,0.1754563823,0.0334665335,60,isoform,1.0,True,0.1754563823493317,True
ENST00000437398.5,ENSG00000100014.20,SPECC1L,protein_coding,SPECC1L-204,protein_coding,ENSP00000393363.1,ENSG00000100014.20;ENST00000437398.5,0.1548914994,0.021978022,60,isoform,1.0,True,0.1548914994418987,True
ENST00000357179.10,ENSG00000100038.20,TOP3B,protein_coding,TOP3B-201,protein_coding,ENSP00000349705.5,ENSG00000100038.20;ENST00000357179.10,0.140734596,0.012987013,60,isoform,1.0,True,0.1407345959850152,True
ENST00000336873.9,ENSG00000100099.21,HPS4,protein_coding,HPS4-201,protein_coding,ENSP00000338457.5,ENSG00000100099.21;ENST00000336873.9,0.1883026556,0.0124875125,60,isoform,1.0,True,0.1883026556017912,True
ENST00000477945.1,ENSG00000100104.13,SRRD,protein_coding,SRRD-203,retained_intron,,ENSG00000100104.13;ENST00000477945.1,0.1428068449,0.0174825175,60,isoform,1.0,True,0.1428068449168232,True
ENST00000216039.9,ENSG00000100221.10,JOSD1,protein_coding,JOSD1-201,protein_coding,ENSP00000216039.5,ENSG00000100221.10;ENST00000216039.9,-0.2470205555,0.0044955045,60,isoform,1.0,True,-0.2470205555458505,True
ENST00000493939.1,ENSG00000100221.10,JOSD1,protein_coding,JOSD1-209,processed_transcript,,ENSG00000100221.10;ENST00000493939.1,0.161110946,0.0094905095,60,isoform,1.0,True,0.1611109460435072,True
ENST00000331163.11,ENSG00000100311.17,PDGFB,protein_coding,PDGFB-201,protein_coding,ENSP00000330382.6,ENSG00000100311.17;ENST00000331163.11,-0.1812412636,0.0194805195,60,isoform,1.0,True,-0.1812412636486415,True
ENST00000381551.8,ENSG00000100311.17,PDGFB,protein_coding,PDGFB-202,protein_coding,ENSP00000370963.4,ENSG00000100311.17;ENST00000381551.8,0.2174195185,0.0134865135,60,isoform,1.0,True,0.2174195184919594,True
ENST00000416721.6,ENSG00000100320.23,RBFOX2,protein_coding,RBFOX2-208,protein_coding,ENSP00000405651.2,ENSG00000100320.23;ENST00000416721.6,0.1356286099,0.011988012,60,isoform,1.0,True,0.1356286099405149,True
ENST00000335727.13,ENSG00000100354.21,TNRC6B,protein_coding,TNRC6B-202,protein_coding,ENSP00000338371.8,ENSG00000100354.21;ENST00000335727.13,-0.3160539171,0.0124875125,60,isoform,1.0,True,-0.3160539171205075,True
ENST00000402203.5,ENSG00000100354.21,TNRC6B,protein_coding,TNRC6B-203,protein_coding,ENSP00000384795.1,ENSG00000100354.21;ENST00000402203.5,0.2137983861,0.028971029,60,isoform,1.0,True,0.2137983861483564,True
ENST00000446273.1,ENSG00000100354.21,TNRC6B,protein_coding,TNRC6B-205,protein_coding,ENSP00000409429.1,ENSG00000100354.21;ENST00000446273.1,0.1861207506,0.037962038,60,isoform,1.0,True,0.1861207506265846,True
ENST00000645190.1,ENSG00000100416.15,TRMU,protein_coding,TRMU-223,protein_coding,ENSP00000496496.1,ENSG00000100416.15;ENST00000645190.1,0.1121130013,0.007992008,60,isoform,1.0,True,0.1121130013244609,True
ENST00000263256.7,ENSG00000100418.8,DESI1,protein_coding,DESI1-201,protein_coding,ENSP00000263256.6,ENSG00000100418.8;ENST00000263256.7,-0.1527500895,0.007992008,60,isoform,1.0,True,-0.1527500895330974,True
ENST00000553935.6,ENSG00000100441.10,KHNYN,protein_coding,KHNYN-202,protein_coding,ENSP00000450799.1,ENSG00000100441.10;ENST00000553935.6,0.1484246046,0.0264735265,60,isoform,1.0,True,0.1484246046322311,True
ENST00000553805.2,ENSG00000100479.13,POLE2,protein_coding,POLE2-203,protein_coding,ENSP00000475468.1,ENSG00000100479.13;ENST00000553805.2,0.1096154561,0.014985015,60,isoform,1.0,True,0.1096154560829287,True
ENST00000556937.5,ENSG00000100479.13,POLE2,protein_coding,POLE2-211,processed_transcript,,ENSG00000100479.13;ENST00000556937.5,-0.1192560419,0.0134865135,60,isoform,1.0,True,-0.1192560419294804,True
ENST00000382043.8,ENSG00000100503.25,NIN,protein_coding,NIN-204,protein_coding,ENSP00000371474.4,ENSG00000100503.25;ENST00000382043.8,0.2017963852,0.011988012,60,isoform,1.0,True,0.2017963852335509,True
ENST00000357758.3,ENSG00000100523.16,DDHD1,protein_coding,DDHD1-202,protein_coding,ENSP00000350401.3,ENSG00000100523.16;ENST00000357758.3,0.2387518622,0.0224775225,60,isoform,1.0,True,0.2387518622285999,True
ENST00000216484.7,ENSG00000100596.7,SPTLC2,protein_coding,SPTLC2-201,protein_coding,ENSP00000216484.2,ENSG00000100596.7;ENST00000216484.7,-0.3382788268,0.0004995005,60,isoform,1.0,True,-0.3382788268001229,True
ENST00000554901.1,ENSG00000100596.7,SPTLC2,protein_coding,SPTLC2-203,protein_coding,ENSP00000452189.1,ENSG00000100596.7;ENST00000554901.1,0.2650967085,0.001998002,60,isoform,1.0,True,0.2650967084877631,True
ENST00000555495.5,ENSG00000100605.17,ITPK1,protein_coding,ITPK1-207,protein_coding,ENSP00000451893.1,ENSG00000100605.17;ENST00000555495.5,0.1358570672,0.0154845155,60,isoform,1.0,True,0.1358570672122517,True
ENST00000216513.5,ENSG00000100625.9,SIX4,protein_coding,SIX4-201,protein_coding,ENSP00000216513.4,ENSG00000100625.9;ENST00000216513.5,-0.2048495291,0.037962038,60,isoform,1.0,True,-0.2048495290665279,True
ENST00000267622.8,ENSG00000100815.12,TRIP11,protein_coding,TRIP11-201,protein_coding,ENSP00000267622.4,ENSG00000100815.12;ENST00000267622.8,-0.1556176928,0.0234765235,60,isoform,1.0,True,-0.1556176928102229,True
ENST00000554357.5,ENSG00000100815.12,TRIP11,protein_coding,TRIP11-202,protein_coding,ENSP00000451032.1,ENSG00000100815.12;ENST00000554357.5,-0.1251485419,0.036963037,60,isoform,1.0,True,-0.1251485419189507,True
ENST00000555105.1,ENSG00000100815.12,TRIP11,protein_coding,TRIP11-203,processed_transcript,,ENSG00000100815.12;ENST00000555105.1,0.2738047598,0.002997003,60,isoform,1.0,True,0.2738047597983809,True
ENST00000216807.12,ENSG00000100916.14,BRMS1L,protein_coding,BRMS1L-201,protein_coding,ENSP00000216807.6,ENSG00000100916.14;ENST00000216807.12,0.1415499471,0.03996004,60,isoform,1.0,True,0.1415499470666523,True
ENST00000372409.8,ENSG00000100982.12,PCIF1,protein_coding,PCIF1-201,protein_coding,ENSP00000361486.3,ENSG00000100982.12;ENST00000372409.8,-0.1582855535,0.0034965035,60,isoform,1.0,True,-0.1582855535176345,True
ENST00000616084.1,ENSG00000100982.12,PCIF1,protein_coding,PCIF1-203,processed_transcript,,ENSG00000100982.12;ENST00000616084.1,0.1605204923,0.0034965035,60,isoform,1.0,True,0.1605204923073138,True
ENST00000262197.7,ENSG00000101546.13,RBFA,protein_coding,RBFA-201,protein_coding,ENSP00000262197.6,ENSG00000101546.13;ENST00000262197.7,0.1233333096,0.013986014,60,isoform,1.0,True,0.1233333096350794,True
ENST00000217652.8,ENSG00000101608.13,MYL12A,protein_coding,MYL12A-201,protein_coding,ENSP00000217652.3,ENSG00000101608.13;ENST00000217652.8,-0.1596382657,0.001998002,60,isoform,1.0,True,-0.1596382656822439,True
ENST00000325971.12,ENSG00000101639.18,CEP192,protein_coding,CEP192-201,protein_coding,ENSP00000317156.9,ENSG00000101639.18;ENST00000325971.12,0.1046127305,0.0454545455,60,isoform,1.0,True,0.1046127304573222,True
ENST00000506447.5,ENSG00000101639.18,CEP192,protein_coding,CEP192-203,protein_coding,ENSP00000427550.1,ENSG00000101639.18;ENST00000506447.5,-0.1097114121,0.0434565435,60,isoform,1.0,True,-0.1097114120671431,True
ENST00000383314.7,ENSG00000101654.18,RNMT,protein_coding,RNMT-202,protein_coding,ENSP00000372804.2,ENSG00000101654.18;ENST00000383314.7,-0.167173222,0.020979021,60,isoform,1.0,True,-0.1671732220255689,True
ENST00000339486.8,ENSG00000101782.15,RIOK3,protein_coding,RIOK3-201,protein_coding,ENSP00000341874.3,ENSG00000101782.15;ENST00000339486.8,0.1662181352,0.0114885115,60,isoform,1.0,True,0.1662181351579237,True
ENST00000581302.5,ENSG00000101782.15,RIOK3,protein_coding,RIOK3-205,retained_intron,,ENSG00000101782.15;ENST00000581302.5,-0.1419044086,0.015984016,60,isoform,1.0,True,-0.141904408594614,True
ENST00000422098.5,ENSG00000101966.13,XIAP,protein_coding,XIAP-203,protein_coding,ENSP00000405529.1,ENSG00000101966.13;ENST00000422098.5,-0.1975800035,0.0234765235,60,isoform,1.0,True,-0.197580003524028,True
ENST00000465988.1,ENSG00000102078.16,SLC25A14,protein_coding,SLC25A14-207,processed_transcript,,ENSG00000102078.16;ENST00000465988.1,-0.1063586517,0.0344655345,60,isoform,1.0,True,-0.1063586517200931,True
ENST00000471795.1,ENSG00000102078.16,SLC25A14,protein_coding,SLC25A14-210,processed_transcript,,ENSG00000102078.16;ENST00000471795.1,-0.107415147,0.033966034,60,isoform,1.0,True,-0.1074151470234034,True
ENST00000543953.5,ENSG00000102078.16,SLC25A14,protein_coding,SLC25A14-213,protein_coding,ENSP00000445225.2,ENSG00000102078.16;ENST00000543953.5,0.2307444953,0.0054945055,60,isoform,1.0,True,0.2307444953215007,True
ENST00000483564.5,ENSG00000102287.19,GABRE,protein_coding,GABRE-208,processed_transcript,,ENSG00000102287.19;ENST00000483564.5,0.1225118314,0.0024975025,60,isoform,1.0,True,0.1225118313687442,True
ENST00000263033.9,ENSG00000102362.15,SYTL4,protein_coding,SYTL4-201,protein_coding,ENSP00000263033.5,ENSG00000102362.15;ENST00000263033.9,0.2661037242,0.020979021,60,isoform,1.0,True,0.2661037241503638,True
ENST00000372989.5,ENSG00000102362.15,SYTL4,protein_coding,SYTL4-204,protein_coding,ENSP00000362080.1,ENSG00000102362.15;ENST00000372989.5,-0.1926631902,0.0484515485,60,isoform,1.0,True,-0.1926631901749356,True
ENST00000492622.6,ENSG00000102531.16,FNDC3A,protein_coding,FNDC3A-204,protein_coding,ENSP00000417257.1,ENSG00000102531.16;ENST00000492622.6,0.2318133491,0.001998002,60,isoform,1.0,True,0.2318133490613992,True
ENST00000541916.5,ENSG00000102531.16,FNDC3A,protein_coding,FNDC3A-206,protein_coding,ENSP00000441831.1,ENSG00000102531.16;ENST00000541916.5,-0.115213188,0.030969031,60,isoform,1.0,True,-0.1152131879877621,True
ENST00000380615.8,ENSG00000102781.14,KATNAL1,protein_coding,KATNAL1-201,protein_coding,ENSP00000369989.3,ENSG00000102781.14;ENST00000380615.8,-0.1478613724,0.031968032,60,isoform,1.0,True,-0.1478613724472692,True
ENST00000380617.7,ENSG00000102781.14,KATNAL1,protein_coding,KATNAL1-202,protein_coding,ENSP00000369991.3,ENSG00000102781.14;ENST00000380617.7,0.2250765065,0.00999001,60,isoform,1.0,True,0.2250765065195327,True
ENST00000469430.5,ENSG00000102786.15,INTS6,protein_coding,INTS6-207,nonsense_mediated_decay,ENSP00000417442.1,ENSG00000102786.15;ENST00000469430.5,0.1352471683,0.0174825175,60,isoform,1.0,True,0.1352471683250859,True
ENST00000497989.5,ENSG00000102786.15,INTS6,protein_coding,INTS6-220,protein_coding,ENSP00000419871.1,ENSG00000102786.15;ENST00000497989.5,-0.1625227802,0.00999001,60,isoform,1.0,True,-0.162522780227658,True
ENST00000262384.4,ENSG00000102921.8,N4BP1,protein_coding,N4BP1-201,protein_coding,ENSP00000262384.3,ENSG00000102921.8;ENST00000262384.4,-0.2130490742,0.004995005,60,isoform,1.0,True,-0.2130490742144865,True
ENST00000567271.1,ENSG00000103024.7,NME3,protein_coding,NME3-210,retained_intron,,ENSG00000103024.7;ENST00000567271.1,-0.1506189164,0.02997003,60,isoform,1.0,True,-0.1506189164402872,True
ENST00000262428.5,ENSG00000103187.8,COTL1,protein_coding,COTL1-201,protein_coding,ENSP00000262428.4,ENSG00000103187.8;ENST00000262428.5,-0.1623854818,0.000999001,60,isoform,1.0,True,-0.1623854817926284,True
ENST00000567786.2,ENSG00000103187.8,COTL1,protein_coding,COTL1-206,protein_coding,ENSP00000480117.1,ENSG00000103187.8;ENST00000567786.2,0.1639834163,0.000999001,60,isoform,1.0,True,0.163983416270949,True
ENST00000262424.10,ENSG00000103196.12,CRISPLD2,protein_coding,CRISPLD2-201,protein_coding,ENSP00000262424.5,ENSG00000103196.12;ENST00000262424.10,-0.1585325421,0.0244755245,60,isoform,1.0,True,-0.158532542137702,True
ENST00000642791.1,ENSG00000103197.18,TSC2,protein_coding,TSC2-231,retained_intron,,ENSG00000103197.18;ENST00000642791.1,0.1176767743,0.012987013,60,isoform,1.0,True,0.1176767743203391,True
ENST00000572544.1,ENSG00000103343.13,ZNF174,protein_coding,ZNF174-204,protein_coding,ENSP00000459681.1,ENSG00000103343.13;ENST00000572544.1,-0.1070309007,0.032967033,60,isoform,1.0,True,-0.1070309006684759,True
ENST00000395878.8,ENSG00000103353.16,UBFD1,protein_coding,UBFD1-201,protein_coding,ENSP00000379217.3,ENSG00000103353.16;ENST00000395878.8,-0.105881366,0.0064935065,60,isoform,1.0,True,-0.1058813660296622,True
ENST00000219797.9,ENSG00000103510.20,KAT8,protein_coding,KAT8-201,protein_coding,ENSP00000219797.3,ENSG00000103510.20;ENST00000219797.9,0.1257728149,0.00999001,60,isoform,1.0,True,0.1257728148996186,True
ENST00000567451.1,ENSG00000103540.16,CCP110,protein_coding,CCP110-209,retained_intron,,ENSG00000103540.16;ENST00000567451.1,-0.1084274059,0.048951049,60,isoform,1.0,True,-0.1084274059182249,True
ENST00000546175.5,ENSG00000103544.15,VPS35L,protein_coding,VPS35L-220,retained_intron,,ENSG00000103544.15;ENST00000546175.5,-0.1044671088,0.045954046,60,isoform,1.0,True,-0.1044671088085879,True
ENST00000559633.1,ENSG00000103707.10,MTFMT,protein_coding,MTFMT-205,retained_intron,,ENSG00000103707.10;ENST00000559633.1,0.1087765807,0.017982018,60,isoform,1.0,True,0.1087765806863229,True
ENST00000304330.9,ENSG00000103932.12,RPAP1,protein_coding,RPAP1-201,protein_coding,ENSP00000306123.4,ENSG00000103932.12;ENST00000304330.9,0.1280256653,0.025974026,60,isoform,1.0,True,0.1280256653353961,True
ENST00000325747.9,ENSG00000103995.14,CEP152,protein_coding,CEP152-201,protein_coding,ENSP00000321000.5,ENSG00000103995.14;ENST00000325747.9,-0.1332437665,0.026973027,60,isoform,1.0,True,-0.1332437664754205,True
ENST00000523757.5,ENSG00000104497.14,SNX16,protein_coding,SNX16-211,protein_coding,ENSP00000430038.1,ENSG00000104497.14;ENST00000523757.5,0.1703510537,0.044955045,60,isoform,1.0,True,0.1703510537098492,True
ENST00000270583.10,ENSG00000104731.14,KLHDC4,protein_coding,KLHDC4-201,protein_coding,ENSP00000270583.4,ENSG00000104731.14;ENST00000270583.10,0.1741285436,0.004995005,60,isoform,1.0,True,0.1741285435861994,True
ENST00000593942.5,ENSG00000104883.8,PEX11G,protein_coding,PEX11G-203,protein_coding,ENSP00000472216.1,ENSG00000104883.8;ENST00000593942.5,-0.2454511798,0.0194805195,60,isoform,1.0,True,-0.2454511798257102,True
ENST00000221494.10,ENSG00000104897.10,SF3A2,protein_coding,SF3A2-201,protein_coding,ENSP00000221494.3,ENSG00000104897.10;ENST00000221494.10,0.113868099,0.005994006,60,isoform,1.0,True,0.1138680989940846,True
ENST00000263390.8,ENSG00000105085.11,MED26,protein_coding,MED26-201,protein_coding,ENSP00000263390.3,ENSG00000105085.11;ENST00000263390.8,-0.1565375259,0.0234765235,60,isoform,1.0,True,-0.1565375258761907,True
ENST00000598608.1,ENSG00000105085.11,MED26,protein_coding,MED26-204,protein_coding,ENSP00000471040.1,ENSG00000105085.11;ENST00000598608.1,0.1545407966,0.023976024,60,isoform,1.0,True,0.1545407966395793,True
ENST00000252891.8,ENSG00000105245.9,NUMBL,protein_coding,NUMBL-201,protein_coding,ENSP00000252891.3,ENSG00000105245.9;ENST00000252891.8,0.1168897099,0.02997003,60,isoform,1.0,True,0.116889709947709,True
ENST00000600967.5,ENSG00000105245.9,NUMBL,protein_coding,NUMBL-211,protein_coding,ENSP00000469310.1,ENSG00000105245.9;ENST00000600967.5,0.1371122738,0.0214785215,60,isoform,1.0,True,0.1371122738094897,True
ENST00000598636.1,ENSG00000105327.18,BBC3,protein_coding,BBC3-205,retained_intron,,ENSG00000105327.18;ENST00000598636.1,0.1633917824,0.031968032,60,isoform,1.0,True,0.1633917824261324,True
ENST00000519811.5,ENSG00000105339.10,DENND3,protein_coding,DENND3-211,protein_coding,ENSP00000428714.1,ENSG00000105339.10;ENST00000519811.5,0.1736271239,0.028971029,60,isoform,1.0,True,0.1736271239344095,True
ENST00000378073.5,ENSG00000105429.13,MEGF8,protein_coding,MEGF8-203,protein_coding,ENSP00000367313.4,ENSG00000105429.13;ENST00000378073.5,-0.1065340511,0.046953047,60,isoform,1.0,True,-0.1065340510597208,True
ENST00000263265.11,ENSG00000105559.12,PLEKHA4,protein_coding,PLEKHA4-201,protein_coding,ENSP00000263265.5,ENSG00000105559.12;ENST00000263265.11,0.1895831094,0.0484515485,60,isoform,1.0,True,0.1895831094084553,True
ENST00000588379.5,ENSG00000105613.10,MAST1,protein_coding,MAST1-203,protein_coding,ENSP00000465395.1,ENSG00000105613.10;ENST00000588379.5,0.1970039366,0.040959041,60,isoform,1.0,True,0.1970039366354823,True
ENST00000578963.5,ENSG00000105655.19,ISYNA1,protein_coding,ISYNA1-206,protein_coding,ENSP00000475677.1,ENSG00000105655.19;ENST00000578963.5,-0.1151617861,0.046953047,60,isoform,1.0,True,-0.1151617860712235,True
ENST00000582287.6,ENSG00000105655.19,ISYNA1,protein_coding,ISYNA1-209,retained_intron,,ENSG00000105655.19;ENST00000582287.6,0.253028746,0.0074925075,60,isoform,1.0,True,0.2530287460015456,True
ENST00000599644.1,ENSG00000105738.11,SIPA1L3,protein_coding,SIPA1L3-208,processed_transcript,,ENSG00000105738.11;ENST00000599644.1,0.1405770124,0.036963037,60,isoform,1.0,True,0.14057701235599,True
ENST00000520577.1,ENSG00000105808.18,RASA4,protein_coding,RASA4-208,retained_intron,,ENSG00000105808.18;ENST00000520577.1,-0.1949859148,0.041958042,60,isoform,1.0,True,-0.1949859148300049,True
ENST00000242351.10,ENSG00000105939.13,ZC3HAV1,protein_coding,ZC3HAV1-201,protein_coding,ENSP00000242351.5,ENSG00000105939.13;ENST00000242351.10,-0.1047909456,0.0324675325,60,isoform,1.0,True,-0.1047909456077758,True
ENST00000464848.5,ENSG00000105948.13,TTC26,protein_coding,TTC26-203,protein_coding,ENSP00000419279.1,ENSG00000105948.13;ENST00000464848.5,-0.2279434719,0.0114885115,60,isoform,1.0,True,-0.2279434719451259,True
ENST00000343213.2,ENSG00000105971.15,CAV2,protein_coding,CAV2-202,protein_coding,ENSP00000345679.2,ENSG00000105971.15;ENST00000343213.2,0.1061867309,0.017982018,60,isoform,1.0,True,0.1061867309326607,True
ENST00000395542.6,ENSG00000106078.19,COBL,protein_coding,COBL-203,protein_coding,ENSP00000378912.3,ENSG00000106078.19;ENST00000395542.6,0.1343335577,0.0374625375,60,isoform,1.0,True,0.1343335576643551,True
ENST00000388955.8,ENSG00000106133.18,NSUN5P2,transcribed_unprocessed_pseudogene,NSUN5P2-201,processed_transcript,,ENSG00000106133.18;ENST00000388955.8,-0.1874437467,0.000999001,60,isoform,1.0,True,-0.187443746653258,True
ENST00000485741.6,ENSG00000106133.18,NSUN5P2,transcribed_unprocessed_pseudogene,NSUN5P2-204,processed_transcript,,ENSG00000106133.18;ENST00000485741.6,0.201388756,0.0004995005,60,isoform,1.0,True,0.2013887559619397,True
ENST00000222990.8,ENSG00000106266.11,SNX8,protein_coding,SNX8-201,protein_coding,ENSP00000222990.3,ENSG00000106266.11;ENST00000222990.8,-0.3132468262,0.000999001,60,isoform,1.0,True,-0.3132468261872015,True
ENST00000223122.4,ENSG00000106392.11,C1GALT1,protein_coding,C1GALT1-201,protein_coding,ENSP00000223122.2,ENSG00000106392.11;ENST00000223122.4,0.1098732688,0.0204795205,60,isoform,1.0,True,0.1098732687673413,True
ENST00000436587.7,ENSG00000106392.11,C1GALT1,protein_coding,C1GALT1-204,protein_coding,ENSP00000389176.2,ENSG00000106392.11;ENST00000436587.7,-0.1211220971,0.0154845155,60,isoform,1.0,True,-0.1211220970849469,True
ENST00000401528.5,ENSG00000106404.14,CLDN15,protein_coding,CLDN15-202,protein_coding,ENSP00000385300.1,ENSG00000106404.14;ENST00000401528.5,0.1886185553,0.017982018,60,isoform,1.0,True,0.1886185552561802,True
ENST00000463331.5,ENSG00000106404.14,CLDN15,protein_coding,CLDN15-207,retained_intron,,ENSG00000106404.14;ENST00000463331.5,-0.1828013423,0.018981019,60,isoform,1.0,True,-0.1828013423419464,True
ENST00000482540.1,ENSG00000106415.13,GLCCI1,protein_coding,GLCCI1-208,retained_intron,,ENSG00000106415.13;ENST00000482540.1,-0.1042227724,0.034965035,60,isoform,1.0,True,-0.1042227724101476,True
ENST00000675328.1,ENSG00000106477.20,CEP41,protein_coding,CEP41-222,retained_intron,,ENSG00000106477.20;ENST00000675328.1,-0.1285403772,0.0224775225,60,isoform,1.0,True,-0.1285403772090565,True
ENST00000395925.8,ENSG00000106571.14,GLI3,protein_coding,GLI3-201,protein_coding,ENSP00000379258.3,ENSG00000106571.14;ENST00000395925.8,-0.2003100559,0.0314685315,60,isoform,1.0,True,-0.2003100558662535,True
ENST00000341567.8,ENSG00000106609.16,TMEM248,protein_coding,TMEM248-201,protein_coding,ENSP00000340668.4,ENSG00000106609.16;ENST00000341567.8,-0.1712961017,0.000999001,60,isoform,1.0,True,-0.1712961016647242,True
ENST00000433271.6,ENSG00000106609.16,TMEM248,protein_coding,TMEM248-205,nonsense_mediated_decay,ENSP00000405558.2,ENSG00000106609.16;ENST00000433271.6,0.1544200767,0.001998002,60,isoform,1.0,True,0.1544200766743814,True
ENST00000647855.1,ENSG00000106610.15,STAG3L4,transcribed_unprocessed_pseudogene,STAG3L4-205,processed_transcript,,ENSG00000106610.15;ENST00000647855.1,0.1095555927,0.01998002,60,isoform,1.0,True,0.1095555926986872,True
ENST00000374586.8,ENSG00000106771.13,TMEM245,protein_coding,TMEM245-201,protein_coding,ENSP00000363714.3,ENSG00000106771.13;ENST00000374586.8,-0.1233842357,0.008991009,60,isoform,1.0,True,-0.1233842356744877,True
ENST00000463897.1,ENSG00000107140.16,TESK1,protein_coding,TESK1-202,processed_transcript,,ENSG00000107140.16;ENST00000463897.1,-0.1189823672,0.0184815185,60,isoform,1.0,True,-0.1189823672235039,True
ENST00000543621.6,ENSG00000107554.17,DNMBP,protein_coding,DNMBP-203,protein_coding,ENSP00000443657.2,ENSG00000107554.17;ENST00000543621.6,0.1658465611,0.030969031,60,isoform,1.0,True,0.165846561139771,True
ENST00000359979.8,ENSG00000107771.17,CCSER2,protein_coding,CCSER2-202,protein_coding,ENSP00000353068.4,ENSG00000107771.17;ENST00000359979.8,0.2236493411,0.037962038,60,isoform,1.0,True,0.2236493411334377,True
ENST00000224807.9,ENSG00000107819.13,SFXN3,protein_coding,SFXN3-201,protein_coding,ENSP00000224807.5,ENSG00000107819.13;ENST00000224807.9,0.1546955297,0.0054945055,60,isoform,1.0,True,0.1546955296950894,True
ENST00000263063.9,ENSG00000107951.15,MTPAP,protein_coding,MTPAP-201,protein_coding,ENSP00000263063.3,ENSG00000107951.15;ENST00000263063.9,-0.1246673619,0.022977023,60,isoform,1.0,True,-0.1246673618934877,True
ENST00000421701.1,ENSG00000107951.15,MTPAP,protein_coding,MTPAP-203,protein_coding,ENSP00000394118.1,ENSG00000107951.15;ENST00000421701.1,0.1034558442,0.0324675325,60,isoform,1.0,True,0.1034558442401795,True
ENST00000315994.6,ENSG00000107957.16,SH3PXD2A,protein_coding,SH3PXD2A-201,processed_transcript,,ENSG00000107957.16;ENST00000315994.6,0.1660751062,0.0114885115,60,isoform,1.0,True,0.1660751061673152,True
ENST00000369774.8,ENSG00000107957.16,SH3PXD2A,protein_coding,SH3PXD2A-203,protein_coding,ENSP00000358789.4,ENSG00000107957.16;ENST00000369774.8,-0.1660751062,0.0114885115,60,isoform,1.0,True,-0.1660751061673152,True
ENST00000375322.2,ENSG00000107968.10,MAP3K8,protein_coding,MAP3K8-203,protein_coding,ENSP00000364471.1,ENSG00000107968.10;ENST00000375322.2,0.1628121533,0.0064935065,60,isoform,1.0,True,0.1628121533067289,True
ENST00000225388.9,ENSG00000108256.9,NUFIP2,protein_coding,NUFIP2-201,protein_coding,ENSP00000225388.3,ENSG00000108256.9;ENST00000225388.9,-0.3109897839,0.000999001,60,isoform,1.0,True,-0.3109897838757329,True
ENST00000579665.1,ENSG00000108256.9,NUFIP2,protein_coding,NUFIP2-202,protein_coding,ENSP00000463450.1,ENSG00000108256.9;ENST00000579665.1,0.3109897839,0.000999001,60,isoform,1.0,True,0.3109897838757329,True
ENST00000264658.11,ENSG00000108306.13,FBXL20,protein_coding,FBXL20-201,protein_coding,ENSP00000264658.6,ENSG00000108306.13;ENST00000264658.11,-0.3193733133,0.008991009,60,isoform,1.0,True,-0.319373313308664,True
ENST00000394294.7,ENSG00000108306.13,FBXL20,protein_coding,FBXL20-202,protein_coding,ENSP00000377832.3,ENSG00000108306.13;ENST00000394294.7,0.2959652876,0.0104895105,60,isoform,1.0,True,0.2959652876036812,True
ENST00000582940.2,ENSG00000108370.17,RGS9,protein_coding,RGS9-207,processed_transcript,,ENSG00000108370.17;ENST00000582940.2,0.2227117592,0.013986014,60,isoform,1.0,True,0.2227117591599515,True
ENST00000638125.1,ENSG00000108370.17,RGS9,protein_coding,RGS9-212,processed_transcript,,ENSG00000108370.17;ENST00000638125.1,-0.2765574633,0.006993007,60,isoform,1.0,True,-0.2765574633471547,True
ENST00000572192.1,ENSG00000108509.21,CAMTA2,protein_coding,CAMTA2-206,retained_intron,,ENSG00000108509.21;ENST00000572192.1,0.1289900188,0.013986014,60,isoform,1.0,True,0.1289900188209375,True
ENST00000397786.7,ENSG00000108510.10,MED13,protein_coding,MED13-201,protein_coding,ENSP00000380888.2,ENSG00000108510.10;ENST00000397786.7,-0.1336286598,0.027972028,60,isoform,1.0,True,-0.133628659811918,True
ENST00000583958.1,ENSG00000108510.10,MED13,protein_coding,MED13-206,protein_coding,ENSP00000464131.1,ENSG00000108510.10;ENST00000583958.1,0.1501834262,0.022977023,60,isoform,1.0,True,0.150183426245422,True
ENST00000469475.1,ENSG00000108671.11,PSMD11,protein_coding,PSMD11-203,retained_intron,,ENSG00000108671.11;ENST00000469475.1,0.1207689506,0.004995005,60,isoform,1.0,True,0.1207689505630242,True
ENST00000588419.1,ENSG00000108840.15,HDAC5,protein_coding,HDAC5-208,retained_intron,,ENSG00000108840.15;ENST00000588419.1,0.1611200339,0.014985015,60,isoform,1.0,True,0.1611200338515664,True
ENST00000335765.9,ENSG00000109103.12,UNC119,protein_coding,UNC119-202,protein_coding,ENSP00000337040.3,ENSG00000109103.12;ENST00000335765.9,0.1479092233,0.00999001,60,isoform,1.0,True,0.1479092233416453,True
ENST00000506375.1,ENSG00000109171.15,SLAIN2,protein_coding,SLAIN2-203,processed_transcript,,ENSG00000109171.15;ENST00000506375.1,-0.2616860603,0.000999001,60,isoform,1.0,True,-0.2616860603438204,True
ENST00000512093.5,ENSG00000109171.15,SLAIN2,protein_coding,SLAIN2-205,protein_coding,ENSP00000425923.1,ENSG00000109171.15;ENST00000512093.5,0.1082702393,0.021978022,60,isoform,1.0,True,0.1082702392625665,True
ENST00000508257.5,ENSG00000109184.15,DCUN1D4,protein_coding,DCUN1D4-214,processed_transcript,,ENSG00000109184.15;ENST00000508257.5,0.1071057403,0.01998002,60,isoform,1.0,True,0.1071057403196736,True
ENST00000644545.1,ENSG00000109323.11,MANBA,protein_coding,MANBA-209,nonsense_mediated_decay,ENSP00000493992.1,ENSG00000109323.11;ENST00000644545.1,0.1915611696,0.0064935065,60,isoform,1.0,True,0.1915611695795973,True
ENST00000646727.1,ENSG00000109323.11,MANBA,protein_coding,MANBA-215,nonsense_mediated_decay,ENSP00000493519.1,ENSG00000109323.11;ENST00000646727.1,0.108776162,0.034965035,60,isoform,1.0,True,0.1087761619917409,True
ENST00000336812.5,ENSG00000109606.13,DHX15,protein_coding,DHX15-201,protein_coding,ENSP00000336741.4,ENSG00000109606.13;ENST00000336812.5,0.1394927407,0.0054945055,60,isoform,1.0,True,0.1394927407165825,True
ENST00000604095.1,ENSG00000109670.16,FBXW7,protein_coding,FBXW7-208,processed_transcript,,ENSG00000109670.16;ENST00000604095.1,0.2817754591,0.0064935065,60,isoform,1.0,True,0.2817754591391595,True
ENST00000604922.1,ENSG00000109686.18,SH3D19,protein_coding,SH3D19-213,processed_transcript,,ENSG00000109686.18;ENST00000604922.1,0.1592295035,0.0114885115,60,isoform,1.0,True,0.159229503528751,True
ENST00000261438.10,ENSG00000109787.13,KLF3,protein_coding,KLF3-201,protein_coding,ENSP00000261438.5,ENSG00000109787.13;ENST00000261438.10,-0.1198296853,0.0474525475,60,isoform,1.0,True,-0.1198296852513461,True
ENST00000514033.1,ENSG00000109787.13,KLF3,protein_coding,KLF3-203,protein_coding,ENSP00000421252.1,ENSG00000109787.13;ENST00000514033.1,0.1198296853,0.0474525475,60,isoform,1.0,True,0.1198296852513461,True
ENST00000527950.5,ENSG00000109846.9,CRYAB,protein_coding,CRYAB-207,protein_coding,ENSP00000437149.1,ENSG00000109846.9;ENST00000527950.5,0.2319120007,0.0104895105,60,isoform,1.0,True,0.2319120006913986,True
ENST00000227758.6,ENSG00000110330.8,BIRC2,protein_coding,BIRC2-201,protein_coding,ENSP00000227758.2,ENSG00000110330.8;ENST00000227758.6,-0.1311624967,0.01998002,60,isoform,1.0,True,-0.1311624967133451,True
ENST00000397111.9,ENSG00000110619.18,CARS1,protein_coding,CARS1-203,protein_coding,ENSP00000380300.5,ENSG00000110619.18;ENST00000397111.9,0.1057290434,0.00999001,60,isoform,1.0,True,0.1057290433783043,True
ENST00000265840.12,ENSG00000110675.13,ELMOD1,protein_coding,ELMOD1-201,protein_coding,ENSP00000265840.7,ENSG00000110675.13;ENST00000265840.12,0.1875986005,0.044955045,60,isoform,1.0,True,0.1875986004740152,True
ENST00000290510.10,ENSG00000110811.20,P3H3,protein_coding,P3H3-201,protein_coding,ENSP00000478600.1,ENSG00000110811.20;ENST00000290510.10,-0.2136014319,0.0164835165,60,isoform,1.0,True,-0.2136014318579938,True
ENST00000612048.4,ENSG00000110811.20,P3H3,protein_coding,P3H3-211,retained_intron,,ENSG00000110811.20;ENST00000612048.4,0.1710445637,0.021978022,60,isoform,1.0,True,0.17104456371394,True
ENST00000440541.6,ENSG00000110906.13,KCTD10,protein_coding,KCTD10-202,nonsense_mediated_decay,ENSP00000390321.2,ENSG00000110906.13;ENST00000440541.6,0.1177164336,0.0124875125,60,isoform,1.0,True,0.1177164335749195,True
ENST00000532695.5,ENSG00000111011.18,RSRC2,protein_coding,RSRC2-220,nonsense_mediated_decay,ENSP00000436515.1,ENSG00000111011.18;ENST00000532695.5,0.1147067138,0.00999001,60,isoform,1.0,True,0.1147067137753815,True
ENST00000228811.8,ENSG00000111215.12,PRR4,protein_coding,PRR4-201,protein_coding,ENSP00000228811.4,ENSG00000111215.12;ENST00000228811.8,0.1614300591,0.01998002,60,isoform,1.0,True,0.1614300590828679,True
ENST00000238146.9,ENSG00000111364.16,DDX55,protein_coding,DDX55-201,protein_coding,ENSP00000238146.3,ENSG00000111364.16;ENST00000238146.9,0.1503042007,0.003996004,60,isoform,1.0,True,0.15030420074845,True
ENST00000545724.2,ENSG00000111554.14,MDM1,protein_coding,MDM1-214,processed_transcript,,ENSG00000111554.14;ENST00000545724.2,0.1250378888,0.024975025,60,isoform,1.0,True,0.1250378888301098,True
ENST00000229281.6,ENSG00000111678.11,C12orf57,protein_coding,C12orf57-201,protein_coding,ENSP00000229281.5,ENSG00000111678.11;ENST00000229281.6,-0.2661163371,0.0,60,isoform,0.0,True,-0.2661163370807851,True
ENST00000544681.1,ENSG00000111678.11,C12orf57,protein_coding,C12orf57-206,protein_coding,ENSP00000475422.1,ENSG00000111678.11;ENST00000544681.1,0.1284886643,0.0024975025,60,isoform,1.0,True,0.1284886642824065,True
ENST00000229314.10,ENSG00000111711.10,GOLT1B,protein_coding,GOLT1B-201,protein_coding,ENSP00000229314.4,ENSG00000111711.10;ENST00000229314.10,-0.1449525738,0.0034965035,60,isoform,1.0,True,-0.1449525738220245,True
ENST00000373731.7,ENSG00000112078.14,KCTD20,protein_coding,KCTD20-202,protein_coding,ENSP00000362836.2,ENSG00000112078.14;ENST00000373731.7,-0.16231095,0.0064935065,60,isoform,1.0,True,-0.1623109499557891,True
ENST00000443316.2,ENSG00000112078.14,KCTD20,protein_coding,KCTD20-203,processed_transcript,,ENSG00000112078.14;ENST00000443316.2,0.1493083679,0.0084915085,60,isoform,1.0,True,0.1493083678534819,True
ENST00000229971.2,ENSG00000112234.9,FBXL4,protein_coding,FBXL4-201,protein_coding,ENSP00000229971.1,ENSG00000112234.9;ENST00000229971.2,0.1648746603,0.0374625375,60,isoform,1.0,True,0.1648746602678356,True
ENST00000369244.7,ENSG00000112234.9,FBXL4,protein_coding,FBXL4-202,protein_coding,ENSP00000358247.1,ENSG00000112234.9;ENST00000369244.7,-0.1648746603,0.0374625375,60,isoform,1.0,True,-0.1648746602678356,True
ENST00000346618.8,ENSG00000112242.15,E2F3,protein_coding,E2F3-201,protein_coding,ENSP00000262904.4,ENSG00000112242.15;ENST00000346618.8,0.3904456572,0.0,60,isoform,0.0,True,0.3904456571942202,True
ENST00000535432.2,ENSG00000112242.15,E2F3,protein_coding,E2F3-202,protein_coding,ENSP00000443418.1,ENSG00000112242.15;ENST00000535432.2,-0.3904456572,0.0,60,isoform,0.0,True,-0.3904456571942202,True
ENST00000369143.2,ENSG00000112249.14,ASCC3,protein_coding,ASCC3-203,protein_coding,ENSP00000358139.2,ENSG00000112249.14;ENST00000369143.2,0.1191593561,0.0264735265,60,isoform,1.0,True,0.1191593560853177,True
ENST00000518006.1,ENSG00000112249.14,ASCC3,protein_coding,ASCC3-206,retained_intron,,ENSG00000112249.14;ENST00000518006.1,-0.1603484208,0.011988012,60,isoform,1.0,True,-0.1603484208165429,True
ENST00000368068.8,ENSG00000112282.18,MED23,protein_coding,MED23-205,protein_coding,ENSP00000357047.3,ENSG00000112282.18;ENST00000368068.8,0.1316379903,0.031968032,60,isoform,1.0,True,0.1316379903137668,True
ENST00000484885.1,ENSG00000112282.18,MED23,protein_coding,MED23-207,processed_transcript,,ENSG00000112282.18;ENST00000484885.1,-0.1135881681,0.036963037,60,isoform,1.0,True,-0.1135881681124405,True
ENST00000427704.6,ENSG00000112419.14,PHACTR2,protein_coding,PHACTR2-207,protein_coding,ENSP00000391763.2,ENSG00000112419.14;ENST00000427704.6,-0.1558563694,0.0404595405,60,isoform,1.0,True,-0.1558563693903812,True
ENST00000358871.6,ENSG00000112561.18,TFEB,protein_coding,TFEB-203,protein_coding,ENSP00000351742.2,ENSG00000112561.18;ENST00000358871.6,0.2070334378,0.0154845155,60,isoform,1.0,True,0.207033437831465,True
ENST00000406563.6,ENSG00000112561.18,TFEB,protein_coding,TFEB-207,protein_coding,ENSP00000383998.2,ENSG00000112561.18;ENST00000406563.6,-0.2551623813,0.0104895105,60,isoform,1.0,True,-0.2551623813342643,True
ENST00000419235.6,ENSG00000112679.14,DUSP22,protein_coding,DUSP22-202,protein_coding,ENSP00000397459.2,ENSG00000112679.14;ENST00000419235.6,-0.1167908344,0.0194805195,60,isoform,1.0,True,-0.1167908344457545,True
ENST00000481109.5,ENSG00000112739.17,PRPF4B,protein_coding,PRPF4B-206,nonsense_mediated_decay,ENSP00000433714.1,ENSG00000112739.17;ENST00000481109.5,0.1143501032,0.0024975025,60,isoform,1.0,True,0.1143501031686199,True
ENST00000230859.8,ENSG00000112941.14,TENT4A,protein_coding,TENT4A-201,protein_coding,ENSP00000230859.7,ENSG00000112941.14;ENST00000230859.8,0.100166384,0.0144855145,60,isoform,1.0,True,0.1001663840269093,True
ENST00000662525.1,ENSG00000112992.18,NNT,protein_coding,NNT-221,protein_coding,ENSP00000499639.1,ENSG00000112992.18;ENST00000662525.1,-0.1003951917,0.008991009,60,isoform,1.0,True,-0.1003951917409846,True
ENST00000231004.5,ENSG00000113083.14,LOX,protein_coding,LOX-201,protein_coding,ENSP00000231004.4,ENSG00000113083.14;ENST00000231004.5,-0.20472423,0.0114885115,60,isoform,1.0,True,-0.2047242300222025,True
ENST00000412920.7,ENSG00000113108.19,APBB3,protein_coding,APBB3-205,protein_coding,ENSP00000402591.3,ENSG00000113108.19;ENST00000412920.7,0.1209436494,0.0194805195,60,isoform,1.0,True,0.120943649418158,True
ENST00000506289.5,ENSG00000113108.19,APBB3,protein_coding,APBB3-212,retained_intron,,ENSG00000113108.19;ENST00000506289.5,-0.1186692366,0.0194805195,60,isoform,1.0,True,-0.1186692366158014,True
ENST00000509914.5,ENSG00000113108.19,APBB3,protein_coding,APBB3-214,nonsense_mediated_decay,ENSP00000426107.1,ENSG00000113108.19;ENST00000509914.5,0.1156021624,0.0204795205,60,isoform,1.0,True,0.1156021624416313,True
ENST00000394671.8,ENSG00000113119.13,TMCO6,protein_coding,TMCO6-203,protein_coding,ENSP00000378166.3,ENSG00000113119.13;ENST00000394671.8,0.1175895548,0.0124875125,60,isoform,1.0,True,0.1175895548302918,True
ENST00000519583.5,ENSG00000113240.13,CLK4,protein_coding,CLK4-203,retained_intron,,ENSG00000113240.13;ENST00000519583.5,-0.1413005605,0.011988012,60,isoform,1.0,True,-0.1413005604695056,True
ENST00000530742.5,ENSG00000113282.14,CLINT1,protein_coding,CLINT1-210,protein_coding,ENSP00000433419.1,ENSG00000113282.14;ENST00000530742.5,0.105645286,0.0054945055,60,isoform,1.0,True,0.1056452860489128,True
ENST00000231368.10,ENSG00000113441.16,LNPEP,protein_coding,LNPEP-201,protein_coding,ENSP00000231368.5,ENSG00000113441.16;ENST00000231368.10,-0.4197530967,0.0,60,isoform,0.0,True,-0.4197530966928278,True
ENST00000395770.3,ENSG00000113441.16,LNPEP,protein_coding,LNPEP-202,protein_coding,ENSP00000379117.3,ENSG00000113441.16;ENST00000395770.3,0.3573420389,0.0,60,isoform,0.0,True,0.3573420389029199,True
ENST00000502575.1,ENSG00000113448.19,PDE4D,protein_coding,PDE4D-209,protein_coding,ENSP00000425917.1,ENSG00000113448.19;ENST00000502575.1,0.1437965581,0.0104895105,60,isoform,1.0,True,0.1437965580693471,True
ENST00000503258.5,ENSG00000113448.19,PDE4D,protein_coding,PDE4D-210,protein_coding,ENSP00000425605.1,ENSG00000113448.19;ENST00000503258.5,0.1891379918,0.0054945055,60,isoform,1.0,True,0.1891379918281076,True
ENST00000546160.5,ENSG00000113448.19,PDE4D,protein_coding,PDE4D-226,protein_coding,ENSP00000442734.2,ENSG00000113448.19;ENST00000546160.5,-0.3220426449,0.0004995005,60,isoform,1.0,True,-0.3220426449446496,True
ENST00000618457.5,ENSG00000113494.17,PRLR,protein_coding,PRLR-217,protein_coding,ENSP00000482954.1,ENSG00000113494.17;ENST00000618457.5,-0.1741379328,0.0444555445,60,isoform,1.0,True,-0.1741379328083985,True
ENST00000231498.8,ENSG00000113569.16,NUP155,protein_coding,NUP155-201,protein_coding,ENSP00000231498.3,ENSG00000113569.16;ENST00000231498.8,-0.1358978371,0.0024975025,60,isoform,1.0,True,-0.1358978371494953,True
ENST00000261308.10,ENSG00000113593.12,PPWD1,protein_coding,PPWD1-201,protein_coding,ENSP00000261308.4,ENSG00000113593.12;ENST00000261308.10,0.179510425,0.003996004,60,isoform,1.0,True,0.1795104250065963,True
ENST00000358387.9,ENSG00000113621.15,TXNDC15,protein_coding,TXNDC15-201,protein_coding,ENSP00000351157.5,ENSG00000113621.15;ENST00000358387.9,-0.1138065265,0.003996004,60,isoform,1.0,True,-0.1138065265176791,True
ENST00000508779.1,ENSG00000113621.15,TXNDC15,protein_coding,TXNDC15-207,protein_coding,ENSP00000423513.1,ENSG00000113621.15;ENST00000508779.1,-0.1094913375,0.005994006,60,isoform,1.0,True,-0.1094913375299092,True
ENST00000509954.1,ENSG00000113621.15,TXNDC15,protein_coding,TXNDC15-209,protein_coding,ENSP00000422832.1,ENSG00000113621.15;ENST00000509954.1,0.1292522862,0.001998002,60,isoform,1.0,True,0.1292522862472006,True
ENST00000545620.5,ENSG00000113658.18,SMAD5,protein_coding,SMAD5-212,protein_coding,ENSP00000446474.2,ENSG00000113658.18;ENST00000545620.5,-0.1975389561,0.004995005,60,isoform,1.0,True,-0.1975389560832224,True
ENST00000502717.6,ENSG00000113716.13,HMGXB3,protein_coding,HMGXB3-201,protein_coding,ENSP00000421917.1,ENSG00000113716.13;ENST00000502717.6,0.1394379315,0.007992008,60,isoform,1.0,True,0.1394379314831683,True
ENST00000513318.1,ENSG00000113716.13,HMGXB3,protein_coding,HMGXB3-204,retained_intron,,ENSG00000113716.13;ENST00000513318.1,-0.1037169024,0.016983017,60,isoform,1.0,True,-0.1037169023971418,True
ENST00000265085.10,ENSG00000113742.14,CPEB4,protein_coding,CPEB4-201,protein_coding,ENSP00000265085.5,ENSG00000113742.14;ENST00000265085.10,0.1118643713,0.024975025,60,isoform,1.0,True,0.1118643712733226,True
ENST00000334035.9,ENSG00000113742.14,CPEB4,protein_coding,CPEB4-202,protein_coding,ENSP00000334533.5,ENSG00000113742.14;ENST00000334035.9,-0.176201045,0.00999001,60,isoform,1.0,True,-0.1762010450080284,True
ENST00000495993.1,ENSG00000113812.14,ACTR8,protein_coding,ACTR8-205,retained_intron,,ENSG00000113812.14;ENST00000495993.1,-0.100505336,0.01998002,60,isoform,1.0,True,-0.1005053360464678,True
ENST00000406870.7,ENSG00000113916.18,BCL6,protein_coding,BCL6-202,protein_coding,ENSP00000384371.2,ENSG00000113916.18;ENST00000406870.7,0.1431407603,0.017982018,60,isoform,1.0,True,0.1431407602905303,True
ENST00000514629.1,ENSG00000114120.14,SLC25A36,protein_coding,SLC25A36-213,retained_intron,,ENSG00000114120.14;ENST00000514629.1,0.1191721941,0.005994006,60,isoform,1.0,True,0.1191721940680589,True
ENST00000264634.8,ENSG00000114251.14,WNT5A,protein_coding,WNT5A-201,protein_coding,ENSP00000264634.4,ENSG00000114251.14;ENST00000264634.8,-0.1438119689,0.00999001,60,isoform,1.0,True,-0.1438119689013761,True
ENST00000455191.5,ENSG00000114473.14,IQCG,protein_coding,IQCG-205,protein_coding,ENSP00000407736.1,ENSG00000114473.14;ENST00000455191.5,0.2677952988,0.018981019,60,isoform,1.0,True,0.2677952987897388,True
ENST00000443894.1,ENSG00000114735.10,HEMK1,protein_coding,HEMK1-204,protein_coding,ENSP00000404168.1,ENSG00000114735.10;ENST00000443894.1,0.143908618,0.012987013,60,isoform,1.0,True,0.1439086180018996,True
ENST00000453680.5,ENSG00000114745.13,GORASP1,protein_coding,GORASP1-213,nonsense_mediated_decay,ENSP00000392020.1,ENSG00000114745.13;ENST00000453680.5,0.1067873405,0.0164835165,60,isoform,1.0,True,0.1067873405126215,True
ENST00000361143.9,ENSG00000114779.19,ABHD14B,protein_coding,ABHD14B-202,protein_coding,ENSP00000354841.5,ENSG00000114779.19;ENST00000361143.9,0.1642660126,0.0004995005,60,isoform,1.0,True,0.1642660126284729,True
ENST00000242810.11,ENSG00000114796.16,KLHL24,protein_coding,KLHL24-201,protein_coding,ENSP00000242810.6,ENSG00000114796.16;ENST00000242810.11,-0.2302990121,0.00999001,60,isoform,1.0,True,-0.2302990121353484,True
ENST00000475937.5,ENSG00000114861.22,FOXP1,protein_coding,FOXP1-209,protein_coding,ENSP00000419393.1,ENSG00000114861.22;ENST00000475937.5,-0.1202199424,0.0364635365,60,isoform,1.0,True,-0.1202199423896973,True
ENST00000396049.5,ENSG00000114978.18,MOB1A,protein_coding,MOB1A-201,protein_coding,ENSP00000379364.3,ENSG00000114978.18;ENST00000396049.5,-0.1646521903,0.007992008,60,isoform,1.0,True,-0.164652190333395,True
ENST00000494600.1,ENSG00000114978.18,MOB1A,protein_coding,MOB1A-204,processed_transcript,,ENSG00000114978.18;ENST00000494600.1,0.1432578987,0.008991009,60,isoform,1.0,True,0.1432578987256158,True
ENST00000233330.6,ENSG00000114993.17,RTKN,protein_coding,RTKN-201,protein_coding,ENSP00000233330.6,ENSG00000114993.17;ENST00000233330.6,0.1203267649,0.0284715285,60,isoform,1.0,True,0.120326764935653,True
ENST00000245680.7,ENSG00000115084.15,SLC35F5,protein_coding,SLC35F5-201,protein_coding,ENSP00000245680.2,ENSG00000115084.15;ENST00000245680.7,-0.1669050464,0.0064935065,60,isoform,1.0,True,-0.1669050464285731,True
ENST00000463854.5,ENSG00000115145.10,STAM2,protein_coding,STAM2-202,retained_intron,,ENSG00000115145.10;ENST00000463854.5,0.2140509945,0.024975025,60,isoform,1.0,True,0.214050994509086,True
ENST00000424669.6,ENSG00000115170.15,ACVR1,protein_coding,ACVR1-206,protein_coding,ENSP00000400767.2,ENSG00000115170.15;ENST00000424669.6,0.2638332965,0.006993007,60,isoform,1.0,True,0.2638332965003717,True
ENST00000233623.11,ENSG00000115282.21,TTC31,protein_coding,TTC31-201,protein_coding,ENSP00000233623.6,ENSG00000115282.21;ENST00000233623.11,0.1383452953,0.0134865135,60,isoform,1.0,True,0.138345295269077,True
ENST00000233630.11,ENSG00000115289.14,PCGF1,protein_coding,PCGF1-201,protein_coding,ENSP00000233630.6,ENSG00000115289.14;ENST00000233630.11,0.1102534006,0.008991009,60,isoform,1.0,True,0.1102534006096544,True
ENST00000410113.5,ENSG00000115363.14,EVA1A,protein_coding,EVA1A-205,protein_coding,ENSP00000386435.1,ENSG00000115363.14;ENST00000410113.5,-0.4564086157,0.001998002,60,isoform,1.0,True,-0.4564086156827844,True
ENST00000443805.1,ENSG00000115657.14,ABCB6,protein_coding,ABCB6-204,nonsense_mediated_decay,ENSP00000414646.1,ENSG00000115657.14;ENST00000443805.1,0.1026604358,0.0104895105,60,isoform,1.0,True,0.1026604358266231,True
ENST00000409260.5,ENSG00000115661.14,STK16,protein_coding,STK16-202,protein_coding,ENSP00000387156.1,ENSG00000115661.14;ENST00000409260.5,0.127257654,0.010989011,60,isoform,1.0,True,0.1272576540360101,True
ENST00000409516.7,ENSG00000115661.14,STK16,protein_coding,STK16-203,protein_coding,ENSP00000386309.3,ENSG00000115661.14;ENST00000409516.7,-0.1150977825,0.0144855145,60,isoform,1.0,True,-0.1150977824907311,True
ENST00000358649.8,ENSG00000115687.14,PASK,protein_coding,PASK-202,protein_coding,ENSP00000351475.4,ENSG00000115687.14;ENST00000358649.8,0.1443282232,0.036963037,60,isoform,1.0,True,0.1443282231765357,True
ENST00000234115.10,ENSG00000115762.16,PLEKHB2,protein_coding,PLEKHB2-201,protein_coding,ENSP00000234115.6,ENSG00000115762.16;ENST00000234115.10,-0.1130147176,0.0114885115,60,isoform,1.0,True,-0.1130147175948526,True
ENST00000264161.9,ENSG00000115866.11,DARS1,protein_coding,DARS1-201,protein_coding,ENSP00000264161.4,ENSG00000115866.11;ENST00000264161.9,0.164727064,0.000999001,60,isoform,1.0,True,0.1647270639600874,True
ENST00000435076.1,ENSG00000115866.11,DARS1,protein_coding,DARS1-203,nonsense_mediated_decay,ENSP00000404445.1,ENSG00000115866.11;ENST00000435076.1,-0.104698738,0.0054945055,60,isoform,1.0,True,-0.1046987380208832,True
ENST00000409276.5,ENSG00000115875.19,SRSF7,protein_coding,SRSF7-202,protein_coding,ENSP00000386806.1,ENSG00000115875.19;ENST00000409276.5,0.1018144238,0.0044955045,60,isoform,1.0,True,0.1018144237677798,True
ENST00000443213.5,ENSG00000115875.19,SRSF7,protein_coding,SRSF7-208,nonsense_mediated_decay,ENSP00000402544.1,ENSG00000115875.19;ENST00000443213.5,-0.1791449283,0.0,60,isoform,0.0,True,-0.179144928294481,True
ENST00000402219.7,ENSG00000115904.13,SOS1,protein_coding,SOS1-202,protein_coding,ENSP00000384675.2,ENSG00000115904.13;ENST00000402219.7,0.1064341873,0.0474525475,60,isoform,1.0,True,0.1064341873472096,True
ENST00000495601.1,ENSG00000115947.14,ORC4,protein_coding,ORC4-212,retained_intron,,ENSG00000115947.14;ENST00000495601.1,0.1254514144,0.0094905095,60,isoform,1.0,True,0.1254514144456475,True
ENST00000453653.5,ENSG00000116095.11,PLEKHA3,protein_coding,PLEKHA3-203,nonsense_mediated_decay,ENSP00000416186.1,ENSG00000116095.11;ENST00000453653.5,0.1544487867,0.0264735265,60,isoform,1.0,True,0.1544487867252602,True
ENST00000375847.8,ENSG00000116138.13,DNAJC16,protein_coding,DNAJC16-202,protein_coding,ENSP00000365007.3,ENSG00000116138.13;ENST00000375847.8,0.2206099715,0.00999001,60,isoform,1.0,True,0.2206099715101952,True
ENST00000495523.1,ENSG00000116138.13,DNAJC16,protein_coding,DNAJC16-209,processed_transcript,,ENSG00000116138.13;ENST00000495523.1,-0.1236447427,0.0404595405,60,isoform,1.0,True,-0.1236447427411255,True
ENST00000342115.8,ENSG00000116337.19,AMPD2,protein_coding,AMPD2-202,protein_coding,ENSP00000345498.4,ENSG00000116337.19;ENST00000342115.8,0.1602369459,0.0054945055,60,isoform,1.0,True,0.1602369458510525,True
ENST00000477248.1,ENSG00000116497.18,S100PBP,protein_coding,S100PBP-206,processed_transcript,,ENSG00000116497.18;ENST00000477248.1,0.1987325726,0.0054945055,60,isoform,1.0,True,0.1987325726315669,True
ENST00000348159.9,ENSG00000116604.18,MEF2D,protein_coding,MEF2D-201,protein_coding,ENSP00000271555.5,ENSG00000116604.18;ENST00000348159.9,-0.1144127765,0.0164835165,60,isoform,1.0,True,-0.114412776487509,True
ENST00000489057.1,ENSG00000116604.18,MEF2D,protein_coding,MEF2D-206,protein_coding,ENSP00000477124.1,ENSG00000116604.18;ENST00000489057.1,0.1236407557,0.012987013,60,isoform,1.0,True,0.1236407557001236,True
ENST00000459929.5,ENSG00000116679.16,IVNS1ABP,protein_coding,IVNS1ABP-204,processed_transcript,,ENSG00000116679.16;ENST00000459929.5,0.1335212695,0.0084915085,60,isoform,1.0,True,0.1335212694985424,True
ENST00000235332.6,ENSG00000116691.11,MIIP,protein_coding,MIIP-201,protein_coding,ENSP00000235332.4,ENSG00000116691.11;ENST00000235332.6,0.1203470424,0.0084915085,60,isoform,1.0,True,0.1203470424493056,True
ENST00000367446.7,ENSG00000116747.13,RO60,protein_coding,RO60-205,protein_coding,ENSP00000356416.3,ENSG00000116747.13;ENST00000367446.7,0.1943750399,0.005994006,60,isoform,1.0,True,0.1943750399259049,True
ENST00000400968.7,ENSG00000116747.13,RO60,protein_coding,RO60-206,protein_coding,ENSP00000383752.2,ENSG00000116747.13;ENST00000400968.7,-0.1321854344,0.020979021,60,isoform,1.0,True,-0.132185434401549,True
ENST00000375743.9,ENSG00000116809.12,ZBTB17,protein_coding,ZBTB17-202,protein_coding,ENSP00000364895.4,ENSG00000116809.12;ENST00000375743.9,0.1187989578,0.020979021,60,isoform,1.0,True,0.1187989578190237,True
ENST00000527974.5,ENSG00000116977.19,LGALS8,protein_coding,LGALS8-222,protein_coding,ENSP00000431398.1,ENSG00000116977.19;ENST00000527974.5,0.1237778824,0.0154845155,60,isoform,1.0,True,0.1237778824382302,True
ENST00000366576.3,ENSG00000116984.14,MTR,protein_coding,MTR-201,protein_coding,ENSP00000355535.3,ENSG00000116984.14;ENST00000366576.3,0.1079223294,0.042957043,60,isoform,1.0,True,0.1079223294346751,True
ENST00000368192.9,ENSG00000117036.12,ETV3,protein_coding,ETV3-202,protein_coding,ENSP00000357175.4,ENSG00000117036.12;ENST00000368192.9,-0.1327190966,0.04995005,60,isoform,1.0,True,-0.1327190965749958,True
ENST00000360066.6,ENSG00000117266.15,CDK18,protein_coding,CDK18-201,protein_coding,ENSP00000353176.2,ENSG00000117266.15;ENST00000360066.6,0.1292919421,0.0194805195,60,isoform,1.0,True,0.129291942139514,True
ENST00000324862.7,ENSG00000117360.13,PRPF3,protein_coding,PRPF3-201,protein_coding,ENSP00000315379.6,ENSG00000117360.13;ENST00000324862.7,0.1336661397,0.0084915085,60,isoform,1.0,True,0.133666139749469,True
ENST00000474844.5,ENSG00000117481.10,NSUN4,protein_coding,NSUN4-204,protein_coding,ENSP00000419740.1,ENSG00000117481.10;ENST00000474844.5,0.1613927194,0.0184815185,60,isoform,1.0,True,0.1613927194078792,True
ENST00000236192.12,ENSG00000117533.15,VAMP4,protein_coding,VAMP4-201,protein_coding,ENSP00000236192.7,ENSG00000117533.15;ENST00000236192.12,-0.127401334,0.0444555445,60,isoform,1.0,True,-0.1274013339501671,True
ENST00000367740.2,ENSG00000117533.15,VAMP4,protein_coding,VAMP4-202,protein_coding,ENSP00000356714.2,ENSG00000117533.15;ENST00000367740.2,0.1531524444,0.028971029,60,isoform,1.0,True,0.1531524443731462,True
ENST00000462433.1,ENSG00000117569.19,PTBP2,protein_coding,PTBP2-206,retained_intron,,ENSG00000117569.19;ENST00000462433.1,0.1763365467,0.0204795205,60,isoform,1.0,True,0.1763365466970935,True
ENST00000374395.9,ENSG00000117602.12,RCAN3,protein_coding,RCAN3-202,protein_coding,ENSP00000363516.3,ENSG00000117602.12;ENST00000374395.9,-0.1387625315,0.046953047,60,isoform,1.0,True,-0.1387625314511836,True
ENST00000373943.9,ENSG00000117758.14,STX12,protein_coding,STX12-201,protein_coding,ENSP00000363054.4,ENSG00000117758.14;ENST00000373943.9,0.1628221787,0.01998002,60,isoform,1.0,True,0.1628221787178828,True
ENST00000472285.1,ENSG00000117758.14,STX12,protein_coding,STX12-204,processed_transcript,,ENSG00000117758.14;ENST00000472285.1,-0.1349661526,0.0304695305,60,isoform,1.0,True,-0.1349661526359824,True
ENST00000589804.1,ENSG00000117877.11,CD3EAP,protein_coding,CD3EAP-202,protein_coding,ENSP00000465099.1,ENSG00000117877.11;ENST00000589804.1,0.1027320351,0.0374625375,60,isoform,1.0,True,0.1027320350723414,True
ENST00000457962.5,ENSG00000118263.15,KLF7,protein_coding,KLF7-208,protein_coding,ENSP00000392015.1,ENSG00000118263.15;ENST00000457962.5,0.2016334982,0.023976024,60,isoform,1.0,True,0.2016334981540996,True
ENST00000373872.9,ENSG00000118707.11,TGIF2,protein_coding,TGIF2-201,protein_coding,ENSP00000362979.3,ENSG00000118707.11;ENST00000373872.9,0.1074985503,0.0324675325,60,isoform,1.0,True,0.1074985502899249,True
ENST00000611732.4,ENSG00000118707.11,TGIF2,protein_coding,TGIF2-208,protein_coding,ENSP00000481787.1,ENSG00000118707.11;ENST00000611732.4,-0.1300672908,0.0214785215,60,isoform,1.0,True,-0.1300672908148155,True
ENST00000427587.9,ENSG00000118894.15,EEF2KMT,protein_coding,EEF2KMT-201,protein_coding,ENSP00000398502.3,ENSG00000118894.15;ENST00000427587.9,-0.1159849775,0.023976024,60,isoform,1.0,True,-0.1159849774945049,True
ENST00000358399.8,ENSG00000119125.17,GDA,protein_coding,GDA-202,protein_coding,ENSP00000351170.4,ENSG00000119125.17;ENST00000358399.8,-0.1519396346,0.0,60,isoform,0.0,True,-0.1519396345526497,True
ENST00000446284.6,ENSG00000119321.9,FKBP15,protein_coding,FKBP15-203,protein_coding,ENSP00000416158.2,ENSG00000119321.9;ENST00000446284.6,0.1913367173,0.0054945055,60,isoform,1.0,True,0.1913367172570526,True
ENST00000453291.1,ENSG00000119402.17,FBXW2,protein_coding,FBXW2-201,protein_coding,ENSP00000398662.1,ENSG00000119402.17;ENST00000453291.1,0.1525351266,0.004995005,60,isoform,1.0,True,0.1525351266215971,True
ENST00000608872.6,ENSG00000119402.17,FBXW2,protein_coding,FBXW2-205,protein_coding,ENSP00000476369.1,ENSG00000119402.17;ENST00000608872.6,-0.1403019905,0.005994006,60,isoform,1.0,True,-0.1403019904680857,True
ENST00000394199.6,ENSG00000119408.17,NEK6,protein_coding,NEK6-205,protein_coding,ENSP00000377749.2,ENSG00000119408.17;ENST00000394199.6,-0.2290112064,0.000999001,60,isoform,1.0,True,-0.2290112063628904,True
ENST00000545174.5,ENSG00000119408.17,NEK6,protein_coding,NEK6-214,protein_coding,ENSP00000442636.1,ENSG00000119408.17;ENST00000545174.5,0.2781372493,0.0004995005,60,isoform,1.0,True,0.2781372493366604,True
ENST00000417201.4,ENSG00000119446.14,RBM18,protein_coding,RBM18-201,protein_coding,ENSP00000409315.2,ENSG00000119446.14;ENST00000417201.4,-0.101083774,0.0234765235,60,isoform,1.0,True,-0.1010837739976705,True
ENST00000483428.1,ENSG00000119446.14,RBM18,protein_coding,RBM18-202,processed_transcript,,ENSG00000119446.14;ENST00000483428.1,0.1299080082,0.014985015,60,isoform,1.0,True,0.1299080082353254,True
ENST00000330847.1,ENSG00000119508.18,NR4A3,protein_coding,NR4A3-201,protein_coding,ENSP00000333122.1,ENSG00000119508.18;ENST00000330847.1,-0.2353281883,0.0144855145,60,isoform,1.0,True,-0.2353281882549198,True
ENST00000338488.8,ENSG00000119508.18,NR4A3,protein_coding,NR4A3-202,protein_coding,ENSP00000340301.4,ENSG00000119508.18;ENST00000338488.8,0.175259802,0.027972028,60,isoform,1.0,True,0.1752598019715499,True
ENST00000373624.6,ENSG00000119522.16,DENND1A,protein_coding,DENND1A-203,protein_coding,ENSP00000362727.2,ENSG00000119522.16;ENST00000373624.6,-0.1142048387,0.023976024,60,isoform,1.0,True,-0.1142048386873951,True
ENST00000405491.5,ENSG00000119760.16,SUPT7L,protein_coding,SUPT7L-203,protein_coding,ENSP00000384469.1,ENSG00000119760.16;ENST00000405491.5,0.1485838016,0.0044955045,60,isoform,1.0,True,0.1485838016076808,True
ENST00000471654.1,ENSG00000119771.15,KLHL29,protein_coding,KLHL29-202,retained_intron,,ENSG00000119771.15;ENST00000471654.1,-0.1242849337,0.016983017,60,isoform,1.0,True,-0.1242849337128217,True
ENST00000486442.6,ENSG00000119771.15,KLHL29,protein_coding,KLHL29-203,protein_coding,ENSP00000420659.1,ENSG00000119771.15;ENST00000486442.6,0.1439543504,0.0124875125,60,isoform,1.0,True,0.1439543504037281,True
ENST00000238961.9,ENSG00000119906.13,SLF2,protein_coding,SLF2-201,protein_coding,ENSP00000238961.3,ENSG00000119906.13;ENST00000238961.9,-0.1135615896,0.0294705295,60,isoform,1.0,True,-0.1135615895871186,True
ENST00000609386.1,ENSG00000119906.13,SLF2,protein_coding,SLF2-205,protein_coding,ENSP00000476379.1,ENSG00000119906.13;ENST00000609386.1,0.1445308942,0.0184815185,60,isoform,1.0,True,0.1445308942426409,True
ENST00000371327.2,ENSG00000119969.15,HELLS,protein_coding,HELLS-203,protein_coding,ENSP00000360378.1,ENSG00000119969.15;ENST00000371327.2,-0.1494437869,0.0084915085,60,isoform,1.0,True,-0.1494437869494812,True
ENST00000470495.1,ENSG00000120093.11,HOXB3,protein_coding,HOXB3-205,protein_coding,ENSP00000417207.1,ENSG00000120093.11;ENST00000470495.1,-0.1310815234,0.0484515485,60,isoform,1.0,True,-0.131081523415519,True
ENST00000552000.2,ENSG00000120093.11,HOXB3,protein_coding,HOXB3-213,processed_transcript,,ENSG00000120093.11;ENST00000552000.2,0.2634263731,0.005994006,60,isoform,1.0,True,0.2634263731461116,True
ENST00000239231.7,ENSG00000120137.7,PANK3,protein_coding,PANK3-201,protein_coding,ENSP00000239231.6,ENSG00000120137.7;ENST00000239231.7,-0.4007142774,0.0,60,isoform,0.0,True,-0.4007142773850187,True
ENST00000520764.1,ENSG00000120314.18,WDR55,protein_coding,WDR55-205,processed_transcript,,ENSG00000120314.18;ENST00000520764.1,0.1254040883,0.010989011,60,isoform,1.0,True,0.1254040882764997,True
ENST00000475113.1,ENSG00000120370.13,GORAB,protein_coding,GORAB-204,retained_intron,,ENSG00000120370.13;ENST00000475113.1,-0.1911909337,0.010989011,60,isoform,1.0,True,-0.1911909337015455,True
ENST00000527116.5,ENSG00000120451.10,SNX19,protein_coding,SNX19-205,retained_intron,,ENSG00000120451.10;ENST00000527116.5,-0.149252895,0.0164835165,60,isoform,1.0,True,-0.1492528949977428,True
ENST00000374979.8,ENSG00000120458.13,MSANTD2,protein_coding,MSANTD2-202,protein_coding,ENSP00000364118.3,ENSG00000120458.13;ENST00000374979.8,0.2567970558,0.0064935065,60,isoform,1.0,True,0.2567970558450593,True
ENST00000526629.1,ENSG00000120458.13,MSANTD2,protein_coding,MSANTD2-204,protein_coding,ENSP00000435705.1,ENSG00000120458.13;ENST00000526629.1,-0.2697425888,0.0044955045,60,isoform,1.0,True,-0.2697425888232656,True
ENST00000319778.11,ENSG00000120616.16,EPC1,protein_coding,EPC1-202,protein_coding,ENSP00000318559.6,ENSG00000120616.16;ENST00000319778.11,-0.3904192436,0.0004995005,60,isoform,1.0,True,-0.3904192436425865,True
ENST00000469059.2,ENSG00000120616.16,EPC1,protein_coding,EPC1-205,protein_coding,ENSP00000499314.1,ENSG00000120616.16;ENST00000469059.2,0.4657189436,0.0,60,isoform,0.0,True,0.4657189435568281,True
ENST00000480402.1,ENSG00000120616.16,EPC1,protein_coding,EPC1-207,protein_coding,ENSP00000499327.1,ENSG00000120616.16;ENST00000480402.1,0.144004883,0.0134865135,60,isoform,1.0,True,0.14400488295311,True
ENST00000492646.1,ENSG00000120685.20,PROSER1,protein_coding,PROSER1-206,retained_intron,,ENSG00000120685.20;ENST00000492646.1,-0.1331169365,0.0224775225,60,isoform,1.0,True,-0.1331169365004713,True
ENST00000527424.6,ENSG00000120925.16,RNF170,protein_coding,RNF170-206,protein_coding,ENSP00000434797.1,ENSG00000120925.16;ENST00000527424.6,-0.1798454485,0.0094905095,60,isoform,1.0,True,-0.1798454484945196,True
ENST00000240285.10,ENSG00000121039.10,RDH10,protein_coding,RDH10-201,protein_coding,ENSP00000240285.5,ENSG00000121039.10;ENST00000240285.10,-0.1634172078,0.008991009,60,isoform,1.0,True,-0.1634172077693121,True
ENST00000535785.1,ENSG00000121417.14,ZNF211,protein_coding,ZNF211-207,nonsense_mediated_decay,ENSP00000442740.1,ENSG00000121417.14;ENST00000535785.1,0.1568390098,0.040959041,60,isoform,1.0,True,0.1568390097677424,True
ENST00000367510.8,ENSG00000121481.11,RNF2,protein_coding,RNF2-202,protein_coding,ENSP00000356480.3,ENSG00000121481.11;ENST00000367510.8,-0.1236717765,0.0164835165,60,isoform,1.0,True,-0.1236717765013443,True
ENST00000241051.8,ENSG00000121690.11,DEPDC7,protein_coding,DEPDC7-201,protein_coding,ENSP00000241051.3,ENSG00000121690.11;ENST00000241051.8,0.1023962835,0.0264735265,60,isoform,1.0,True,0.1023962834525438,True
ENST00000530999.1,ENSG00000121753.12,ADGRB2,protein_coding,ADGRB2-214,retained_intron,,ENSG00000121753.12;ENST00000530999.1,0.1092324066,0.036963037,60,isoform,1.0,True,0.1092324065909239,True
ENST00000373713.7,ENSG00000121769.8,FABP3,protein_coding,FABP3-201,protein_coding,ENSP00000362817.2,ENSG00000121769.8;ENST00000373713.7,-0.1582675586,0.005994006,60,isoform,1.0,True,-0.1582675586376528,True
ENST00000497275.5,ENSG00000121769.8,FABP3,protein_coding,FABP3-203,processed_transcript,,ENSG00000121769.8;ENST00000497275.5,0.1586093529,0.005994006,60,isoform,1.0,True,0.1586093529293437,True
ENST00000263967.4,ENSG00000121879.6,PIK3CA,protein_coding,PIK3CA-201,protein_coding,ENSP00000263967.3,ENSG00000121879.6;ENST00000263967.4,-0.1356511846,0.0484515485,60,isoform,1.0,True,-0.135651184588907,True
ENST00000361328.7,ENSG00000121903.14,ZSCAN20,protein_coding,ZSCAN20-201,protein_coding,ENSP00000355053.3,ENSG00000121903.14;ENST00000361328.7,0.25162559,0.041958042,60,isoform,1.0,True,0.2516255900185415,True
ENST00000319715.10,ENSG00000122257.20,RBBP6,protein_coding,RBBP6-201,protein_coding,ENSP00000317872.4,ENSG00000122257.20;ENST00000319715.10,-0.10759568,0.0144855145,60,isoform,1.0,True,-0.1075956799593852,True
ENST00000568316.1,ENSG00000122257.20,RBBP6,protein_coding,RBBP6-211,retained_intron,,ENSG00000122257.20;ENST00000568316.1,0.1399167098,0.0074925075,60,isoform,1.0,True,0.1399167098107942,True
ENST00000370141.7,ENSG00000122435.10,TRMT13,protein_coding,TRMT13-202,protein_coding,ENSP00000359160.2,ENSG00000122435.10;ENST00000370141.7,0.1216772094,0.040959041,60,isoform,1.0,True,0.1216772093923788,True
ENST00000482437.5,ENSG00000122435.10,TRMT13,protein_coding,TRMT13-204,nonsense_mediated_decay,ENSP00000432616.1,ENSG00000122435.10;ENST00000482437.5,-0.1266228732,0.0394605395,60,isoform,1.0,True,-0.1266228732178685,True
ENST00000460571.1,ENSG00000122481.17,RWDD3,protein_coding,RWDD3-203,processed_transcript,,ENSG00000122481.17;ENST00000460571.1,-0.108414968,0.017982018,60,isoform,1.0,True,-0.108414968000066,True
ENST00000337393.10,ENSG00000122482.21,ZNF644,protein_coding,ZNF644-201,protein_coding,ENSP00000337008.5,ENSG00000122482.21;ENST00000337393.10,-0.1949336538,0.003996004,60,isoform,1.0,True,-0.1949336537618249,True
ENST00000495966.1,ENSG00000122482.21,ZNF644,protein_coding,ZNF644-210,processed_transcript,,ENSG00000122482.21;ENST00000495966.1,0.2646702855,0.000999001,60,isoform,1.0,True,0.2646702855161639,True
ENST00000396081.5,ENSG00000122557.11,HERPUD2,protein_coding,HERPUD2-202,protein_coding,ENSP00000379390.1,ENSG00000122557.11;ENST00000396081.5,-0.1631709159,0.013986014,60,isoform,1.0,True,-0.1631709159304652,True
ENST00000440481.5,ENSG00000122591.12,FAM126A,protein_coding,FAM126A-205,protein_coding,ENSP00000397168.1,ENSG00000122591.12;ENST00000440481.5,-0.1186396927,0.018981019,60,isoform,1.0,True,-0.1186396926546828,True
ENST00000356797.7,ENSG00000122644.13,ARL4A,protein_coding,ARL4A-201,protein_coding,ENSP00000349250.3,ENSG00000122644.13;ENST00000356797.7,-0.1172457021,0.0074925075,60,isoform,1.0,True,-0.1172457021414664,True
ENST00000377966.4,ENSG00000122707.12,RECK,protein_coding,RECK-201,protein_coding,ENSP00000367202.3,ENSG00000122707.12;ENST00000377966.4,-0.120668886,0.0264735265,60,isoform,1.0,True,-0.1206688860252563,True
ENST00000479053.1,ENSG00000122707.12,RECK,protein_coding,RECK-203,processed_transcript,,ENSG00000122707.12;ENST00000479053.1,0.1258836561,0.0254745255,60,isoform,1.0,True,0.1258836560804295,True
ENST00000430082.6,ENSG00000122882.11,ECD,protein_coding,ECD-203,protein_coding,ENSP00000401566.1,ENSG00000122882.11;ENST00000430082.6,-0.1367156952,0.0104895105,60,isoform,1.0,True,-0.1367156951759855,True
ENST00000265870.7,ENSG00000122912.15,SLC25A16,protein_coding,SLC25A16-201,processed_transcript,,ENSG00000122912.15;ENST00000265870.7,-0.2203695793,0.0204795205,60,isoform,1.0,True,-0.2203695793206839,True
ENST00000265428.4,ENSG00000123124.14,WWP1,protein_coding,WWP1-201,protein_coding,ENSP00000265428.4,ENSG00000123124.14;ENST00000265428.4,0.1399101884,0.0154845155,60,isoform,1.0,True,0.1399101884001025,True
ENST00000521997.5,ENSG00000123124.14,WWP1,protein_coding,WWP1-209,retained_intron,,ENSG00000123124.14;ENST00000521997.5,-0.1313442662,0.0184815185,60,isoform,1.0,True,-0.1313442661532956,True
ENST00000336430.11,ENSG00000123130.17,ACOT9,protein_coding,ACOT9-201,protein_coding,ENSP00000336580.7,ENSG00000123130.17;ENST00000336430.11,0.1235463597,0.0084915085,60,isoform,1.0,True,0.1235463596502198,True
ENST00000243050.5,ENSG00000123358.20,NR4A1,protein_coding,NR4A1-201,protein_coding,ENSP00000243050.1,ENSG00000123358.20;ENST00000243050.5,0.1771089947,0.0014985015,60,isoform,1.0,True,0.1771089946716591,True
ENST00000360380.7,ENSG00000123473.16,STIL,protein_coding,STIL-202,protein_coding,ENSP00000353544.3,ENSG00000123473.16;ENST00000360380.7,-0.1166502532,0.030969031,60,isoform,1.0,True,-0.1166502531702404,True
ENST00000299906.5,ENSG00000123575.9,FAM199X,protein_coding,FAM199X-201,processed_transcript,,ENSG00000123575.9;ENST00000299906.5,0.1345318245,0.015984016,60,isoform,1.0,True,0.134531824478261,True
ENST00000493442.2,ENSG00000123575.9,FAM199X,protein_coding,FAM199X-202,protein_coding,ENSP00000417581.1,ENSG00000123575.9;ENST00000493442.2,-0.1345318245,0.015984016,60,isoform,1.0,True,-0.134531824478261,True
ENST00000438609.5,ENSG00000123600.20,METTL8,protein_coding,METTL8-204,protein_coding,ENSP00000407180.1,ENSG00000123600.20;ENST00000438609.5,0.1630365575,0.0144855145,60,isoform,1.0,True,0.163036557523611,True
ENST00000392782.5,ENSG00000123636.18,BAZ2B,protein_coding,BAZ2B-203,protein_coding,ENSP00000376533.1,ENSG00000123636.18;ENST00000392782.5,0.1038830849,0.047952048,60,isoform,1.0,True,0.1038830849037109,True
ENST00000243498.10,ENSG00000123737.13,EXOSC9,protein_coding,EXOSC9-201,protein_coding,ENSP00000243498.5,ENSG00000123737.13;ENST00000243498.10,0.1142066935,0.005994006,60,isoform,1.0,True,0.1142066935026582,True
ENST00000243501.10,ENSG00000123739.11,PLA2G12A,protein_coding,PLA2G12A-201,protein_coding,ENSP00000243501.5,ENSG00000123739.11;ENST00000243501.10,-0.2336241156,0.002997003,60,isoform,1.0,True,-0.2336241156431932,True
ENST00000502283.1,ENSG00000123739.11,PLA2G12A,protein_coding,PLA2G12A-202,protein_coding,ENSP00000425274.1,ENSG00000123739.11;ENST00000502283.1,0.1349679905,0.0174825175,60,isoform,1.0,True,0.1349679904655981,True
ENST00000601597.1,ENSG00000123810.9,B9D2,protein_coding,B9D2-203,processed_transcript,,ENSG00000123810.9;ENST00000601597.1,0.1069056895,0.0414585415,60,isoform,1.0,True,0.1069056895185585,True
ENST00000367080.8,ENSG00000123836.15,PFKFB2,protein_coding,PFKFB2-202,protein_coding,ENSP00000356047.3,ENSG00000123836.15;ENST00000367080.8,-0.1667510021,0.0214785215,60,isoform,1.0,True,-0.1667510021154361,True
ENST00000220592.10,ENSG00000123908.12,AGO2,protein_coding,AGO2-201,protein_coding,ENSP00000220592.5,ENSG00000123908.12;ENST00000220592.10,-0.4768421478,0.0,60,isoform,0.0,True,-0.4768421478415577,True
ENST00000523609.5,ENSG00000123908.12,AGO2,protein_coding,AGO2-209,nonsense_mediated_decay,ENSP00000430164.1,ENSG00000123908.12;ENST00000523609.5,0.3446445105,0.001998002,60,isoform,1.0,True,0.344644510543305,True
ENST00000372542.5,ENSG00000124104.19,SNX21,protein_coding,SNX21-204,protein_coding,ENSP00000361620.1,ENSG00000124104.19;ENST00000372542.5,0.1338036329,0.032967033,60,isoform,1.0,True,0.1338036329105259,True
ENST00000371030.3,ENSG00000124203.6,ZNF831,protein_coding,ZNF831-201,protein_coding,ENSP00000360069.2,ENSG00000124203.6;ENST00000371030.3,-0.534487315,0.0,60,isoform,0.0,True,-0.534487314952929,True
ENST00000637017.1,ENSG00000124203.6,ZNF831,protein_coding,ZNF831-203,protein_coding,ENSP00000490240.1,ENSG00000124203.6;ENST00000637017.1,0.534487315,0.0,60,isoform,0.0,True,0.534487314952929,True
ENST00000625177.3,ENSG00000124226.11,RNF114,protein_coding,RNF114-208,protein_coding,ENSP00000485239.1,ENSG00000124226.11;ENST00000625177.3,0.1056782565,0.0044955045,60,isoform,1.0,True,0.1056782564559029,True
ENST00000262640.11,ENSG00000124333.16,VAMP7,protein_coding,VAMP7-201,protein_coding,ENSP00000262640.6,ENSG00000124333.16;ENST00000262640.11,-0.1619770653,0.0084915085,60,isoform,1.0,True,-0.1619770652998178,True
ENST00000372530.9,ENSG00000124574.15,ABCC10,protein_coding,ABCC10-204,protein_coding,ENSP00000361608.4,ENSG00000124574.15;ENST00000372530.9,0.2179276804,0.020979021,60,isoform,1.0,True,0.2179276804348436,True
ENST00000244741.10,ENSG00000124762.14,CDKN1A,protein_coding,CDKN1A-201,protein_coding,ENSP00000244741.6,ENSG00000124762.14;ENST00000244741.10,-0.1363798159,0.004995005,60,isoform,1.0,True,-0.1363798159417936,True
ENST00000462537.3,ENSG00000124762.14,CDKN1A,protein_coding,CDKN1A-206,processed_transcript,,ENSG00000124762.14;ENST00000462537.3,0.1214114248,0.004995005,60,isoform,1.0,True,0.1214114248135054,True
ENST00000436367.6,ENSG00000124788.19,ATXN1,protein_coding,ATXN1-202,protein_coding,ENSP00000416360.1,ENSG00000124788.19;ENST00000436367.6,-0.2214615708,0.0184815185,60,isoform,1.0,True,-0.2214615708084648,True
ENST00000264601.8,ENSG00000124839.13,RAB17,protein_coding,RAB17-201,protein_coding,ENSP00000264601.3,ENSG00000124839.13;ENST00000264601.8,0.1180429868,0.0194805195,60,isoform,1.0,True,0.1180429867806224,True
ENST00000554951.5,ENSG00000125375.16,DMAC2L,protein_coding,DMAC2L-208,protein_coding,ENSP00000494641.1,ENSG00000125375.16;ENST00000554951.5,0.1991246443,0.0134865135,60,isoform,1.0,True,0.1991246442519749,True
ENST00000245812.8,ENSG00000125652.8,ALKBH7,protein_coding,ALKBH7-201,protein_coding,ENSP00000245812.2,ENSG00000125652.8;ENST00000245812.8,0.136177525,0.006993007,60,isoform,1.0,True,0.1361775250088746,True
ENST00000494633.1,ENSG00000125875.14,TBC1D20,protein_coding,TBC1D20-204,processed_transcript,,ENSG00000125875.14;ENST00000494633.1,-0.1314256635,0.0394605395,60,isoform,1.0,True,-0.1314256634684788,True
ENST00000378896.7,ENSG00000125885.13,MCM8,protein_coding,MCM8-204,protein_coding,ENSP00000368174.3,ENSG00000125885.13;ENST00000378896.7,0.1503970354,0.0174825175,60,isoform,1.0,True,0.1503970354081568,True
ENST00000610722.4,ENSG00000125885.13,MCM8,protein_coding,MCM8-205,protein_coding,ENSP00000478141.1,ENSG00000125885.13;ENST00000610722.4,-0.1812567453,0.00999001,60,isoform,1.0,True,-0.1812567453403724,True
ENST00000314011.9,ENSG00000125945.15,ZNF436,protein_coding,ZNF436-201,protein_coding,ENSP00000313582.4,ENSG00000125945.15;ENST00000314011.9,-0.2377231415,0.0224775225,60,isoform,1.0,True,-0.2377231415052293,True
ENST00000374608.3,ENSG00000125945.15,ZNF436,protein_coding,ZNF436-202,protein_coding,ENSP00000363736.3,ENSG00000125945.15;ENST00000374608.3,0.2377231415,0.0224775225,60,isoform,1.0,True,0.2377231415052293,True
ENST00000375238.8,ENSG00000125967.17,NECAB3,protein_coding,NECAB3-202,protein_coding,ENSP00000364386.4,ENSG00000125967.17;ENST00000375238.8,0.1127381664,0.0064935065,60,isoform,1.0,True,0.1127381664117348,True
ENST00000373191.9,ENSG00000126070.20,AGO3,protein_coding,AGO3-203,protein_coding,ENSP00000362287.3,ENSG00000126070.20;ENST00000373191.9,-0.1638370965,0.0354645355,60,isoform,1.0,True,-0.163837096515298,True
ENST00000372235.7,ENSG00000126106.14,TMEM53,protein_coding,TMEM53-201,protein_coding,ENSP00000361309.3,ENSG00000126106.14;ENST00000372235.7,-0.1477141196,0.0374625375,60,isoform,1.0,True,-0.1477141195937253,True
ENST00000531296.1,ENSG00000126391.14,FRMD8,protein_coding,FRMD8-208,protein_coding,ENSP00000433479.1,ENSG00000126391.14;ENST00000531296.1,0.2515825682,0.0064935065,60,isoform,1.0,True,0.2515825681830711,True
ENST00000542519.1,ENSG00000126746.17,ZNF384,protein_coding,ZNF384-213,retained_intron,,ENSG00000126746.17;ENST00000542519.1,-0.1139142241,0.0154845155,60,isoform,1.0,True,-0.1139142241372139,True
ENST00000607161.5,ENSG00000126749.16,EMG1,protein_coding,EMG1-204,nonsense_mediated_decay,ENSP00000480420.1,ENSG00000126749.16;ENST00000607161.5,0.1146794231,0.0034965035,60,isoform,1.0,True,0.114679423143272,True
ENST00000484731.2,ENSG00000126822.17,PLEKHG3,protein_coding,PLEKHG3-204,protein_coding,ENSP00000450973.1,ENSG00000126822.17;ENST00000484731.2,-0.2659492408,0.003996004,60,isoform,1.0,True,-0.265949240811226,True
ENST00000374839.8,ENSG00000126970.16,ZC4H2,protein_coding,ZC4H2-202,protein_coding,ENSP00000363972.3,ENSG00000126970.16;ENST00000374839.8,-0.1359513525,0.0244755245,60,isoform,1.0,True,-0.1359513524601285,True
ENST00000417413.7,ENSG00000127328.22,RAB3IP,protein_coding,RAB3IP-205,nonsense_mediated_decay,ENSP00000436304.2,ENSG00000127328.22;ENST00000417413.7,0.1574719292,0.020979021,60,isoform,1.0,True,0.1574719291728223,True
ENST00000483530.6,ENSG00000127328.22,RAB3IP,protein_coding,RAB3IP-207,protein_coding,ENSP00000419216.2,ENSG00000127328.22;ENST00000483530.6,-0.1832664608,0.0134865135,60,isoform,1.0,True,-0.1832664607993148,True
ENST00000248437.9,ENSG00000127824.14,TUBA4A,protein_coding,TUBA4A-201,protein_coding,ENSP00000248437.4,ENSG00000127824.14;ENST00000248437.9,-0.1139295814,0.0054945055,60,isoform,1.0,True,-0.1139295813739729,True
ENST00000336926.11,ENSG00000127946.17,HIP1,protein_coding,HIP1-201,protein_coding,ENSP00000336747.6,ENSG00000127946.17;ENST00000336926.11,-0.1226733328,0.0214785215,60,isoform,1.0,True,-0.122673332821597,True
ENST00000471944.5,ENSG00000127995.17,CASD1,protein_coding,CASD1-205,retained_intron,,ENSG00000127995.17;ENST00000471944.5,-0.1598162952,0.0324675325,60,isoform,1.0,True,-0.1598162952314546,True
ENST00000351989.8,ENSG00000128191.16,DGCR8,protein_coding,DGCR8-201,protein_coding,ENSP00000263209.3,ENSG00000128191.16;ENST00000351989.8,0.1890103035,0.008991009,60,isoform,1.0,True,0.1890103034933439,True
ENST00000311208.13,ENSG00000128422.17,KRT17,protein_coding,KRT17-201,protein_coding,ENSP00000308452.8,ENSG00000128422.17;ENST00000311208.13,-0.1076745796,0.006993007,60,isoform,1.0,True,-0.1076745796312672,True
ENST00000249344.7,ENSG00000128578.10,STRIP2,protein_coding,STRIP2-201,protein_coding,ENSP00000249344.2,ENSG00000128578.10;ENST00000249344.7,-0.101259176,0.041958042,60,isoform,1.0,True,-0.1012591759875233,True
ENST00000352689.11,ENSG00000128585.18,MKLN1,protein_coding,MKLN1-201,protein_coding,ENSP00000323527.6,ENSG00000128585.18;ENST00000352689.11,-0.1536720479,0.0084915085,60,isoform,1.0,True,-0.1536720478671366,True
ENST00000563945.1,ENSG00000128731.18,HERC2,protein_coding,HERC2-204,processed_transcript,,ENSG00000128731.18;ENST00000563945.1,0.1292481595,0.008991009,60,isoform,1.0,True,0.1292481595026023,True
ENST00000249806.11,ENSG00000128973.13,CLN6,protein_coding,CLN6-201,protein_coding,ENSP00000249806.5,ENSG00000128973.13;ENST00000249806.11,0.1105396228,0.006993007,60,isoform,1.0,True,0.1105396228265432,True
ENST00000563277.5,ENSG00000128989.11,ARPP19,protein_coding,ARPP19-204,protein_coding,ENSP00000455986.1,ENSG00000128989.11;ENST00000563277.5,0.1323247135,0.0094905095,60,isoform,1.0,True,0.1323247135396666,True
ENST00000354678.3,ENSG00000129007.14,CALML4,protein_coding,CALML4-201,protein_coding,ENSP00000456532.1,ENSG00000129007.14;ENST00000354678.3,-0.1639365552,0.0224775225,60,isoform,1.0,True,-0.1639365552197353,True
ENST00000467889.1,ENSG00000129007.14,CALML4,protein_coding,CALML4-206,protein_coding,ENSP00000419081.1,ENSG00000129007.14;ENST00000467889.1,0.2078382945,0.013986014,60,isoform,1.0,True,0.207838294502188,True
ENST00000507208.1,ENSG00000129071.9,MBD4,protein_coding,MBD4-206,protein_coding,ENSP00000422327.1,ENSG00000129071.9;ENST00000507208.1,-0.1044291478,0.0114885115,60,isoform,1.0,True,-0.1044291477518684,True
ENST00000503362.2,ENSG00000129128.13,SPCS3,protein_coding,SPCS3-201,protein_coding,ENSP00000427463.1,ENSG00000129128.13;ENST00000503362.2,-0.1698622977,0.0014985015,60,isoform,1.0,True,-0.1698622976737114,True
ENST00000513139.1,ENSG00000129128.13,SPCS3,protein_coding,SPCS3-204,retained_intron,,ENSG00000129128.13;ENST00000513139.1,0.1754139447,0.0014985015,60,isoform,1.0,True,0.1754139447470738,True
ENST00000344862.9,ENSG00000129317.14,PUS7L,protein_coding,PUS7L-201,protein_coding,ENSP00000343081.5,ENSG00000129317.14;ENST00000344862.9,-0.3947178093,0.002997003,60,isoform,1.0,True,-0.3947178092888942,True
ENST00000553166.1,ENSG00000129317.14,PUS7L,protein_coding,PUS7L-208,non_stop_decay,ENSP00000446865.1,ENSG00000129317.14;ENST00000553166.1,0.1968273449,0.0204795205,60,isoform,1.0,True,0.196827344852971,True
ENST00000544260.3,ENSG00000129422.14,MTUS1,protein_coding,MTUS1-228,protein_coding,ENSP00000445738.1,ENSG00000129422.14;ENST00000544260.3,0.1768480499,0.0124875125,60,isoform,1.0,True,0.1768480498844437,True
ENST00000429687.7,ENSG00000129484.13,PARP2,protein_coding,PARP2-202,protein_coding,ENSP00000392972.3,ENSG00000129484.13;ENST00000429687.7,0.1464174847,0.002997003,60,isoform,1.0,True,0.1464174847158239,True
ENST00000382464.6,ENSG00000129493.15,HEATR5A,protein_coding,HEATR5A-201,protein_coding,ENSP00000371903.2,ENSG00000129493.15;ENST00000382464.6,0.1185563571,0.0074925075,60,isoform,1.0,True,0.1185563570551551,True
ENST00000547327.2,ENSG00000129521.15,EGLN3,protein_coding,EGLN3-205,protein_coding,ENSP00000446572.2,ENSG00000129521.15;ENST00000547327.2,0.1261255105,0.027972028,60,isoform,1.0,True,0.1261255105150946,True
ENST00000310806.9,ENSG00000129534.14,MIS18BP1,protein_coding,MIS18BP1-201,protein_coding,ENSP00000309790.4,ENSG00000129534.14;ENST00000310806.9,0.1467554908,0.013986014,60,isoform,1.0,True,0.1467554908079187,True
ENST00000511405.1,ENSG00000129595.14,EPB41L4A,protein_coding,EPB41L4A-205,retained_intron,,ENSG00000129595.14;ENST00000511405.1,0.2068698332,0.024975025,60,isoform,1.0,True,0.2068698332103615,True
ENST00000428278.6,ENSG00000129691.16,ASH2L,protein_coding,ASH2L-202,protein_coding,ENSP00000395310.2,ENSG00000129691.16;ENST00000428278.6,-0.1130964882,0.015984016,60,isoform,1.0,True,-0.1130964882114515,True
ENST00000262815.13,ENSG00000129933.21,MAU2,protein_coding,MAU2-201,protein_coding,ENSP00000262815.9,ENSG00000129933.21;ENST00000262815.13,0.1589555861,0.0044955045,60,isoform,1.0,True,0.1589555860631564,True
ENST00000379270.4,ENSG00000130066.16,SAT1,protein_coding,SAT1-204,protein_coding,ENSP00000368572.4,ENSG00000130066.16;ENST00000379270.4,-0.2436221775,0.0,60,isoform,0.0,True,-0.2436221774748192,True
ENST00000489394.5,ENSG00000130066.16,SAT1,protein_coding,SAT1-209,processed_transcript,,ENSG00000130066.16;ENST00000489394.5,0.1508390257,0.001998002,60,isoform,1.0,True,0.1508390256630159,True
ENST00000392011.7,ENSG00000130147.16,SH3BP4,protein_coding,SH3BP4-202,protein_coding,ENSP00000375867.2,ENSG00000130147.16;ENST00000392011.7,-0.2186872805,0.0024975025,60,isoform,1.0,True,-0.2186872805171805,True
ENST00000484097.1,ENSG00000130147.16,SH3BP4,protein_coding,SH3BP4-209,processed_transcript,,ENSG00000130147.16;ENST00000484097.1,0.2055979294,0.0024975025,60,isoform,1.0,True,0.2055979293751654,True
ENST00000252530.9,ENSG00000130244.12,FAM98C,protein_coding,FAM98C-201,protein_coding,ENSP00000252530.4,ENSG00000130244.12;ENST00000252530.9,0.206856146,0.007992008,60,isoform,1.0,True,0.2068561459709771,True
ENST00000252594.10,ENSG00000130305.17,NSUN5,protein_coding,NSUN5-201,protein_coding,ENSP00000252594.6,ENSG00000130305.17;ENST00000252594.10,-0.1391985855,0.0034965035,60,isoform,1.0,True,-0.1391985855184758,True
ENST00000310326.8,ENSG00000130305.17,NSUN5,protein_coding,NSUN5-202,protein_coding,ENSP00000309126.8,ENSG00000130305.17;ENST00000310326.8,0.1637023064,0.0024975025,60,isoform,1.0,True,0.1637023064259168,True
ENST00000369044.1,ENSG00000130348.11,QRSL1,protein_coding,QRSL1-201,protein_coding,ENSP00000358040.1,ENSG00000130348.11;ENST00000369044.1,-0.1345724267,0.0334665335,60,isoform,1.0,True,-0.1345724267177823,True
ENST00000369046.8,ENSG00000130348.11,QRSL1,protein_coding,QRSL1-202,protein_coding,ENSP00000358042.4,ENSG00000130348.11;ENST00000369046.8,0.1709859158,0.018981019,60,isoform,1.0,True,0.1709859158415207,True
ENST00000400824.8,ENSG00000130396.20,AFDN,protein_coding,AFDN-208,protein_coding,ENSP00000383625.4,ENSG00000130396.20;ENST00000400824.8,-0.1073017547,0.044955045,60,isoform,1.0,True,-0.1073017547463555,True
ENST00000427522.6,ENSG00000130589.16,HELZ2,protein_coding,HELZ2-202,protein_coding,ENSP00000393257.2,ENSG00000130589.16;ENST00000427522.6,0.1265585882,0.047952048,60,isoform,1.0,True,0.126558588202985,True
ENST00000252971.11,ENSG00000130675.15,MNX1,protein_coding,MNX1-201,protein_coding,ENSP00000252971.5,ENSG00000130675.15;ENST00000252971.11,0.1451585703,0.031968032,60,isoform,1.0,True,0.1451585703404619,True
ENST00000372358.10,ENSG00000130713.16,EXOSC2,protein_coding,EXOSC2-204,protein_coding,ENSP00000361433.5,ENSG00000130713.16;ENST00000372358.10,0.1205876933,0.003996004,60,isoform,1.0,True,0.1205876932971754,True
ENST00000372215.5,ENSG00000130717.13,UCK1,protein_coding,UCK1-204,protein_coding,ENSP00000361289.4,ENSG00000130717.13;ENST00000372215.5,0.1188650885,0.005994006,60,isoform,1.0,True,0.1188650885208496,True
ENST00000253055.8,ENSG00000130758.8,MAP3K10,protein_coding,MAP3K10-201,protein_coding,ENSP00000253055.2,ENSG00000130758.8;ENST00000253055.8,0.1314466989,0.0244755245,60,isoform,1.0,True,0.1314466989379553,True
ENST00000594791.1,ENSG00000130758.8,MAP3K10,protein_coding,MAP3K10-205,retained_intron,,ENSG00000130758.8;ENST00000594791.1,-0.1271924187,0.0254745255,60,isoform,1.0,True,-0.127192418670215,True
ENST00000454018.6,ENSG00000131018.24,SYNE1,protein_coding,SYNE1-214,protein_coding,ENSP00000390858.3,ENSG00000131018.24;ENST00000454018.6,0.1402039811,0.045954046,60,isoform,1.0,True,0.1402039811297789,True
ENST00000493497.1,ENSG00000131061.14,ZNF341,protein_coding,ZNF341-204,retained_intron,,ENSG00000131061.14;ENST00000493497.1,-0.1734218781,0.047952048,60,isoform,1.0,True,-0.1734218780826566,True
ENST00000332687.11,ENSG00000131263.13,RLIM,protein_coding,RLIM-201,protein_coding,ENSP00000328059.6,ENSG00000131263.13;ENST00000332687.11,-0.1691724213,0.014985015,60,isoform,1.0,True,-0.1691724212647296,True
ENST00000349225.2,ENSG00000131263.13,RLIM,protein_coding,RLIM-202,protein_coding,ENSP00000253571.3,ENSG00000131263.13;ENST00000349225.2,0.1691724213,0.014985015,60,isoform,1.0,True,0.1691724212647298,True
ENST00000420267.5,ENSG00000131368.8,MRPS25,protein_coding,MRPS25-202,nonsense_mediated_decay,ENSP00000396828.1,ENSG00000131368.8;ENST00000420267.5,0.1195994896,0.0024975025,60,isoform,1.0,True,0.1195994895633222,True
ENST00000253699.7,ENSG00000131381.12,RBSN,protein_coding,RBSN-201,protein_coding,ENSP00000253699.3,ENSG00000131381.12;ENST00000253699.7,-0.1033576994,0.047952048,60,isoform,1.0,True,-0.10335769939353,True
ENST00000393795.8,ENSG00000131470.15,PSMC3IP,protein_coding,PSMC3IP-202,protein_coding,ENSP00000377384.2,ENSG00000131470.15;ENST00000393795.8,0.1054148946,0.0084915085,60,isoform,1.0,True,0.1054148946320893,True
ENST00000253861.5,ENSG00000131558.15,EXOC4,protein_coding,EXOC4-201,protein_coding,ENSP00000253861.4,ENSG00000131558.15;ENST00000253861.5,-0.1523287455,0.0044955045,60,isoform,1.0,True,-0.152328745475714,True
ENST00000481074.1,ENSG00000131558.15,EXOC4,protein_coding,EXOC4-215,processed_transcript,,ENSG00000131558.15;ENST00000481074.1,0.1361133971,0.0044955045,60,isoform,1.0,True,0.1361133971084054,True
ENST00000303746.10,ENSG00000131650.14,KREMEN2,protein_coding,KREMEN2-201,protein_coding,ENSP00000304422.5,ENSG00000131650.14;ENST00000303746.10,0.2096086392,0.020979021,60,isoform,1.0,True,0.2096086392160496,True
ENST00000254616.11,ENSG00000132286.12,TIMM10B,protein_coding,TIMM10B-201,protein_coding,ENSP00000254616.6,ENSG00000132286.12;ENST00000254616.11,-0.1026962934,0.0174825175,60,isoform,1.0,True,-0.1026962933531865,True
ENST00000438806.5,ENSG00000132424.16,PNISR,protein_coding,PNISR-202,protein_coding,ENSP00000387997.1,ENSG00000132424.16;ENST00000438806.5,0.161702005,0.000999001,60,isoform,1.0,True,0.1617020050437299,True
ENST00000460600.1,ENSG00000132424.16,PNISR,protein_coding,PNISR-203,processed_transcript,,ENSG00000132424.16;ENST00000460600.1,-0.1497748614,0.001998002,60,isoform,1.0,True,-0.1497748614274496,True
ENST00000611683.1,ENSG00000132485.14,ZRANB2,protein_coding,ZRANB2-207,protein_coding,ENSP00000482026.1,ENSG00000132485.14;ENST00000611683.1,0.1297519005,0.001998002,60,isoform,1.0,True,0.1297519004739729,True
ENST00000649520.1,ENSG00000132535.21,DLG4,protein_coding,DLG4-221,protein_coding,ENSP00000497647.1,ENSG00000132535.21;ENST00000649520.1,0.1549493137,0.0204795205,60,isoform,1.0,True,0.154949313678368,True
ENST00000650120.1,ENSG00000132535.21,DLG4,protein_coding,DLG4-223,protein_coding,ENSP00000497553.1,ENSG00000132535.21;ENST00000650120.1,0.1029981308,0.03996004,60,isoform,1.0,True,0.1029981307895944,True
ENST00000495883.1,ENSG00000132639.13,SNAP25,protein_coding,SNAP25-205,processed_transcript,,ENSG00000132639.13;ENST00000495883.1,-0.1729094014,0.027972028,60,isoform,1.0,True,-0.1729094013889497,True
ENST00000368320.7,ENSG00000132680.11,KHDC4,protein_coding,KHDC4-202,protein_coding,ENSP00000357303.3,ENSG00000132680.11;ENST00000368320.7,-0.1683333431,0.0,60,isoform,0.0,True,-0.1683333430564996,True
ENST00000368321.8,ENSG00000132680.11,KHDC4,protein_coding,KHDC4-203,protein_coding,ENSP00000357304.3,ENSG00000132680.11;ENST00000368321.8,0.1476994013,0.002997003,60,isoform,1.0,True,0.1476994012928962,True
ENST00000368194.8,ENSG00000132694.19,ARHGEF11,protein_coding,ARHGEF11-202,protein_coding,ENSP00000357177.3,ENSG00000132694.19;ENST00000368194.8,0.1727574941,0.0184815185,60,isoform,1.0,True,0.1727574941031083,True
ENST00000432435.2,ENSG00000132749.11,TESMIN,protein_coding,TESMIN-202,processed_transcript,,ENSG00000132749.11;ENST00000432435.2,-0.1478115437,0.0244755245,60,isoform,1.0,True,-0.1478115437083517,True
ENST00000255108.8,ENSG00000132768.14,DPH2,protein_coding,DPH2-201,protein_coding,ENSP00000255108.3,ENSG00000132768.14;ENST00000255108.8,0.1277662248,0.00999001,60,isoform,1.0,True,0.1277662247835636,True
ENST00000482094.5,ENSG00000132781.19,MUTYH,protein_coding,MUTYH-226,retained_intron,,ENSG00000132781.19;ENST00000482094.5,-0.1000972252,0.0274725275,60,isoform,1.0,True,-0.1000972252283027,True
ENST00000497558.5,ENSG00000133114.18,GPALPP1,protein_coding,GPALPP1-206,nonsense_mediated_decay,ENSP00000432500.1,ENSG00000133114.18;ENST00000497558.5,-0.1163255961,0.0224775225,60,isoform,1.0,True,-0.1163255961185318,True
ENST00000611650.1,ENSG00000133114.18,GPALPP1,protein_coding,GPALPP1-207,protein_coding,ENSP00000480028.1,ENSG00000133114.18;ENST00000611650.1,0.1171239154,0.0224775225,60,isoform,1.0,True,0.1171239153778254,True
ENST00000255613.8,ENSG00000133247.14,KMT5C,protein_coding,KMT5C-201,protein_coding,ENSP00000255613.3,ENSG00000133247.14;ENST00000255613.8,0.188486667,0.0034965035,60,isoform,1.0,True,0.1884866669821841,True
ENST00000445196.5,ENSG00000133247.14,KMT5C,protein_coding,KMT5C-203,nonsense_mediated_decay,ENSP00000397296.1,ENSG00000133247.14;ENST00000445196.5,0.1685021624,0.005994006,60,isoform,1.0,True,0.1685021624044603,True
ENST00000491948.5,ENSG00000133460.19,SLC2A11,protein_coding,SLC2A11-221,retained_intron,,ENSG00000133460.19;ENST00000491948.5,0.1085684699,0.0254745255,60,isoform,1.0,True,0.108568469907717,True
ENST00000256001.13,ENSG00000133627.18,ACTR3B,protein_coding,ACTR3B-201,protein_coding,ENSP00000256001.8,ENSG00000133627.18;ENST00000256001.13,0.1127007696,0.013986014,60,isoform,1.0,True,0.112700769593006,True
ENST00000539277.6,ENSG00000133687.16,TMTC1,protein_coding,TMTC1-203,protein_coding,ENSP00000442046.1,ENSG00000133687.16;ENST00000539277.6,-0.2177350532,0.001998002,60,isoform,1.0,True,-0.2177350531733456,True
ENST00000529050.5,ENSG00000133794.19,ARNTL,protein_coding,ARNTL-213,protein_coding,ENSP00000434044.1,ENSG00000133794.19;ENST00000529050.5,0.1356370133,0.0424575425,60,isoform,1.0,True,0.1356370132680286,True
ENST00000256190.12,ENSG00000133812.16,SBF2,protein_coding,SBF2-201,protein_coding,ENSP00000256190.8,ENSG00000133812.16;ENST00000256190.12,0.1266197805,0.0284715285,60,isoform,1.0,True,0.126619780522037,True
ENST00000529587.1,ENSG00000133812.16,SBF2,protein_coding,SBF2-209,retained_intron,,ENSG00000133812.16;ENST00000529587.1,-0.1079266604,0.041958042,60,isoform,1.0,True,-0.1079266604021282,True
ENST00000550963.1,ENSG00000133858.17,ZFC3H1,protein_coding,ZFC3H1-209,retained_intron,,ENSG00000133858.17;ENST00000550963.1,-0.1084962736,0.0224775225,60,isoform,1.0,True,-0.1084962736158326,True
ENST00000558266.5,ENSG00000134146.12,DPH6,protein_coding,DPH6-203,protein_coding,ENSP00000454015.1,ENSG00000134146.12;ENST00000558266.5,0.1193176699,0.005994006,60,isoform,1.0,True,0.1193176698861278,True
ENST00000370021.1,ENSG00000134186.12,PRPF38B,protein_coding,PRPF38B-201,protein_coding,ENSP00000359038.1,ENSG00000134186.12;ENST00000370021.1,0.1346843054,0.0074925075,60,isoform,1.0,True,0.1346843053697809,True
ENST00000485810.1,ENSG00000134186.12,PRPF38B,protein_coding,PRPF38B-205,processed_transcript,,ENSG00000134186.12;ENST00000485810.1,-0.1058656735,0.0174825175,60,isoform,1.0,True,-0.1058656735376082,True
ENST00000415432.6,ENSG00000134215.16,VAV3,protein_coding,VAV3-203,protein_coding,ENSP00000394897.2,ENSG00000134215.16;ENST00000415432.6,0.160356478,0.0124875125,60,isoform,1.0,True,0.1603564780187706,True
ENST00000369909.6,ENSG00000134222.16,PSRC1,protein_coding,PSRC1-204,protein_coding,ENSP00000358925.2,ENSG00000134222.16;ENST00000369909.6,0.1498900289,0.0044955045,60,isoform,1.0,True,0.1498900289051966,True
ENST00000256649.9,ENSG00000134253.10,TRIM45,protein_coding,TRIM45-201,protein_coding,ENSP00000256649.4,ENSG00000134253.10;ENST00000256649.9,-0.2285961284,0.0114885115,60,isoform,1.0,True,-0.2285961283991173,True
ENST00000497970.5,ENSG00000134253.10,TRIM45,protein_coding,TRIM45-205,nonsense_mediated_decay,ENSP00000431261.1,ENSG00000134253.10;ENST00000497970.5,0.1194627611,0.0494505495,60,isoform,1.0,True,0.1194627611421164,True
ENST00000444214.6,ENSG00000134285.11,FKBP11,protein_coding,FKBP11-202,protein_coding,ENSP00000412403.2,ENSG00000134285.11;ENST00000444214.6,0.1377330263,0.016983017,60,isoform,1.0,True,0.1377330263052472,True
ENST00000553027.1,ENSG00000134285.11,FKBP11,protein_coding,FKBP11-213,retained_intron,,ENSG00000134285.11;ENST00000553027.1,-0.1195896761,0.021978022,60,isoform,1.0,True,-0.1195896761109984,True
ENST00000256682.9,ENSG00000134287.10,ARF3,protein_coding,ARF3-201,protein_coding,ENSP00000256682.4,ENSG00000134287.10;ENST00000256682.9,-0.2237615214,0.0014985015,60,isoform,1.0,True,-0.2237615213751186,True
ENST00000447318.6,ENSG00000134287.10,ARF3,protein_coding,ARF3-202,protein_coding,ENSP00000395370.2,ENSG00000134287.10;ENST00000447318.6,0.1371995243,0.0034965035,60,isoform,1.0,True,0.1371995242692299,True
ENST00000541959.5,ENSG00000134287.10,ARF3,protein_coding,ARF3-208,protein_coding,ENSP00000438510.1,ENSG00000134287.10;ENST00000541959.5,0.1109387719,0.0064935065,60,isoform,1.0,True,0.1109387719231418,True
ENST00000650197.1,ENSG00000134371.14,CDC73,protein_coding,CDC73-213,nonsense_mediated_decay,ENSP00000496929.1,ENSG00000134371.14;ENST00000650197.1,0.1058149674,0.0174825175,60,isoform,1.0,True,0.1058149673598771,True
ENST00000380092.8,ENSG00000134461.16,ANKRD16,protein_coding,ANKRD16-202,protein_coding,ENSP00000369434.4,ENSG00000134461.16;ENST00000380092.8,0.1624604951,0.015984016,60,isoform,1.0,True,0.1624604950648718,True
ENST00000379215.9,ENSG00000134463.15,ECHDC3,protein_coding,ECHDC3-201,protein_coding,ENSP00000368517.4,ENSG00000134463.15;ENST00000379215.9,0.146007193,0.023976024,60,isoform,1.0,True,0.1460071929906726,True
ENST00000373062.8,ENSG00000134697.13,GNL2,protein_coding,GNL2-201,protein_coding,ENSP00000362153.3,ENSG00000134697.13;ENST00000373062.8,0.1001669016,0.0164835165,60,isoform,1.0,True,0.10016690160072,True
ENST00000496257.1,ENSG00000134698.11,AGO4,protein_coding,AGO4-203,processed_transcript,,ENSG00000134698.11;ENST00000496257.1,-0.3845888954,0.0154845155,60,isoform,1.0,True,-0.3845888954203985,True
ENST00000360629.3,ENSG00000134884.15,ARGLU1,protein_coding,ARGLU1-201,processed_transcript,,ENSG00000134884.15;ENST00000360629.3,0.2416451736,0.0,60,isoform,0.0,True,0.2416451736182351,True
ENST00000472226.2,ENSG00000134884.15,ARGLU1,protein_coding,ARGLU1-204,retained_intron,,ENSG00000134884.15;ENST00000472226.2,-0.3201772846,0.0,60,isoform,0.0,True,-0.3201772846177771,True
ENST00000490317.1,ENSG00000134897.14,BIVM,protein_coding,BIVM-205,retained_intron,,ENSG00000134897.14;ENST00000490317.1,-0.1205132106,0.026973027,60,isoform,1.0,True,-0.1205132106236308,True
ENST00000513710.3,ENSG00000134987.11,WDR36,protein_coding,WDR36-204,protein_coding,ENSP00000424628.3,ENSG00000134987.11;ENST00000513710.3,0.2100216222,0.001998002,60,isoform,1.0,True,0.2100216221779834,True
ENST00000612402.4,ENSG00000134987.11,WDR36,protein_coding,WDR36-206,protein_coding,ENSP00000479950.1,ENSG00000134987.11;ENST00000612402.4,-0.1450446482,0.0084915085,60,isoform,1.0,True,-0.1450446481838986,True
ENST00000361671.10,ENSG00000135040.16,NAA35,protein_coding,NAA35-201,protein_coding,ENSP00000354972.5,ENSG00000135040.16;ENST00000361671.10,-0.1402677462,0.01998002,60,isoform,1.0,True,-0.1402677461829626,True
ENST00000257548.10,ENSG00000135093.13,USP30,protein_coding,USP30-201,protein_coding,ENSP00000257548.5,ENSG00000135093.13;ENST00000257548.10,0.1299076028,0.0464535465,60,isoform,1.0,True,0.1299076027822863,True
ENST00000349155.7,ENSG00000135111.16,TBX3,protein_coding,TBX3-202,protein_coding,ENSP00000257567.2,ENSG00000135111.16;ENST00000349155.7,0.1236756134,0.010989011,60,isoform,1.0,True,0.1236756133538311,True
ENST00000620239.4,ENSG00000135114.12,OASL,protein_coding,OASL-204,protein_coding,ENSP00000479512.1,ENSG00000135114.12;ENST00000620239.4,0.1472639792,0.045954046,60,isoform,1.0,True,0.1472639792397138,True
ENST00000337233.9,ENSG00000135124.15,P2RX4,protein_coding,P2RX4-202,protein_coding,ENSP00000336607.4,ENSG00000135124.15;ENST00000337233.9,0.1246735526,0.036963037,60,isoform,1.0,True,0.1246735526166942,True
ENST00000331242.12,ENSG00000135164.19,DMTF1,protein_coding,DMTF1-201,protein_coding,ENSP00000332171.7,ENSG00000135164.19;ENST00000331242.12,0.152462664,0.0,60,isoform,0.0,True,0.1524626639551899,True
ENST00000479630.1,ENSG00000135341.18,MAP3K7,protein_coding,MAP3K7-206,processed_transcript,,ENSG00000135341.18;ENST00000479630.1,-0.1126853762,0.022977023,60,isoform,1.0,True,-0.1126853762098012,True
ENST00000317287.5,ENSG00000135392.17,DNAJC14,protein_coding,DNAJC14-201,protein_coding,ENSP00000317500.5,ENSG00000135392.17;ENST00000317287.5,0.1806237943,0.001998002,60,isoform,1.0,True,0.1806237942722598,True
ENST00000357606.7,ENSG00000135392.17,DNAJC14,protein_coding,DNAJC14-202,protein_coding,ENSP00000350223.3,ENSG00000135392.17;ENST00000357606.7,-0.1693972135,0.002997003,60,isoform,1.0,True,-0.1693972134722443,True
ENST00000550764.5,ENSG00000135454.14,B4GALNT1,protein_coding,B4GALNT1-208,protein_coding,ENSP00000450303.1,ENSG00000135454.14;ENST00000550764.5,0.1008314291,0.032967033,60,isoform,1.0,True,0.1008314290928386,True
ENST00000433805.6,ENSG00000135469.13,COQ10A,protein_coding,COQ10A-202,protein_coding,ENSP00000407843.2,ENSG00000135469.13;ENST00000433805.6,0.107512276,0.00999001,60,isoform,1.0,True,0.107512276041385,True
ENST00000367663.8,ENSG00000135597.19,REPS1,protein_coding,REPS1-202,protein_coding,ENSP00000356635.4,ENSG00000135597.19;ENST00000367663.8,0.1378861026,0.0174825175,60,isoform,1.0,True,0.1378861026154343,True
ENST00000393965.8,ENSG00000135637.14,CCDC142,protein_coding,CCDC142-202,protein_coding,ENSP00000377537.3,ENSG00000135637.14;ENST00000393965.8,0.1359919224,0.042957043,60,isoform,1.0,True,0.1359919224316936,True
ENST00000472962.1,ENSG00000135637.14,CCDC142,protein_coding,CCDC142-205,retained_intron,,ENSG00000135637.14;ENST00000472962.1,-0.1645730347,0.0304695305,60,isoform,1.0,True,-0.1645730346936603,True
ENST00000544125.1,ENSG00000135679.25,MDM2,protein_coding,MDM2-231,processed_transcript,,ENSG00000135679.25;ENST00000544125.1,0.1308570458,0.0114885115,60,isoform,1.0,True,0.1308570457837808,True
ENST00000258157.9,ENSG00000135686.13,KLHL36,protein_coding,KLHL36-201,protein_coding,ENSP00000258157.5,ENSG00000135686.13;ENST00000258157.9,0.157166073,0.01998002,60,isoform,1.0,True,0.157166073025287,True
ENST00000564996.6,ENSG00000135686.13,KLHL36,protein_coding,KLHL36-204,protein_coding,ENSP00000456743.1,ENSG00000135686.13;ENST00000564996.6,-0.1321167305,0.0274725275,60,isoform,1.0,True,-0.1321167304586826,True
ENST00000538274.5,ENSG00000135709.12,KIAA0513,protein_coding,KIAA0513-202,protein_coding,ENSP00000446439.1,ENSG00000135709.12;ENST00000538274.5,-0.1899971741,0.0474525475,60,isoform,1.0,True,-0.189997174113327,True
ENST00000518148.1,ENSG00000135722.9,FBXL8,protein_coding,FBXL8-203,protein_coding,ENSP00000464169.1,ENSG00000135722.9;ENST00000518148.1,-0.2649519036,0.0024975025,60,isoform,1.0,True,-0.2649519036196781,True
ENST00000519917.5,ENSG00000135722.9,FBXL8,protein_coding,FBXL8-206,protein_coding,ENSP00000430490.1,ENSG00000135722.9;ENST00000519917.5,0.185911538,0.0084915085,60,isoform,1.0,True,0.1859115379898648,True
ENST00000258201.9,ENSG00000135723.14,FHOD1,protein_coding,FHOD1-201,protein_coding,ENSP00000258201.4,ENSG00000135723.14;ENST00000258201.9,0.1752010576,0.0034965035,60,isoform,1.0,True,0.1752010575890941,True
ENST00000258281.6,ENSG00000135801.9,TAF5L,protein_coding,TAF5L-201,protein_coding,ENSP00000258281.2,ENSG00000135801.9;ENST00000258281.6,0.2010812467,0.0104895105,60,isoform,1.0,True,0.2010812466669311,True
ENST00000479721.5,ENSG00000135838.13,NPL,protein_coding,NPL-210,processed_transcript,,ENSG00000135838.13;ENST00000479721.5,0.2359574159,0.013986014,60,isoform,1.0,True,0.2359574158907603,True
ENST00000258341.5,ENSG00000135862.6,LAMC1,protein_coding,LAMC1-201,protein_coding,ENSP00000258341.3,ENSG00000135862.6;ENST00000258341.5,-0.1055786995,0.0034965035,60,isoform,1.0,True,-0.1055786995314308,True
ENST00000258399.8,ENSG00000135913.11,USP37,protein_coding,USP37-201,protein_coding,ENSP00000258399.3,ENSG00000135913.11;ENST00000258399.8,-0.3670251981,0.008991009,60,isoform,1.0,True,-0.3670251981262214,True
ENST00000393445.7,ENSG00000135945.10,REV1,protein_coding,REV1-202,protein_coding,ENSP00000377091.3,ENSG00000135945.10;ENST00000393445.7,0.1014549524,0.0254745255,60,isoform,1.0,True,0.1014549524266177,True
ENST00000496253.1,ENSG00000135953.11,MFSD9,protein_coding,MFSD9-208,processed_transcript,,ENSG00000135953.11;ENST00000496253.1,0.2721065527,0.0084915085,60,isoform,1.0,True,0.2721065526597193,True
ENST00000258530.8,ENSG00000136044.12,APPL2,protein_coding,APPL2-201,protein_coding,ENSP00000258530.3,ENSG00000136044.12;ENST00000258530.8,0.203020137,0.00999001,60,isoform,1.0,True,0.2030201370107258,True
ENST00000547790.1,ENSG00000136044.12,APPL2,protein_coding,APPL2-206,retained_intron,,ENSG00000136044.12;ENST00000547790.1,-0.131446622,0.0304695305,60,isoform,1.0,True,-0.1314466219578301,True
ENST00000651376.1,ENSG00000136122.18,BORA,protein_coding,BORA-207,nonsense_mediated_decay,ENSP00000499159.1,ENSG00000136122.18;ENST00000651376.1,0.1050358203,0.0334665335,60,isoform,1.0,True,0.1050358203068193,True
ENST00000378319.8,ENSG00000136147.18,PHF11,protein_coding,PHF11-202,protein_coding,ENSP00000367570.3,ENSG00000136147.18;ENST00000378319.8,0.1523187317,0.03996004,60,isoform,1.0,True,0.1523187317316475,True
ENST00000349995.10,ENSG00000136152.15,COG3,protein_coding,COG3-201,protein_coding,ENSP00000258654.8,ENSG00000136152.15;ENST00000349995.10,-0.3545713242,0.000999001,60,isoform,1.0,True,-0.354571324212925,True
ENST00000618913.1,ENSG00000136152.15,COG3,protein_coding,COG3-207,processed_transcript,,ENSG00000136152.15;ENST00000618913.1,0.1172852895,0.023976024,60,isoform,1.0,True,0.1172852895306164,True
ENST00000258743.10,ENSG00000136244.12,IL6,protein_coding,IL6-201,protein_coding,ENSP00000258743.5,ENSG00000136244.12;ENST00000258743.10,0.2561756825,0.0014985015,60,isoform,1.0,True,0.2561756825350477,True
ENST00000426291.5,ENSG00000136244.12,IL6,protein_coding,IL6-207,protein_coding,ENSP00000405150.1,ENSG00000136244.12;ENST00000426291.5,-0.1330411421,0.00999001,60,isoform,1.0,True,-0.1330411421314096,True
ENST00000431926.6,ENSG00000136485.15,DCAF7,protein_coding,DCAF7-202,nonsense_mediated_decay,ENSP00000402312.2,ENSG00000136485.15;ENST00000431926.6,0.2250192291,0.0034965035,60,isoform,1.0,True,0.2250192290754291,True
ENST00000614556.5,ENSG00000136485.15,DCAF7,protein_coding,DCAF7-205,protein_coding,ENSP00000483236.1,ENSG00000136485.15;ENST00000614556.5,-0.2339178272,0.0034965035,60,isoform,1.0,True,-0.2339178272049735,True
ENST00000259119.9,ENSG00000136603.14,SKIL,protein_coding,SKIL-201,protein_coding,ENSP00000259119.4,ENSG00000136603.14;ENST00000259119.9,-0.5473162142,0.0,60,isoform,0.0,True,-0.5473162141645627,True
ENST00000465590.1,ENSG00000136603.14,SKIL,protein_coding,SKIL-205,processed_transcript,,ENSG00000136603.14;ENST00000465590.1,0.2273909378,0.005994006,60,isoform,1.0,True,0.22739093781927,True
ENST00000259253.11,ENSG00000136731.13,UGGT1,protein_coding,UGGT1-201,protein_coding,ENSP00000259253.6,ENSG00000136731.13;ENST00000259253.11,-0.1618307975,0.002997003,60,isoform,1.0,True,-0.1618307975002758,True
ENST00000418197.1,ENSG00000136731.13,UGGT1,protein_coding,UGGT1-203,protein_coding,ENSP00000389441.1,ENSG00000136731.13;ENST00000418197.1,0.1322517248,0.0074925075,60,isoform,1.0,True,0.1322517248370672,True
ENST00000372429.8,ENSG00000136878.14,USP20,protein_coding,USP20-203,protein_coding,ENSP00000361506.3,ENSG00000136878.14;ENST00000372429.8,0.1579829103,0.0114885115,60,isoform,1.0,True,0.1579829103314949,True
ENST00000496927.5,ENSG00000136878.14,USP20,protein_coding,USP20-209,processed_transcript,,ENSG00000136878.14;ENST00000496927.5,-0.1022248704,0.028971029,60,isoform,1.0,True,-0.1022248704107136,True
ENST00000341170.5,ENSG00000136925.15,TSTD2,protein_coding,TSTD2-201,protein_coding,ENSP00000342499.4,ENSG00000136925.15;ENST00000341170.5,0.2133474492,0.017982018,60,isoform,1.0,True,0.2133474491800677,True
ENST00000259477.6,ENSG00000136950.13,ARPC5L,protein_coding,ARPC5L-201,protein_coding,ENSP00000259477.6,ENSG00000136950.13;ENST00000259477.6,0.103189275,0.005994006,60,isoform,1.0,True,0.1031892749615719,True
ENST00000377885.6,ENSG00000137075.18,RNF38,protein_coding,RNF38-206,protein_coding,ENSP00000367117.2,ENSG00000137075.18;ENST00000377885.6,0.5073015846,0.003996004,60,isoform,1.0,True,0.507301584611572,True
ENST00000468876.1,ENSG00000137135.18,ARHGEF39,protein_coding,ARHGEF39-202,processed_transcript,,ENSG00000137135.18;ENST00000468876.1,-0.112617722,0.023976024,60,isoform,1.0,True,-0.1126177219631097,True
ENST00000474952.5,ENSG00000137203.14,TFAP2A,protein_coding,TFAP2A-210,retained_intron,,ENSG00000137203.14;ENST00000474952.5,-0.1000119175,0.0144855145,60,isoform,1.0,True,-0.100011917502976,True
ENST00000372452.5,ENSG00000137221.14,TJAP1,protein_coding,TJAP1-205,protein_coding,ENSP00000361530.1,ENSG00000137221.14;ENST00000372452.5,0.1859728393,0.0114885115,60,isoform,1.0,True,0.1859728392558398,True
ENST00000454762.1,ENSG00000137221.14,TJAP1,protein_coding,TJAP1-210,protein_coding,ENSP00000391115.1,ENSG00000137221.14;ENST00000454762.1,-0.1245642139,0.0304695305,60,isoform,1.0,True,-0.1245642138880922,True
ENST00000423798.1,ENSG00000137274.13,BPHL,protein_coding,BPHL-204,protein_coding,ENSP00000395744.1,ENSG00000137274.13;ENST00000423798.1,0.1236636897,0.0184815185,60,isoform,1.0,True,0.1236636896912661,True
ENST00000374231.8,ENSG00000137288.10,UQCC2,protein_coding,UQCC2-202,protein_coding,ENSP00000363348.4,ENSG00000137288.10;ENST00000374231.8,0.1174154112,0.0054945055,60,isoform,1.0,True,0.1174154112270597,True
ENST00000497194.6,ENSG00000137496.18,IL18BP,protein_coding,IL18BP-209,protein_coding,ENSP00000434717.1,ENSG00000137496.18;ENST00000497194.6,-0.1464383475,0.032967033,60,isoform,1.0,True,-0.1464383475024602,True
ENST00000260056.6,ENSG00000137502.10,RAB30,protein_coding,RAB30-201,protein_coding,ENSP00000260056.2,ENSG00000137502.10;ENST00000260056.6,0.1181093371,0.035964036,60,isoform,1.0,True,0.1181093371152003,True
ENST00000527633.6,ENSG00000137502.10,RAB30,protein_coding,RAB30-205,protein_coding,ENSP00000435089.1,ENSG00000137502.10;ENST00000527633.6,-0.2188825181,0.005994006,60,isoform,1.0,True,-0.2188825181085068,True
ENST00000534141.5,ENSG00000137502.10,RAB30,protein_coding,RAB30-214,protein_coding,ENSP00000434974.1,ENSG00000137502.10;ENST00000534141.5,0.146759359,0.0234765235,60,isoform,1.0,True,0.1467593589813899,True
ENST00000527447.1,ENSG00000137504.13,CREBZF,protein_coding,CREBZF-204,protein_coding,ENSP00000433459.1,ENSG00000137504.13;ENST00000527447.1,-0.1583948609,0.0024975025,60,isoform,1.0,True,-0.1583948609461488,True
ENST00000527529.6,ENSG00000137504.13,CREBZF,protein_coding,CREBZF-205,nonsense_mediated_decay,ENSP00000433380.2,ENSG00000137504.13;ENST00000527529.6,0.1534298913,0.002997003,60,isoform,1.0,True,0.1534298912573778,True
ENST00000457542.7,ENSG00000137802.14,MAPKBP1,protein_coding,MAPKBP1-202,protein_coding,ENSP00000397570.2,ENSG00000137802.14;ENST00000457542.7,0.2354337333,0.0134865135,60,isoform,1.0,True,0.2354337332539509,True
ENST00000399668.7,ENSG00000137812.20,KNL1,protein_coding,KNL1-202,protein_coding,ENSP00000382576.3,ENSG00000137812.20;ENST00000399668.7,-0.1372346131,0.0254745255,60,isoform,1.0,True,-0.1372346131461129,True
ENST00000569972.5,ENSG00000137817.17,PARP6,protein_coding,PARP6-222,retained_intron,,ENSG00000137817.17;ENST00000569972.5,-0.1080954568,0.0124875125,60,isoform,1.0,True,-0.1080954567541008,True
ENST00000288840.10,ENSG00000137834.15,SMAD6,protein_coding,SMAD6-201,protein_coding,ENSP00000288840.5,ENSG00000137834.15;ENST00000288840.10,0.1277866371,0.0164835165,60,isoform,1.0,True,0.1277866370961906,True
ENST00000612349.1,ENSG00000137834.15,SMAD6,protein_coding,SMAD6-205,processed_transcript,,ENSG00000137834.15;ENST00000612349.1,-0.1332631434,0.0164835165,60,isoform,1.0,True,-0.1332631433985548,True
ENST00000559352.1,ENSG00000137871.20,ZNF280D,protein_coding,ZNF280D-207,protein_coding,ENSP00000453912.1,ENSG00000137871.20;ENST00000559352.1,0.1405957239,0.040959041,60,isoform,1.0,True,0.1405957239091203,True
ENST00000370253.6,ENSG00000137942.16,FNBP1L,protein_coding,FNBP1L-203,protein_coding,ENSP00000359275.2,ENSG00000137942.16;ENST00000370253.6,0.1304285952,0.0394605395,60,isoform,1.0,True,0.1304285951619106,True
ENST00000319942.8,ENSG00000137955.16,RABGGTB,protein_coding,RABGGTB-201,protein_coding,ENSP00000317473.3,ENSG00000137955.16;ENST00000319942.8,0.1223146135,0.000999001,60,isoform,1.0,True,0.1223146135149729,True
ENST00000497476.5,ENSG00000138101.18,DTNB,protein_coding,DTNB-229,processed_transcript,,ENSG00000138101.18;ENST00000497476.5,0.2325298345,0.0064935065,60,isoform,1.0,True,0.2325298344835232,True
ENST00000238936.8,ENSG00000138111.14,MFSD13A,protein_coding,MFSD13A-201,protein_coding,ENSP00000238936.3,ENSG00000138111.14;ENST00000238936.8,-0.1985484496,0.0314685315,60,isoform,1.0,True,-0.1985484495519024,True
ENST00000369001.5,ENSG00000138162.19,TACC2,protein_coding,TACC2-208,protein_coding,ENSP00000357997.1,ENSG00000138162.19;ENST00000369001.5,-0.1072768145,0.041958042,60,isoform,1.0,True,-0.1072768145479062,True
ENST00000480642.1,ENSG00000138172.11,CALHM2,protein_coding,CALHM2-206,processed_transcript,,ENSG00000138172.11;ENST00000480642.1,-0.1601092432,0.0414585415,60,isoform,1.0,True,-0.160109243181129,True
ENST00000354393.6,ENSG00000138347.16,MYPN,protein_coding,MYPN-201,protein_coding,ENSP00000346369.2,ENSG00000138347.16;ENST00000354393.6,0.1074743948,0.013986014,60,isoform,1.0,True,0.1074743948262114,True
ENST00000357276.9,ENSG00000138375.13,SMARCAL1,protein_coding,SMARCAL1-201,protein_coding,ENSP00000349823.4,ENSG00000138375.13;ENST00000357276.9,-0.1571392205,0.0124875125,60,isoform,1.0,True,-0.1571392205396027,True
ENST00000559798.2,ENSG00000138604.10,GLCE,protein_coding,GLCE-204,processed_transcript,,ENSG00000138604.10;ENST00000559798.2,0.1541668956,0.026973027,60,isoform,1.0,True,0.1541668955656159,True
ENST00000608478.1,ENSG00000138685.16,FGF2,protein_coding,FGF2-202,protein_coding,ENSP00000477134.1,ENSG00000138685.16;ENST00000608478.1,0.1271971602,0.028971029,60,isoform,1.0,True,0.1271971601859834,True
ENST00000507611.1,ENSG00000138738.10,PRDM5,protein_coding,PRDM5-209,retained_intron,,ENSG00000138738.10;ENST00000507611.1,0.1903413536,0.048951049,60,isoform,1.0,True,0.190341353582704,True
ENST00000389010.7,ENSG00000138756.17,BMP2K,protein_coding,BMP2K-202,nonsense_mediated_decay,ENSP00000373662.3,ENSG00000138756.17;ENST00000389010.7,0.2137714371,0.0224775225,60,isoform,1.0,True,0.2137714371208469,True
ENST00000427716.6,ENSG00000139132.14,FGD4,protein_coding,FGD4-202,protein_coding,ENSP00000394487.2,ENSG00000139132.14;ENST00000427716.6,-0.2271045805,0.043956044,60,isoform,1.0,True,-0.2271045805351904,True
ENST00000541875.1,ENSG00000139133.7,ALG10,protein_coding,ALG10-204,nonsense_mediated_decay,ENSP00000443142.1,ENSG00000139133.7;ENST00000541875.1,0.1098528298,0.0344655345,60,isoform,1.0,True,0.1098528297772048,True
ENST00000266517.9,ENSG00000139163.16,ETNK1,protein_coding,ETNK1-201,protein_coding,ENSP00000266517.4,ENSG00000139163.16;ENST00000266517.9,-0.2099749971,0.0034965035,60,isoform,1.0,True,-0.2099749971335037,True
ENST00000672951.1,ENSG00000139163.16,ETNK1,protein_coding,ETNK1-208,protein_coding,ENSP00000499814.1,ENSG00000139163.16;ENST00000672951.1,0.1048601895,0.022977023,60,isoform,1.0,True,0.1048601895286119,True
ENST00000266546.11,ENSG00000139182.15,CLSTN3,protein_coding,CLSTN3-201,protein_coding,ENSP00000266546.6,ENSG00000139182.15;ENST00000266546.11,0.2538276944,0.001998002,60,isoform,1.0,True,0.2538276944262696,True
ENST00000537408.1,ENSG00000139182.15,CLSTN3,protein_coding,CLSTN3-207,retained_intron,,ENSG00000139182.15;ENST00000537408.1,-0.1045575974,0.0374625375,60,isoform,1.0,True,-0.1045575973591555,True
ENST00000361716.7,ENSG00000139190.16,VAMP1,protein_coding,VAMP1-201,protein_coding,ENSP00000355122.3,ENSG00000139190.16;ENST00000361716.7,-0.2832255843,0.0014985015,60,isoform,1.0,True,-0.2832255842654325,True
ENST00000400911.7,ENSG00000139190.16,VAMP1,protein_coding,VAMP1-203,protein_coding,ENSP00000383702.3,ENSG00000139190.16;ENST00000400911.7,0.1691150476,0.0084915085,60,isoform,1.0,True,0.1691150476260267,True
ENST00000369367.8,ENSG00000139218.18,SCAF11,protein_coding,SCAF11-202,protein_coding,ENSP00000358374.3,ENSG00000139218.18;ENST00000369367.8,-0.1082070406,0.0114885115,60,isoform,1.0,True,-0.1082070405771247,True
ENST00000320743.8,ENSG00000139263.12,LRIG3,protein_coding,LRIG3-201,protein_coding,ENSP00000326759.3,ENSG00000139263.12;ENST00000320743.8,0.3065092839,0.0054945055,60,isoform,1.0,True,0.3065092838587604,True
ENST00000553118.5,ENSG00000139436.21,GIT2,protein_coding,GIT2-220,protein_coding,ENSP00000447465.1,ENSG00000139436.21;ENST00000553118.5,0.1648374206,0.015984016,60,isoform,1.0,True,0.1648374205724097,True
ENST00000420613.7,ENSG00000139620.13,KANSL2,protein_coding,KANSL2-201,protein_coding,ENSP00000415436.3,ENSG00000139620.13;ENST00000420613.7,-0.152161618,0.001998002,60,isoform,1.0,True,-0.152161618016116,True
ENST00000548254.1,ENSG00000139620.13,KANSL2,protein_coding,KANSL2-207,retained_intron,,ENSG00000139620.13;ENST00000548254.1,0.2124952156,0.000999001,60,isoform,1.0,True,0.2124952155621036,True
ENST00000549739.1,ENSG00000139651.11,ZNF740,protein_coding,ZNF740-202,retained_intron,,ENSG00000139651.11;ENST00000549739.1,-0.171487445,0.0034965035,60,isoform,1.0,True,-0.1714874449808622,True
ENST00000267229.11,ENSG00000139746.16,RBM26,protein_coding,RBM26-201,protein_coding,ENSP00000267229.7,ENSG00000139746.16;ENST00000267229.11,0.1253890107,0.0124875125,60,isoform,1.0,True,0.1253890106613662,True
ENST00000449987.6,ENSG00000139746.16,RBM26,protein_coding,RBM26-204,protein_coding,ENSP00000401474.2,ENSG00000139746.16;ENST00000449987.6,-0.1049222042,0.0224775225,60,isoform,1.0,True,-0.1049222041606679,True
ENST00000326039.3,ENSG00000139835.14,GRTP1,protein_coding,GRTP1-201,protein_coding,ENSP00000321850.3,ENSG00000139835.14;ENST00000326039.3,-0.1206618486,0.020979021,60,isoform,1.0,True,-0.1206618486067729,True
ENST00000555166.5,ENSG00000139977.14,NAA30,protein_coding,NAA30-203,protein_coding,ENSP00000450939.1,ENSG00000139977.14;ENST00000555166.5,0.1857007749,0.0214785215,60,isoform,1.0,True,0.1857007748945074,True
ENST00000335263.9,ENSG00000140153.18,WDR20,protein_coding,WDR20-203,protein_coding,ENSP00000335434.5,ENSG00000140153.18;ENST00000335263.9,-0.1234752147,0.030969031,60,isoform,1.0,True,-0.1234752147026104,True
ENST00000290209.9,ENSG00000140199.13,SLC12A6,protein_coding,SLC12A6-201,protein_coding,ENSP00000290209.5,ENSG00000140199.13;ENST00000290209.9,0.1730045376,0.01998002,60,isoform,1.0,True,0.1730045375875402,True
ENST00000612191.4,ENSG00000140299.13,BNIP2,protein_coding,BNIP2-213,protein_coding,ENSP00000479818.1,ENSG00000140299.13;ENST00000612191.4,0.110404844,0.0084915085,60,isoform,1.0,True,0.1104048439888842,True
ENST00000267938.9,ENSG00000140367.12,UBE2Q2,protein_coding,UBE2Q2-201,protein_coding,ENSP00000267938.4,ENSG00000140367.12;ENST00000267938.9,0.1691699838,0.022977023,60,isoform,1.0,True,0.1691699838025025,True
ENST00000558845.1,ENSG00000140382.15,HMG20A,protein_coding,HMG20A-206,protein_coding,ENSP00000452847.1,ENSG00000140382.15;ENST00000558845.1,0.1159757869,0.023976024,60,isoform,1.0,True,0.1159757869175859,True
ENST00000268043.8,ENSG00000140451.13,PIF1,protein_coding,PIF1-201,protein_coding,ENSP00000268043.4,ENSG00000140451.13;ENST00000268043.8,0.1418595864,0.004995005,60,isoform,1.0,True,0.1418595863630661,True
ENST00000558285.5,ENSG00000140455.17,USP3,protein_coding,USP3-208,protein_coding,ENSP00000453619.1,ENSG00000140455.17;ENST00000558285.5,0.1586360907,0.006993007,60,isoform,1.0,True,0.1586360906918799,True
ENST00000559718.1,ENSG00000140455.17,USP3,protein_coding,USP3-214,retained_intron,,ENSG00000140455.17;ENST00000559718.1,-0.1273301615,0.016983017,60,isoform,1.0,True,-0.1273301614681707,True
ENST00000559149.5,ENSG00000140471.17,LINS1,protein_coding,LINS1-202,processed_transcript,,ENSG00000140471.17;ENST00000559149.5,0.1268322049,0.0364635365,60,isoform,1.0,True,0.1268322048601232,True
ENST00000358463.2,ENSG00000140836.17,ZFHX3,protein_coding,ZFHX3-202,processed_transcript,,ENSG00000140836.17;ENST00000358463.2,0.1966977426,0.0434565435,60,isoform,1.0,True,0.196697742594292,True
ENST00000543141.5,ENSG00000140853.15,NLRC5,protein_coding,NLRC5-224,processed_transcript,,ENSG00000140853.15;ENST00000543141.5,0.1555123944,0.015984016,60,isoform,1.0,True,0.1555123943619161,True
ENST00000563543.1,ENSG00000140961.14,OSGIN1,protein_coding,OSGIN1-205,processed_transcript,,ENSG00000140961.14;ENST00000563543.1,0.1043593291,0.0294705295,60,isoform,1.0,True,0.1043593291081298,True
ENST00000396852.9,ENSG00000140987.20,ZSCAN32,protein_coding,ZSCAN32-203,protein_coding,ENSP00000380061.4,ENSG00000140987.20;ENST00000396852.9,0.3136678059,0.0004995005,60,isoform,1.0,True,0.3136678058630006,True
ENST00000268896.10,ENSG00000141179.14,PCTP,protein_coding,PCTP-201,protein_coding,ENSP00000268896.4,ENSG00000141179.14;ENST00000268896.10,0.142505381,0.034965035,60,isoform,1.0,True,0.1425053809642408,True
ENST00000269033.7,ENSG00000141298.19,SSH2,protein_coding,SSH2-201,protein_coding,ENSP00000269033.3,ENSG00000141298.19;ENST00000269033.7,-0.1910317487,0.008991009,60,isoform,1.0,True,-0.1910317486565679,True
ENST00000582084.1,ENSG00000141298.19,SSH2,protein_coding,SSH2-210,protein_coding,ENSP00000462583.1,ENSG00000141298.19;ENST00000582084.1,0.1787277397,0.00999001,60,isoform,1.0,True,0.1787277396584858,True
ENST00000448504.6,ENSG00000141337.12,ARSG,protein_coding,ARSG-201,protein_coding,ENSP00000407193.2,ENSG00000141337.12;ENST00000448504.6,-0.1014523589,0.0314685315,60,isoform,1.0,True,-0.1014523589420285,True
ENST00000581639.1,ENSG00000141337.12,ARSG,protein_coding,ARSG-206,protein_coding,ENSP00000462306.1,ENSG00000141337.12;ENST00000581639.1,0.1634536594,0.010989011,60,isoform,1.0,True,0.1634536593820566,True
ENST00000334049.11,ENSG00000141404.16,GNAL,protein_coding,GNAL-202,protein_coding,ENSP00000334051.5,ENSG00000141404.16;ENST00000334049.11,-0.1037538539,0.0384615385,60,isoform,1.0,True,-0.1037538539014063,True
ENST00000590654.1,ENSG00000141429.13,GALNT1,protein_coding,GALNT1-204,nonsense_mediated_decay,ENSP00000465452.1,ENSG00000141429.13;ENST00000590654.1,-0.1063266103,0.0174825175,60,isoform,1.0,True,-0.1063266103403522,True
ENST00000571370.1,ENSG00000141510.18,TP53,protein_coding,TP53-215,retained_intron,,ENSG00000141510.18;ENST00000571370.1,0.1838284944,0.0034965035,60,isoform,1.0,True,0.1838284944431769,True
ENST00000306801.8,ENSG00000141564.15,RPTOR,protein_coding,RPTOR-201,protein_coding,ENSP00000307272.3,ENSG00000141564.15;ENST00000306801.8,-0.1356385131,0.010989011,60,isoform,1.0,True,-0.1356385130549874,True
ENST00000269445.10,ENSG00000141627.14,DYM,protein_coding,DYM-201,protein_coding,ENSP00000269445.6,ENSG00000141627.14;ENST00000269445.10,-0.1117530376,0.0244755245,60,isoform,1.0,True,-0.1117530376038319,True
ENST00000586966.2,ENSG00000141642.9,ELAC1,protein_coding,ELAC1-202,processed_transcript,,ENSG00000141642.9;ENST00000586966.2,0.1535159814,0.025974026,60,isoform,1.0,True,0.1535159814004281,True
ENST00000588577.5,ENSG00000141642.9,ELAC1,protein_coding,ELAC1-203,protein_coding,ENSP00000467389.1,ENSG00000141642.9;ENST00000588577.5,-0.1079262404,0.045954046,60,isoform,1.0,True,-0.1079262404240151,True
ENST00000611848.1,ENSG00000141646.14,SMAD4,protein_coding,SMAD4-216,nonsense_mediated_decay,ENSP00000478613.1,ENSG00000141646.14;ENST00000611848.1,0.1087474247,0.0244755245,60,isoform,1.0,True,0.1087474247490761,True
ENST00000586834.1,ENSG00000141664.10,ZCCHC2,protein_coding,ZCCHC2-204,protein_coding,ENSP00000464791.1,ENSG00000141664.10;ENST00000586834.1,-0.2130580972,0.010989011,60,isoform,1.0,True,-0.2130580972025432,True
ENST00000316660.7,ENSG00000141682.12,PMAIP1,protein_coding,PMAIP1-202,protein_coding,ENSP00000326119.7,ENSG00000141682.12;ENST00000316660.7,-0.1149551802,0.0034965035,60,isoform,1.0,True,-0.1149551801576649,True
ENST00000398548.6,ENSG00000141956.14,PRDM15,protein_coding,PRDM15-202,protein_coding,ENSP00000381556.2,ENSG00000141956.14;ENST00000398548.6,-0.2120031246,0.0154845155,60,isoform,1.0,True,-0.2120031246077394,True
ENST00000447016.6,ENSG00000141956.14,PRDM15,protein_coding,PRDM15-205,nonsense_mediated_decay,ENSP00000431410.1,ENSG00000141956.14;ENST00000447016.6,0.2533477818,0.0084915085,60,isoform,1.0,True,0.253347781784119,True
ENST00000374135.9,ENSG00000142751.15,GPN2,protein_coding,GPN2-202,protein_coding,ENSP00000363250.3,ENSG00000142751.15;ENST00000374135.9,-0.1610870115,0.005994006,60,isoform,1.0,True,-0.1610870114912267,True
ENST00000431781.2,ENSG00000142751.15,GPN2,protein_coding,GPN2-203,protein_coding,ENSP00000408257.2,ENSG00000142751.15;ENST00000431781.2,0.1635891542,0.005994006,60,isoform,1.0,True,0.1635891542074793,True
ENST00000619554.1,ENSG00000142794.18,NBPF3,protein_coding,NBPF3-213,protein_coding,ENSP00000484028.1,ENSG00000142794.18;ENST00000619554.1,-0.2723525655,0.00999001,60,isoform,1.0,True,-0.2723525655477639,True
ENST00000648566.1,ENSG00000142867.14,BCL10,protein_coding,BCL10-202,protein_coding,ENSP00000498104.1,ENSG00000142867.14;ENST00000648566.1,-0.2950607242,0.0064935065,60,isoform,1.0,True,-0.2950607241953384,True
ENST00000649060.1,ENSG00000142867.14,BCL10,protein_coding,BCL10-203,nonsense_mediated_decay,ENSP00000497490.1,ENSG00000142867.14;ENST00000649060.1,0.2853764814,0.006993007,60,isoform,1.0,True,0.2853764813574095,True
ENST00000367811.8,ENSG00000143156.14,NME7,protein_coding,NME7-201,protein_coding,ENSP00000356785.3,ENSG00000143156.14;ENST00000367811.8,-0.1727090633,0.0064935065,60,isoform,1.0,True,-0.1727090632702947,True
ENST00000527460.1,ENSG00000143156.14,NME7,protein_coding,NME7-212,retained_intron,,ENSG00000143156.14;ENST00000527460.1,0.1343652006,0.0114885115,60,isoform,1.0,True,0.1343652005790346,True
ENST00000367875.1,ENSG00000143157.12,POGK,protein_coding,POGK-201,protein_coding,ENSP00000356849.1,ENSG00000143157.12;ENST00000367875.1,-0.1489610472,0.015984016,60,isoform,1.0,True,-0.1489610472444502,True
ENST00000367876.9,ENSG00000143157.12,POGK,protein_coding,POGK-202,protein_coding,ENSP00000356850.4,ENSG00000143157.12;ENST00000367876.9,0.132503343,0.024975025,60,isoform,1.0,True,0.1325033429610264,True
ENST00000478794.5,ENSG00000143353.12,LYPLAL1,protein_coding,LYPLAL1-209,processed_transcript,,ENSG00000143353.12;ENST00000478794.5,0.2009729405,0.0084915085,60,isoform,1.0,True,0.2009729405498749,True
ENST00000583931.6,ENSG00000143401.15,ANP32E,protein_coding,ANP32E-208,protein_coding,ENSP00000463154.1,ENSG00000143401.15;ENST00000583931.6,-0.1748148382,0.000999001,60,isoform,1.0,True,-0.1748148381668165,True
ENST00000533461.5,ENSG00000143442.22,POGZ,protein_coding,POGZ-220,protein_coding,ENSP00000433934.1,ENSG00000143442.22;ENST00000533461.5,-0.1013766299,0.0184815185,60,isoform,1.0,True,-0.1013766298795189,True
ENST00000368918.8,ENSG00000143458.12,GABPB2,protein_coding,GABPB2-202,protein_coding,ENSP00000357914.3,ENSG00000143458.12;ENST00000368918.8,-0.1732543572,0.0264735265,60,isoform,1.0,True,-0.1732543571907933,True
ENST00000367108.7,ENSG00000143479.17,DYRK3,protein_coding,DYRK3-202,protein_coding,ENSP00000356075.3,ENSG00000143479.17;ENST00000367108.7,0.1558498952,0.027972028,60,isoform,1.0,True,0.1558498952087942,True
ENST00000367109.7,ENSG00000143479.17,DYRK3,protein_coding,DYRK3-203,protein_coding,ENSP00000356076.2,ENSG00000143479.17;ENST00000367109.7,-0.171807675,0.022977023,60,isoform,1.0,True,-0.1718076749594529,True
ENST00000368660.1,ENSG00000143554.14,SLC27A3,protein_coding,SLC27A3-203,retained_intron,,ENSG00000143554.14;ENST00000368660.1,0.2118871853,0.007992008,60,isoform,1.0,True,0.2118871853028275,True
ENST00000468403.1,ENSG00000143554.14,SLC27A3,protein_coding,SLC27A3-207,retained_intron,,ENSG00000143554.14;ENST00000468403.1,-0.1076670099,0.046953047,60,isoform,1.0,True,-0.1076670098950782,True
ENST00000366649.7,ENSG00000143633.13,C1orf131,protein_coding,C1orf131-202,protein_coding,ENSP00000355609.2,ENSG00000143633.13;ENST00000366649.7,0.1041658611,0.016983017,60,isoform,1.0,True,0.104165861084861,True
ENST00000366862.10,ENSG00000143756.12,FBXO28,protein_coding,FBXO28-201,protein_coding,ENSP00000355827.5,ENSG00000143756.12;ENST00000366862.10,-0.1059000839,0.020979021,60,isoform,1.0,True,-0.1059000838772594,True
ENST00000424254.6,ENSG00000143756.12,FBXO28,protein_coding,FBXO28-202,protein_coding,ENSP00000416888.2,ENSG00000143756.12;ENST00000424254.6,0.1752282605,0.0044955045,60,isoform,1.0,True,0.1752282604939039,True
ENST00000366769.7,ENSG00000143776.18,CDC42BPA,protein_coding,CDC42BPA-205,protein_coding,ENSP00000355731.3,ENSG00000143776.18;ENST00000366769.7,0.177488101,0.012987013,60,isoform,1.0,True,0.1774881009972042,True
ENST00000448940.5,ENSG00000143776.18,CDC42BPA,protein_coding,CDC42BPA-209,protein_coding,ENSP00000415388.1,ENSG00000143776.18;ENST00000448940.5,-0.133070045,0.0294705295,60,isoform,1.0,True,-0.1330700449653101,True
ENST00000305997.8,ENSG00000143797.12,MBOAT2,protein_coding,MBOAT2-201,protein_coding,ENSP00000302177.3,ENSG00000143797.12;ENST00000305997.8,-0.219200676,0.0044955045,60,isoform,1.0,True,-0.2192006759549441,True
ENST00000471753.5,ENSG00000143797.12,MBOAT2,protein_coding,MBOAT2-204,nonsense_mediated_decay,ENSP00000419573.1,ENSG00000143797.12;ENST00000471753.5,0.1858128206,0.005994006,60,isoform,1.0,True,0.1858128206378567,True
ENST00000295706.8,ENSG00000143847.15,PPFIA4,protein_coding,PPFIA4-202,protein_coding,ENSP00000295706.4,ENSG00000143847.15;ENST00000295706.8,0.2132893981,0.038961039,60,isoform,1.0,True,0.213289398085684,True
ENST00000272369.14,ENSG00000143995.20,MEIS1,protein_coding,MEIS1-201,protein_coding,ENSP00000272369.8,ENSG00000143995.20;ENST00000272369.14,0.221879857,0.0274725275,60,isoform,1.0,True,0.2218798570469,True
ENST00000488550.5,ENSG00000143995.20,MEIS1,protein_coding,MEIS1-209,protein_coding,ENSP00000475161.1,ENSG00000143995.20;ENST00000488550.5,-0.1691524254,0.048951049,60,isoform,1.0,True,-0.1691524253895501,True
ENST00000272748.9,ENSG00000144320.14,LNPK,protein_coding,LNPK-201,protein_coding,ENSP00000272748.4,ENSG00000144320.14;ENST00000272748.9,-0.1437507799,0.007992008,60,isoform,1.0,True,-0.1437507799356985,True
ENST00000449802.5,ENSG00000144426.18,NBEAL1,protein_coding,NBEAL1-203,protein_coding,ENSP00000399903.1,ENSG00000144426.18;ENST00000449802.5,-0.2817274119,0.0174825175,60,isoform,1.0,True,-0.2817274118849149,True
ENST00000273183.7,ENSG00000144681.10,STAC,protein_coding,STAC-201,protein_coding,ENSP00000273183.3,ENSG00000144681.10;ENST00000273183.7,0.1484489968,0.03996004,60,isoform,1.0,True,0.1484489967867699,True
ENST00000488010.5,ENSG00000144747.17,TMF1,protein_coding,TMF1-203,nonsense_mediated_decay,ENSP00000419330.1,ENSG00000144747.17;ENST00000488010.5,0.1317787452,0.036963037,60,isoform,1.0,True,0.1317787451853514,True
ENST00000326172.9,ENSG00000144802.11,NFKBIZ,protein_coding,NFKBIZ-202,protein_coding,ENSP00000325663.5,ENSG00000144802.11;ENST00000326172.9,-0.3327927177,0.002997003,60,isoform,1.0,True,-0.332792717715539,True
ENST00000486444.1,ENSG00000144802.11,NFKBIZ,protein_coding,NFKBIZ-208,retained_intron,,ENSG00000144802.11;ENST00000486444.1,0.564885534,0.0,60,isoform,0.0,True,0.5648855340380444,True
ENST00000495089.1,ENSG00000144802.11,NFKBIZ,protein_coding,NFKBIZ-210,retained_intron,,ENSG00000144802.11;ENST00000495089.1,-0.1278534242,0.033966034,60,isoform,1.0,True,-0.1278534241876165,True
ENST00000475381.7,ENSG00000144959.11,NCEH1,protein_coding,NCEH1-204,protein_coding,ENSP00000418571.4,ENSG00000144959.11;ENST00000475381.7,-0.1192485338,0.031968032,60,isoform,1.0,True,-0.1192485337932723,True
ENST00000273668.7,ENSG00000145088.9,EAF2,protein_coding,EAF2-201,protein_coding,ENSP00000273668.2,ENSG00000145088.9;ENST00000273668.7,-0.1261399272,0.0444555445,60,isoform,1.0,True,-0.1261399272067102,True
ENST00000511055.1,ENSG00000145216.16,FIP1L1,protein_coding,FIP1L1-209,retained_intron,,ENSG00000145216.16;ENST00000511055.1,-0.1000687387,0.0104895105,60,isoform,1.0,True,-0.1000687386932765,True
ENST00000506882.5,ENSG00000145241.11,CENPC,protein_coding,CENPC-203,nonsense_mediated_decay,ENSP00000426078.1,ENSG00000145241.11;ENST00000506882.5,0.1232188893,0.0364635365,60,isoform,1.0,True,0.1232188892801074,True
ENST00000510189.5,ENSG00000145241.11,CENPC,protein_coding,CENPC-205,retained_intron,,ENSG00000145241.11;ENST00000510189.5,-0.1160115576,0.0394605395,60,isoform,1.0,True,-0.1160115575556485,True
ENST00000361687.8,ENSG00000145348.17,TBCK,protein_coding,TBCK-202,protein_coding,ENSP00000355338.4,ENSG00000145348.17;ENST00000361687.8,0.2124854657,0.01998002,60,isoform,1.0,True,0.2124854656673138,True
ENST00000509769.5,ENSG00000145390.11,USP53,protein_coding,USP53-205,nonsense_mediated_decay,ENSP00000426628.1,ENSG00000145390.11;ENST00000509769.5,-0.2430733821,0.0424575425,60,isoform,1.0,True,-0.243073382053132,True
ENST00000507863.1,ENSG00000145495.16,MARCHF6,protein_coding,MARCHF6-207,processed_transcript,,ENSG00000145495.16;ENST00000507863.1,0.100997395,0.006993007,60,isoform,1.0,True,0.1009973950338362,True
ENST00000515845.5,ENSG00000145725.20,PPIP5K2,protein_coding,PPIP5K2-214,protein_coding,ENSP00000421513.1,ENSG00000145725.20;ENST00000515845.5,0.1354483279,0.007992008,60,isoform,1.0,True,0.1354483278527871,True
ENST00000448443.6,ENSG00000145817.17,YIPF5,protein_coding,YIPF5-202,protein_coding,ENSP00000397704.2,ENSG00000145817.17;ENST00000448443.6,0.1079404465,0.005994006,60,isoform,1.0,True,0.1079404464655601,True
ENST00000274542.6,ENSG00000145860.12,RNF145,protein_coding,RNF145-201,protein_coding,ENSP00000274542.2,ENSG00000145860.12;ENST00000274542.6,-0.1510045964,0.0024975025,60,isoform,1.0,True,-0.1510045964124621,True
ENST00000611185.4,ENSG00000145860.12,RNF145,protein_coding,RNF145-212,protein_coding,ENSP00000482720.1,ENSG00000145860.12;ENST00000611185.4,0.1366592817,0.0044955045,60,isoform,1.0,True,0.1366592816759565,True
ENST00000477985.1,ENSG00000145919.11,BOD1,protein_coding,BOD1-205,protein_coding,ENSP00000420005.1,ENSG00000145919.11;ENST00000477985.1,0.1125929631,0.0064935065,60,isoform,1.0,True,0.1125929630938093,True
ENST00000518658.1,ENSG00000145919.11,BOD1,protein_coding,BOD1-207,retained_intron,,ENSG00000145919.11;ENST00000518658.1,-0.1468267937,0.0024975025,60,isoform,1.0,True,-0.1468267937326623,True
ENST00000274811.9,ENSG00000146083.12,RNF44,protein_coding,RNF44-201,protein_coding,ENSP00000274811.4,ENSG00000146083.12;ENST00000274811.9,0.1314376468,0.0064935065,60,isoform,1.0,True,0.1314376467593061,True
ENST00000275053.8,ENSG00000146263.11,MMS22L,protein_coding,MMS22L-201,protein_coding,ENSP00000275053.4,ENSG00000146263.11;ENST00000275053.8,-0.1796638501,0.0144855145,60,isoform,1.0,True,-0.1796638500872122,True
ENST00000369251.6,ENSG00000146263.11,MMS22L,protein_coding,MMS22L-202,protein_coding,ENSP00000358254.2,ENSG00000146263.11;ENST00000369251.6,0.1188683623,0.0314685315,60,isoform,1.0,True,0.1188683623014072,True
ENST00000521654.6,ENSG00000146373.16,RNF217,protein_coding,RNF217-210,protein_coding,ENSP00000428698.2,ENSG00000146373.16;ENST00000521654.6,-0.2105639946,0.0254745255,60,isoform,1.0,True,-0.2105639945779626,True
ENST00000560949.5,ENSG00000146373.16,RNF217,protein_coding,RNF217-211,protein_coding,ENSP00000452812.2,ENSG00000146373.16;ENST00000560949.5,0.258880254,0.014985015,60,isoform,1.0,True,0.2588802539952901,True
ENST00000626257.2,ENSG00000146574.15,CCZ1B,protein_coding,CCZ1B-215,protein_coding,ENSP00000487253.1,ENSG00000146574.15;ENST00000626257.2,0.1230527356,0.0084915085,60,isoform,1.0,True,0.1230527355675683,True
ENST00000431504.1,ENSG00000146757.14,ZNF92,protein_coding,ZNF92-203,protein_coding,ENSP00000400495.1,ENSG00000146757.14;ENST00000431504.1,0.2363999553,0.024975025,60,isoform,1.0,True,0.2363999552737301,True
ENST00000419735.7,ENSG00000146776.14,ATXN7L1,protein_coding,ATXN7L1-202,protein_coding,ENSP00000410759.3,ENSG00000146776.14;ENST00000419735.7,-0.1366318876,0.0454545455,60,isoform,1.0,True,-0.1366318875834219,True
ENST00000464874.1,ENSG00000146776.14,ATXN7L1,protein_coding,ATXN7L1-203,processed_transcript,,ENSG00000146776.14;ENST00000464874.1,0.1456446028,0.03996004,60,isoform,1.0,True,0.1456446028189582,True
ENST00000470839.1,ENSG00000146856.14,AGBL3,protein_coding,AGBL3-205,retained_intron,,ENSG00000146856.14;ENST00000470839.1,-0.2108165833,0.040959041,60,isoform,1.0,True,-0.2108165833094227,True
ENST00000644347.1,ENSG00000147044.22,CASK,protein_coding,CASK-222,protein_coding,ENSP00000494183.1,ENSG00000147044.22;ENST00000644347.1,-0.1116088348,0.0214785215,60,isoform,1.0,True,-0.1116088347679413,True
ENST00000313116.11,ENSG00000147124.12,ZNF41,protein_coding,ZNF41-201,protein_coding,ENSP00000315173.7,ENSG00000147124.12;ENST00000313116.11,-0.2321858195,0.0134865135,60,isoform,1.0,True,-0.2321858194782153,True
ENST00000377065.8,ENSG00000147124.12,ZNF41,protein_coding,ZNF41-202,protein_coding,ENSP00000366265.4,ENSG00000147124.12;ENST00000377065.8,0.1589018088,0.030969031,60,isoform,1.0,True,0.158901808769005,True
ENST00000373696.7,ENSG00000147174.11,GCNA,protein_coding,GCNA-202,protein_coding,ENSP00000362800.3,ENSG00000147174.11;ENST00000373696.7,0.2495816538,0.037962038,60,isoform,1.0,True,0.2495816537552013,True
ENST00000471950.1,ENSG00000147174.11,GCNA,protein_coding,GCNA-203,processed_transcript,,ENSG00000147174.11;ENST00000471950.1,-0.2752214591,0.031968032,60,isoform,1.0,True,-0.27522145909029,True
ENST00000320676.11,ENSG00000147274.14,RBMX,protein_coding,RBMX-201,protein_coding,ENSP00000359645.3,ENSG00000147274.14;ENST00000320676.11,0.1036187854,0.0034965035,60,isoform,1.0,True,0.1036187854181475,True
ENST00000522468.1,ENSG00000147421.18,HMBOX1,protein_coding,HMBOX1-209,nonsense_mediated_decay,ENSP00000429854.1,ENSG00000147421.18;ENST00000522468.1,-0.1560050137,0.0424575425,60,isoform,1.0,True,-0.156005013715174,True
ENST00000316985.7,ENSG00000147548.17,NSD3,protein_coding,NSD3-201,protein_coding,ENSP00000313410.3,ENSG00000147548.17;ENST00000316985.7,0.1526679188,0.0134865135,60,isoform,1.0,True,0.15266791878973,True
ENST00000317025.13,ENSG00000147548.17,NSD3,protein_coding,NSD3-202,protein_coding,ENSP00000313983.7,ENSG00000147548.17;ENST00000317025.13,-0.1249787445,0.020979021,60,isoform,1.0,True,-0.1249787444731203,True
ENST00000531284.1,ENSG00000147642.17,SYBU,protein_coding,SYBU-227,retained_intron,,ENSG00000147642.17;ENST00000531284.1,0.1890104429,0.0084915085,60,isoform,1.0,True,0.1890104429009783,True
ENST00000424843.6,ENSG00000147650.11,LRP12,protein_coding,LRP12-202,protein_coding,ENSP00000399148.2,ENSG00000147650.11;ENST00000424843.6,0.1792009152,0.01998002,60,isoform,1.0,True,0.1792009152331604,True
ENST00000382096.5,ENSG00000147852.16,VLDLR,protein_coding,VLDLR-201,protein_coding,ENSP00000371528.1,ENSG00000147852.16;ENST00000382096.5,-0.1199705503,0.038961039,60,isoform,1.0,True,-0.1199705503427594,True
ENST00000276893.10,ENSG00000147854.17,UHRF2,protein_coding,UHRF2-201,protein_coding,ENSP00000276893.5,ENSG00000147854.17;ENST00000276893.10,0.1718365549,0.003996004,60,isoform,1.0,True,0.1718365548896412,True
ENST00000543693.5,ENSG00000147862.17,NFIB,protein_coding,NFIB-210,protein_coding,ENSP00000442888.1,ENSG00000147862.17;ENST00000543693.5,-0.1500980304,0.0344655345,60,isoform,1.0,True,-0.1500980303772336,True
ENST00000374242.9,ENSG00000148153.14,INIP,protein_coding,INIP-203,protein_coding,ENSP00000363360.3,ENSG00000148153.14;ENST00000374242.9,-0.1552320565,0.0104895105,60,isoform,1.0,True,-0.155232056480243,True
ENST00000476599.2,ENSG00000148153.14,INIP,protein_coding,INIP-204,processed_transcript,,ENSG00000148153.14;ENST00000476599.2,0.1550713328,0.0104895105,60,isoform,1.0,True,0.1550713328216331,True
ENST00000373068.6,ENSG00000148339.12,SLC25A25,protein_coding,SLC25A25-203,protein_coding,ENSP00000362159.2,ENSG00000148339.12;ENST00000373068.6,-0.1489660896,0.0124875125,60,isoform,1.0,True,-0.1489660895886795,True
ENST00000472769.5,ENSG00000148339.12,SLC25A25,protein_coding,SLC25A25-208,nonsense_mediated_decay,ENSP00000419685.1,ENSG00000148339.12;ENST00000472769.5,0.1049235213,0.027972028,60,isoform,1.0,True,0.1049235212911965,True
ENST00000467845.5,ENSG00000148362.11,PAXX,protein_coding,PAXX-203,retained_intron,,ENSG00000148362.11;ENST00000467845.5,0.1139641869,0.003996004,60,isoform,1.0,True,0.1139641869397618,True
ENST00000498095.4,ENSG00000148362.11,PAXX,protein_coding,PAXX-208,retained_intron,,ENSG00000148362.11;ENST00000498095.4,-0.1171115452,0.0034965035,60,isoform,1.0,True,-0.117111545220538,True
ENST00000345264.10,ENSG00000148484.18,RSU1,protein_coding,RSU1-201,protein_coding,ENSP00000339521.5,ENSG00000148484.18;ENST00000345264.10,-0.1050198589,0.011988012,60,isoform,1.0,True,-0.1050198588816837,True
ENST00000377911.1,ENSG00000148484.18,RSU1,protein_coding,RSU1-202,processed_transcript,,ENSG00000148484.18;ENST00000377911.1,0.1011945645,0.0134865135,60,isoform,1.0,True,0.101194564496133,True
ENST00000359204.5,ENSG00000148690.12,FRA10AC1,protein_coding,FRA10AC1-201,protein_coding,ENSP00000360488.3,ENSG00000148690.12;ENST00000359204.5,0.169080455,0.0244755245,60,isoform,1.0,True,0.1690804550213573,True
ENST00000369397.8,ENSG00000148737.17,TCF7L2,protein_coding,TCF7L2-210,protein_coding,ENSP00000358404.4,ENSG00000148737.17;ENST00000369397.8,0.1365686216,0.032967033,60,isoform,1.0,True,0.1365686215780749,True
ENST00000489204.1,ENSG00000148814.18,LRRC27,protein_coding,LRRC27-212,processed_transcript,,ENSG00000148814.18;ENST00000489204.1,-0.1353672292,0.0394605395,60,isoform,1.0,True,-0.1353672291600314,True
ENST00000369875.3,ENSG00000148842.18,CNNM2,protein_coding,CNNM2-201,protein_coding,ENSP00000358891.3,ENSG00000148842.18;ENST00000369875.3,0.1051477608,0.0244755245,60,isoform,1.0,True,0.1051477608129562,True
ENST00000469480.1,ENSG00000149016.16,TUT1,protein_coding,TUT1-204,retained_intron,,ENSG00000149016.16;ENST00000469480.1,-0.1101129548,0.0204795205,60,isoform,1.0,True,-0.1101129547899881,True
ENST00000395290.6,ENSG00000149187.18,CELF1,protein_coding,CELF1-204,protein_coding,ENSP00000378705.2,ENSG00000149187.18;ENST00000395290.6,-0.1100419295,0.013986014,60,isoform,1.0,True,-0.1100419295489198,True
ENST00000376292.8,ENSG00000149243.15,KLHL35,protein_coding,KLHL35-201,protein_coding,ENSP00000365469.4,ENSG00000149243.15;ENST00000376292.8,0.1206165489,0.0254745255,60,isoform,1.0,True,0.1206165488600374,True
ENST00000356341.8,ENSG00000149269.10,PAK1,protein_coding,PAK1-202,protein_coding,ENSP00000348696.4,ENSG00000149269.10;ENST00000356341.8,0.1441444737,0.0214785215,60,isoform,1.0,True,0.1441444737440927,True
ENST00000527296.1,ENSG00000149308.17,NPAT,protein_coding,NPAT-202,protein_coding,ENSP00000436510.1,ENSG00000149308.17;ENST00000527296.1,-0.1702243609,0.0244755245,60,isoform,1.0,True,-0.1702243608823408,True
ENST00000278927.10,ENSG00000149564.12,ESAM,protein_coding,ESAM-201,protein_coding,ENSP00000278927.5,ENSG00000149564.12;ENST00000278927.10,0.1556425466,0.025974026,60,isoform,1.0,True,0.1556425466207336,True
ENST00000417453.5,ENSG00000149564.12,ESAM,protein_coding,ESAM-202,nonsense_mediated_decay,ENSP00000389235.1,ENSG00000149564.12;ENST00000417453.5,-0.1477115867,0.028971029,60,isoform,1.0,True,-0.1477115867305761,True
ENST00000279263.13,ENSG00000149809.16,TM7SF2,protein_coding,TM7SF2-201,protein_coding,ENSP00000279263.7,ENSG00000149809.16;ENST00000279263.13,0.188826959,0.023976024,60,isoform,1.0,True,0.1888269589922874,True
ENST00000279873.12,ENSG00000150347.16,ARID5B,protein_coding,ARID5B-201,protein_coding,ENSP00000279873.7,ENSG00000150347.16;ENST00000279873.12,-0.1289946804,0.044955045,60,isoform,1.0,True,-0.1289946803616013,True
ENST00000644638.1,ENSG00000150347.16,ARID5B,protein_coding,ARID5B-203,protein_coding,ENSP00000494412.1,ENSG00000150347.16;ENST00000644638.1,0.1259788963,0.0464535465,60,isoform,1.0,True,0.1259788962725269,True
ENST00000531262.5,ENSG00000150433.9,TMEM218,protein_coding,TMEM218-211,processed_transcript,,ENSG00000150433.9;ENST00000531262.5,0.1382904949,0.006993007,60,isoform,1.0,True,0.1382904948800295,True
ENST00000322475.13,ENSG00000150510.17,FAM124A,protein_coding,FAM124A-202,protein_coding,ENSP00000324625.8,ENSG00000150510.17;ENST00000322475.13,-0.1255209417,0.03996004,60,isoform,1.0,True,-0.1255209417491082,True
ENST00000393047.8,ENSG00000150776.18,NKAPD1,protein_coding,NKAPD1-202,protein_coding,ENSP00000376767.3,ENSG00000150776.18;ENST00000393047.8,-0.1472002793,0.004995005,60,isoform,1.0,True,-0.1472002792551018,True
ENST00000376573.9,ENSG00000150867.14,PIP4K2A,protein_coding,PIP4K2A-202,protein_coding,ENSP00000365757.4,ENSG00000150867.14;ENST00000376573.9,-0.2294111759,0.0054945055,60,isoform,1.0,True,-0.229411175946395,True
ENST00000545335.5,ENSG00000150867.14,PIP4K2A,protein_coding,PIP4K2A-206,protein_coding,ENSP00000442098.1,ENSG00000150867.14;ENST00000545335.5,-0.1088898569,0.0384615385,60,isoform,1.0,True,-0.1088898569192015,True
ENST00000604912.1,ENSG00000150867.14,PIP4K2A,protein_coding,PIP4K2A-207,protein_coding,ENSP00000473858.1,ENSG00000150867.14;ENST00000604912.1,0.3321076852,0.0024975025,60,isoform,1.0,True,0.3321076851764333,True
ENST00000280560.13,ENSG00000150967.18,ABCB9,protein_coding,ABCB9-201,protein_coding,ENSP00000280560.8,ENSG00000150967.18;ENST00000280560.13,-0.1652246329,0.0194805195,60,isoform,1.0,True,-0.165224632915401,True
ENST00000540285.5,ENSG00000150967.18,ABCB9,protein_coding,ABCB9-211,protein_coding,ENSP00000441734.1,ENSG00000150967.18;ENST00000540285.5,0.1866563029,0.015984016,60,isoform,1.0,True,0.1866563028969483,True
ENST00000649430.1,ENSG00000150995.19,ITPR1,protein_coding,ITPR1-246,retained_intron,,ENSG00000150995.19;ENST00000649430.1,0.1182858226,0.0164835165,60,isoform,1.0,True,0.1182858225971396,True
ENST00000280700.10,ENSG00000151092.18,NGLY1,protein_coding,NGLY1-202,protein_coding,ENSP00000280700.5,ENSG00000151092.18;ENST00000280700.10,0.1118311471,0.023976024,60,isoform,1.0,True,0.1118311470857174,True
ENST00000320750.10,ENSG00000151116.17,UEVLD,protein_coding,UEVLD-202,protein_coding,ENSP00000323353.6,ENSG00000151116.17;ENST00000320750.10,-0.1123361753,0.042957043,60,isoform,1.0,True,-0.1123361753252274,True
ENST00000280876.6,ENSG00000151233.11,GXYLT1,protein_coding,GXYLT1-201,protein_coding,ENSP00000280876.6,ENSG00000151233.11;ENST00000280876.6,0.2066785843,0.0094905095,60,isoform,1.0,True,0.2066785843016316,True
ENST00000398675.8,ENSG00000151233.11,GXYLT1,protein_coding,GXYLT1-202,protein_coding,ENSP00000381666.3,ENSG00000151233.11;ENST00000398675.8,-0.2066785843,0.0094905095,60,isoform,1.0,True,-0.2066785843016316,True
ENST00000539062.6,ENSG00000151338.18,MIPOL1,protein_coding,MIPOL1-204,protein_coding,ENSP00000438319.2,ENSG00000151338.18;ENST00000539062.6,0.1992331342,0.0264735265,60,isoform,1.0,True,0.1992331342475322,True
ENST00000281092.9,ENSG00000151422.13,FER,protein_coding,FER-201,protein_coding,ENSP00000281092.4,ENSG00000151422.13;ENST00000281092.9,-0.5107106746,0.002997003,60,isoform,1.0,True,-0.5107106745708091,True
ENST00000438717.6,ENSG00000151422.13,FER,protein_coding,FER-202,protein_coding,ENSP00000394297.4,ENSG00000151422.13;ENST00000438717.6,0.186258803,0.022977023,60,isoform,1.0,True,0.1862588029687705,True
ENST00000628534.1,ENSG00000151422.13,FER,protein_coding,FER-210,protein_coding,ENSP00000486048.1,ENSG00000151422.13;ENST00000628534.1,0.2902926797,0.006993007,60,isoform,1.0,True,0.290292679700314,True
ENST00000646918.1,ENSG00000151491.14,EPS8,protein_coding,EPS8-225,protein_coding,ENSP00000495722.1,ENSG00000151491.14;ENST00000646918.1,0.1548904297,0.0414585415,60,isoform,1.0,True,0.1548904296794752,True
ENST00000281182.9,ENSG00000151498.12,ACAD8,protein_coding,ACAD8-201,protein_coding,ENSP00000281182.5,ENSG00000151498.12;ENST00000281182.9,0.1014883376,0.018981019,60,isoform,1.0,True,0.1014883376321893,True
ENST00000483122.1,ENSG00000151532.14,VTI1A,protein_coding,VTI1A-205,processed_transcript,,ENSG00000151532.14;ENST00000483122.1,0.117099348,0.024975025,60,isoform,1.0,True,0.1170993480356212,True
ENST00000432036.5,ENSG00000151690.15,MFSD6,protein_coding,MFSD6-205,protein_coding,ENSP00000400131.1,ENSG00000151690.15;ENST00000432036.5,-0.1471818308,0.024975025,60,isoform,1.0,True,-0.1471818308414045,True
ENST00000434582.5,ENSG00000151690.15,MFSD6,protein_coding,MFSD6-206,protein_coding,ENSP00000397276.1,ENSG00000151690.15;ENST00000434582.5,0.1409607123,0.0264735265,60,isoform,1.0,True,0.1409607123371634,True
ENST00000649686.1,ENSG00000151694.14,ADAM17,protein_coding,ADAM17-212,processed_transcript,,ENSG00000151694.14;ENST00000649686.1,0.114285894,0.033966034,60,isoform,1.0,True,0.1142858939742885,True
ENST00000324679.5,ENSG00000151748.15,SAV1,protein_coding,SAV1-201,protein_coding,ENSP00000324729.4,ENSG00000151748.15;ENST00000324679.5,-0.2291856918,0.0064935065,60,isoform,1.0,True,-0.2291856917538897,True
ENST00000602664.1,ENSG00000151748.15,SAV1,protein_coding,SAV1-206,retained_intron,,ENSG00000151748.15;ENST00000602664.1,0.1595227798,0.0184815185,60,isoform,1.0,True,0.1595227797812755,True
ENST00000402364.1,ENSG00000151835.16,SACS,protein_coding,SACS-202,protein_coding,ENSP00000385844.1,ENSG00000151835.16;ENST00000402364.1,-0.3000346288,0.007992008,60,isoform,1.0,True,-0.3000346287590845,True
ENST00000511363.6,ENSG00000151883.19,PARP8,protein_coding,PARP8-216,processed_transcript,,ENSG00000151883.19;ENST00000511363.6,0.2033627771,0.006993007,60,isoform,1.0,True,0.2033627770841523,True
ENST00000369151.8,ENSG00000151893.15,CACUL1,protein_coding,CACUL1-201,protein_coding,ENSP00000358147.2,ENSG00000151893.15;ENST00000369151.8,-0.1192908665,0.0484515485,60,isoform,1.0,True,-0.1192908665462552,True
ENST00000436547.6,ENSG00000151923.17,TIAL1,protein_coding,TIAL1-205,protein_coding,ENSP00000394902.2,ENSG00000151923.17;ENST00000436547.6,0.110256369,0.0054945055,60,isoform,1.0,True,0.1102563690325676,True
ENST00000488219.2,ENSG00000152292.17,SH2D6,protein_coding,SH2D6-206,retained_intron,,ENSG00000152292.17;ENST00000488219.2,-0.2106436579,0.040959041,60,isoform,1.0,True,-0.210643657881644,True
ENST00000282344.11,ENSG00000152484.14,USP12,protein_coding,USP12-201,protein_coding,ENSP00000282344.6,ENSG00000152484.14;ENST00000282344.11,-0.2147586616,0.0034965035,60,isoform,1.0,True,-0.2147586616471155,True
ENST00000620323.1,ENSG00000152484.14,USP12,protein_coding,USP12-203,protein_coding,ENSP00000478929.1,ENSG00000152484.14;ENST00000620323.1,0.2104833606,0.0034965035,60,isoform,1.0,True,0.2104833605957494,True
ENST00000324210.9,ENSG00000152601.17,MBNL1,protein_coding,MBNL1-204,protein_coding,ENSP00000319429.5,ENSG00000152601.17;ENST00000324210.9,-0.1061746646,0.0184815185,60,isoform,1.0,True,-0.1061746646373898,True
ENST00000349655.8,ENSG00000152795.17,HNRNPDL,protein_coding,HNRNPDL-202,nonsense_mediated_decay,ENSP00000338552.5,ENSG00000152795.17;ENST00000349655.8,0.1481451912,0.002997003,60,isoform,1.0,True,0.1481451911504198,True
ENST00000507721.5,ENSG00000152795.17,HNRNPDL,protein_coding,HNRNPDL-204,protein_coding,ENSP00000480156.1,ENSG00000152795.17;ENST00000507721.5,-0.2187196656,0.0,60,isoform,0.0,True,-0.2187196656212419,True
ENST00000495198.6,ENSG00000153006.16,SREK1IP1,protein_coding,SREK1IP1-201,retained_intron,,ENSG00000153006.16;ENST00000495198.6,0.2214643778,0.0124875125,60,isoform,1.0,True,0.221464377821778,True
ENST00000513458.9,ENSG00000153006.16,SREK1IP1,protein_coding,SREK1IP1-204,protein_coding,ENSP00000427401.3,ENSG00000153006.16;ENST00000513458.9,-0.2762336512,0.0044955045,60,isoform,1.0,True,-0.2762336512340388,True
ENST00000486453.1,ENSG00000153029.14,MR1,protein_coding,MR1-207,retained_intron,,ENSG00000153029.14;ENST00000486453.1,0.1256934285,0.042957043,60,isoform,1.0,True,0.1256934285450615,True
ENST00000497393.1,ENSG00000153767.10,GTF2E1,protein_coding,GTF2E1-205,retained_intron,,ENSG00000153767.10;ENST00000497393.1,0.1680363324,0.010989011,60,isoform,1.0,True,0.1680363323889283,True
ENST00000530971.1,ENSG00000153898.13,MCOLN2,protein_coding,MCOLN2-204,retained_intron,,ENSG00000153898.13;ENST00000530971.1,-0.1027375659,0.0434565435,60,isoform,1.0,True,-0.1027375659331029,True
ENST00000284031.13,ENSG00000153904.21,DDAH1,protein_coding,DDAH1-201,protein_coding,ENSP00000284031.8,ENSG00000153904.21;ENST00000284031.13,-0.1854095753,0.0354645355,60,isoform,1.0,True,-0.1854095753348965,True
ENST00000426972.8,ENSG00000153904.21,DDAH1,protein_coding,DDAH1-202,protein_coding,ENSP00000411189.4,ENSG00000153904.21;ENST00000426972.8,0.1854095753,0.0354645355,60,isoform,1.0,True,0.1854095753348964,True
ENST00000370551.8,ENSG00000153936.17,HS2ST1,protein_coding,HS2ST1-202,protein_coding,ENSP00000359582.3,ENSG00000153936.17;ENST00000370551.8,0.1071554453,0.024975025,60,isoform,1.0,True,0.1071554452759888,True
ENST00000284073.7,ENSG00000153944.12,MSI2,protein_coding,MSI2-201,protein_coding,ENSP00000284073.2,ENSG00000153944.12;ENST00000284073.7,-0.1131913054,0.005994006,60,isoform,1.0,True,-0.1131913054033856,True
ENST00000581523.5,ENSG00000153944.12,MSI2,protein_coding,MSI2-213,processed_transcript,,ENSG00000153944.12;ENST00000581523.5,0.1199494183,0.0054945055,60,isoform,1.0,True,0.1199494182953248,True
ENST00000535342.7,ENSG00000154240.17,CEP112,protein_coding,CEP112-203,protein_coding,ENSP00000442784.2,ENSG00000154240.17;ENST00000535342.7,0.4153054056,0.0074925075,60,isoform,1.0,True,0.4153054056153538,True
ENST00000580624.1,ENSG00000154240.17,CEP112,protein_coding,CEP112-209,retained_intron,,ENSG00000154240.17;ENST00000580624.1,-0.3507330727,0.0114885115,60,isoform,1.0,True,-0.3507330726942967,True
ENST00000284551.11,ENSG00000154370.16,TRIM11,protein_coding,TRIM11-201,protein_coding,ENSP00000284551.6,ENSG00000154370.16;ENST00000284551.11,0.1180774127,0.012987013,60,isoform,1.0,True,0.1180774126922533,True
ENST00000515261.1,ENSG00000154553.16,PDLIM3,protein_coding,PDLIM3-211,retained_intron,,ENSG00000154553.16;ENST00000515261.1,0.1343429791,0.0324675325,60,isoform,1.0,True,0.1343429791330607,True
ENST00000284878.12,ENSG00000154639.19,CXADR,protein_coding,CXADR-201,protein_coding,ENSP00000284878.7,ENSG00000154639.19;ENST00000284878.12,-0.1523031228,0.018981019,60,isoform,1.0,True,-0.1523031227506115,True
ENST00000400169.1,ENSG00000154639.19,CXADR,protein_coding,CXADR-205,protein_coding,ENSP00000383033.1,ENSG00000154639.19;ENST00000400169.1,0.100774629,0.0374625375,60,isoform,1.0,True,0.1007746289600401,True
ENST00000284881.9,ENSG00000154642.11,C21orf91,protein_coding,C21orf91-201,protein_coding,ENSP00000284881.4,ENSG00000154642.11;ENST00000284881.9,-0.2830989128,0.02997003,60,isoform,1.0,True,-0.2830989128058242,True
ENST00000607882.5,ENSG00000154710.18,RABGEF1,protein_coding,RABGEF1-207,nonsense_mediated_decay,ENSP00000476796.1,ENSG00000154710.18;ENST00000607882.5,0.1022539287,0.0414585415,60,isoform,1.0,True,0.1022539287211374,True
ENST00000354828.7,ENSG00000154727.10,GABPA,protein_coding,GABPA-201,protein_coding,ENSP00000346886.3,ENSG00000154727.10;ENST00000354828.7,0.1677253726,0.021978022,60,isoform,1.0,True,0.1677253725990394,True
ENST00000400075.3,ENSG00000154727.10,GABPA,protein_coding,GABPA-202,protein_coding,ENSP00000382948.3,ENSG00000154727.10;ENST00000400075.3,-0.1597988659,0.026973027,60,isoform,1.0,True,-0.1597988659416227,True
ENST00000383794.7,ENSG00000154781.16,CCDC174,protein_coding,CCDC174-202,protein_coding,ENSP00000373304.3,ENSG00000154781.16;ENST00000383794.7,0.1489858409,0.01998002,60,isoform,1.0,True,0.1489858409254459,True
ENST00000518857.5,ENSG00000155097.12,ATP6V1C1,protein_coding,ATP6V1C1-203,protein_coding,ENSP00000428204.1,ENSG00000155097.12;ENST00000518857.5,0.139068456,0.0074925075,60,isoform,1.0,True,0.1390684559619929,True
ENST00000368911.8,ENSG00000155111.15,CDK19,protein_coding,CDK19-202,protein_coding,ENSP00000357907.3,ENSG00000155111.15;ENST00000368911.8,0.1618352406,0.0394605395,60,isoform,1.0,True,0.1618352405534334,True
ENST00000370495.6,ENSG00000155287.11,SLC25A28,protein_coding,SLC25A28-201,protein_coding,ENSP00000359526.4,ENSG00000155287.11;ENST00000370495.6,0.2426101029,0.000999001,60,isoform,1.0,True,0.2426101029202669,True
ENST00000434701.5,ENSG00000155287.11,SLC25A28,protein_coding,SLC25A28-202,protein_coding,ENSP00000399102.1,ENSG00000155287.11;ENST00000434701.5,-0.1557981414,0.007992008,60,isoform,1.0,True,-0.1557981413992263,True
ENST00000285697.9,ENSG00000155330.10,C16orf87,protein_coding,C16orf87-201,protein_coding,ENSP00000285697.4,ENSG00000155330.10;ENST00000285697.9,-0.1626167273,0.0224775225,60,isoform,1.0,True,-0.1626167273270148,True
ENST00000369637.5,ENSG00000155366.17,RHOC,protein_coding,RHOC-206,protein_coding,ENSP00000358651.1,ENSG00000155366.17;ENST00000369637.5,0.1082599871,0.0064935065,60,isoform,1.0,True,0.1082599870816835,True
ENST00000286070.10,ENSG00000155636.15,RBM45,protein_coding,RBM45-201,protein_coding,ENSP00000286070.5,ENSG00000155636.15;ENST00000286070.10,0.2499759803,0.004995005,60,isoform,1.0,True,0.2499759802848005,True
ENST00000286364.9,ENSG00000155903.13,RASA2,protein_coding,RASA2-201,protein_coding,ENSP00000286364.3,ENSG00000155903.13;ENST00000286364.9,-0.2766180343,0.012987013,60,isoform,1.0,True,-0.2766180342756565,True
ENST00000452898.2,ENSG00000155903.13,RASA2,protein_coding,RASA2-202,protein_coding,ENSP00000391677.2,ENSG00000155903.13;ENST00000452898.2,0.2496049595,0.017982018,60,isoform,1.0,True,0.2496049594825784,True
ENST00000491268.2,ENSG00000155906.19,RMND1,protein_coding,RMND1-203,protein_coding,ENSP00000494948.1,ENSG00000155906.19;ENST00000491268.2,0.1206447787,0.0204795205,60,isoform,1.0,True,0.1206447786764004,True
ENST00000286523.9,ENSG00000156030.13,MIDEAS,protein_coding,MIDEAS-201,protein_coding,ENSP00000286523.5,ENSG00000156030.13;ENST00000286523.9,0.1477345447,0.037962038,60,isoform,1.0,True,0.1477345447467232,True
ENST00000351429.7,ENSG00000156239.12,N6AMT1,protein_coding,N6AMT1-202,protein_coding,ENSP00000286764.4,ENSG00000156239.12;ENST00000351429.7,-0.1188547734,0.0334665335,60,isoform,1.0,True,-0.1188547733851567,True
ENST00000460212.1,ENSG00000156239.12,N6AMT1,protein_coding,N6AMT1-203,nonsense_mediated_decay,ENSP00000436490.1,ENSG00000156239.12;ENST00000460212.1,0.138227707,0.026973027,60,isoform,1.0,True,0.1382277069778928,True
ENST00000325303.9,ENSG00000156345.18,CDK20,protein_coding,CDK20-201,protein_coding,ENSP00000322343.8,ENSG00000156345.18;ENST00000325303.9,0.1744622986,0.035964036,60,isoform,1.0,True,0.1744622986408724,True
ENST00000459894.6,ENSG00000156398.13,SFXN2,protein_coding,SFXN2-202,nonsense_mediated_decay,ENSP00000473325.1,ENSG00000156398.13;ENST00000459894.6,-0.2169041857,0.0154845155,60,isoform,1.0,True,-0.2169041856747499,True
ENST00000480358.6,ENSG00000156398.13,SFXN2,protein_coding,SFXN2-203,nonsense_mediated_decay,ENSP00000473504.1,ENSG00000156398.13;ENST00000480358.6,0.1978523974,0.0214785215,60,isoform,1.0,True,0.1978523974207011,True
ENST00000494143.5,ENSG00000156521.14,TYSND1,protein_coding,TYSND1-204,processed_transcript,,ENSG00000156521.14;ENST00000494143.5,-0.112027643,0.018981019,60,isoform,1.0,True,-0.1120276429654255,True
ENST00000425053.5,ENSG00000156976.17,EIF4A2,protein_coding,EIF4A2-202,nonsense_mediated_decay,ENSP00000413529.1,ENSG00000156976.17;ENST00000425053.5,0.1098971128,0.005994006,60,isoform,1.0,True,0.10989711278745,True
ENST00000446231.7,ENSG00000157106.17,SMG1,protein_coding,SMG1-202,protein_coding,ENSP00000402515.3,ENSG00000157106.17;ENST00000446231.7,-0.1962872351,0.0164835165,60,isoform,1.0,True,-0.1962872351051692,True
ENST00000567737.1,ENSG00000157106.17,SMG1,protein_coding,SMG1-213,processed_transcript,,ENSG00000157106.17;ENST00000567737.1,0.1583698155,0.0284715285,60,isoform,1.0,True,0.1583698154549896,True
ENST00000287859.11,ENSG00000157181.16,ODR4,protein_coding,ODR4-201,protein_coding,ENSP00000287859.6,ENSG00000157181.16;ENST00000287859.11,0.1346998301,0.0144855145,60,isoform,1.0,True,0.1346998301051836,True
ENST00000486390.1,ENSG00000157191.20,NECAP2,protein_coding,NECAP2-205,processed_transcript,,ENSG00000157191.20;ENST00000486390.1,0.1246912641,0.003996004,60,isoform,1.0,True,0.1246912641298989,True
ENST00000404141.6,ENSG00000157212.19,PAXIP1,protein_coding,PAXIP1-202,protein_coding,ENSP00000384048.1,ENSG00000157212.19;ENST00000404141.6,0.1579802044,0.011988012,60,isoform,1.0,True,0.1579802043618179,True
ENST00000394605.2,ENSG00000157224.16,CLDN12,protein_coding,CLDN12-203,protein_coding,ENSP00000378103.1,ENSG00000157224.16;ENST00000394605.2,0.1042985586,0.027972028,60,isoform,1.0,True,0.1042985586428436,True
ENST00000287957.5,ENSG00000157259.8,GATAD1,protein_coding,GATAD1-201,protein_coding,ENSP00000287957.3,ENSG00000157259.8;ENST00000287957.5,0.151230005,0.0244755245,60,isoform,1.0,True,0.1512300049942637,True
ENST00000493878.1,ENSG00000157259.8,GATAD1,protein_coding,GATAD1-203,retained_intron,,ENSG00000157259.8;ENST00000493878.1,-0.1161695521,0.03996004,60,isoform,1.0,True,-0.1161695521467325,True
ENST00000205214.11,ENSG00000157426.14,AASDH,protein_coding,AASDH-201,protein_coding,ENSP00000205214.6,ENSG00000157426.14;ENST00000205214.11,0.2508234797,0.0094905095,60,isoform,1.0,True,0.2508234797340908,True
ENST00000513376.5,ENSG00000157426.14,AASDH,protein_coding,AASDH-207,protein_coding,ENSP00000423760.1,ENSG00000157426.14;ENST00000513376.5,-0.13358445,0.043956044,60,isoform,1.0,True,-0.1335844499725688,True
ENST00000372383.8,ENSG00000157514.16,TSC22D3,protein_coding,TSC22D3-203,protein_coding,ENSP00000361458.4,ENSG00000157514.16;ENST00000372383.8,-0.1503959475,0.0044955045,60,isoform,1.0,True,-0.1503959474515971,True
ENST00000372397.6,ENSG00000157514.16,TSC22D3,protein_coding,TSC22D3-206,protein_coding,ENSP00000361474.2,ENSG00000157514.16;ENST00000372397.6,0.1594486044,0.002997003,60,isoform,1.0,True,0.1594486043959068,True
ENST00000486554.1,ENSG00000157514.16,TSC22D3,protein_coding,TSC22D3-208,protein_coding,ENSP00000425414.1,ENSG00000157514.16;ENST00000486554.1,0.1085992701,0.0104895105,60,isoform,1.0,True,0.1085992701253301,True
ENST00000309117.11,ENSG00000157538.14,VPS26C,protein_coding,VPS26C-201,protein_coding,ENSP00000311399.6,ENSG00000157538.14;ENST00000309117.11,-0.1193809816,0.012987013,60,isoform,1.0,True,-0.1193809816129881,True
ENST00000647425.1,ENSG00000157540.22,DYRK1A,protein_coding,DYRK1A-222,protein_coding,ENSP00000496748.1,ENSG00000157540.22;ENST00000647425.1,0.1253912235,0.032967033,60,isoform,1.0,True,0.1253912235224817,True
ENST00000647504.1,ENSG00000157540.22,DYRK1A,protein_coding,DYRK1A-223,protein_coding,ENSP00000495571.1,ENSG00000157540.22;ENST00000647504.1,-0.1108040474,0.041958042,60,isoform,1.0,True,-0.1108040473546959,True
ENST00000398919.6,ENSG00000157554.19,ERG,protein_coding,ERG-207,protein_coding,ENSP00000381891.2,ENSG00000157554.19;ENST00000398919.6,0.1848914622,0.048951049,60,isoform,1.0,True,0.1848914622137984,True
ENST00000372072.7,ENSG00000157600.12,TMEM164,protein_coding,TMEM164-203,protein_coding,ENSP00000384075.2,ENSG00000157600.12;ENST00000372072.7,-0.1254924496,0.040959041,60,isoform,1.0,True,-0.1254924496004865,True
ENST00000469930.2,ENSG00000157764.14,BRAF,protein_coding,BRAF-202,protein_coding,ENSP00000495858.1,ENSG00000157764.14;ENST00000469930.2,0.1533856908,0.0474525475,60,isoform,1.0,True,0.1533856907984397,True
ENST00000496384.7,ENSG00000157764.14,BRAF,protein_coding,BRAF-204,protein_coding,ENSP00000419060.2,ENSG00000157764.14;ENST00000496384.7,-0.2463202867,0.016983017,60,isoform,1.0,True,-0.2463202866893079,True
ENST00000543608.5,ENSG00000157837.16,SPPL3,protein_coding,SPPL3-207,protein_coding,ENSP00000437603.1,ENSG00000157837.16;ENST00000543608.5,0.2092272155,0.004995005,60,isoform,1.0,True,0.2092272155114285,True
ENST00000288937.7,ENSG00000158042.9,MRPL17,protein_coding,MRPL17-201,protein_coding,ENSP00000288937.6,ENSG00000158042.9;ENST00000288937.7,0.1259649226,0.0064935065,60,isoform,1.0,True,0.1259649226050902,True
ENST00000529958.1,ENSG00000158042.9,MRPL17,protein_coding,MRPL17-202,retained_intron,,ENSG00000158042.9;ENST00000529958.1,-0.1321064694,0.005994006,60,isoform,1.0,True,-0.1321064694063317,True
ENST00000467049.1,ENSG00000158079.16,PTPDC1,protein_coding,PTPDC1-203,processed_transcript,,ENSG00000158079.16;ENST00000467049.1,-0.1233432148,0.045954046,60,isoform,1.0,True,-0.1233432148479337,True
ENST00000289316.2,ENSG00000158373.8,H2BC5,protein_coding,H2BC5-201,protein_coding,ENSP00000289316.2,ENSG00000158373.8;ENST00000289316.2,-0.176749888,0.004995005,60,isoform,1.0,True,-0.1767498880346121,True
ENST00000377777.5,ENSG00000158373.8,H2BC5,protein_coding,H2BC5-202,protein_coding,ENSP00000367008.4,ENSG00000158373.8;ENST00000377777.5,0.176749888,0.004995005,60,isoform,1.0,True,0.176749888034612,True
ENST00000456331.6,ENSG00000158528.12,PPP1R9A,protein_coding,PPP1R9A-208,protein_coding,ENSP00000402893.2,ENSG00000158528.12;ENST00000456331.6,0.1610667178,0.0444555445,60,isoform,1.0,True,0.1610667177674044,True
ENST00000289703.8,ENSG00000158711.14,ELK4,protein_coding,ELK4-201,protein_coding,ENSP00000289703.4,ENSG00000158711.14;ENST00000289703.8,0.285116237,0.005994006,60,isoform,1.0,True,0.2851162369667339,True
ENST00000357992.9,ENSG00000158711.14,ELK4,protein_coding,ELK4-202,protein_coding,ENSP00000350681.4,ENSG00000158711.14;ENST00000357992.9,-0.3470697767,0.0024975025,60,isoform,1.0,True,-0.3470697767420181,True
ENST00000548815.2,ENSG00000158747.15,NBL1,protein_coding,NBL1-209,protein_coding,ENSP00000449007.2,ENSG00000158747.15;ENST00000548815.2,0.1096704863,0.027972028,60,isoform,1.0,True,0.109670486324743,True
ENST00000463227.5,ENSG00000158796.17,DEDD,protein_coding,DEDD-204,processed_transcript,,ENSG00000158796.17;ENST00000463227.5,0.126584977,0.0124875125,60,isoform,1.0,True,0.1265849770114985,True
ENST00000265800.9,ENSG00000158856.18,DMTN,protein_coding,DMTN-201,protein_coding,ENSP00000265800.5,ENSG00000158856.18;ENST00000265800.9,0.1130425507,0.0454545455,60,isoform,1.0,True,0.1130425506725947,True
ENST00000509018.6,ENSG00000158987.22,RAPGEF6,protein_coding,RAPGEF6-208,protein_coding,ENSP00000421684.1,ENSG00000158987.22;ENST00000509018.6,0.1882558109,0.024975025,60,isoform,1.0,True,0.1882558109313242,True
ENST00000671916.1,ENSG00000158987.22,RAPGEF6,protein_coding,RAPGEF6-216,protein_coding,ENSP00000500379.1,ENSG00000158987.22;ENST00000671916.1,-0.1870644392,0.024975025,60,isoform,1.0,True,-0.1870644391620061,True
ENST00000344691.8,ENSG00000159216.19,RUNX1,protein_coding,RUNX1-202,protein_coding,ENSP00000340690.4,ENSG00000159216.19;ENST00000344691.8,-0.4308771106,0.0074925075,60,isoform,1.0,True,-0.4308771106455578,True
ENST00000358356.9,ENSG00000159216.19,RUNX1,protein_coding,RUNX1-203,protein_coding,ENSP00000351123.5,ENSG00000159216.19;ENST00000358356.9,0.5211775929,0.004995005,60,isoform,1.0,True,0.5211775928746246,True
ENST00000290341.8,ENSG00000159217.10,IGF2BP1,protein_coding,IGF2BP1-201,protein_coding,ENSP00000290341.3,ENSG00000159217.10;ENST00000290341.8,-0.2629623035,0.003996004,60,isoform,1.0,True,-0.2629623035276487,True
ENST00000515586.5,ENSG00000159217.10,IGF2BP1,protein_coding,IGF2BP1-206,processed_transcript,,ENSG00000159217.10;ENST00000515586.5,0.1096400053,0.0374625375,60,isoform,1.0,True,0.1096400053007183,True
ENST00000400762.7,ENSG00000159674.12,SPON2,protein_coding,SPON2-202,processed_transcript,,ENSG00000159674.12;ENST00000400762.7,0.2481585863,0.013986014,60,isoform,1.0,True,0.2481585863190977,True
ENST00000291295.14,ENSG00000160014.17,CALM3,protein_coding,CALM3-201,protein_coding,ENSP00000291295.8,ENSG00000160014.17;ENST00000291295.14,-0.1025053011,0.00999001,60,isoform,1.0,True,-0.1025053010583012,True
ENST00000391918.6,ENSG00000160014.17,CALM3,protein_coding,CALM3-202,protein_coding,ENSP00000375785.2,ENSG00000160014.17;ENST00000391918.6,0.1097522688,0.0094905095,60,isoform,1.0,True,0.1097522687699741,True
ENST00000291358.11,ENSG00000160051.12,IQCC,protein_coding,IQCC-201,protein_coding,ENSP00000291358.6,ENSG00000160051.12;ENST00000291358.11,0.1848473185,0.0284715285,60,isoform,1.0,True,0.1848473185057697,True
ENST00000617816.1,ENSG00000160051.12,IQCC,protein_coding,IQCC-203,retained_intron,,ENSG00000160051.12;ENST00000617816.1,-0.1808808912,0.0294705295,60,isoform,1.0,True,-0.1808808911566908,True
ENST00000341071.11,ENSG00000160058.19,BSDC1,protein_coding,BSDC1-201,protein_coding,ENSP00000344816.7,ENSG00000160058.19;ENST00000341071.11,-0.170293393,0.008991009,60,isoform,1.0,True,-0.1702933930031818,True
ENST00000330374.6,ENSG00000160131.13,VMA21,protein_coding,VMA21-201,protein_coding,ENSP00000333255.6,ENSG00000160131.13;ENST00000330374.6,-0.2793197651,0.000999001,60,isoform,1.0,True,-0.2793197650633676,True
ENST00000477649.1,ENSG00000160131.13,VMA21,protein_coding,VMA21-203,processed_transcript,,ENSG00000160131.13;ENST00000477649.1,0.2777294627,0.000999001,60,isoform,1.0,True,0.2777294627264855,True
ENST00000330317.6,ENSG00000160193.12,WDR4,protein_coding,WDR4-201,protein_coding,ENSP00000328671.2,ENSG00000160193.12;ENST00000330317.6,0.1449079666,0.006993007,60,isoform,1.0,True,0.1449079666447466,True
ENST00000398208.3,ENSG00000160193.12,WDR4,protein_coding,WDR4-202,protein_coding,ENSP00000381266.2,ENSG00000160193.12;ENST00000398208.3,-0.1172594785,0.0144855145,60,isoform,1.0,True,-0.1172594785015775,True
ENST00000460259.1,ENSG00000160194.18,NDUFV3,protein_coding,NDUFV3-203,processed_transcript,,ENSG00000160194.18;ENST00000460259.1,0.1112717969,0.014985015,60,isoform,1.0,True,0.1112717968675418,True
ENST00000460740.1,ENSG00000160194.18,NDUFV3,protein_coding,NDUFV3-204,processed_transcript,,ENSG00000160194.18;ENST00000460740.1,-0.1062356591,0.0174825175,60,isoform,1.0,True,-0.1062356591434254,True
ENST00000291565.9,ENSG00000160209.19,PDXK,protein_coding,PDXK-201,protein_coding,ENSP00000291565.4,ENSG00000160209.19;ENST00000291565.9,-0.1036577142,0.0034965035,60,isoform,1.0,True,-0.103657714240768,True
ENST00000467026.5,ENSG00000160294.11,MCM3AP,protein_coding,MCM3AP-204,processed_transcript,,ENSG00000160294.11;ENST00000467026.5,0.1052071784,0.012987013,60,isoform,1.0,True,0.1052071784271562,True
ENST00000397679.5,ENSG00000160298.18,C21orf58,protein_coding,C21orf58-202,protein_coding,ENSP00000380796.1,ENSG00000160298.18;ENST00000397679.5,-0.1158872291,0.0174825175,60,isoform,1.0,True,-0.1158872291484838,True
ENST00000494435.5,ENSG00000160305.18,DIP2A,protein_coding,DIP2A-212,retained_intron,,ENSG00000160305.18;ENST00000494435.5,0.1214215023,0.0314685315,60,isoform,1.0,True,0.1214215022520646,True
ENST00000456283.7,ENSG00000160352.16,ZNF714,protein_coding,ZNF714-202,protein_coding,ENSP00000478345.1,ENSG00000160352.16;ENST00000456283.7,-0.1562674014,0.020979021,60,isoform,1.0,True,-0.1562674013958553,True
ENST00000600535.1,ENSG00000160352.16,ZNF714,protein_coding,ZNF714-204,processed_transcript,,ENSG00000160352.16;ENST00000600535.1,0.2066922177,0.0104895105,60,isoform,1.0,True,0.2066922177298603,True
ENST00000291775.3,ENSG00000160360.13,GPSM1,protein_coding,GPSM1-201,protein_coding,ENSP00000291775.3,ENSG00000160360.13;ENST00000291775.3,-0.1296610389,0.014985015,60,isoform,1.0,True,-0.129661038884038,True
ENST00000440944.6,ENSG00000160360.13,GPSM1,protein_coding,GPSM1-205,protein_coding,ENSP00000392828.1,ENSG00000160360.13;ENST00000440944.6,0.1094593168,0.0224775225,60,isoform,1.0,True,0.1094593167864114,True
ENST00000584868.1,ENSG00000160392.13,C19orf47,protein_coding,C19orf47-209,protein_coding,ENSP00000495586.1,ENSG00000160392.13;ENST00000584868.1,0.1311113947,0.0304695305,60,isoform,1.0,True,0.1311113946681643,True
ENST00000591774.5,ENSG00000160469.17,BRSK1,protein_coding,BRSK1-207,protein_coding,ENSP00000466380.1,ENSG00000160469.17;ENST00000591774.5,0.226047728,0.0374625375,60,isoform,1.0,True,0.2260477279671532,True
ENST00000488337.5,ENSG00000160584.16,SIK3,protein_coding,SIK3-212,processed_transcript,,ENSG00000160584.16;ENST00000488337.5,0.1458429535,0.0224775225,60,isoform,1.0,True,0.1458429535215217,True
ENST00000486197.5,ENSG00000160766.14,GBAP1,transcribed_unprocessed_pseudogene,GBAP1-206,retained_intron,,ENSG00000160766.14;ENST00000486197.5,0.1065982017,0.024975025,60,isoform,1.0,True,0.1065982017028058,True
ENST00000292433.4,ENSG00000160888.7,IER2,protein_coding,IER2-201,protein_coding,ENSP00000292433.2,ENSG00000160888.7;ENST00000292433.4,0.2318664854,0.0,60,isoform,0.0,True,0.2318664853766272,True
ENST00000588173.1,ENSG00000160888.7,IER2,protein_coding,IER2-203,protein_coding,ENSP00000465617.1,ENSG00000160888.7;ENST00000588173.1,-0.2290815493,0.0,60,isoform,0.0,True,-0.2290815492921481,True
ENST00000518235.5,ENSG00000161010.15,MRNIP,protein_coding,MRNIP-205,protein_coding,ENSP00000430298.1,ENSG00000161010.15;ENST00000518235.5,0.3088054314,0.0,60,isoform,0.0,True,0.3088054314356101,True
ENST00000522663.5,ENSG00000161010.15,MRNIP,protein_coding,MRNIP-219,nonsense_mediated_decay,ENSP00000429835.1,ENSG00000161010.15;ENST00000522663.5,-0.189064222,0.0004995005,60,isoform,1.0,True,-0.1890642219622868,True
ENST00000567020.6,ENSG00000162065.14,TBC1D24,protein_coding,TBC1D24-204,protein_coding,ENSP00000454408.1,ENSG00000162065.14;ENST00000567020.6,-0.213629228,0.0294705295,60,isoform,1.0,True,-0.2136292279800504,True
ENST00000569874.2,ENSG00000162065.14,TBC1D24,protein_coding,TBC1D24-205,nonsense_mediated_decay,ENSP00000455005.2,ENSG00000162065.14;ENST00000569874.2,0.2057189957,0.030969031,60,isoform,1.0,True,0.20571899567111,True
ENST00000294168.8,ENSG00000162227.8,TAF6L,protein_coding,TAF6L-201,protein_coding,ENSP00000294168.3,ENSG00000162227.8;ENST00000294168.8,0.1474649924,0.0104895105,60,isoform,1.0,True,0.1474649924070115,True
ENST00000377658.8,ENSG00000162413.16,KLHL21,protein_coding,KLHL21-201,protein_coding,ENSP00000366886.4,ENSG00000162413.16;ENST00000377658.8,0.1304198163,0.011988012,60,isoform,1.0,True,0.1304198162568645,True
ENST00000377663.3,ENSG00000162413.16,KLHL21,protein_coding,KLHL21-202,protein_coding,ENSP00000366891.3,ENSG00000162413.16;ENST00000377663.3,-0.1309052908,0.011988012,60,isoform,1.0,True,-0.1309052908188056,True
ENST00000373534.4,ENSG00000162526.7,TSSK3,protein_coding,TSSK3-201,protein_coding,ENSP00000362634.3,ENSG00000162526.7;ENST00000373534.4,0.2005428181,0.02997003,60,isoform,1.0,True,0.2005428181296874,True
ENST00000403491.8,ENSG00000162599.17,NFIA,protein_coding,NFIA-207,protein_coding,ENSP00000384523.3,ENSG00000162599.17;ENST00000403491.8,-0.2126194529,0.016983017,60,isoform,1.0,True,-0.212619452852852,True
ENST00000622766.1,ENSG00000162601.11,MYSM1,protein_coding,MYSM1-207,protein_coding,ENSP00000478391.1,ENSG00000162601.11;ENST00000622766.1,-0.1613243334,0.0204795205,60,isoform,1.0,True,-0.161324333430342,True
ENST00000479111.5,ENSG00000162623.16,TYW3,protein_coding,TYW3-205,protein_coding,ENSP00000477469.1,ENSG00000162623.16;ENST00000479111.5,0.1536308906,0.010989011,60,isoform,1.0,True,0.1536308906493502,True
ENST00000314485.12,ENSG00000162729.14,IGSF8,protein_coding,IGSF8-201,protein_coding,ENSP00000316664.7,ENSG00000162729.14;ENST00000314485.12,-0.1319016053,0.0054945055,60,isoform,1.0,True,-0.1319016053143533,True
ENST00000614243.4,ENSG00000162729.14,IGSF8,protein_coding,IGSF8-205,protein_coding,ENSP00000477565.1,ENSG00000162729.14;ENST00000614243.4,0.1279599554,0.0054945055,60,isoform,1.0,True,0.1279599554321212,True
ENST00000366971.9,ENSG00000162769.13,FLVCR1,protein_coding,FLVCR1-201,protein_coding,ENSP00000355938.4,ENSG00000162769.13;ENST00000366971.9,-0.1869340859,0.0044955045,60,isoform,1.0,True,-0.1869340859292862,True
ENST00000369784.8,ENSG00000162775.16,RBM15,protein_coding,RBM15-201,protein_coding,ENSP00000358799.3,ENSG00000162775.16;ENST00000369784.8,0.1795711275,0.0234765235,60,isoform,1.0,True,0.1795711274549594,True
ENST00000652342.2,ENSG00000162775.16,RBM15,protein_coding,RBM15-207,protein_coding,ENSP00000498328.1,ENSG00000162775.16;ENST00000652342.2,-0.1734939395,0.0254745255,60,isoform,1.0,True,-0.1734939394966247,True
ENST00000340934.10,ENSG00000162819.12,BROX,protein_coding,BROX-201,protein_coding,ENSP00000343742.5,ENSG00000162819.12;ENST00000340934.10,-0.213024373,0.002997003,60,isoform,1.0,True,-0.2130243729991878,True
ENST00000496267.1,ENSG00000162819.12,BROX,protein_coding,BROX-206,processed_transcript,,ENSG00000162819.12;ENST00000496267.1,0.2192962246,0.002997003,60,isoform,1.0,True,0.2192962245578375,True
ENST00000366511.1,ENSG00000162852.14,CNST,protein_coding,CNST-201,protein_coding,ENSP00000355468.1,ENSG00000162852.14;ENST00000366511.1,0.1741158133,0.014985015,60,isoform,1.0,True,0.1741158132712375,True
ENST00000366513.9,ENSG00000162852.14,CNST,protein_coding,CNST-203,protein_coding,ENSP00000355470.4,ENSG00000162852.14;ENST00000366513.9,-0.1621107506,0.018981019,60,isoform,1.0,True,-0.1621107505732445,True
ENST00000294952.13,ENSG00000162869.16,PPP1R21,protein_coding,PPP1R21-202,protein_coding,ENSP00000294952.8,ENSG00000162869.16;ENST00000294952.13,0.1117639725,0.040959041,60,isoform,1.0,True,0.111763972526985,True
ENST00000294964.6,ENSG00000162878.13,PKDCC,protein_coding,PKDCC-201,protein_coding,ENSP00000294964.5,ENSG00000162878.13;ENST00000294964.6,0.1708271389,0.0034965035,60,isoform,1.0,True,0.1708271388653017,True
ENST00000472613.3,ENSG00000162913.10,OBSCN-AS1,lncRNA,OBSCN-AS1-203,lncRNA,,ENSG00000162913.10;ENST00000472613.3,0.2422589003,0.023976024,60,isoform,1.0,True,0.242258900301025,True
ENST00000486652.5,ENSG00000162923.16,WDR26,protein_coding,WDR26-208,nonsense_mediated_decay,ENSP00000422758.1,ENSG00000162923.16;ENST00000486652.5,0.1081821087,0.011988012,60,isoform,1.0,True,0.1081821087314794,True
ENST00000295030.6,ENSG00000162928.9,PEX13,protein_coding,PEX13-201,protein_coding,ENSP00000295030.4,ENSG00000162928.9;ENST00000295030.6,-0.1180310552,0.017982018,60,isoform,1.0,True,-0.1180310552361926,True
ENST00000317968.9,ENSG00000163110.15,PDLIM5,protein_coding,PDLIM5-201,protein_coding,ENSP00000321746.4,ENSG00000163110.15;ENST00000317968.9,-0.3605266673,0.000999001,60,isoform,1.0,True,-0.3605266673373197,True
ENST00000359265.8,ENSG00000163110.15,PDLIM5,protein_coding,PDLIM5-203,protein_coding,ENSP00000352210.4,ENSG00000163110.15;ENST00000359265.8,0.1912318061,0.0114885115,60,isoform,1.0,True,0.1912318061212792,True
ENST00000437932.5,ENSG00000163110.15,PDLIM5,protein_coding,PDLIM5-206,protein_coding,ENSP00000398469.2,ENSG00000163110.15;ENST00000437932.5,-0.1155306896,0.0334665335,60,isoform,1.0,True,-0.1155306896363474,True
ENST00000504489.3,ENSG00000163110.15,PDLIM5,protein_coding,PDLIM5-208,protein_coding,ENSP00000423009.1,ENSG00000163110.15;ENST00000504489.3,0.1595775839,0.017982018,60,isoform,1.0,True,0.1595775839440476,True
ENST00000368908.10,ENSG00000163155.12,LYSMD1,protein_coding,LYSMD1-201,protein_coding,ENSP00000357904.5,ENSG00000163155.12;ENST00000368908.10,-0.1308201473,0.0384615385,60,isoform,1.0,True,-0.1308201472803237,True
ENST00000440902.2,ENSG00000163155.12,LYSMD1,protein_coding,LYSMD1-202,protein_coding,ENSP00000404059.2,ENSG00000163155.12;ENST00000440902.2,0.1308201473,0.0384615385,60,isoform,1.0,True,0.1308201472803237,True
ENST00000295414.8,ENSG00000163249.13,CCNYL1,protein_coding,CCNYL1-201,protein_coding,ENSP00000295414.3,ENSG00000163249.13;ENST00000295414.8,-0.165691266,0.0244755245,60,isoform,1.0,True,-0.165691265988993,True
ENST00000420822.1,ENSG00000163249.13,CCNYL1,protein_coding,CCNYL1-205,protein_coding,ENSP00000399151.1,ENSG00000163249.13;ENST00000420822.1,0.2957669715,0.007992008,60,isoform,1.0,True,0.2957669715437088,True
ENST00000382247.6,ENSG00000163257.11,DCAF16,protein_coding,DCAF16-201,protein_coding,ENSP00000371682.1,ENSG00000163257.11;ENST00000382247.6,-0.1686858018,0.003996004,60,isoform,1.0,True,-0.168685801828717,True
ENST00000507731.1,ENSG00000163257.11,DCAF16,protein_coding,DCAF16-202,processed_transcript,,ENSG00000163257.11;ENST00000507731.1,0.2198239084,0.0014985015,60,isoform,1.0,True,0.219823908415187,True
ENST00000309534.10,ENSG00000163320.12,CGGBP1,protein_coding,CGGBP1-201,protein_coding,ENSP00000381428.2,ENSG00000163320.12;ENST00000309534.10,-0.1383843271,0.012987013,60,isoform,1.0,True,-0.1383843270891213,True
ENST00000295549.9,ENSG00000163364.10,LINC01116,lncRNA,LINC01116-201,lncRNA,,ENSG00000163364.10;ENST00000295549.9,-0.2413842254,0.005994006,60,isoform,1.0,True,-0.2413842254026241,True
ENST00000655532.1,ENSG00000163364.10,LINC01116,lncRNA,LINC01116-203,lncRNA,,ENSG00000163364.10;ENST00000655532.1,0.2283552727,0.006993007,60,isoform,1.0,True,0.2283552727499864,True
ENST00000295588.9,ENSG00000163389.12,POGLUT1,protein_coding,POGLUT1-201,protein_coding,ENSP00000295588.4,ENSG00000163389.12;ENST00000295588.9,0.1074745084,0.0354645355,60,isoform,1.0,True,0.1074745083825559,True
ENST00000432839.1,ENSG00000163521.16,GLB1L,protein_coding,GLB1L-206,protein_coding,ENSP00000392018.1,ENSG00000163521.16;ENST00000432839.1,0.1623799984,0.013986014,60,isoform,1.0,True,0.1623799984138342,True
ENST00000399362.8,ENSG00000163539.17,CLASP2,protein_coding,CLASP2-204,protein_coding,ENSP00000382297.4,ENSG00000163539.17;ENST00000399362.8,0.119628943,0.044955045,60,isoform,1.0,True,0.1196289430018905,True
ENST00000295797.5,ENSG00000163558.13,PRKCI,protein_coding,PRKCI-201,protein_coding,ENSP00000295797.4,ENSG00000163558.13;ENST00000295797.5,-0.1005965141,0.0294705295,60,isoform,1.0,True,-0.1005965140579736,True
ENST00000485837.5,ENSG00000163558.13,PRKCI,protein_coding,PRKCI-205,retained_intron,,ENSG00000163558.13;ENST00000485837.5,0.1203046955,0.018981019,60,isoform,1.0,True,0.1203046954572207,True
ENST00000487522.5,ENSG00000163577.8,EIF5A2,protein_coding,EIF5A2-205,protein_coding,ENSP00000418305.1,ENSG00000163577.8;ENST00000487522.5,0.2081277024,0.035964036,60,isoform,1.0,True,0.2081277023616669,True
ENST00000586942.6,ENSG00000163597.15,SNHG16,lncRNA,SNHG16-204,lncRNA,,ENSG00000163597.15;ENST00000586942.6,0.1409457772,0.0024975025,60,isoform,1.0,True,0.1409457771556586,True
ENST00000469809.5,ENSG00000163608.15,NEPRO,protein_coding,NEPRO-208,nonsense_mediated_decay,ENSP00000420577.1,ENSG00000163608.15;ENST00000469809.5,0.1063833709,0.0094905095,60,isoform,1.0,True,0.10638337094654,True
ENST00000421792.2,ENSG00000163626.17,COX18,protein_coding,COX18-202,processed_transcript,,ENSG00000163626.17;ENST00000421792.2,0.2524401882,0.0034965035,60,isoform,1.0,True,0.2524401881746478,True
ENST00000510031.1,ENSG00000163626.17,COX18,protein_coding,COX18-205,nonsense_mediated_decay,ENSP00000424978.1,ENSG00000163626.17;ENST00000510031.1,-0.1620944475,0.0094905095,60,isoform,1.0,True,-0.1620944474830699,True
ENST00000511467.1,ENSG00000163629.13,PTPN13,protein_coding,PTPN13-209,protein_coding,ENSP00000426626.1,ENSG00000163629.13;ENST00000511467.1,-0.165798842,0.0224775225,60,isoform,1.0,True,-0.1657988419993211,True
ENST00000295924.12,ENSG00000163659.13,TIPARP,protein_coding,TIPARP-201,protein_coding,ENSP00000295924.7,ENSG00000163659.13;ENST00000295924.12,-0.2587038525,0.005994006,60,isoform,1.0,True,-0.258703852466089,True
ENST00000461166.5,ENSG00000163659.13,TIPARP,protein_coding,TIPARP-202,protein_coding,ENSP00000420612.1,ENSG00000163659.13;ENST00000461166.5,0.1569734035,0.023976024,60,isoform,1.0,True,0.1569734034964501,True
ENST00000295958.10,ENSG00000163683.12,SMIM14,protein_coding,SMIM14-201,protein_coding,ENSP00000295958.4,ENSG00000163683.12;ENST00000295958.10,-0.1331379533,0.007992008,60,isoform,1.0,True,-0.1331379532609337,True
ENST00000296015.9,ENSG00000163728.11,TTC14,protein_coding,TTC14-201,protein_coding,ENSP00000296015.4,ENSG00000163728.11;ENST00000296015.9,0.240759792,0.0024975025,60,isoform,1.0,True,0.2407597920377981,True
ENST00000412756.6,ENSG00000163728.11,TTC14,protein_coding,TTC14-203,protein_coding,ENSP00000413743.2,ENSG00000163728.11;ENST00000412756.6,-0.2311110114,0.002997003,60,isoform,1.0,True,-0.2311110114055324,True
ENST00000461101.1,ENSG00000163738.18,MTHFD2L,protein_coding,MTHFD2L-208,processed_transcript,,ENSG00000163738.18;ENST00000461101.1,-0.1220408181,0.023976024,60,isoform,1.0,True,-0.1220408181261933,True
ENST00000484725.1,ENSG00000163738.18,MTHFD2L,protein_coding,MTHFD2L-212,processed_transcript,,ENSG00000163738.18;ENST00000484725.1,0.1899002053,0.0064935065,60,isoform,1.0,True,0.1899002052804133,True
ENST00000505804.1,ENSG00000163781.14,TOPBP1,protein_coding,TOPBP1-204,retained_intron,,ENSG00000163781.14;ENST00000505804.1,-0.1189959998,0.0114885115,60,isoform,1.0,True,-0.1189959997594073,True
ENST00000296121.6,ENSG00000163807.6,KIAA1143,protein_coding,KIAA1143-201,protein_coding,ENSP00000296121.4,ENSG00000163807.6;ENST00000296121.6,-0.1694023781,0.002997003,60,isoform,1.0,True,-0.1694023780617332,True
ENST00000484437.1,ENSG00000163807.6,KIAA1143,protein_coding,KIAA1143-202,processed_transcript,,ENSG00000163807.6;ENST00000484437.1,0.1694023781,0.002997003,60,isoform,1.0,True,0.169402378061733,True
ENST00000296135.11,ENSG00000163818.17,LZTFL1,protein_coding,LZTFL1-201,protein_coding,ENSP00000296135.6,ENSG00000163818.17;ENST00000296135.11,-0.2351509213,0.008991009,60,isoform,1.0,True,-0.2351509212980009,True
ENST00000411866.5,ENSG00000163818.17,LZTFL1,protein_coding,LZTFL1-202,nonsense_mediated_decay,ENSP00000397589.1,ENSG00000163818.17;ENST00000411866.5,0.2130531079,0.0114885115,60,isoform,1.0,True,0.2130531078921355,True
ENST00000360647.9,ENSG00000163848.20,ZNF148,protein_coding,ZNF148-201,protein_coding,ENSP00000353863.4,ENSG00000163848.20;ENST00000360647.9,-0.1062695271,0.044955045,60,isoform,1.0,True,-0.1062695271427462,True
ENST00000492394.5,ENSG00000163848.20,ZNF148,protein_coding,ZNF148-207,protein_coding,ENSP00000419322.1,ENSG00000163848.20;ENST00000492394.5,0.1742069828,0.016983017,60,isoform,1.0,True,0.1742069828387891,True
ENST00000373073.8,ENSG00000163875.16,MEAF6,protein_coding,MEAF6-202,protein_coding,ENSP00000362164.4,ENSG00000163875.16;ENST00000373073.8,0.1150982511,0.0124875125,60,isoform,1.0,True,0.1150982511489276,True
ENST00000296273.6,ENSG00000163918.10,RFC4,protein_coding,RFC4-201,protein_coding,ENSP00000296273.2,ENSG00000163918.10;ENST00000296273.6,0.1060644149,0.0054945055,60,isoform,1.0,True,0.1060644149074852,True
ENST00000418458.6,ENSG00000163938.17,GNL3,protein_coding,GNL3-202,protein_coding,ENSP00000395772.1,ENSG00000163938.17;ENST00000418458.6,0.1329668,0.004995005,60,isoform,1.0,True,0.1329668000151302,True
ENST00000389851.10,ENSG00000163945.18,UVSSA,protein_coding,UVSSA-201,protein_coding,ENSP00000374501.4,ENSG00000163945.18;ENST00000389851.10,0.3599202005,0.0104895105,60,isoform,1.0,True,0.3599202005068174,True
ENST00000511216.6,ENSG00000163945.18,UVSSA,protein_coding,UVSSA-206,protein_coding,ENSP00000425130.1,ENSG00000163945.18;ENST00000511216.6,-0.2515267338,0.022977023,60,isoform,1.0,True,-0.2515267337840717,True
ENST00000296328.9,ENSG00000163960.12,UBXN7,protein_coding,UBXN7-201,protein_coding,ENSP00000296328.4,ENSG00000163960.12;ENST00000296328.9,-0.2513955476,0.013986014,60,isoform,1.0,True,-0.2513955475604088,True
ENST00000429160.1,ENSG00000163960.12,UBXN7,protein_coding,UBXN7-205,nonsense_mediated_decay,ENSP00000397238.1,ENSG00000163960.12;ENST00000429160.1,0.2066478426,0.0234765235,60,isoform,1.0,True,0.2066478425780996,True
ENST00000468913.2,ENSG00000164008.16,C1orf50,protein_coding,C1orf50-202,processed_transcript,,ENSG00000164008.16;ENST00000468913.2,0.2192740743,0.023976024,60,isoform,1.0,True,0.2192740743110103,True
ENST00000494155.1,ENSG00000164008.16,C1orf50,protein_coding,C1orf50-203,retained_intron,,ENSG00000164008.16;ENST00000494155.1,-0.1591482335,0.043956044,60,isoform,1.0,True,-0.1591482334724428,True
ENST00000672285.1,ENSG00000164022.17,AIMP1,protein_coding,AIMP1-208,protein_coding,ENSP00000500668.1,ENSG00000164022.17;ENST00000672285.1,0.1048388527,0.010989011,60,isoform,1.0,True,0.1048388527272794,True
ENST00000492366.5,ENSG00000164039.15,BDH2,protein_coding,BDH2-204,retained_intron,,ENSG00000164039.15;ENST00000492366.5,-0.1547343381,0.0134865135,60,isoform,1.0,True,-0.1547343381467889,True
ENST00000296440.11,ENSG00000164050.13,PLXNB1,protein_coding,PLXNB1-201,protein_coding,ENSP00000296440.6,ENSG00000164050.13;ENST00000296440.11,0.1462685699,0.0194805195,60,isoform,1.0,True,0.1462685699374739,True
ENST00000320211.10,ENSG00000164053.21,ATRIP,protein_coding,ATRIP-201,protein_coding,ENSP00000323099.3,ENSG00000164053.21;ENST00000320211.10,-0.4614431673,0.0,60,isoform,0.0,True,-0.4614431673011316,True
ENST00000634384.2,ENSG00000164053.21,ATRIP,protein_coding,ATRIP-205,nonsense_mediated_decay,ENSP00000489041.2,ENSG00000164053.21;ENST00000634384.2,0.3040847557,0.001998002,60,isoform,1.0,True,0.304084755712124,True
ENST00000635099.1,ENSG00000164053.21,ATRIP,protein_coding,ATRIP-208,protein_coding,ENSP00000489608.1,ENSG00000164053.21;ENST00000635099.1,0.1166323183,0.0224775225,60,isoform,1.0,True,0.1166323183138814,True
ENST00000296464.9,ENSG00000164070.12,HSPA4L,protein_coding,HSPA4L-201,protein_coding,ENSP00000296464.3,ENSG00000164070.12;ENST00000296464.9,-0.101696064,0.0374625375,60,isoform,1.0,True,-0.1016960640149854,True
ENST00000641686.2,ENSG00000164073.11,MFSD8,protein_coding,MFSD8-241,protein_coding,ENSP00000493218.2,ENSG00000164073.11;ENST00000641686.2,-0.1272578224,0.024975025,60,isoform,1.0,True,-0.1272578223566905,True
ENST00000641742.1,ENSG00000164073.11,MFSD8,protein_coding,MFSD8-244,nonsense_mediated_decay,ENSP00000493315.1,ENSG00000164073.11;ENST00000641742.1,0.14152552,0.0214785215,60,isoform,1.0,True,0.1415255200193369,True
ENST00000473040.6,ENSG00000164074.15,ABHD18,protein_coding,ABHD18-204,nonsense_mediated_decay,ENSP00000425434.2,ENSG00000164074.15;ENST00000473040.6,0.2123754739,0.027972028,60,isoform,1.0,True,0.2123754738552016,True
ENST00000503780.6,ENSG00000164118.13,CEP44,protein_coding,CEP44-206,protein_coding,ENSP00000423153.1,ENSG00000164118.13;ENST00000503780.6,-0.2137145738,0.0254745255,60,isoform,1.0,True,-0.2137145738072069,True
ENST00000296543.10,ENSG00000164134.13,NAA15,protein_coding,NAA15-201,protein_coding,ENSP00000296543.4,ENSG00000164134.13;ENST00000296543.10,0.1407307985,0.007992008,60,isoform,1.0,True,0.1407307984683464,True
ENST00000480277.2,ENSG00000164134.13,NAA15,protein_coding,NAA15-204,processed_transcript,,ENSG00000164134.13;ENST00000480277.2,-0.1377189635,0.0084915085,60,isoform,1.0,True,-0.137718963521668,True
ENST00000503535.1,ENSG00000164187.7,LMBRD2,protein_coding,LMBRD2-202,retained_intron,,ENSG00000164187.7;ENST00000503535.1,-0.1462233445,0.0444555445,60,isoform,1.0,True,-0.1462233444894259,True
ENST00000419445.6,ENSG00000164219.10,PGGT1B,protein_coding,PGGT1B-203,protein_coding,ENSP00000404676.1,ENSG00000164219.10;ENST00000419445.6,-0.1226135145,0.0284715285,60,isoform,1.0,True,-0.1226135145166787,True
ENST00000506821.1,ENSG00000164237.9,CMBL,protein_coding,CMBL-204,retained_intron,,ENSG00000164237.9;ENST00000506821.1,-0.1082312422,0.0064935065,60,isoform,1.0,True,-0.1082312422125414,True
ENST00000515321.5,ENSG00000164253.14,WDR41,protein_coding,WDR41-228,processed_transcript,,ENSG00000164253.14;ENST00000515321.5,0.1280582674,0.0064935065,60,isoform,1.0,True,0.1280582674238655,True
ENST00000532987.1,ENSG00000164296.7,TIGD6,protein_coding,TIGD6-203,processed_transcript,,ENSG00000164296.7;ENST00000532987.1,0.1624620823,0.0194805195,60,isoform,1.0,True,0.162462082303713,True
ENST00000443439.7,ENSG00000164307.13,ERAP1,protein_coding,ERAP1-202,protein_coding,ENSP00000406304.2,ENSG00000164307.13;ENST00000443439.7,0.1638954327,0.0134865135,60,isoform,1.0,True,0.1638954327069616,True
ENST00000507859.1,ENSG00000164307.13,ERAP1,protein_coding,ERAP1-206,retained_intron,,ENSG00000164307.13;ENST00000507859.1,-0.1045659756,0.0344655345,60,isoform,1.0,True,-0.1045659756163062,True
ENST00000508491.1,ENSG00000164338.10,UTP15,protein_coding,UTP15-202,protein_coding,ENSP00000424609.1,ENSG00000164338.10;ENST00000508491.1,0.1297562784,0.0204795205,60,isoform,1.0,True,0.1297562784229678,True
ENST00000448933.5,ENSG00000164402.14,SEPTIN8,protein_coding,SEPTIN8-210,protein_coding,ENSP00000399840.1,ENSG00000164402.14;ENST00000448933.5,0.1589381805,0.0044955045,60,isoform,1.0,True,0.1589381805323761,True
ENST00000483716.1,ENSG00000164535.15,DAGLB,protein_coding,DAGLB-209,processed_transcript,,ENSG00000164535.15;ENST00000483716.1,0.1029722458,0.020979021,60,isoform,1.0,True,0.1029722458139572,True
ENST00000317020.10,ENSG00000164542.13,KIAA0895,protein_coding,KIAA0895-202,protein_coding,ENSP00000319251.6,ENSG00000164542.13;ENST00000317020.10,0.1293070915,0.0224775225,60,isoform,1.0,True,0.1293070915230922,True
ENST00000319357.6,ENSG00000164543.7,STK17A,protein_coding,STK17A-201,protein_coding,ENSP00000319192.5,ENSG00000164543.7;ENST00000319357.6,-0.1636709378,0.006993007,60,isoform,1.0,True,-0.1636709378253557,True
ENST00000648544.1,ENSG00000164543.7,STK17A,protein_coding,STK17A-204,nonsense_mediated_decay,ENSP00000497301.1,ENSG00000164543.7;ENST00000648544.1,0.2606684559,0.0014985015,60,isoform,1.0,True,0.2606684558790967,True
ENST00000494255.5,ENSG00000164548.11,TRA2A,protein_coding,TRA2A-209,retained_intron,,ENSG00000164548.11;ENST00000494255.5,-0.137025109,0.0054945055,60,isoform,1.0,True,-0.1370251090274635,True
ENST00000328914.5,ENSG00000164916.11,FOXK1,protein_coding,FOXK1-201,protein_coding,ENSP00000328720.4,ENSG00000164916.11;ENST00000328914.5,-0.1429038396,0.0254745255,60,isoform,1.0,True,-0.1429038395867623,True
ENST00000460979.2,ENSG00000164916.11,FOXK1,protein_coding,FOXK1-202,protein_coding,ENSP00000475486.1,ENSG00000164916.11;ENST00000460979.2,0.191934652,0.010989011,60,isoform,1.0,True,0.1919346520228504,True
ENST00000297565.8,ENSG00000164920.9,OSR2,protein_coding,OSR2-201,protein_coding,ENSP00000297565.4,ENSG00000164920.9;ENST00000297565.8,-0.3517794381,0.0124875125,60,isoform,1.0,True,-0.3517794380907099,True
ENST00000435298.6,ENSG00000164920.9,OSR2,protein_coding,OSR2-202,protein_coding,ENSP00000402862.2,ENSG00000164920.9;ENST00000435298.6,0.3241376689,0.015984016,60,isoform,1.0,True,0.3241376688729947,True
ENST00000297596.3,ENSG00000164949.8,GEM,protein_coding,GEM-201,protein_coding,ENSP00000297596.2,ENSG00000164949.8;ENST00000297596.3,-0.2541706788,0.0204795205,60,isoform,1.0,True,-0.254170678797977,True
ENST00000379644.9,ENSG00000165102.15,HGSNAT,protein_coding,HGSNAT-201,protein_coding,ENSP00000368965.4,ENSG00000165102.15;ENST00000379644.9,0.1247422137,0.026973027,60,isoform,1.0,True,0.1247422136986007,True
ENST00000376340.2,ENSG00000165118.15,C9orf64,protein_coding,C9orf64-202,protein_coding,ENSP00000365518.1,ENSG00000165118.15;ENST00000376340.2,0.1258272791,0.0204795205,60,isoform,1.0,True,0.1258272790697466,True
ENST00000376344.8,ENSG00000165118.15,C9orf64,protein_coding,C9orf64-203,protein_coding,ENSP00000365522.3,ENSG00000165118.15;ENST00000376344.8,-0.1253376734,0.0204795205,60,isoform,1.0,True,-0.1253376733700841,True
ENST00000353234.5,ENSG00000165138.18,ANKS6,protein_coding,ANKS6-201,protein_coding,ENSP00000297837.6,ENSG00000165138.18;ENST00000353234.5,-0.1742274303,0.0084915085,60,isoform,1.0,True,-0.1742274302558644,True
ENST00000297994.4,ENSG00000165275.10,TRMT10B,protein_coding,TRMT10B-201,protein_coding,ENSP00000297994.3,ENSG00000165275.10;ENST00000297994.4,-0.2028796522,0.013986014,60,isoform,1.0,True,-0.2028796522010794,True
ENST00000473691.1,ENSG00000165288.11,BRWD3,protein_coding,BRWD3-202,processed_transcript,,ENSG00000165288.11;ENST00000473691.1,0.2148413168,0.030969031,60,isoform,1.0,True,0.2148413168480245,True
ENST00000371681.8,ENSG00000165338.16,HECTD2,protein_coding,HECTD2-203,protein_coding,ENSP00000360746.4,ENSG00000165338.16;ENST00000371681.8,0.1498352647,0.0404595405,60,isoform,1.0,True,0.1498352646865083,True
ENST00000298281.8,ENSG00000165494.11,PCF11,protein_coding,PCF11-201,protein_coding,ENSP00000298281.4,ENSG00000165494.11;ENST00000298281.8,-0.1332717742,0.0024975025,60,isoform,1.0,True,-0.1332717741858059,True
ENST00000624931.1,ENSG00000165494.11,PCF11,protein_coding,PCF11-207,TEC,,ENSG00000165494.11;ENST00000624931.1,0.268280166,0.0,60,isoform,0.0,True,0.268280166033611,True
ENST00000354179.8,ENSG00000165671.21,NSD1,protein_coding,NSD1-202,protein_coding,ENSP00000346111.4,ENSG00000165671.21;ENST00000354179.8,-0.2210362019,0.002997003,60,isoform,1.0,True,-0.2210362018829529,True
ENST00000511258.5,ENSG00000165671.21,NSD1,protein_coding,NSD1-211,protein_coding,ENSP00000426428.1,ENSG00000165671.21;ENST00000511258.5,0.1733867746,0.004995005,60,isoform,1.0,True,0.1733867745789147,True
ENST00000314565.9,ENSG00000165714.11,BORCS5,protein_coding,BORCS5-202,protein_coding,ENSP00000321546.4,ENSG00000165714.11;ENST00000314565.9,-0.1030151276,0.040959041,60,isoform,1.0,True,-0.1030151275839857,True
ENST00000621345.4,ENSG00000165806.21,CASP7,protein_coding,CASP7-211,protein_coding,ENSP00000480584.1,ENSG00000165806.21;ENST00000621345.4,0.1048560851,0.0254745255,60,isoform,1.0,True,0.1048560851298524,True
ENST00000298717.9,ENSG00000165819.12,METTL3,protein_coding,METTL3-201,protein_coding,ENSP00000298717.3,ENSG00000165819.12;ENST00000298717.9,0.1180959075,0.0054945055,60,isoform,1.0,True,0.1180959075299197,True
ENST00000298746.5,ENSG00000165832.6,TRUB1,protein_coding,TRUB1-201,protein_coding,ENSP00000298746.3,ENSG00000165832.6;ENST00000298746.5,-0.1149515944,0.015984016,60,isoform,1.0,True,-0.1149515944487535,True
ENST00000485065.1,ENSG00000165832.6,TRUB1,protein_coding,TRUB1-202,processed_transcript,,ENSG00000165832.6;ENST00000485065.1,0.1149515944,0.015984016,60,isoform,1.0,True,0.1149515944487536,True
ENST00000298942.4,ENSG00000165983.14,PTER,protein_coding,PTER-201,protein_coding,ENSP00000298942.4,ENSG00000165983.14;ENST00000298942.4,-0.1442588641,0.0234765235,60,isoform,1.0,True,-0.1442588641068707,True
ENST00000526015.5,ENSG00000166012.17,TAF1D,protein_coding,TAF1D-205,nonsense_mediated_decay,ENSP00000435087.1,ENSG00000166012.17;ENST00000526015.5,0.102145681,0.0054945055,60,isoform,1.0,True,0.1021456810248018,True
ENST00000448775.4,ENSG00000166250.12,CLMP,protein_coding,CLMP-201,protein_coding,ENSP00000405577.2,ENSG00000166250.12;ENST00000448775.4,0.1098943058,0.020979021,60,isoform,1.0,True,0.1098943058298352,True
ENST00000529128.1,ENSG00000166250.12,CLMP,protein_coding,CLMP-203,retained_intron,,ENSG00000166250.12;ENST00000529128.1,-0.1206143555,0.015984016,60,isoform,1.0,True,-0.1206143554948733,True
ENST00000529691.1,ENSG00000166261.11,ZNF202,protein_coding,ZNF202-206,protein_coding,ENSP00000433881.1,ENSG00000166261.11;ENST00000529691.1,-0.1371559813,0.031968032,60,isoform,1.0,True,-0.1371559812628307,True
ENST00000393094.7,ENSG00000166266.14,CUL5,protein_coding,CUL5-201,protein_coding,ENSP00000376808.2,ENSG00000166266.14;ENST00000393094.7,-0.1466189977,0.0194805195,60,isoform,1.0,True,-0.1466189976884783,True
ENST00000369889.5,ENSG00000166272.18,WBP1L,protein_coding,WBP1L-202,protein_coding,ENSP00000358905.4,ENSG00000166272.18;ENST00000369889.5,-0.1422786486,0.021978022,60,isoform,1.0,True,-0.14227864862266,True
ENST00000448841.7,ENSG00000166272.18,WBP1L,protein_coding,WBP1L-203,protein_coding,ENSP00000414721.1,ENSG00000166272.18;ENST00000448841.7,0.132451023,0.025974026,60,isoform,1.0,True,0.1324510229914167,True
ENST00000527108.5,ENSG00000166352.16,IFTAP,protein_coding,IFTAP-205,protein_coding,ENSP00000435676.1,ENSG00000166352.16;ENST00000527108.5,0.1244679955,0.012987013,60,isoform,1.0,True,0.1244679955005857,True
ENST00000586722.5,ENSG00000166377.20,ATP9B,protein_coding,ATP9B-208,protein_coding,ENSP00000466992.1,ENSG00000166377.20;ENST00000586722.5,0.1071144239,0.0474525475,60,isoform,1.0,True,0.1071144239148384,True
ENST00000295211.5,ENSG00000166401.15,SERPINB8,protein_coding,SERPINB8-201,protein_coding,ENSP00000295211.5,ENSG00000166401.15;ENST00000295211.5,-0.1903753155,0.0414585415,60,isoform,1.0,True,-0.1903753154514496,True
ENST00000397985.7,ENSG00000166401.15,SERPINB8,protein_coding,SERPINB8-203,protein_coding,ENSP00000381072.2,ENSG00000166401.15;ENST00000397985.7,-0.2624268909,0.018981019,60,isoform,1.0,True,-0.2624268908832294,True
ENST00000441827.5,ENSG00000166401.15,SERPINB8,protein_coding,SERPINB8-205,protein_coding,ENSP00000393456.1,ENSG00000166401.15;ENST00000441827.5,0.4167685913,0.0044955045,60,isoform,1.0,True,0.4167685912602596,True
ENST00000570137.7,ENSG00000166446.15,CDYL2,protein_coding,CDYL2-207,protein_coding,ENSP00000476295.1,ENSG00000166446.15;ENST00000570137.7,-0.2811881072,0.0004995005,60,isoform,1.0,True,-0.2811881071856501,True
ENST00000389286.9,ENSG00000166450.13,PRTG,protein_coding,PRTG-201,protein_coding,ENSP00000373937.4,ENSG00000166450.13;ENST00000389286.9,-0.2602205182,0.0124875125,60,isoform,1.0,True,-0.26022051820463,True
ENST00000561292.1,ENSG00000166450.13,PRTG,protein_coding,PRTG-204,protein_coding,ENSP00000453335.1,ENSG00000166450.13;ENST00000561292.1,0.2556163542,0.012987013,60,isoform,1.0,True,0.2556163542423497,True
ENST00000398701.2,ENSG00000166507.19,NDST2,protein_coding,NDST2-203,processed_transcript,,ENSG00000166507.19;ENST00000398701.2,0.1848113537,0.0134865135,60,isoform,1.0,True,0.1848113537011525,True
ENST00000504495.6,ENSG00000166532.16,RIMKLB,protein_coding,RIMKLB-203,processed_transcript,,ENSG00000166532.16;ENST00000504495.6,-0.131577498,0.0014985015,60,isoform,1.0,True,-0.131577497972558,True
ENST00000531147.1,ENSG00000166801.16,FAM111A,protein_coding,FAM111A-207,protein_coding,ENSP00000431631.1,ENSG00000166801.16;ENST00000531147.1,-0.2587016084,0.0304695305,60,isoform,1.0,True,-0.2587016083638612,True
ENST00000561878.2,ENSG00000166822.13,TMEM170A,protein_coding,TMEM170A-202,protein_coding,ENSP00000454404.1,ENSG00000166822.13;ENST00000561878.2,-0.1462005255,0.0124875125,60,isoform,1.0,True,-0.1462005255186919,True
ENST00000360655.8,ENSG00000166833.22,NAV2,protein_coding,NAV2-202,protein_coding,ENSP00000353871.4,ENSG00000166833.22;ENST00000360655.8,-0.152241228,0.028971029,60,isoform,1.0,True,-0.152241228045087,True
ENST00000300145.4,ENSG00000166896.9,ATP23,protein_coding,ATP23-201,protein_coding,ENSP00000300145.3,ENSG00000166896.9;ENST00000300145.4,0.1072216404,0.042957043,60,isoform,1.0,True,0.1072216404193577,True
ENST00000568604.5,ENSG00000166912.17,MTMR10,protein_coding,MTMR10-209,nonsense_mediated_decay,ENSP00000457903.1,ENSG00000166912.17;ENST00000568604.5,0.1406564162,0.035964036,60,isoform,1.0,True,0.1406564162387032,True
ENST00000300291.10,ENSG00000167005.14,NUDT21,protein_coding,NUDT21-201,protein_coding,ENSP00000300291.5,ENSG00000167005.14;ENST00000300291.10,-0.1228953234,0.0044955045,60,isoform,1.0,True,-0.1228953233962853,True
ENST00000566340.5,ENSG00000167005.14,NUDT21,protein_coding,NUDT21-204,protein_coding,ENSP00000454790.1,ENSG00000167005.14;ENST00000566340.5,0.1091004307,0.0074925075,60,isoform,1.0,True,0.1091004307460935,True
ENST00000373489.10,ENSG00000167081.18,PBX3,protein_coding,PBX3-204,protein_coding,ENSP00000362588.5,ENSG00000167081.18;ENST00000373489.10,-0.2636656733,0.0054945055,60,isoform,1.0,True,-0.2636656733166395,True
ENST00000492314.3,ENSG00000167081.18,PBX3,protein_coding,PBX3-210,retained_intron,,ENSG00000167081.18;ENST00000492314.3,0.2504339536,0.0054945055,60,isoform,1.0,True,0.2504339535611813,True
ENST00000300584.7,ENSG00000167202.11,TBC1D2B,protein_coding,TBC1D2B-201,protein_coding,ENSP00000300584.3,ENSG00000167202.11;ENST00000300584.7,0.1162196305,0.026973027,60,isoform,1.0,True,0.1162196304962327,True
ENST00000300952.6,ENSG00000167470.12,MIDN,protein_coding,MIDN-201,protein_coding,ENSP00000300952.2,ENSG00000167470.12;ENST00000300952.6,0.1858108376,0.0024975025,60,isoform,1.0,True,0.1858108376023,True
ENST00000591446.6,ENSG00000167470.12,MIDN,protein_coding,MIDN-206,protein_coding,ENSP00000467679.1,ENSG00000167470.12;ENST00000591446.6,-0.214877404,0.0014985015,60,isoform,1.0,True,-0.2148774040363955,True
ENST00000625770.2,ENSG00000167515.10,TRAPPC2L,protein_coding,TRAPPC2L-215,protein_coding,ENSP00000487584.1,ENSG00000167515.10;ENST00000625770.2,0.2255173471,0.000999001,60,isoform,1.0,True,0.2255173470839054,True
ENST00000564238.1,ENSG00000167523.13,SPATA33,protein_coding,SPATA33-203,protein_coding,ENSP00000462233.1,ENSG00000167523.13;ENST00000564238.1,-0.1499465163,0.0114885115,60,isoform,1.0,True,-0.1499465163174991,True
ENST00000566204.1,ENSG00000167523.13,SPATA33,protein_coding,SPATA33-205,protein_coding,ENSP00000461933.1,ENSG00000167523.13;ENST00000566204.1,0.2104428997,0.003996004,60,isoform,1.0,True,0.2104428997415653,True
ENST00000536037.1,ENSG00000167595.15,PROSER3,protein_coding,PROSER3-205,processed_transcript,,ENSG00000167595.15;ENST00000536037.1,0.1755649944,0.016983017,60,isoform,1.0,True,0.1755649943582621,True
ENST00000585544.1,ENSG00000167604.14,NFKBID,protein_coding,NFKBID-202,processed_transcript,,ENSG00000167604.14;ENST00000585544.1,-0.3212063544,0.002997003,60,isoform,1.0,True,-0.3212063543622021,True
ENST00000590828.5,ENSG00000167604.14,NFKBID,protein_coding,NFKBID-208,nonsense_mediated_decay,ENSP00000467127.1,ENSG00000167604.14;ENST00000590828.5,0.2912530078,0.0064935065,60,isoform,1.0,True,0.2912530078398965,True
ENST00000610347.1,ENSG00000167615.16,LENG8,protein_coding,LENG8-208,protein_coding,ENSP00000478590.1,ENSG00000167615.16;ENST00000610347.1,-0.1405970067,0.001998002,60,isoform,1.0,True,-0.1405970066697214,True
ENST00000533527.6,ENSG00000167646.14,DNAAF3,protein_coding,DNAAF3-212,retained_intron,,ENSG00000167646.14;ENST00000533527.6,-0.1909466033,0.018981019,60,isoform,1.0,True,-0.190946603343515,True
ENST00000309182.9,ENSG00000167716.19,WDR81,protein_coding,WDR81-201,protein_coding,ENSP00000312074.5,ENSG00000167716.19;ENST00000309182.9,0.2210666807,0.010989011,60,isoform,1.0,True,0.2210666806705117,True
ENST00000596655.1,ENSG00000167747.15,C19orf48,transcribed_unitary_pseudogene,C19orf48-205,retained_intron,,ENSG00000167747.15;ENST00000596655.1,-0.1030172337,0.005994006,60,isoform,1.0,True,-0.1030172337193155,True
ENST00000594682.6,ENSG00000167766.18,ZNF83,protein_coding,ZNF83-205,protein_coding,ENSP00000472147.1,ENSG00000167766.18;ENST00000594682.6,0.1417472299,0.0254745255,60,isoform,1.0,True,0.1417472299360658,True
ENST00000250076.7,ENSG00000167840.13,ZNF232,protein_coding,ZNF232-201,protein_coding,ENSP00000250076.3,ENSG00000167840.13;ENST00000250076.7,-0.1471152816,0.0224775225,60,isoform,1.0,True,-0.1471152815757823,True
ENST00000428789.6,ENSG00000167889.13,MGAT5B,protein_coding,MGAT5B-203,protein_coding,ENSP00000391227.2,ENSG00000167889.13;ENST00000428789.6,0.1098131088,0.0364635365,60,isoform,1.0,True,0.1098131087957471,True
ENST00000562103.2,ENSG00000167962.14,ZNF598,protein_coding,ZNF598-202,protein_coding,ENSP00000455308.2,ENSG00000167962.14;ENST00000562103.2,0.3615961842,0.0,60,isoform,0.0,True,0.3615961842213779,True
ENST00000538625.1,ENSG00000168014.16,C2CD3,protein_coding,C2CD3-212,processed_transcript,,ENSG00000168014.16;ENST00000538625.1,-0.1325662237,0.023976024,60,isoform,1.0,True,-0.1325662237036535,True
ENST00000526927.5,ENSG00000168056.16,LTBP3,protein_coding,LTBP3-207,protein_coding,ENSP00000431219.1,ENSG00000168056.16;ENST00000526927.5,0.1127077032,0.013986014,60,isoform,1.0,True,0.1127077031589561,True
ENST00000532661.5,ENSG00000168056.16,LTBP3,protein_coding,LTBP3-220,protein_coding,ENSP00000436341.1,ENSG00000168056.16;ENST00000532661.5,-0.1004678532,0.017982018,60,isoform,1.0,True,-0.1004678531549318,True
ENST00000377350.7,ENSG00000168067.12,MAP4K2,protein_coding,MAP4K2-202,protein_coding,ENSP00000366567.3,ENSG00000168067.12;ENST00000377350.7,0.1358820988,0.012987013,60,isoform,1.0,True,0.1358820987651968,True
ENST00000307602.9,ENSG00000168172.9,HOOK3,protein_coding,HOOK3-201,protein_coding,ENSP00000305699.3,ENSG00000168172.9;ENST00000307602.9,-0.4562987876,0.0024975025,60,isoform,1.0,True,-0.4562987875943601,True
ENST00000533539.1,ENSG00000168172.9,HOOK3,protein_coding,HOOK3-206,protein_coding,ENSP00000433953.1,ENSG00000168172.9;ENST00000533539.1,0.3449531253,0.0044955045,60,isoform,1.0,True,0.3449531253084751,True
ENST00000381418.9,ENSG00000168453.15,HR,protein_coding,HR-202,protein_coding,ENSP00000370826.4,ENSG00000168453.15;ENST00000381418.9,0.164701958,0.0054945055,60,isoform,1.0,True,0.164701958004857,True
ENST00000336783.8,ENSG00000168488.18,ATXN2L,protein_coding,ATXN2L-202,protein_coding,ENSP00000338718.4,ENSG00000168488.18;ENST00000336783.8,-0.1331970392,0.006993007,60,isoform,1.0,True,-0.1331970392207296,True
ENST00000518815.1,ENSG00000168502.17,MTCL1,protein_coding,MTCL1-207,protein_coding,ENSP00000463465.1,ENSG00000168502.17;ENST00000518815.1,0.1145114824,0.0444555445,60,isoform,1.0,True,0.1145114823762832,True
ENST00000581670.1,ENSG00000168502.17,MTCL1,protein_coding,MTCL1-216,processed_transcript,,ENSG00000168502.17;ENST00000581670.1,-0.128362937,0.036963037,60,isoform,1.0,True,-0.1283629370438326,True
ENST00000303115.8,ENSG00000168685.15,IL7R,protein_coding,IL7R-201,protein_coding,ENSP00000306157.3,ENSG00000168685.15;ENST00000303115.8,-0.1410566218,0.041958042,60,isoform,1.0,True,-0.1410566217893658,True
ENST00000511982.1,ENSG00000168685.15,IL7R,protein_coding,IL7R-208,protein_coding,ENSP00000425309.1,ENSG00000168685.15;ENST00000511982.1,0.2228334626,0.0224775225,60,isoform,1.0,True,0.2228334626312199,True
ENST00000305476.10,ENSG00000168758.11,SEMA4C,protein_coding,SEMA4C-201,protein_coding,ENSP00000306844.5,ENSG00000168758.11;ENST00000305476.10,0.134244171,0.0204795205,60,isoform,1.0,True,0.1342441709814748,True
ENST00000336278.8,ENSG00000168807.16,SNTB2,protein_coding,SNTB2-201,protein_coding,ENSP00000338191.4,ENSG00000168807.16;ENST00000336278.8,-0.2050124199,0.0064935065,60,isoform,1.0,True,-0.205012419869937,True
ENST00000306384.5,ENSG00000168899.5,VAMP5,protein_coding,VAMP5-201,protein_coding,ENSP00000305647.4,ENSG00000168899.5;ENST00000306384.5,-0.2041485567,0.0464535465,60,isoform,1.0,True,-0.2041485566590057,True
ENST00000462451.1,ENSG00000168899.5,VAMP5,protein_coding,VAMP5-202,retained_intron,,ENSG00000168899.5;ENST00000462451.1,0.2041485567,0.0464535465,60,isoform,1.0,True,0.2041485566590057,True
ENST00000559433.5,ENSG00000168904.15,LRRC28,protein_coding,LRRC28-214,nonsense_mediated_decay,ENSP00000453469.1,ENSG00000168904.15;ENST00000559433.5,-0.161352568,0.035964036,60,isoform,1.0,True,-0.1613525679550477,True
ENST00000302787.3,ENSG00000168924.15,LETM1,protein_coding,LETM1-201,protein_coding,ENSP00000305653.2,ENSG00000168924.15;ENST00000302787.3,0.1015765896,0.0194805195,60,isoform,1.0,True,0.101576589613472,True
ENST00000303391.11,ENSG00000169057.24,MECP2,protein_coding,MECP2-201,protein_coding,ENSP00000301948.6,ENSG00000169057.24;ENST00000303391.11,-0.1906503214,0.0034965035,60,isoform,1.0,True,-0.1906503214429837,True
ENST00000628176.2,ENSG00000169057.24,MECP2,protein_coding,MECP2-216,protein_coding,ENSP00000486978.1,ENSG00000169057.24;ENST00000628176.2,0.1908020723,0.0034965035,60,isoform,1.0,True,0.1908020723105334,True
ENST00000375299.8,ENSG00000169062.15,UPF3A,protein_coding,UPF3A-202,protein_coding,ENSP00000364448.3,ENSG00000169062.15;ENST00000375299.8,0.1064377084,0.008991009,60,isoform,1.0,True,0.106437708441587,True
ENST00000475218.2,ENSG00000169062.15,UPF3A,protein_coding,UPF3A-204,processed_transcript,,ENSG00000169062.15;ENST00000475218.2,-0.1015921613,0.008991009,60,isoform,1.0,True,-0.1015921612613975,True
ENST00000334651.11,ENSG00000169084.15,DHRSX,protein_coding,DHRSX-201,protein_coding,ENSP00000334113.5,ENSG00000169084.15;ENST00000334651.11,-0.4305448699,0.0,60,isoform,0.0,True,-0.4305448699306288,True
ENST00000600336.1,ENSG00000169136.12,ATF5,protein_coding,ATF5-205,protein_coding,ENSP00000471162.1,ENSG00000169136.12;ENST00000600336.1,0.133532798,0.002997003,60,isoform,1.0,True,0.1335327979523181,True
ENST00000307471.8,ENSG00000169193.12,CCDC126,protein_coding,CCDC126-201,protein_coding,ENSP00000304355.3,ENSG00000169193.12;ENST00000307471.8,-0.132595718,0.0174825175,60,isoform,1.0,True,-0.1325957179823687,True
ENST00000484553.5,ENSG00000169193.12,CCDC126,protein_coding,CCDC126-206,processed_transcript,,ENSG00000169193.12;ENST00000484553.5,0.1244172292,0.018981019,60,isoform,1.0,True,0.1244172292330309,True
ENST00000378209.8,ENSG00000169598.17,DFFB,protein_coding,DFFB-204,protein_coding,ENSP00000367454.4,ENSG00000169598.17;ENST00000378209.8,-0.1832451333,0.0304695305,60,isoform,1.0,True,-0.1832451333052551,True
ENST00000625756.2,ENSG00000169598.17,DFFB,protein_coding,DFFB-211,protein_coding,ENSP00000486916.1,ENSG00000169598.17;ENST00000625756.2,0.279437161,0.0124875125,60,isoform,1.0,True,0.2794371610274844,True
ENST00000306739.9,ENSG00000169696.16,ASPSCR1,protein_coding,ASPSCR1-202,protein_coding,ENSP00000302176.4,ENSG00000169696.16;ENST00000306739.9,0.1088010858,0.0154845155,60,isoform,1.0,True,0.108801085769653,True
ENST00000409179.2,ENSG00000169967.16,MAP3K2,protein_coding,MAP3K2-202,protein_coding,ENSP00000386313.2,ENSG00000169967.16;ENST00000409179.2,0.1939462533,0.002997003,60,isoform,1.0,True,0.1939462533307073,True
ENST00000409947.5,ENSG00000169967.16,MAP3K2,protein_coding,MAP3K2-203,protein_coding,ENSP00000387246.1,ENSG00000169967.16;ENST00000409947.5,-0.2073407445,0.001998002,60,isoform,1.0,True,-0.2073407445368495,True
ENST00000506672.5,ENSG00000170089.15,AC106795.1,transcribed_unprocessed_pseudogene,AC106795.1-204,processed_transcript,,ENSG00000170089.15;ENST00000506672.5,-0.1130096221,0.011988012,60,isoform,1.0,True,-0.1130096221341726,True
ENST00000511074.1,ENSG00000170089.15,AC106795.1,transcribed_unprocessed_pseudogene,AC106795.1-209,processed_transcript,,ENSG00000170089.15;ENST00000511074.1,0.1469738052,0.0064935065,60,isoform,1.0,True,0.1469738051546751,True
ENST00000337435.9,ENSG00000170113.16,NIPA1,protein_coding,NIPA1-201,protein_coding,ENSP00000337452.4,ENSG00000170113.16;ENST00000337435.9,-0.1278678667,0.0174825175,60,isoform,1.0,True,-0.127867866724916,True
ENST00000559448.5,ENSG00000170113.16,NIPA1,protein_coding,NIPA1-204,nonsense_mediated_decay,ENSP00000453286.1,ENSG00000170113.16;ENST00000559448.5,0.106828347,0.01998002,60,isoform,1.0,True,0.1068283470105001,True
ENST00000538213.6,ENSG00000170190.16,SLC16A5,protein_coding,SLC16A5-203,protein_coding,ENSP00000440212.2,ENSG00000170190.16;ENST00000538213.6,-0.1035589255,0.0434565435,60,isoform,1.0,True,-0.1035589255440611,True
ENST00000529813.1,ENSG00000170242.19,USP47,protein_coding,USP47-208,retained_intron,,ENSG00000170242.19;ENST00000529813.1,-0.117634574,0.01998002,60,isoform,1.0,True,-0.1176345739904032,True
ENST00000389082.10,ENSG00000170456.16,DENND5B,protein_coding,DENND5B-202,protein_coding,ENSP00000373734.5,ENSG00000170456.16;ENST00000389082.10,-0.1636608672,0.0224775225,60,isoform,1.0,True,-0.1636608672409048,True
ENST00000546299.1,ENSG00000170456.16,DENND5B,protein_coding,DENND5B-207,protein_coding,ENSP00000442938.1,ENSG00000170456.16;ENST00000546299.1,0.1561718577,0.0234765235,60,isoform,1.0,True,0.156171857741887,True
ENST00000507405.5,ENSG00000170464.10,DNAJC18,protein_coding,DNAJC18-205,processed_transcript,,ENSG00000170464.10;ENST00000507405.5,-0.1276395573,0.011988012,60,isoform,1.0,True,-0.1276395572828978,True
ENST00000515277.5,ENSG00000170464.10,DNAJC18,protein_coding,DNAJC18-210,protein_coding,ENSP00000425523.1,ENSG00000170464.10;ENST00000515277.5,0.1293377424,0.0104895105,60,isoform,1.0,True,0.1293377423930038,True
ENST00000461147.1,ENSG00000170471.15,RALGAPB,protein_coding,RALGAPB-205,retained_intron,,ENSG00000170471.15;ENST00000461147.1,-0.1013578317,0.0274725275,60,isoform,1.0,True,-0.1013578316665897,True
ENST00000302274.8,ENSG00000170522.10,ELOVL6,protein_coding,ELOVL6-201,protein_coding,ENSP00000304736.3,ENSG00000170522.10;ENST00000302274.8,-0.1775547765,0.00999001,60,isoform,1.0,True,-0.1775547764520468,True
ENST00000591397.1,ENSG00000170653.19,ATF7,protein_coding,ATF7-212,protein_coding,ENSP00000465192.1,ENSG00000170653.19;ENST00000591397.1,0.1192934943,0.0134865135,60,isoform,1.0,True,0.1192934942570577,True
ENST00000397942.4,ENSG00000170677.6,SOCS6,protein_coding,SOCS6-201,protein_coding,ENSP00000381034.3,ENSG00000170677.6;ENST00000397942.4,-0.1254333681,0.040959041,60,isoform,1.0,True,-0.1254333681166979,True
ENST00000582322.1,ENSG00000170677.6,SOCS6,protein_coding,SOCS6-203,protein_coding,ENSP00000463395.1,ENSG00000170677.6;ENST00000582322.1,0.1254333681,0.040959041,60,isoform,1.0,True,0.1254333681166979,True
ENST00000592339.5,ENSG00000170832.13,USP32,protein_coding,USP32-214,protein_coding,ENSP00000467885.1,ENSG00000170832.13;ENST00000592339.5,0.1246385066,0.015984016,60,isoform,1.0,True,0.1246385066276595,True
ENST00000307533.10,ENSG00000170846.17,AC093323.1,protein_coding,AC093323.1-202,nonsense_mediated_decay,ENSP00000495193.1,ENSG00000170846.17;ENST00000307533.10,0.1497910278,0.0064935065,60,isoform,1.0,True,0.1497910277744188,True
ENST00000424789.6,ENSG00000170921.15,TANC2,protein_coding,TANC2-202,protein_coding,ENSP00000387593.2,ENSG00000170921.15;ENST00000424789.6,-0.2681179524,0.0064935065,60,isoform,1.0,True,-0.2681179524073717,True
ENST00000580466.1,ENSG00000170921.15,TANC2,protein_coding,TANC2-205,protein_coding,ENSP00000463959.1,ENSG00000170921.15;ENST00000580466.1,0.326683532,0.0044955045,60,isoform,1.0,True,0.3266835320002523,True
ENST00000302000.10,ENSG00000171016.12,PYGO1,protein_coding,PYGO1-201,protein_coding,ENSP00000302327.6,ENSG00000171016.12;ENST00000302000.10,-0.2735646626,0.0304695305,60,isoform,1.0,True,-0.2735646625544848,True
ENST00000357390.8,ENSG00000171109.19,MFN1,protein_coding,MFN1-202,nonsense_mediated_decay,ENSP00000349963.4,ENSG00000171109.19;ENST00000357390.8,0.1143430866,0.0144855145,60,isoform,1.0,True,0.1143430866481119,True
ENST00000302188.8,ENSG00000171174.15,RBKS,protein_coding,RBKS-201,protein_coding,ENSP00000306817.3,ENSG00000171174.15;ENST00000302188.8,-0.2707727009,0.014985015,60,isoform,1.0,True,-0.2707727009092845,True
ENST00000453412.1,ENSG00000171174.15,RBKS,protein_coding,RBKS-203,nonsense_mediated_decay,ENSP00000415975.1,ENSG00000171174.15;ENST00000453412.1,0.334191487,0.0074925075,60,isoform,1.0,True,0.3341914870108226,True
ENST00000643721.2,ENSG00000171206.15,TRIM8,protein_coding,TRIM8-209,protein_coding,ENSP00000496301.1,ENSG00000171206.15;ENST00000643721.2,0.1071195673,0.0394605395,60,isoform,1.0,True,0.1071195673323992,True
ENST00000564272.1,ENSG00000171241.9,SHCBP1,protein_coding,SHCBP1-203,processed_transcript,,ENSG00000171241.9;ENST00000564272.1,0.1427753829,0.0024975025,60,isoform,1.0,True,0.1427753829230319,True
ENST00000304060.10,ENSG00000171295.13,ZNF440,protein_coding,ZNF440-201,protein_coding,ENSP00000305373.5,ENSG00000171295.13;ENST00000304060.10,0.198044528,0.042957043,60,isoform,1.0,True,0.1980445280416015,True
ENST00000305188.13,ENSG00000171320.15,ESCO2,protein_coding,ESCO2-201,protein_coding,ENSP00000306999.8,ENSG00000171320.15;ENST00000305188.13,-0.2967842,0.003996004,60,isoform,1.0,True,-0.2967842000353782,True
ENST00000523910.1,ENSG00000171320.15,ESCO2,protein_coding,ESCO2-207,processed_transcript,,ENSG00000171320.15;ENST00000523910.1,0.2990283518,0.0034965035,60,isoform,1.0,True,0.2990283517585268,True
ENST00000301073.4,ENSG00000171443.7,ZNF524,protein_coding,ZNF524-201,protein_coding,ENSP00000301073.2,ENSG00000171443.7;ENST00000301073.4,0.2020408642,0.0084915085,60,isoform,1.0,True,0.202040864167991,True
ENST00000591046.1,ENSG00000171443.7,ZNF524,protein_coding,ZNF524-203,protein_coding,ENSP00000466907.1,ENSG00000171443.7;ENST00000591046.1,-0.2254649103,0.004995005,60,isoform,1.0,True,-0.2254649103030807,True
ENST00000453372.7,ENSG00000171466.10,ZNF562,protein_coding,ZNF562-202,protein_coding,ENSP00000410734.1,ENSG00000171466.10;ENST00000453372.7,-0.1873449641,0.031968032,60,isoform,1.0,True,-0.1873449640601086,True
ENST00000512699.1,ENSG00000171497.5,PPID,protein_coding,PPID-203,nonsense_mediated_decay,ENSP00000423207.1,ENSG00000171497.5;ENST00000512699.1,0.121299315,0.003996004,60,isoform,1.0,True,0.1212993150280404,True
ENST00000307738.5,ENSG00000171503.12,ETFDH,protein_coding,ETFDH-201,protein_coding,ENSP00000303552.5,ENSG00000171503.12;ENST00000307738.5,-0.1225759093,0.0154845155,60,isoform,1.0,True,-0.1225759092759331,True
ENST00000506422.1,ENSG00000171503.12,ETFDH,protein_coding,ETFDH-203,processed_transcript,,ENSG00000171503.12;ENST00000506422.1,0.1089158626,0.0234765235,60,isoform,1.0,True,0.1089158626426499,True
ENST00000595146.1,ENSG00000171606.18,ZNF274,protein_coding,ZNF274-206,retained_intron,,ENSG00000171606.18;ENST00000595146.1,-0.1362315052,0.00999001,60,isoform,1.0,True,-0.1362315052136611,True
ENST00000617501.5,ENSG00000171606.18,ZNF274,protein_coding,ZNF274-212,protein_coding,ENSP00000484810.1,ENSG00000171606.18;ENST00000617501.5,0.141963606,0.008991009,60,isoform,1.0,True,0.141963605958408,True
ENST00000349767.6,ENSG00000171631.15,P2RY6,protein_coding,P2RY6-201,protein_coding,ENSP00000309771.2,ENSG00000171631.15;ENST00000349767.6,-0.1791351535,0.0064935065,60,isoform,1.0,True,-0.1791351535207503,True
ENST00000393592.6,ENSG00000171631.15,P2RY6,protein_coding,P2RY6-204,protein_coding,ENSP00000377217.2,ENSG00000171631.15;ENST00000393592.6,0.1498717959,0.0104895105,60,isoform,1.0,True,0.1498717958700292,True
ENST00000540793.5,ENSG00000171681.12,ATF7IP,protein_coding,ATF7IP-214,protein_coding,ENSP00000444589.1,ENSG00000171681.12;ENST00000540793.5,0.3054202479,0.0024975025,60,isoform,1.0,True,0.3054202479053589,True
ENST00000305264.8,ENSG00000171720.10,HDAC3,protein_coding,HDAC3-201,protein_coding,ENSP00000302967.3,ENSG00000171720.10;ENST00000305264.8,0.1545336828,0.0014985015,60,isoform,1.0,True,0.154533682776681,True
ENST00000324266.10,ENSG00000171853.16,TRAPPC12,protein_coding,TRAPPC12-201,protein_coding,ENSP00000324318.5,ENSG00000171853.16;ENST00000324266.10,0.1523546953,0.0064935065,60,isoform,1.0,True,0.1523546952808037,True
ENST00000371953.8,ENSG00000171862.11,PTEN,protein_coding,PTEN-201,protein_coding,ENSP00000361021.3,ENSG00000171862.11;ENST00000371953.8,-0.1488579087,0.00999001,60,isoform,1.0,True,-0.1488579087060437,True
ENST00000315212.4,ENSG00000171865.10,RNASEH1,protein_coding,RNASEH1-201,protein_coding,ENSP00000313350.3,ENSG00000171865.10;ENST00000315212.4,-0.2021274981,0.0024975025,60,isoform,1.0,True,-0.2021274980711418,True
ENST00000436842.5,ENSG00000171865.10,RNASEH1,protein_coding,RNASEH1-202,nonsense_mediated_decay,ENSP00000404926.1,ENSG00000171865.10;ENST00000436842.5,0.2134030192,0.0024975025,60,isoform,1.0,True,0.2134030191736623,True
ENST00000302342.3,ENSG00000171940.13,ZNF217,protein_coding,ZNF217-201,protein_coding,ENSP00000304308.3,ENSG00000171940.13;ENST00000302342.3,-0.2072850119,0.006993007,60,isoform,1.0,True,-0.2072850118846798,True
ENST00000437222.1,ENSG00000171940.13,ZNF217,protein_coding,ZNF217-204,protein_coding,ENSP00000394010.1,ENSG00000171940.13;ENST00000437222.1,0.1225989439,0.030969031,60,isoform,1.0,True,0.1225989439410017,True
ENST00000378979.8,ENSG00000171984.15,SHLD1,protein_coding,SHLD1-202,protein_coding,ENSP00000368263.4,ENSG00000171984.15;ENST00000378979.8,0.1737933865,0.048951049,60,isoform,1.0,True,0.1737933864672753,True
ENST00000442597.5,ENSG00000172113.9,NME6,protein_coding,NME6-209,protein_coding,ENSP00000406642.1,ENSG00000172113.9;ENST00000442597.5,0.1192926451,0.014985015,60,isoform,1.0,True,0.1192926451404469,True
ENST00000479326.1,ENSG00000172123.12,SLFN12,protein_coding,SLFN12-208,retained_intron,,ENSG00000172123.12;ENST00000479326.1,-0.1104582099,0.026973027,60,isoform,1.0,True,-0.1104582099015371,True
ENST00000649217.2,ENSG00000172175.15,MALT1,protein_coding,MALT1-208,protein_coding,ENSP00000497997.1,ENSG00000172175.15;ENST00000649217.2,-0.108329919,0.025974026,60,isoform,1.0,True,-0.1083299189960802,True
ENST00000350777.7,ENSG00000172273.13,HINFP,protein_coding,HINFP-201,protein_coding,ENSP00000318085.3,ENSG00000172273.13;ENST00000350777.7,0.1380545914,0.026973027,60,isoform,1.0,True,0.1380545914295626,True
ENST00000459959.1,ENSG00000172432.19,GTPBP2,protein_coding,GTPBP2-207,processed_transcript,,ENSG00000172432.19;ENST00000459959.1,-0.1128472699,0.011988012,60,isoform,1.0,True,-0.1128472699236897,True
ENST00000372624.3,ENSG00000172465.14,TCEAL1,protein_coding,TCEAL1-201,protein_coding,ENSP00000361707.3,ENSG00000172465.14;ENST00000372624.3,0.2009745445,0.001998002,60,isoform,1.0,True,0.2009745445078309,True
ENST00000497028.5,ENSG00000172671.20,ZFAND4,protein_coding,ZFAND4-209,processed_transcript,,ENSG00000172671.20;ENST00000497028.5,0.16061219,0.0474525475,60,isoform,1.0,True,0.1606121899896214,True
ENST00000311015.7,ENSG00000172687.13,ZNF738,protein_coding,ZNF738-201,protein_coding,ENSP00000311957.3,ENSG00000172687.13;ENST00000311015.7,-0.1284275093,0.022977023,60,isoform,1.0,True,-0.1284275093094079,True
ENST00000597492.1,ENSG00000172687.13,ZNF738,protein_coding,ZNF738-204,nonsense_mediated_decay,ENSP00000473241.1,ENSG00000172687.13;ENST00000597492.1,-0.1011564822,0.037962038,60,isoform,1.0,True,-0.1011564821623436,True
ENST00000515024.5,ENSG00000172765.17,TMCC1,protein_coding,TMCC1-214,processed_transcript,,ENSG00000172765.17;ENST00000515024.5,0.2082715874,0.0104895105,60,isoform,1.0,True,0.2082715874356916,True
ENST00000469708.1,ENSG00000172766.19,NAA16,protein_coding,NAA16-205,processed_transcript,,ENSG00000172766.19;ENST00000469708.1,-0.1656499745,0.0294705295,60,isoform,1.0,True,-0.1656499744612161,True
ENST00000504961.1,ENSG00000172795.17,DCP2,protein_coding,DCP2-203,processed_transcript,,ENSG00000172795.17;ENST00000504961.1,0.2025069222,0.006993007,60,isoform,1.0,True,0.2025069221649038,True
ENST00000503802.5,ENSG00000172869.14,DMXL1,protein_coding,DMXL1-203,protein_coding,ENSP00000427692.1,ENSG00000172869.14;ENST00000503802.5,0.1420622879,0.025974026,60,isoform,1.0,True,0.1420622879273638,True
ENST00000511455.7,ENSG00000172932.16,ANKRD13D,protein_coding,ANKRD13D-211,protein_coding,ENSP00000427130.2,ENSG00000172932.16;ENST00000511455.7,0.1081847904,0.027972028,60,isoform,1.0,True,0.1081847904367696,True
ENST00000533596.1,ENSG00000172977.13,KAT5,protein_coding,KAT5-213,protein_coding,ENSP00000435766.1,ENSG00000172977.13;ENST00000533596.1,-0.1033783407,0.011988012,60,isoform,1.0,True,-0.1033783406853512,True
ENST00000309683.11,ENSG00000173041.12,ZNF680,protein_coding,ZNF680-201,protein_coding,ENSP00000309330.6,ENSG00000173041.12;ENST00000309683.11,-0.3839087041,0.0034965035,60,isoform,1.0,True,-0.3839087040512164,True
ENST00000473601.1,ENSG00000173041.12,ZNF680,protein_coding,ZNF680-204,processed_transcript,,ENSG00000173041.12;ENST00000473601.1,0.4074349693,0.002997003,60,isoform,1.0,True,0.4074349693194645,True
ENST00000581407.5,ENSG00000173065.13,FAM222B,protein_coding,FAM222B-209,protein_coding,ENSP00000462419.1,ENSG00000173065.13;ENST00000581407.5,-0.2020601329,0.010989011,60,isoform,1.0,True,-0.2020601328762601,True
ENST00000311412.10,ENSG00000173083.15,HPSE,protein_coding,HPSE-201,protein_coding,ENSP00000308107.5,ENSG00000173083.15;ENST00000311412.10,-0.1615791668,0.028971029,60,isoform,1.0,True,-0.1615791667672527,True
ENST00000311832.5,ENSG00000173163.10,COMMD1,protein_coding,COMMD1-201,protein_coding,ENSP00000308236.5,ENSG00000173163.10;ENST00000311832.5,-0.2018472213,0.0014985015,60,isoform,1.0,True,-0.2018472213434425,True
ENST00000471704.1,ENSG00000173163.10,COMMD1,protein_coding,COMMD1-207,retained_intron,,ENSG00000173163.10;ENST00000471704.1,0.2069105689,0.0014985015,60,isoform,1.0,True,0.2069105688829097,True
ENST00000319170.10,ENSG00000173166.18,RAPH1,protein_coding,RAPH1-202,protein_coding,ENSP00000316543.5,ENSG00000173166.18;ENST00000319170.10,-0.395313774,0.0024975025,60,isoform,1.0,True,-0.3953137740182537,True
ENST00000428637.5,ENSG00000173166.18,RAPH1,protein_coding,RAPH1-208,protein_coding,ENSP00000414430.1,ENSG00000173166.18;ENST00000428637.5,0.280761093,0.00999001,60,isoform,1.0,True,0.2807610929570069,True
ENST00000642505.1,ENSG00000173209.23,AHSA2P,transcribed_unitary_pseudogene,AHSA2P-212,retained_intron,,ENSG00000173209.23;ENST00000642505.1,0.1194224858,0.003996004,60,isoform,1.0,True,0.1194224857924141,True
ENST00000671876.2,ENSG00000173214.7,MFSD4B,protein_coding,MFSD4B-208,protein_coding,ENSP00000500934.1,ENSG00000173214.7;ENST00000671876.2,-0.2217226759,0.0214785215,60,isoform,1.0,True,-0.2217226758780919,True
ENST00000471726.1,ENSG00000173226.17,IQCB1,protein_coding,IQCB1-206,retained_intron,,ENSG00000173226.17;ENST00000471726.1,-0.1270526016,0.014985015,60,isoform,1.0,True,-0.1270526016092044,True
ENST00000482512.5,ENSG00000173230.15,GOLGB1,protein_coding,GOLGB1-205,nonsense_mediated_decay,ENSP00000419519.1,ENSG00000173230.15;ENST00000482512.5,0.119240946,0.0234765235,60,isoform,1.0,True,0.1192409459846541,True
ENST00000309295.9,ENSG00000173442.13,EHBP1L1,protein_coding,EHBP1L1-201,protein_coding,ENSP00000312671.4,ENSG00000173442.13;ENST00000309295.9,0.1898050757,0.004995005,60,isoform,1.0,True,0.1898050757078714,True
ENST00000307834.9,ENSG00000173559.14,NABP1,protein_coding,NABP1-201,nonsense_mediated_decay,ENSP00000310819.5,ENSG00000173559.14;ENST00000307834.9,0.126478209,0.017982018,60,isoform,1.0,True,0.1264782089827629,True
ENST00000462712.5,ENSG00000173559.14,NABP1,protein_coding,NABP1-208,retained_intron,,ENSG00000173559.14;ENST00000462712.5,-0.1121066979,0.0224775225,60,isoform,1.0,True,-0.1121066978926324,True
ENST00000394196.9,ENSG00000173575.22,CHD2,protein_coding,CHD2-201,protein_coding,ENSP00000377747.4,ENSG00000173575.22;ENST00000394196.9,-0.112409388,0.011988012,60,isoform,1.0,True,-0.1124093879710064,True
ENST00000625662.2,ENSG00000173575.22,CHD2,protein_coding,CHD2-205,nonsense_mediated_decay,ENSP00000486007.1,ENSG00000173575.22;ENST00000625662.2,-0.2160059559,0.000999001,60,isoform,1.0,True,-0.2160059558527522,True
ENST00000627622.1,ENSG00000173575.22,CHD2,protein_coding,CHD2-212,protein_coding,ENSP00000486926.1,ENSG00000173575.22;ENST00000627622.1,0.3563385799,0.0,60,isoform,0.0,True,0.3563385799476827,True
ENST00000373549.8,ENSG00000173611.18,SCAI,protein_coding,SCAI-202,protein_coding,ENSP00000362650.4,ENSG00000173611.18;ENST00000373549.8,0.2057398829,0.028971029,60,isoform,1.0,True,0.2057398828684486,True
ENST00000467917.5,ENSG00000173611.18,SCAI,protein_coding,SCAI-203,nonsense_mediated_decay,ENSP00000418148.1,ENSG00000173611.18;ENST00000467917.5,-0.1769064838,0.0394605395,60,isoform,1.0,True,-0.1769064838155752,True
ENST00000372201.5,ENSG00000173846.13,PLK3,protein_coding,PLK3-201,protein_coding,ENSP00000361275.4,ENSG00000173846.13;ENST00000372201.5,0.2050453527,0.022977023,60,isoform,1.0,True,0.20504535265875,True
ENST00000493100.1,ENSG00000173846.13,PLK3,protein_coding,PLK3-207,processed_transcript,,ENSG00000173846.13;ENST00000493100.1,-0.1238532276,0.04995005,60,isoform,1.0,True,-0.1238532275619792,True
ENST00000380359.3,ENSG00000173848.19,NET1,protein_coding,NET1-202,protein_coding,ENSP00000369717.3,ENSG00000173848.19;ENST00000380359.3,0.1730187509,0.002997003,60,isoform,1.0,True,0.173018750874199,True
ENST00000495893.7,ENSG00000173889.16,PHC3,protein_coding,PHC3-215,protein_coding,ENSP00000420294.1,ENSG00000173889.16;ENST00000495893.7,-0.3695717547,0.0024975025,60,isoform,1.0,True,-0.3695717547337779,True
ENST00000463262.1,ENSG00000174032.17,SLC25A30,protein_coding,SLC25A30-202,nonsense_mediated_decay,ENSP00000425603.1,ENSG00000174032.17;ENST00000463262.1,0.1184540778,0.0454545455,60,isoform,1.0,True,0.118454077810528,True
ENST00000308330.3,ENSG00000174106.3,LEMD3,protein_coding,LEMD3-201,protein_coding,ENSP00000308369.2,ENSG00000174106.3;ENST00000308330.3,0.1252529809,0.024975025,60,isoform,1.0,True,0.125252980869704,True
ENST00000310442.5,ENSG00000174165.8,ZDHHC24,protein_coding,ZDHHC24-201,protein_coding,ENSP00000309429.3,ENSG00000174165.8;ENST00000310442.5,-0.1630870278,0.0104895105,60,isoform,1.0,True,-0.1630870277715737,True
ENST00000525925.1,ENSG00000174165.8,ZDHHC24,protein_coding,ZDHHC24-202,processed_transcript,,ENSG00000174165.8;ENST00000525925.1,0.1921023995,0.0064935065,60,isoform,1.0,True,0.1921023994607289,True
ENST00000545763.5,ENSG00000174197.16,MGA,protein_coding,MGA-202,protein_coding,ENSP00000442467.1,ENSG00000174197.16;ENST00000545763.5,0.2295757187,0.0134865135,60,isoform,1.0,True,0.2295757187391168,True
ENST00000311915.12,ENSG00000174206.13,C12orf66,protein_coding,C12orf66-201,protein_coding,ENSP00000311486.8,ENSG00000174206.13;ENST00000311915.12,-0.1925814332,0.0094905095,60,isoform,1.0,True,-0.1925814331859447,True
ENST00000615991.1,ENSG00000174206.13,C12orf66,protein_coding,C12orf66-205,processed_transcript,,ENSG00000174206.13;ENST00000615991.1,0.2227567705,0.0064935065,60,isoform,1.0,True,0.2227567705140259,True
ENST00000357869.7,ENSG00000174233.11,ADCY6,protein_coding,ADCY6-202,protein_coding,ENSP00000350536.3,ENSG00000174233.11;ENST00000357869.7,0.1549182051,0.006993007,60,isoform,1.0,True,0.1549182050838584,True
ENST00000432768.6,ENSG00000174306.21,ZHX3,protein_coding,ZHX3-205,protein_coding,ENSP00000415498.3,ENSG00000174306.21;ENST00000432768.6,0.1767166193,0.0184815185,60,isoform,1.0,True,0.1767166192896965,True
ENST00000310169.3,ENSG00000174343.6,CHRNA9,protein_coding,CHRNA9-201,protein_coding,ENSP00000312663.2,ENSG00000174343.6;ENST00000310169.3,-0.1287323057,0.0444555445,60,isoform,1.0,True,-0.1287323057298335,True
ENST00000448173.5,ENSG00000174353.17,STAG3L3,transcribed_unprocessed_pseudogene,STAG3L3-204,processed_transcript,,ENSG00000174353.17;ENST00000448173.5,-0.1321251782,0.005994006,60,isoform,1.0,True,-0.1321251782256296,True
ENST00000608210.5,ENSG00000174353.17,STAG3L3,transcribed_unprocessed_pseudogene,STAG3L3-206,transcribed_unprocessed_pseudogene,,ENSG00000174353.17;ENST00000608210.5,0.128823396,0.006993007,60,isoform,1.0,True,0.1288233960373097,True
ENST00000669338.1,ENSG00000174365.20,SNHG11,lncRNA,SNHG11-236,lncRNA,,ENSG00000174365.20;ENST00000669338.1,-0.1065832158,0.017982018,60,isoform,1.0,True,-0.1065832158413047,True
ENST00000318312.12,ENSG00000174483.20,BBS1,protein_coding,BBS1-201,protein_coding,ENSP00000317469.7,ENSG00000174483.20;ENST00000318312.12,0.1953222605,0.0114885115,60,isoform,1.0,True,0.1953222604885722,True
ENST00000534730.5,ENSG00000174483.20,BBS1,protein_coding,BBS1-224,retained_intron,,ENSG00000174483.20;ENST00000534730.5,-0.1873733558,0.013986014,60,isoform,1.0,True,-0.1873733558153281,True
ENST00000619511.1,ENSG00000174501.14,ANKRD36C,protein_coding,ANKRD36C-208,protein_coding,ENSP00000482131.1,ENSG00000174501.14;ENST00000619511.1,0.2790663098,0.0284715285,60,isoform,1.0,True,0.2790663098394621,True
ENST00000349459.10,ENSG00000174516.15,PELI3,protein_coding,PELI3-202,protein_coding,ENSP00000309848.8,ENSG00000174516.15;ENST00000349459.10,-0.1412057735,0.048951049,60,isoform,1.0,True,-0.1412057735195077,True
ENST00000481918.1,ENSG00000174606.14,ANGEL2,protein_coding,ANGEL2-206,processed_transcript,,ENSG00000174606.14;ENST00000481918.1,0.1203971679,0.0174825175,60,isoform,1.0,True,0.1203971678629119,True
ENST00000370360.8,ENSG00000174842.17,GLMN,protein_coding,GLMN-201,protein_coding,ENSP00000359385.3,ENSG00000174842.17;ENST00000370360.8,0.1422403798,0.0234765235,60,isoform,1.0,True,0.1422403797704775,True
ENST00000471465.1,ENSG00000174842.17,GLMN,protein_coding,GLMN-203,retained_intron,,ENSG00000174842.17;ENST00000471465.1,-0.1440698825,0.0224775225,60,isoform,1.0,True,-0.1440698824753453,True
ENST00000568000.6,ENSG00000174943.11,KCTD13,protein_coding,KCTD13-208,protein_coding,ENSP00000455785.1,ENSG00000174943.11;ENST00000568000.6,0.2232165345,0.011988012,60,isoform,1.0,True,0.2232165345151587,True
ENST00000392993.7,ENSG00000175066.16,GK5,protein_coding,GK5-201,protein_coding,ENSP00000418001.1,ENSG00000175066.16;ENST00000392993.7,-0.1996348908,0.015984016,60,isoform,1.0,True,-0.1996348908230551,True
ENST00000373960.4,ENSG00000175084.12,DES,protein_coding,DES-201,protein_coding,ENSP00000363071.3,ENSG00000175084.12;ENST00000373960.4,-0.1706410394,0.035964036,60,isoform,1.0,True,-0.1706410393939681,True
ENST00000547303.5,ENSG00000175197.12,DDIT3,protein_coding,DDIT3-202,protein_coding,ENSP00000447188.1,ENSG00000175197.12;ENST00000547303.5,0.1053682096,0.010989011,60,isoform,1.0,True,0.1053682095731361,True
ENST00000311764.3,ENSG00000175213.3,ZNF408,protein_coding,ZNF408-201,protein_coding,ENSP00000309606.2,ENSG00000175213.3;ENST00000311764.3,0.1108715808,0.031968032,60,isoform,1.0,True,0.1108715808146605,True
ENST00000617672.1,ENSG00000175221.15,MED16,protein_coding,MED16-213,protein_coding,ENSP00000483533.1,ENSG00000175221.15;ENST00000617672.1,-0.2259216777,0.0044955045,60,isoform,1.0,True,-0.2259216777335727,True
ENST00000308742.9,ENSG00000175548.9,ALG10B,protein_coding,ALG10B-201,protein_coding,ENSP00000310120.4,ENSG00000175548.9;ENST00000308742.9,-0.2036437109,0.002997003,60,isoform,1.0,True,-0.2036437109396729,True
ENST00000548240.1,ENSG00000175548.9,ALG10B,protein_coding,ALG10B-202,nonsense_mediated_decay,ENSP00000449210.1,ENSG00000175548.9;ENST00000548240.1,0.1463345811,0.00999001,60,isoform,1.0,True,0.1463345811146851,True
ENST00000439603.5,ENSG00000175556.17,LONRF3,protein_coding,LONRF3-204,protein_coding,ENSP00000414519.1,ENSG00000175556.17;ENST00000439603.5,0.2698795083,0.01998002,60,isoform,1.0,True,0.2698795083236219,True
ENST00000517439.1,ENSG00000175606.11,TMEM70,protein_coding,TMEM70-203,protein_coding,ENSP00000429467.1,ENSG00000175606.11;ENST00000517439.1,0.1228498547,0.00999001,60,isoform,1.0,True,0.1228498547428478,True
ENST00000517614.1,ENSG00000175606.11,TMEM70,protein_coding,TMEM70-204,retained_intron,,ENSG00000175606.11;ENST00000517614.1,-0.2254545167,0.001998002,60,isoform,1.0,True,-0.2254545166764406,True
ENST00000571301.1,ENSG00000175711.8,B3GNTL1,protein_coding,B3GNTL1-204,retained_intron,,ENSG00000175711.8;ENST00000571301.1,-0.1153096314,0.042957043,60,isoform,1.0,True,-0.1153096314319482,True
ENST00000567646.1,ENSG00000176046.9,NUPR1,protein_coding,NUPR1-203,nonsense_mediated_decay,ENSP00000456597.1,ENSG00000176046.9;ENST00000567646.1,0.1593644936,0.000999001,60,isoform,1.0,True,0.1593644935608222,True
ENST00000431742.2,ENSG00000176102.13,CSTF3,protein_coding,CSTF3-202,protein_coding,ENSP00000393064.2,ENSG00000176102.13;ENST00000431742.2,-0.1239226585,0.0044955045,60,isoform,1.0,True,-0.1239226585021644,True
ENST00000438862.6,ENSG00000176102.13,CSTF3,protein_coding,CSTF3-203,protein_coding,ENSP00000388711.2,ENSG00000176102.13;ENST00000438862.6,0.1286807035,0.0034965035,60,isoform,1.0,True,0.1286807034665742,True
ENST00000482162.1,ENSG00000176142.13,TMEM39A,protein_coding,TMEM39A-207,processed_transcript,,ENSG00000176142.13;ENST00000482162.1,-0.1445600945,0.001998002,60,isoform,1.0,True,-0.1445600944873358,True
ENST00000334274.9,ENSG00000176148.16,TCP11L1,protein_coding,TCP11L1-201,protein_coding,ENSP00000335595.4,ENSG00000176148.16;ENST00000334274.9,-0.1882837521,0.0024975025,60,isoform,1.0,True,-0.1882837521486032,True
ENST00000531632.6,ENSG00000176148.16,TCP11L1,protein_coding,TCP11L1-209,protein_coding,ENSP00000433067.1,ENSG00000176148.16;ENST00000531632.6,0.1695614556,0.004995005,60,isoform,1.0,True,0.1695614556440388,True
ENST00000584717.1,ENSG00000176155.19,CCDC57,protein_coding,CCDC57-219,processed_transcript,,ENSG00000176155.19;ENST00000584717.1,0.1104810652,0.014985015,60,isoform,1.0,True,0.1104810652310779,True
ENST00000323927.3,ENSG00000176248.9,ANAPC2,protein_coding,ANAPC2-201,protein_coding,ENSP00000314004.2,ENSG00000176248.9;ENST00000323927.3,0.1503246509,0.003996004,60,isoform,1.0,True,0.1503246509400014,True
ENST00000540936.1,ENSG00000176371.14,ZSCAN2,protein_coding,ZSCAN2-212,protein_coding,ENSP00000446041.1,ENSG00000176371.14;ENST00000540936.1,0.1851056546,0.0124875125,60,isoform,1.0,True,0.185105654614218,True
ENST00000563748.5,ENSG00000176454.14,LPCAT4,protein_coding,LPCAT4-205,retained_intron,,ENSG00000176454.14;ENST00000563748.5,-0.1330533452,0.001998002,60,isoform,1.0,True,-0.1330533452166844,True
ENST00000320241.5,ENSG00000176678.6,FOXL1,protein_coding,FOXL1-201,protein_coding,ENSP00000326272.3,ENSG00000176678.6;ENST00000320241.5,-0.3564685961,0.010989011,60,isoform,1.0,True,-0.3564685961416095,True
ENST00000593625.1,ENSG00000176678.6,FOXL1,protein_coding,FOXL1-202,protein_coding,ENSP00000472376.1,ENSG00000176678.6;ENST00000593625.1,0.3564685961,0.010989011,60,isoform,1.0,True,0.3564685961416095,True
ENST00000522876.1,ENSG00000176714.9,CCDC121,protein_coding,CCDC121-203,protein_coding,ENSP00000428530.1,ENSG00000176714.9;ENST00000522876.1,0.1578141417,0.0464535465,60,isoform,1.0,True,0.1578141417120496,True
ENST00000339474.9,ENSG00000176809.10,LRRC37A3,protein_coding,LRRC37A3-203,protein_coding,ENSP00000344298.5,ENSG00000176809.10;ENST00000339474.9,0.2798259008,0.004995005,60,isoform,1.0,True,0.2798259007537877,True
ENST00000400877.7,ENSG00000176809.10,LRRC37A3,protein_coding,LRRC37A3-204,protein_coding,ENSP00000383674.3,ENSG00000176809.10;ENST00000400877.7,-0.1344908291,0.0424575425,60,isoform,1.0,True,-0.134490829142135,True
ENST00000379565.9,ENSG00000177189.14,RPS6KA3,protein_coding,RPS6KA3-201,protein_coding,ENSP00000368884.3,ENSG00000177189.14;ENST00000379565.9,-0.1586033336,0.0064935065,60,isoform,1.0,True,-0.1586033336265462,True
ENST00000561869.1,ENSG00000177200.17,CHD9,protein_coding,CHD9-204,processed_transcript,,ENSG00000177200.17;ENST00000561869.1,0.1603855535,0.023976024,60,isoform,1.0,True,0.1603855534788234,True
ENST00000552637.1,ENSG00000177425.11,PAWR,protein_coding,PAWR-211,protein_coding,ENSP00000449928.1,ENSG00000177425.11;ENST00000552637.1,0.1316482999,0.011988012,60,isoform,1.0,True,0.1316482998613871,True
ENST00000395703.8,ENSG00000177427.13,MIEF2,protein_coding,MIEF2-202,protein_coding,ENSP00000379055.4,ENSG00000177427.13;ENST00000395703.8,-0.1941138141,0.0064935065,60,isoform,1.0,True,-0.1941138141035869,True
ENST00000578174.5,ENSG00000177427.13,MIEF2,protein_coding,MIEF2-206,protein_coding,ENSP00000463015.1,ENSG00000177427.13;ENST00000578174.5,0.2308294144,0.0044955045,60,isoform,1.0,True,0.2308294144244662,True
ENST00000628067.3,ENSG00000177542.11,SLC25A22,protein_coding,SLC25A22-228,protein_coding,ENSP00000486058.1,ENSG00000177542.11;ENST00000628067.3,-0.1103833944,0.0244755245,60,isoform,1.0,True,-0.1103833943895797,True
ENST00000318240.8,ENSG00000177576.12,C18orf32,protein_coding,C18orf32-201,protein_coding,ENSP00000323199.3,ENSG00000177576.12;ENST00000318240.8,0.1115928037,0.037962038,60,isoform,1.0,True,0.1115928037473395,True
ENST00000582392.2,ENSG00000177576.12,C18orf32,protein_coding,C18orf32-202,protein_coding,ENSP00000462538.1,ENSG00000177576.12;ENST00000582392.2,-0.2158585369,0.005994006,60,isoform,1.0,True,-0.2158585368854252,True
ENST00000613385.4,ENSG00000177576.12,C18orf32,protein_coding,C18orf32-203,protein_coding,ENSP00000480941.1,ENSG00000177576.12;ENST00000613385.4,0.1042657331,0.0434565435,60,isoform,1.0,True,0.1042657331380854,True
ENST00000528694.1,ENSG00000177685.17,CRACR2B,protein_coding,CRACR2B-208,retained_intron,,ENSG00000177685.17;ENST00000528694.1,-0.2076549587,0.0214785215,60,isoform,1.0,True,-0.2076549587339409,True
ENST00000316804.10,ENSG00000177885.15,GRB2,protein_coding,GRB2-202,protein_coding,ENSP00000339007.4,ENSG00000177885.15;ENST00000316804.10,-0.1185979785,0.008991009,60,isoform,1.0,True,-0.1185979784891455,True
ENST00000648046.1,ENSG00000177885.15,GRB2,protein_coding,GRB2-212,nonsense_mediated_decay,ENSP00000496913.1,ENSG00000177885.15;ENST00000648046.1,0.124457282,0.008991009,60,isoform,1.0,True,0.1244572819621168,True
ENST00000314994.5,ENSG00000177946.6,CENPBD1,protein_coding,CENPBD1-201,protein_coding,ENSP00000393854.1,ENSG00000177946.6;ENST00000314994.5,0.1660065978,0.0244755245,60,isoform,1.0,True,0.1660065978175994,True
ENST00000646748.1,ENSG00000177946.6,CENPBD1,protein_coding,CENPBD1-204,processed_transcript,,ENSG00000177946.6;ENST00000646748.1,-0.1660065978,0.0244755245,60,isoform,1.0,True,-0.1660065978175995,True
ENST00000488433.5,ENSG00000178028.14,DMAP1,protein_coding,DMAP1-214,processed_transcript,,ENSG00000178028.14;ENST00000488433.5,-0.1094331023,0.0074925075,60,isoform,1.0,True,-0.1094331023304354,True
ENST00000341949.9,ENSG00000178149.17,DALRD3,protein_coding,DALRD3-202,protein_coding,ENSP00000344989.4,ENSG00000178149.17;ENST00000341949.9,-0.1106851031,0.0154845155,60,isoform,1.0,True,-0.1106851031328075,True
ENST00000317402.11,ENSG00000178295.15,GEN1,protein_coding,GEN1-201,protein_coding,ENSP00000318977.7,ENSG00000178295.15;ENST00000317402.11,-0.2021720138,0.0104895105,60,isoform,1.0,True,-0.2021720137618905,True
ENST00000433197.4,ENSG00000178607.16,ERN1,protein_coding,ERN1-201,protein_coding,ENSP00000401445.2,ENSG00000178607.16;ENST00000433197.4,-0.4161716784,0.006993007,60,isoform,1.0,True,-0.4161716783926741,True
ENST00000606895.1,ENSG00000178607.16,ERN1,protein_coding,ERN1-208,protein_coding,ENSP00000475519.1,ENSG00000178607.16;ENST00000606895.1,0.5119188212,0.0054945055,60,isoform,1.0,True,0.5119188211654073,True
ENST00000314622.9,ENSG00000178694.10,NSUN3,protein_coding,NSUN3-201,protein_coding,ENSP00000318986.4,ENSG00000178694.10;ENST00000314622.9,-0.1626484108,0.036963037,60,isoform,1.0,True,-0.1626484108005867,True
ENST00000519772.5,ENSG00000178852.16,EFCAB13,protein_coding,EFCAB13-207,protein_coding,ENSP00000430802.1,ENSG00000178852.16;ENST00000519772.5,0.3291329335,0.0134865135,60,isoform,1.0,True,0.3291329335455058,True
ENST00000520802.5,ENSG00000178852.16,EFCAB13,protein_coding,EFCAB13-209,processed_transcript,,ENSG00000178852.16;ENST00000520802.5,-0.2289559398,0.027972028,60,isoform,1.0,True,-0.2289559397583046,True
ENST00000540583.5,ENSG00000178878.13,APOLD1,protein_coding,APOLD1-204,nonsense_mediated_decay,ENSP00000454511.1,ENSG00000178878.13;ENST00000540583.5,0.3123119342,0.0094905095,60,isoform,1.0,True,0.312311934195536,True
ENST00000437139.7,ENSG00000179029.15,TMEM107,protein_coding,TMEM107-204,protein_coding,ENSP00000402732.2,ENSG00000179029.15;ENST00000437139.7,0.3009658068,0.0,60,isoform,0.0,True,0.3009658068128375,True
ENST00000314520.6,ENSG00000179455.9,MKRN3,protein_coding,MKRN3-201,protein_coding,ENSP00000313881.3,ENSG00000179455.9;ENST00000314520.6,0.1443922184,0.0114885115,60,isoform,1.0,True,0.1443922184139398,True
ENST00000570112.1,ENSG00000179455.9,MKRN3,protein_coding,MKRN3-205,processed_transcript,,ENSG00000179455.9;ENST00000570112.1,-0.1173149564,0.0204795205,60,isoform,1.0,True,-0.1173149563933203,True
ENST00000313349.3,ENSG00000179833.4,SERTAD2,protein_coding,SERTAD2-201,protein_coding,ENSP00000326933.3,ENSG00000179833.4;ENST00000313349.3,-0.293279662,0.0094905095,60,isoform,1.0,True,-0.2932796620270128,True
ENST00000608423.1,ENSG00000179833.4,SERTAD2,protein_coding,SERTAD2-203,processed_transcript,,ENSG00000179833.4;ENST00000608423.1,0.2624965033,0.012987013,60,isoform,1.0,True,0.262496503254254,True
ENST00000551465.1,ENSG00000179912.20,R3HDM2,protein_coding,R3HDM2-213,retained_intron,,ENSG00000179912.20;ENST00000551465.1,-0.1682359498,0.024975025,60,isoform,1.0,True,-0.1682359497725873,True
ENST00000594321.5,ENSG00000179954.16,SSC5D,protein_coding,SSC5D-205,protein_coding,ENSP00000470226.1,ENSG00000179954.16;ENST00000594321.5,0.3898239927,0.0144855145,60,isoform,1.0,True,0.389823992706017,True
ENST00000406217.7,ENSG00000179988.14,PSTK,protein_coding,PSTK-203,protein_coding,ENSP00000384653.3,ENSG00000179988.14;ENST00000406217.7,0.1222816517,0.037962038,60,isoform,1.0,True,0.1222816517098684,True
ENST00000326237.3,ENSG00000180385.8,EMC3-AS1,transcribed_unprocessed_pseudogene,EMC3-AS1-201,processed_transcript,,ENSG00000180385.8;ENST00000326237.3,-0.1893335181,0.01998002,60,isoform,1.0,True,-0.1893335181145442,True
ENST00000366264.6,ENSG00000180385.8,EMC3-AS1,transcribed_unprocessed_pseudogene,EMC3-AS1-202,processed_transcript,,ENSG00000180385.8;ENST00000366264.6,0.2643641132,0.0084915085,60,isoform,1.0,True,0.2643641132265338,True
ENST00000319466.9,ENSG00000180398.13,MCFD2,protein_coding,MCFD2-201,protein_coding,ENSP00000317271.4,ENSG00000180398.13;ENST00000319466.9,-0.1503759284,0.0004995005,60,isoform,1.0,True,-0.1503759284336563,True
ENST00000477791.5,ENSG00000180398.13,MCFD2,protein_coding,MCFD2-214,retained_intron,,ENSG00000180398.13;ENST00000477791.5,0.1183621544,0.001998002,60,isoform,1.0,True,0.1183621543929708,True
ENST00000490164.1,ENSG00000180628.15,PCGF5,protein_coding,PCGF5-202,processed_transcript,,ENSG00000180628.15;ENST00000490164.1,0.1452817257,0.0264735265,60,isoform,1.0,True,0.1452817257104307,True
ENST00000508190.1,ENSG00000180806.5,HOXC9,protein_coding,HOXC9-203,protein_coding,ENSP00000423861.1,ENSG00000180806.5;ENST00000508190.1,-0.2725383517,0.0004995005,60,isoform,1.0,True,-0.272538351699418,True
ENST00000573780.5,ENSG00000181031.16,RPH3AL,protein_coding,RPH3AL-212,protein_coding,ENSP00000459992.1,ENSG00000181031.16;ENST00000573780.5,0.3024634832,0.014985015,60,isoform,1.0,True,0.3024634831571042,True
ENST00000338033.9,ENSG00000181085.15,MAPK15,protein_coding,MAPK15-201,protein_coding,ENSP00000337691.4,ENSG00000181085.15;ENST00000338033.9,0.1202446342,0.0254745255,60,isoform,1.0,True,0.1202446342092412,True
ENST00000374643.7,ENSG00000181704.12,YIPF6,protein_coding,YIPF6-202,processed_transcript,,ENSG00000181704.12;ENST00000374643.7,0.1165795558,0.0094905095,60,isoform,1.0,True,0.1165795557816765,True
ENST00000462683.6,ENSG00000181704.12,YIPF6,protein_coding,YIPF6-204,protein_coding,ENSP00000417573.1,ENSG00000181704.12;ENST00000462683.6,-0.1006536609,0.012987013,60,isoform,1.0,True,-0.1006536608844113,True
ENST00000366711.4,ENSG00000181873.13,IBA57,protein_coding,IBA57-201,protein_coding,ENSP00000355672.3,ENSG00000181873.13;ENST00000366711.4,-0.1475137712,0.0314685315,60,isoform,1.0,True,-0.1475137712348492,True
ENST00000546123.2,ENSG00000181873.13,IBA57,protein_coding,IBA57-203,processed_transcript,,ENSG00000181873.13;ENST00000546123.2,0.1477953203,0.0314685315,60,isoform,1.0,True,0.1477953202516293,True
ENST00000394976.4,ENSG00000181904.9,C5orf24,protein_coding,C5orf24-202,protein_coding,ENSP00000378427.3,ENSG00000181904.9;ENST00000394976.4,-0.1435816572,0.0014985015,60,isoform,1.0,True,-0.1435816571522293,True
ENST00000504727.1,ENSG00000181904.9,C5orf24,protein_coding,C5orf24-204,protein_coding,ENSP00000421647.1,ENSG00000181904.9;ENST00000504727.1,0.1024346867,0.007992008,60,isoform,1.0,True,0.1024346866772915,True
ENST00000373789.8,ENSG00000182010.11,RTKN2,protein_coding,RTKN2-202,protein_coding,ENSP00000362894.3,ENSG00000182010.11;ENST00000373789.8,-0.2124999933,0.0124875125,60,isoform,1.0,True,-0.2124999933293551,True
ENST00000395260.3,ENSG00000182010.11,RTKN2,protein_coding,RTKN2-203,protein_coding,ENSP00000378678.3,ENSG00000182010.11;ENST00000395260.3,0.2298559662,0.0104895105,60,isoform,1.0,True,0.2298559661551641,True
ENST00000380708.5,ENSG00000182093.16,GET1,protein_coding,GET1-201,protein_coding,ENSP00000370084.1,ENSG00000182093.16;ENST00000380708.5,0.1058811823,0.0114885115,60,isoform,1.0,True,0.1058811822535658,True
ENST00000653738.2,ENSG00000182150.18,ERCC6L2,protein_coding,ERCC6L2-208,protein_coding,ENSP00000499221.2,ENSG00000182150.18;ENST00000653738.2,-0.1740167684,0.034965035,60,isoform,1.0,True,-0.1740167684344227,True
ENST00000665077.2,ENSG00000182150.18,ERCC6L2,protein_coding,ERCC6L2-211,protein_coding,ENSP00000499371.2,ENSG00000182150.18;ENST00000665077.2,0.1572082457,0.044955045,60,isoform,1.0,True,0.1572082457061342,True
ENST00000452463.5,ENSG00000182158.15,CREB3L2,protein_coding,CREB3L2-203,protein_coding,ENSP00000410314.1,ENSG00000182158.15;ENST00000452463.5,0.1095685726,0.0264735265,60,isoform,1.0,True,0.1095685725830741,True
ENST00000330333.11,ENSG00000182240.16,BACE2,protein_coding,BACE2-202,protein_coding,ENSP00000332979.6,ENSG00000182240.16;ENST00000330333.11,-0.1072883869,0.003996004,60,isoform,1.0,True,-0.1072883869334675,True
ENST00000380291.5,ENSG00000182287.15,AP1S2,protein_coding,AP1S2-202,protein_coding,ENSP00000369645.1,ENSG00000182287.15;ENST00000380291.5,-0.1014272249,0.0234765235,60,isoform,1.0,True,-0.1014272249147482,True
ENST00000331222.6,ENSG00000182372.10,CLN8,protein_coding,CLN8-201,protein_coding,ENSP00000328182.4,ENSG00000182372.10;ENST00000331222.6,-0.1676343981,0.046953047,60,isoform,1.0,True,-0.1676343980987543,True
ENST00000635970.1,ENSG00000182372.10,CLN8,protein_coding,CLN8-209,nonsense_mediated_decay,ENSP00000490439.1,ENSG00000182372.10;ENST00000635970.1,0.2245134607,0.0254745255,60,isoform,1.0,True,0.2245134607080944,True
ENST00000329613.7,ENSG00000182463.16,TSHZ2,protein_coding,TSHZ2-201,protein_coding,ENSP00000333114.5,ENSG00000182463.16;ENST00000329613.7,0.1336449773,0.016983017,60,isoform,1.0,True,0.1336449773205079,True
ENST00000406660.4,ENSG00000182473.22,EXOC7,protein_coding,EXOC7-206,protein_coding,ENSP00000385066.3,ENSG00000182473.22;ENST00000406660.4,0.1115548612,0.0174825175,60,isoform,1.0,True,0.1115548612280215,True
ENST00000479401.6,ENSG00000182484.15,WASH6P,transcribed_unprocessed_pseudogene,WASH6P-208,processed_transcript,,ENSG00000182484.15;ENST00000479401.6,0.3084293612,0.000999001,60,isoform,1.0,True,0.308429361232003,True
ENST00000496011.6,ENSG00000182484.15,WASH6P,transcribed_unprocessed_pseudogene,WASH6P-214,processed_transcript,,ENSG00000182484.15;ENST00000496011.6,-0.1984298535,0.0044955045,60,isoform,1.0,True,-0.1984298535234592,True
ENST00000624071.1,ENSG00000182648.13,LINC01006,lncRNA,LINC01006-210,lncRNA,,ENSG00000182648.13;ENST00000624071.1,0.1289735261,0.024975025,60,isoform,1.0,True,0.1289735260660807,True
ENST00000562360.5,ENSG00000182685.7,BRICD5,protein_coding,BRICD5-202,protein_coding,ENSP00000455052.1,ENSG00000182685.7;ENST00000562360.5,-0.1515576944,0.030969031,60,isoform,1.0,True,-0.1515576943528483,True
ENST00000327827.12,ENSG00000182831.12,C16orf72,protein_coding,C16orf72-201,protein_coding,ENSP00000331720.7,ENSG00000182831.12;ENST00000327827.12,0.1818679469,0.0124875125,60,isoform,1.0,True,0.1818679468953872,True
ENST00000574285.2,ENSG00000182831.12,C16orf72,protein_coding,C16orf72-202,protein_coding,ENSP00000484249.1,ENSG00000182831.12;ENST00000574285.2,-0.1818679469,0.0124875125,60,isoform,1.0,True,-0.1818679468953873,True
ENST00000458605.5,ENSG00000182841.12,RRP7BP,transcribed_unprocessed_pseudogene,RRP7BP-204,processed_transcript,,ENSG00000182841.12;ENST00000458605.5,-0.1886820989,0.001998002,60,isoform,1.0,True,-0.1886820989390485,True
ENST00000566851.5,ENSG00000182841.12,RRP7BP,transcribed_unprocessed_pseudogene,RRP7BP-205,transcribed_unprocessed_pseudogene,,ENSG00000182841.12;ENST00000566851.5,0.2252144617,0.0014985015,60,isoform,1.0,True,0.2252144617177531,True
ENST00000330514.4,ENSG00000182963.11,GJC1,protein_coding,GJC1-201,protein_coding,ENSP00000333193.3,ENSG00000182963.11;ENST00000330514.4,0.151158075,0.017982018,60,isoform,1.0,True,0.1511580749709494,True
ENST00000592524.6,ENSG00000182963.11,GJC1,protein_coding,GJC1-208,protein_coding,ENSP00000467201.1,ENSG00000182963.11;ENST00000592524.6,-0.2529931516,0.003996004,60,isoform,1.0,True,-0.2529931516145363,True
ENST00000328834.9,ENSG00000182973.18,CNOT10,protein_coding,CNOT10-201,protein_coding,ENSP00000330060.5,ENSG00000182973.18;ENST00000328834.9,0.1664676297,0.0064935065,60,isoform,1.0,True,0.1664676297027448,True
ENST00000545021.2,ENSG00000183060.15,LYSMD4,protein_coding,LYSMD4-210,protein_coding,ENSP00000445357.2,ENSG00000183060.15;ENST00000545021.2,-0.2784377975,0.0084915085,60,isoform,1.0,True,-0.2784377975483383,True
ENST00000327773.7,ENSG00000183087.15,GAS6,protein_coding,GAS6-201,protein_coding,ENSP00000331831.6,ENSG00000183087.15;ENST00000327773.7,0.1526159574,0.0104895105,60,isoform,1.0,True,0.1526159574050807,True
ENST00000458270.2,ENSG00000183309.12,ZNF623,protein_coding,ZNF623-201,protein_coding,ENSP00000411139.2,ENSG00000183309.12;ENST00000458270.2,0.2909074039,0.007992008,60,isoform,1.0,True,0.2909074038719562,True
ENST00000501748.3,ENSG00000183309.12,ZNF623,protein_coding,ZNF623-202,protein_coding,ENSP00000445979.1,ENSG00000183309.12;ENST00000501748.3,-0.2437712779,0.012987013,60,isoform,1.0,True,-0.2437712779018521,True
ENST00000332783.12,ENSG00000183475.13,ASB7,protein_coding,ASB7-201,protein_coding,ENSP00000328327.8,ENSG00000183475.13;ENST00000332783.12,-0.1886905827,0.035964036,60,isoform,1.0,True,-0.1886905827129047,True
ENST00000330386.7,ENSG00000183495.14,EP400,protein_coding,EP400-201,protein_coding,ENSP00000330620.7,ENSG00000183495.14;ENST00000330386.7,0.1176151181,0.023976024,60,isoform,1.0,True,0.1176151181281536,True
ENST00000400314.5,ENSG00000183570.16,PCBP3,protein_coding,PCBP3-206,protein_coding,ENSP00000383168.1,ENSG00000183570.16;ENST00000400314.5,0.2721538062,0.0344655345,60,isoform,1.0,True,0.2721538062052703,True
ENST00000357422.2,ENSG00000183625.15,CCR3,protein_coding,CCR3-201,protein_coding,ENSP00000350003.2,ENSG00000183625.15;ENST00000357422.2,0.2321811249,0.0084915085,60,isoform,1.0,True,0.2321811248540429,True
ENST00000597700.5,ENSG00000183647.10,ZNF530,protein_coding,ZNF530-202,protein_coding,ENSP00000472024.1,ENSG00000183647.10;ENST00000597700.5,0.225869743,0.01998002,60,isoform,1.0,True,0.2258697430216683,True
ENST00000509649.5,ENSG00000183666.17,GUSBP1,transcribed_unprocessed_pseudogene,GUSBP1-204,processed_transcript,,ENSG00000183666.17;ENST00000509649.5,-0.1046459311,0.0244755245,60,isoform,1.0,True,-0.1046459310777139,True
ENST00000513146.1,ENSG00000183718.5,TRIM52,protein_coding,TRIM52-203,processed_transcript,,ENSG00000183718.5;ENST00000513146.1,-0.1334852909,0.027972028,60,isoform,1.0,True,-0.1334852908529946,True
ENST00000331710.10,ENSG00000183735.10,TBK1,protein_coding,TBK1-201,protein_coding,ENSP00000329967.5,ENSG00000183735.10;ENST00000331710.10,0.125955429,0.0184815185,60,isoform,1.0,True,0.1259554290288794,True
ENST00000333610.4,ENSG00000183891.6,TTC32,protein_coding,TTC32-201,protein_coding,ENSP00000333018.3,ENSG00000183891.6;ENST00000333610.4,0.1326422453,0.0034965035,60,isoform,1.0,True,0.132642245308077,True
ENST00000495698.1,ENSG00000183891.6,TTC32,protein_coding,TTC32-204,retained_intron,,ENSG00000183891.6;ENST00000495698.1,-0.1447374803,0.002997003,60,isoform,1.0,True,-0.1447374802727799,True
ENST00000333371.8,ENSG00000184056.15,VPS33B,protein_coding,VPS33B-201,protein_coding,ENSP00000327650.4,ENSG00000184056.15;ENST00000333371.8,0.4402648246,0.0004995005,60,isoform,1.0,True,0.4402648246036955,True
ENST00000554660.1,ENSG00000184056.15,VPS33B,protein_coding,VPS33B-204,retained_intron,,ENSG00000184056.15;ENST00000554660.1,-0.1308373671,0.0264735265,60,isoform,1.0,True,-0.130837367133147,True
ENST00000557470.5,ENSG00000184056.15,VPS33B,protein_coding,VPS33B-207,retained_intron,,ENSG00000184056.15;ENST00000557470.5,-0.2810096379,0.0024975025,60,isoform,1.0,True,-0.2810096379269969,True
ENST00000649276.1,ENSG00000184058.14,TBX1,protein_coding,TBX1-206,protein_coding,ENSP00000497003.1,ENSG00000184058.14;ENST00000649276.1,0.1913525265,0.0034965035,60,isoform,1.0,True,0.1913525265283249,True
ENST00000375180.7,ENSG00000184083.12,FAM120C,protein_coding,FAM120C-202,protein_coding,ENSP00000364324.2,ENSG00000184083.12;ENST00000375180.7,-0.1634658688,0.015984016,60,isoform,1.0,True,-0.1634658688027314,True
ENST00000477084.1,ENSG00000184083.12,FAM120C,protein_coding,FAM120C-203,protein_coding,ENSP00000420718.1,ENSG00000184083.12;ENST00000477084.1,0.143860547,0.0234765235,60,isoform,1.0,True,0.1438605469670543,True
ENST00000324866.11,ENSG00000184154.15,LRTOMT,protein_coding,LRTOMT-202,protein_coding,ENSP00000440693.1,ENSG00000184154.15;ENST00000324866.11,-0.1773506229,0.0284715285,60,isoform,1.0,True,-0.1773506229278337,True
ENST00000412777.6,ENSG00000184154.15,LRTOMT,protein_coding,LRTOMT-203,retained_intron,,ENSG00000184154.15;ENST00000412777.6,0.208869185,0.023976024,60,isoform,1.0,True,0.2088691850245747,True
ENST00000401642.8,ENSG00000184178.16,SCFD2,protein_coding,SCFD2-202,protein_coding,ENSP00000384182.3,ENSG00000184178.16;ENST00000401642.8,-0.1460497381,0.0214785215,60,isoform,1.0,True,-0.1460497381106316,True
ENST00000409953.5,ENSG00000184182.19,UBE2F,protein_coding,UBE2F-204,protein_coding,ENSP00000386680.1,ENSG00000184182.19;ENST00000409953.5,0.1078425659,0.0204795205,60,isoform,1.0,True,0.107842565904252,True
ENST00000333640.11,ENSG00000184271.17,POU6F1,protein_coding,POU6F1-201,protein_coding,ENSP00000330190.11,ENSG00000184271.17;ENST00000333640.11,0.1584578835,0.0494505495,60,isoform,1.0,True,0.158457883462952,True
ENST00000636068.1,ENSG00000184271.17,POU6F1,protein_coding,POU6F1-209,retained_intron,,ENSG00000184271.17;ENST00000636068.1,-0.2952106601,0.0134865135,60,isoform,1.0,True,-0.2952106601048156,True
ENST00000560910.5,ENSG00000184277.13,TM2D3,protein_coding,TM2D3-213,retained_intron,,ENSG00000184277.13;ENST00000560910.5,-0.1053065543,0.00999001,60,isoform,1.0,True,-0.105306554299714,True
ENST00000331588.4,ENSG00000184545.11,DUSP8,protein_coding,DUSP8-201,protein_coding,ENSP00000329539.4,ENSG00000184545.11;ENST00000331588.4,0.2424750407,0.013986014,60,isoform,1.0,True,0.242475040717002,True
ENST00000397374.8,ENSG00000184545.11,DUSP8,protein_coding,DUSP8-202,protein_coding,ENSP00000380530.3,ENSG00000184545.11;ENST00000397374.8,-0.2722135507,0.00999001,60,isoform,1.0,True,-0.2722135507488728,True
ENST00000429094.7,ENSG00000184613.11,NELL2,protein_coding,NELL2-203,protein_coding,ENSP00000390680.2,ENSG00000184613.11;ENST00000429094.7,-0.1258553314,0.0194805195,60,isoform,1.0,True,-0.1258553313605761,True
ENST00000397518.5,ENSG00000184708.18,EIF4ENIF1,protein_coding,EIF4ENIF1-203,protein_coding,ENSP00000380652.1,ENSG00000184708.18;ENST00000397518.5,-0.1116282781,0.0294705295,60,isoform,1.0,True,-0.1116282780830319,True
ENST00000423097.5,ENSG00000184708.18,EIF4ENIF1,protein_coding,EIF4ENIF1-208,protein_coding,ENSP00000405086.1,ENSG00000184708.18;ENST00000423097.5,0.2010777702,0.0074925075,60,isoform,1.0,True,0.2010777702224568,True
ENST00000398868.8,ENSG00000184743.13,ATL3,protein_coding,ATL3-201,protein_coding,ENSP00000381844.3,ENSG00000184743.13;ENST00000398868.8,-0.1793678734,0.004995005,60,isoform,1.0,True,-0.1793678733635318,True
ENST00000538786.1,ENSG00000184743.13,ATL3,protein_coding,ATL3-203,protein_coding,ENSP00000437593.1,ENSG00000184743.13;ENST00000538786.1,0.2013040823,0.003996004,60,isoform,1.0,True,0.2013040823223325,True
ENST00000345496.7,ENSG00000184787.19,UBE2G2,protein_coding,UBE2G2-202,protein_coding,ENSP00000338348.3,ENSG00000184787.19;ENST00000345496.7,0.1291183042,0.0024975025,60,isoform,1.0,True,0.1291183042259517,True
ENST00000481546.1,ENSG00000184787.19,UBE2G2,protein_coding,UBE2G2-206,retained_intron,,ENSG00000184787.19;ENST00000481546.1,-0.1352883337,0.0024975025,60,isoform,1.0,True,-0.1352883337272201,True
ENST00000287912.7,ENSG00000184863.11,RBM33,protein_coding,RBM33-201,protein_coding,ENSP00000287912.3,ENSG00000184863.11;ENST00000287912.7,0.104636686,0.0254745255,60,isoform,1.0,True,0.1046366860125442,True
ENST00000672415.1,ENSG00000184992.13,BRI3BP,protein_coding,BRI3BP-203,protein_coding,ENSP00000500359.1,ENSG00000184992.13;ENST00000672415.1,0.1874550112,0.004995005,60,isoform,1.0,True,0.1874550111994382,True
ENST00000338483.7,ENSG00000185022.12,MAFF,protein_coding,MAFF-201,protein_coding,ENSP00000345393.2,ENSG00000185022.12;ENST00000338483.7,-0.3357966508,0.0104895105,60,isoform,1.0,True,-0.3357966508347416,True
ENST00000624676.1,ENSG00000185022.12,MAFF,protein_coding,MAFF-208,retained_intron,,ENSG00000185022.12;ENST00000624676.1,0.3065844218,0.013986014,60,isoform,1.0,True,0.3065844218283128,True
ENST00000330877.7,ENSG00000185100.11,ADSS1,protein_coding,ADSS1-201,protein_coding,ENSP00000331260.2,ENSG00000185100.11;ENST00000330877.7,0.1611745683,0.014985015,60,isoform,1.0,True,0.1611745683269929,True
ENST00000331327.5,ENSG00000185129.8,PURA,protein_coding,PURA-201,protein_coding,ENSP00000332706.3,ENSG00000185129.8;ENST00000331327.5,-0.1290005571,0.0284715285,60,isoform,1.0,True,-0.1290005571303062,True
ENST00000651386.1,ENSG00000185129.8,PURA,protein_coding,PURA-204,protein_coding,ENSP00000499133.1,ENSG00000185129.8;ENST00000651386.1,0.1849869183,0.00999001,60,isoform,1.0,True,0.1849869183081364,True
ENST00000404390.7,ENSG00000185133.14,INPP5J,protein_coding,INPP5J-205,protein_coding,ENSP00000384534.3,ENSG00000185133.14;ENST00000404390.7,-0.3010607939,0.004995005,60,isoform,1.0,True,-0.30106079390516,True
ENST00000404453.5,ENSG00000185133.14,INPP5J,protein_coding,INPP5J-206,protein_coding,ENSP00000385343.1,ENSG00000185133.14;ENST00000404453.5,0.2684477814,0.004995005,60,isoform,1.0,True,0.2684477813577255,True
ENST00000442628.7,ENSG00000185189.18,NRBP2,protein_coding,NRBP2-202,protein_coding,ENSP00000414055.2,ENSG00000185189.18;ENST00000442628.7,0.1013411041,0.036963037,60,isoform,1.0,True,0.1013411041167506,True
ENST00000424478.5,ENSG00000185246.18,PRPF39,protein_coding,PRPF39-202,nonsense_mediated_decay,ENSP00000390867.1,ENSG00000185246.18;ENST00000424478.5,0.1354275307,0.0174825175,60,isoform,1.0,True,0.1354275307149685,True
ENST00000477626.5,ENSG00000185246.18,PRPF39,protein_coding,PRPF39-203,retained_intron,,ENSG00000185246.18;ENST00000477626.5,-0.1619978515,0.010989011,60,isoform,1.0,True,-0.1619978514836393,True
ENST00000554785.1,ENSG00000185246.18,PRPF39,protein_coding,PRPF39-208,retained_intron,,ENSG00000185246.18;ENST00000554785.1,-0.125931119,0.0184815185,60,isoform,1.0,True,-0.1259311190443835,True
ENST00000376705.3,ENSG00000185352.8,HS6ST3,protein_coding,HS6ST3-201,protein_coding,ENSP00000365895.2,ENSG00000185352.8;ENST00000376705.3,0.1663816966,0.0164835165,60,isoform,1.0,True,0.1663816965707665,True
ENST00000620595.1,ENSG00000185352.8,HS6ST3,protein_coding,HS6ST3-202,protein_coding,ENSP00000483366.1,ENSG00000185352.8;ENST00000620595.1,-0.1663816966,0.0164835165,60,isoform,1.0,True,-0.1663816965707667,True
ENST00000425898.2,ENSG00000185504.17,FAAP100,protein_coding,FAAP100-202,protein_coding,ENSP00000399674.2,ENSG00000185504.17;ENST00000425898.2,-0.1046376355,0.0444555445,60,isoform,1.0,True,-0.1046376355391338,True
ENST00000445228.6,ENSG00000185513.17,L3MBTL1,protein_coding,L3MBTL1-210,nonsense_mediated_decay,ENSP00000412938.3,ENSG00000185513.17;ENST00000445228.6,0.1216640391,0.0414585415,60,isoform,1.0,True,0.1216640391031008,True
ENST00000362003.9,ENSG00000185619.18,PCGF3,protein_coding,PCGF3-201,protein_coding,ENSP00000354724.5,ENSG00000185619.18;ENST00000362003.9,-0.1441962724,0.007992008,60,isoform,1.0,True,-0.144196272417749,True
ENST00000605467.1,ENSG00000185630.19,PBX1,protein_coding,PBX1-220,retained_intron,,ENSG00000185630.19;ENST00000605467.1,0.107891187,0.0174825175,60,isoform,1.0,True,0.1078911870266987,True
ENST00000612123.3,ENSG00000185630.19,PBX1,protein_coding,PBX1-221,protein_coding,ENSP00000483563.1,ENSG00000185630.19;ENST00000612123.3,-0.1528534846,0.0084915085,60,isoform,1.0,True,-0.1528534845882249,True
ENST00000333229.6,ENSG00000185658.13,BRWD1,protein_coding,BRWD1-201,protein_coding,ENSP00000330753.2,ENSG00000185658.13;ENST00000333229.6,-0.1088204471,0.037962038,60,isoform,1.0,True,-0.1088204471137702,True
ENST00000341322.4,ENSG00000185658.13,BRWD1,protein_coding,BRWD1-202,protein_coding,ENSP00000342106.4,ENSG00000185658.13;ENST00000341322.4,0.1381850618,0.0244755245,60,isoform,1.0,True,0.1381850617938034,True
ENST00000522677.7,ENSG00000185697.16,MYBL1,protein_coding,MYBL1-204,protein_coding,ENSP00000429633.2,ENSG00000185697.16;ENST00000522677.7,-0.1302308336,0.0494505495,60,isoform,1.0,True,-0.1302308336122605,True
ENST00000523304.1,ENSG00000185697.16,MYBL1,protein_coding,MYBL1-205,retained_intron,,ENSG00000185697.16;ENST00000523304.1,0.2085548719,0.011988012,60,isoform,1.0,True,0.2085548719158584,True
ENST00000356884.11,ENSG00000185963.14,BICD2,protein_coding,BICD2-201,protein_coding,ENSP00000349351.6,ENSG00000185963.14;ENST00000356884.11,-0.1416662896,0.011988012,60,isoform,1.0,True,-0.1416662896008301,True
ENST00000375512.3,ENSG00000185963.14,BICD2,protein_coding,BICD2-202,protein_coding,ENSP00000364662.3,ENSG00000185963.14;ENST00000375512.3,0.1416662896,0.011988012,60,isoform,1.0,True,0.1416662896008301,True
ENST00000434377.6,ENSG00000186017.14,ZNF566,protein_coding,ZNF566-204,protein_coding,ENSP00000415520.2,ENSG00000186017.14;ENST00000434377.6,-0.1638191414,0.038961039,60,isoform,1.0,True,-0.1638191413545167,True
ENST00000369294.5,ENSG00000186141.9,POLR3C,protein_coding,POLR3C-202,protein_coding,ENSP00000358300.1,ENSG00000186141.9;ENST00000369294.5,0.1053829516,0.0194805195,60,isoform,1.0,True,0.1053829516183501,True
ENST00000334418.6,ENSG00000186166.9,CCDC84,protein_coding,CCDC84-201,protein_coding,ENSP00000334767.1,ENSG00000186166.9;ENST00000334418.6,0.2470021284,0.0014985015,60,isoform,1.0,True,0.2470021283715947,True
ENST00000528088.1,ENSG00000186166.9,CCDC84,protein_coding,CCDC84-205,retained_intron,,ENSG00000186166.9;ENST00000528088.1,-0.1058425589,0.012987013,60,isoform,1.0,True,-0.1058425589370146,True
ENST00000585687.1,ENSG00000186185.14,KIF18B,protein_coding,KIF18B-201,retained_intron,,ENSG00000186185.14;ENST00000585687.1,-0.1591987517,0.0034965035,60,isoform,1.0,True,-0.1591987517089252,True
ENST00000587309.5,ENSG00000186185.14,KIF18B,protein_coding,KIF18B-202,protein_coding,ENSP00000465377.1,ENSG00000186185.14;ENST00000587309.5,0.1165101836,0.0104895105,60,isoform,1.0,True,0.1165101836232147,True
ENST00000507479.5,ENSG00000186352.9,ANKRD37,protein_coding,ANKRD37-203,processed_transcript,,ENSG00000186352.9;ENST00000507479.5,-0.1214760916,0.0204795205,60,isoform,1.0,True,-0.1214760915977195,True
ENST00000476320.6,ENSG00000186577.14,SMIM29,protein_coding,SMIM29-205,protein_coding,ENSP00000417604.2,ENSG00000186577.14;ENST00000476320.6,-0.1398234521,0.015984016,60,isoform,1.0,True,-0.1398234521437646,True
ENST00000355621.8,ENSG00000186591.13,UBE2H,protein_coding,UBE2H-201,protein_coding,ENSP00000347836.3,ENSG00000186591.13;ENST00000355621.8,-0.1313728266,0.0074925075,60,isoform,1.0,True,-0.131372826572664,True
ENST00000379380.9,ENSG00000186687.16,LYRM7,protein_coding,LYRM7-201,protein_coding,ENSP00000368688.4,ENSG00000186687.16;ENST00000379380.9,-0.1838352902,0.0044955045,60,isoform,1.0,True,-0.1838352901580687,True
ENST00000510516.5,ENSG00000186687.16,LYRM7,protein_coding,LYRM7-203,protein_coding,ENSP00000423283.1,ENSG00000186687.16;ENST00000510516.5,0.1492288065,0.0104895105,60,isoform,1.0,True,0.1492288064835683,True
ENST00000610712.1,ENSG00000186814.14,ZSCAN30,protein_coding,ZSCAN30-211,protein_coding,ENSP00000480152.1,ENSG00000186814.14;ENST00000610712.1,-0.1502382687,0.0244755245,60,isoform,1.0,True,-0.1502382686554642,True
ENST00000426126.6,ENSG00000186908.14,ZDHHC17,protein_coding,ZDHHC17-201,protein_coding,ENSP00000403397.2,ENSG00000186908.14;ENST00000426126.6,0.1850307673,0.0054945055,60,isoform,1.0,True,0.1850307672567825,True
ENST00000407236.5,ENSG00000186951.16,PPARA,protein_coding,PPARA-203,protein_coding,ENSP00000385523.1,ENSG00000186951.16;ENST00000407236.5,-0.2697803491,0.015984016,60,isoform,1.0,True,-0.2697803490564743,True
ENST00000526600.1,ENSG00000187079.19,TEAD1,protein_coding,TEAD1-203,protein_coding,ENSP00000435393.1,ENSG00000187079.19;ENST00000526600.1,-0.1982862808,0.002997003,60,isoform,1.0,True,-0.198286280848053,True
ENST00000527376.2,ENSG00000187079.19,TEAD1,protein_coding,TEAD1-204,protein_coding,ENSP00000432587.3,ENSG00000187079.19;ENST00000527376.2,0.1119537834,0.012987013,60,isoform,1.0,True,0.1119537834191571,True
ENST00000314589.10,ENSG00000187098.16,MITF,protein_coding,MITF-202,protein_coding,ENSP00000324443.5,ENSG00000187098.16;ENST00000314589.10,-0.1296229226,0.016983017,60,isoform,1.0,True,-0.129622922556566,True
ENST00000420781.5,ENSG00000187239.17,FNBP1,protein_coding,FNBP1-202,protein_coding,ENSP00000407548.2,ENSG00000187239.17;ENST00000420781.5,-0.1413062484,0.0264735265,60,isoform,1.0,True,-0.1413062483813499,True
ENST00000375820.10,ENSG00000187498.16,COL4A1,protein_coding,COL4A1-201,protein_coding,ENSP00000364979.4,ENSG00000187498.16;ENST00000375820.10,-0.1265857365,0.010989011,60,isoform,1.0,True,-0.1265857364996647,True
ENST00000649720.1,ENSG00000187498.16,COL4A1,protein_coding,COL4A1-213,retained_intron,,ENSG00000187498.16;ENST00000649720.1,0.1321603263,0.0094905095,60,isoform,1.0,True,0.1321603262862361,True
ENST00000328666.11,ENSG00000187531.14,SIRT7,protein_coding,SIRT7-201,protein_coding,ENSP00000329466.6,ENSG00000187531.14;ENST00000328666.11,0.1505393568,0.005994006,60,isoform,1.0,True,0.1505393567582224,True
ENST00000553551.1,ENSG00000187790.11,FANCM,protein_coding,FANCM-203,retained_intron,,ENSG00000187790.11;ENST00000553551.1,-0.1869814111,0.0244755245,60,isoform,1.0,True,-0.186981411126906,True
ENST00000617601.4,ENSG00000188158.16,NHS,protein_coding,NHS-205,protein_coding,ENSP00000478433.1,ENSG00000188158.16;ENST00000617601.4,-0.2835854886,0.0164835165,60,isoform,1.0,True,-0.2835854886087185,True
ENST00000676302.1,ENSG00000188158.16,NHS,protein_coding,NHS-207,protein_coding,ENSP00000502262.1,ENSG00000188158.16;ENST00000676302.1,0.2426182086,0.023976024,60,isoform,1.0,True,0.2426182086264099,True
ENST00000311652.9,ENSG00000188234.13,AGAP4,protein_coding,AGAP4-201,protein_coding,ENSP00000309985.6,ENSG00000188234.13;ENST00000311652.9,-0.1425326324,0.023976024,60,isoform,1.0,True,-0.1425326323803981,True
ENST00000618171.4,ENSG00000188234.13,AGAP4,protein_coding,AGAP4-208,protein_coding,ENSP00000478047.1,ENSG00000188234.13;ENST00000618171.4,-0.1315324305,0.02997003,60,isoform,1.0,True,-0.1315324305095629,True
ENST00000518322.6,ENSG00000188343.13,CIBAR1,protein_coding,CIBAR1-206,protein_coding,ENSP00000429367.1,ENSG00000188343.13;ENST00000518322.6,-0.14661223,0.0064935065,60,isoform,1.0,True,-0.1466122300102708,True
ENST00000654224.1,ENSG00000188385.12,JAKMIP3,protein_coding,JAKMIP3-205,processed_transcript,,ENSG00000188385.12;ENST00000654224.1,-0.2500099872,0.024975025,60,isoform,1.0,True,-0.250009987184163,True
ENST00000357749.7,ENSG00000188419.14,CHM,protein_coding,CHM-201,protein_coding,ENSP00000350386.2,ENSG00000188419.14;ENST00000357749.7,-0.1333626876,0.026973027,60,isoform,1.0,True,-0.1333626876477146,True
ENST00000375167.1,ENSG00000188486.3,H2AX,protein_coding,H2AX-201,nonsense_mediated_decay,ENSP00000364310.1,ENSG00000188486.3;ENST00000375167.1,0.1970949072,0.000999001,60,isoform,1.0,True,0.1970949071548369,True
ENST00000530167.1,ENSG00000188486.3,H2AX,protein_coding,H2AX-202,protein_coding,ENSP00000434024.1,ENSG00000188486.3;ENST00000530167.1,-0.1970949072,0.000999001,60,isoform,1.0,True,-0.1970949071548368,True
ENST00000343217.6,ENSG00000188542.10,DUSP28,protein_coding,DUSP28-201,protein_coding,ENSP00000344235.2,ENSG00000188542.10;ENST00000343217.6,0.2047625942,0.0214785215,60,isoform,1.0,True,0.2047625941877677,True
ENST00000438823.1,ENSG00000188542.10,DUSP28,protein_coding,DUSP28-203,nonsense_mediated_decay,ENSP00000403899.1,ENSG00000188542.10;ENST00000438823.1,-0.2425913817,0.0154845155,60,isoform,1.0,True,-0.2425913817098323,True
ENST00000340434.5,ENSG00000188647.13,PTAR1,protein_coding,PTAR1-201,protein_coding,ENSP00000344299.4,ENSG00000188647.13;ENST00000340434.5,-0.1067830828,0.0394605395,60,isoform,1.0,True,-0.1067830828455065,True
ENST00000377200.9,ENSG00000188647.13,PTAR1,protein_coding,PTAR1-202,protein_coding,ENSP00000366405.5,ENSG00000188647.13;ENST00000377200.9,-0.1730907021,0.013986014,60,isoform,1.0,True,-0.1730907021151594,True
ENST00000472967.2,ENSG00000188647.13,PTAR1,protein_coding,PTAR1-205,protein_coding,ENSP00000440164.1,ENSG00000188647.13;ENST00000472967.2,0.186757023,0.0104895105,60,isoform,1.0,True,0.1867570230385367,True
ENST00000651768.1,ENSG00000188660.4,LINC00319,lncRNA,LINC00319-203,lncRNA,,ENSG00000188660.4;ENST00000651768.1,-0.1187462795,0.0344655345,60,isoform,1.0,True,-0.1187462795131613,True
ENST00000342607.10,ENSG00000188735.13,TMEM120B,protein_coding,TMEM120B-201,nonsense_mediated_decay,ENSP00000345152.6,ENSG00000188735.13;ENST00000342607.10,0.1723052939,0.00999001,60,isoform,1.0,True,0.1723052939160939,True
ENST00000540377.1,ENSG00000188735.13,TMEM120B,protein_coding,TMEM120B-206,protein_coding,ENSP00000446159.1,ENSG00000188735.13;ENST00000540377.1,-0.1323448595,0.0224775225,60,isoform,1.0,True,-0.1323448594546853,True
ENST00000485407.1,ENSG00000188811.14,NHLRC3,protein_coding,NHLRC3-205,retained_intron,,ENSG00000188811.14;ENST00000485407.1,0.1245358124,0.0334665335,60,isoform,1.0,True,0.1245358124181143,True
ENST00000662750.1,ENSG00000188825.14,LINC00910,lncRNA,LINC00910-215,lncRNA,,ENSG00000188825.14;ENST00000662750.1,-0.1218314847,0.017982018,60,isoform,1.0,True,-0.1218314847075758,True
ENST00000663186.1,ENSG00000188825.14,LINC00910,lncRNA,LINC00910-217,lncRNA,,ENSG00000188825.14;ENST00000663186.1,0.1162311635,0.0194805195,60,isoform,1.0,True,0.1162311634577764,True
ENST00000577454.5,ENSG00000188895.12,MSL1,protein_coding,MSL1-203,protein_coding,ENSP00000463949.1,ENSG00000188895.12;ENST00000577454.5,0.129266323,0.010989011,60,isoform,1.0,True,0.1292663229947877,True
ENST00000340417.8,ENSG00000189308.11,LIN54,protein_coding,LIN54-201,protein_coding,ENSP00000341947.3,ENSG00000189308.11;ENST00000340417.8,-0.1266241625,0.037962038,60,isoform,1.0,True,-0.126624162455613,True
ENST00000446851.6,ENSG00000189308.11,LIN54,protein_coding,LIN54-203,protein_coding,ENSP00000407139.2,ENSG00000189308.11;ENST00000446851.6,0.1537920985,0.024975025,60,isoform,1.0,True,0.1537920985063827,True
ENST00000412613.1,ENSG00000196074.13,SYCP2,protein_coding,SYCP2-203,protein_coding,ENSP00000404358.1,ENSG00000196074.13;ENST00000412613.1,0.1852781618,0.0354645355,60,isoform,1.0,True,0.1852781617541389,True
ENST00000358776.7,ENSG00000196177.13,ACADSB,protein_coding,ACADSB-201,protein_coding,ENSP00000357873.3,ENSG00000196177.13;ENST00000358776.7,-0.1763305566,0.0254745255,60,isoform,1.0,True,-0.1763305565581031,True
ENST00000368869.8,ENSG00000196177.13,ACADSB,protein_coding,ACADSB-202,protein_coding,ENSP00000357862.4,ENSG00000196177.13;ENST00000368869.8,0.1970413375,0.0204795205,60,isoform,1.0,True,0.1970413375028568,True
ENST00000366835.8,ENSG00000196187.12,TMEM63A,protein_coding,TMEM63A-201,protein_coding,ENSP00000355800.3,ENSG00000196187.12;ENST00000366835.8,0.1200563839,0.016983017,60,isoform,1.0,True,0.120056383875023,True
ENST00000432763.7,ENSG00000196235.14,SUPT5H,protein_coding,SUPT5H-204,protein_coding,ENSP00000404029.4,ENSG00000196235.14;ENST00000432763.7,0.1551930181,0.0014985015,60,isoform,1.0,True,0.1551930180520174,True
ENST00000598725.5,ENSG00000196235.14,SUPT5H,protein_coding,SUPT5H-213,protein_coding,ENSP00000469090.1,ENSG00000196235.14;ENST00000598725.5,-0.1771937681,0.0,60,isoform,0.0,True,-0.1771937680682148,True
ENST00000357137.9,ENSG00000196236.13,XPNPEP3,protein_coding,XPNPEP3-201,protein_coding,ENSP00000349658.4,ENSG00000196236.13;ENST00000357137.9,-0.2282863368,0.024975025,60,isoform,1.0,True,-0.228286336810202,True
ENST00000525842.5,ENSG00000196323.14,ZBTB44,protein_coding,ZBTB44-205,protein_coding,ENSP00000433457.1,ENSG00000196323.14;ENST00000525842.5,-0.2038609035,0.0204795205,60,isoform,1.0,True,-0.2038609035147045,True
ENST00000641863.1,ENSG00000196369.11,SRGAP2B,protein_coding,SRGAP2B-207,protein_coding,ENSP00000493121.1,ENSG00000196369.11;ENST00000641863.1,0.1261310562,0.0234765235,60,isoform,1.0,True,0.1261310562291728,True
ENST00000356763.8,ENSG00000196455.8,PIK3R4,protein_coding,PIK3R4-201,protein_coding,ENSP00000349205.3,ENSG00000196455.8;ENST00000356763.8,-0.1855394226,0.0024975025,60,isoform,1.0,True,-0.1855394226397871,True
ENST00000511760.1,ENSG00000196455.8,PIK3R4,protein_coding,PIK3R4-205,retained_intron,,ENSG00000196455.8;ENST00000511760.1,0.1608578689,0.002997003,60,isoform,1.0,True,0.1608578688683456,True
ENST00000392321.3,ENSG00000196458.11,ZNF605,protein_coding,ZNF605-204,protein_coding,ENSP00000376135.3,ENSG00000196458.11;ENST00000392321.3,0.1459431815,0.0444555445,60,isoform,1.0,True,0.1459431815396618,True
ENST00000356721.3,ENSG00000196470.12,SIAH1,protein_coding,SIAH1-201,protein_coding,ENSP00000349156.3,ENSG00000196470.12;ENST00000356721.3,0.1064155913,0.0234765235,60,isoform,1.0,True,0.1064155912857708,True
ENST00000505447.5,ENSG00000196526.10,AFAP1,protein_coding,AFAP1-205,retained_intron,,ENSG00000196526.10;ENST00000505447.5,0.1159049354,0.0164835165,60,isoform,1.0,True,0.1159049354454329,True
ENST00000502412.2,ENSG00000196670.14,ZFP62,protein_coding,ZFP62-201,protein_coding,ENSP00000423820.1,ENSG00000196670.14;ENST00000502412.2,-0.1510190351,0.0124875125,60,isoform,1.0,True,-0.1510190350971428,True
ENST00000566223.1,ENSG00000196678.14,ERI2,protein_coding,ERI2-210,processed_transcript,,ENSG00000196678.14;ENST00000566223.1,-0.1180804212,0.022977023,60,isoform,1.0,True,-0.1180804211783105,True
ENST00000493285.2,ENSG00000196693.15,ZNF33B,protein_coding,ZNF33B-207,protein_coding,ENSP00000479296.1,ENSG00000196693.15;ENST00000493285.2,-0.2276053773,0.0134865135,60,isoform,1.0,True,-0.2276053772944491,True
ENST00000311048.11,ENSG00000196705.8,ZNF431,protein_coding,ZNF431-201,protein_coding,ENSP00000308578.6,ENSG00000196705.8;ENST00000311048.11,-0.1575860696,0.0154845155,60,isoform,1.0,True,-0.1575860696441354,True
ENST00000594821.1,ENSG00000196705.8,ZNF431,protein_coding,ZNF431-204,processed_transcript,,ENSG00000196705.8;ENST00000594821.1,0.1472460019,0.0194805195,60,isoform,1.0,True,0.1472460019336332,True
ENST00000356175.7,ENSG00000196712.18,NF1,protein_coding,NF1-201,protein_coding,ENSP00000348498.3,ENSG00000196712.18;ENST00000356175.7,-0.1666221794,0.02997003,60,isoform,1.0,True,-0.1666221794062286,True
ENST00000434382.2,ENSG00000196715.7,VKORC1L1,protein_coding,VKORC1L1-202,protein_coding,ENSP00000403077.2,ENSG00000196715.7;ENST00000434382.2,0.1270326979,0.0164835165,60,isoform,1.0,True,0.1270326979339317,True
ENST00000648179.1,ENSG00000196715.7,VKORC1L1,protein_coding,VKORC1L1-203,protein_coding,ENSP00000497394.1,ENSG00000196715.7;ENST00000648179.1,-0.1094535954,0.0214785215,60,isoform,1.0,True,-0.1094535954323893,True
ENST00000254321.10,ENSG00000196757.8,ZNF700,protein_coding,ZNF700-201,protein_coding,ENSP00000254321.4,ENSG00000196757.8;ENST00000254321.10,0.2594680961,0.006993007,60,isoform,1.0,True,0.2594680960704888,True
ENST00000482090.1,ENSG00000196757.8,ZNF700,protein_coding,ZNF700-202,protein_coding,ENSP00000467996.1,ENSG00000196757.8;ENST00000482090.1,-0.3399449477,0.001998002,60,isoform,1.0,True,-0.3399449476999526,True
ENST00000306006.10,ENSG00000196793.13,ZNF239,protein_coding,ZNF239-201,protein_coding,ENSP00000307774.6,ENSG00000196793.13;ENST00000306006.10,-0.1319877908,0.048951049,60,isoform,1.0,True,-0.1319877907641859,True
ENST00000361171.8,ENSG00000196814.15,MVB12B,protein_coding,MVB12B-201,protein_coding,ENSP00000354772.3,ENSG00000196814.15;ENST00000361171.8,0.1725337008,0.0494505495,60,isoform,1.0,True,0.1725337007798468,True
ENST00000369301.3,ENSG00000196865.4,NHLRC2,protein_coding,NHLRC2-201,protein_coding,ENSP00000358307.3,ENSG00000196865.4;ENST00000369301.3,-0.262681263,0.007992008,60,isoform,1.0,True,-0.2626812629625131,True
ENST00000468890.1,ENSG00000196865.4,NHLRC2,protein_coding,NHLRC2-202,retained_intron,,ENSG00000196865.4;ENST00000468890.1,0.262681263,0.007992008,60,isoform,1.0,True,0.2626812629625131,True
ENST00000455193.1,ENSG00000196878.15,LAMB3,protein_coding,LAMB3-205,protein_coding,ENSP00000398683.1,ENSG00000196878.15;ENST00000455193.1,0.1444950744,0.012987013,60,isoform,1.0,True,0.1444950744266171,True
ENST00000497329.6,ENSG00000196912.12,ANKRD36B,protein_coding,ANKRD36B-207,protein_coding,ENSP00000481806.1,ENSG00000196912.12;ENST00000497329.6,-0.2298994488,0.0254745255,60,isoform,1.0,True,-0.2298994487937257,True
ENST00000623276.3,ENSG00000197062.11,ZSCAN26,protein_coding,ZSCAN26-207,protein_coding,ENSP00000485228.1,ENSG00000197062.11;ENST00000623276.3,0.1771157392,0.013986014,60,isoform,1.0,True,0.1771157392064233,True
ENST00000359232.8,ENSG00000197119.13,SLC25A29,protein_coding,SLC25A29-201,protein_coding,ENSP00000352167.3,ENSG00000197119.13;ENST00000359232.8,0.2029009051,0.0014985015,60,isoform,1.0,True,0.2029009051150351,True
ENST00000554912.1,ENSG00000197119.13,SLC25A29,protein_coding,SLC25A29-208,protein_coding,ENSP00000450913.1,ENSG00000197119.13;ENST00000554912.1,-0.1484204955,0.0044955045,60,isoform,1.0,True,-0.1484204954679515,True
ENST00000360737.4,ENSG00000197182.14,MIRLET7BHG,lncRNA,MIRLET7BHG-201,lncRNA,,ENSG00000197182.14;ENST00000360737.4,-0.2448335605,0.0064935065,60,isoform,1.0,True,-0.244833560452423,True
ENST00000443490.5,ENSG00000197182.14,MIRLET7BHG,lncRNA,MIRLET7BHG-204,lncRNA,,ENSG00000197182.14;ENST00000443490.5,0.3399620853,0.0014985015,60,isoform,1.0,True,0.3399620852777255,True
ENST00000326071.8,ENSG00000197183.14,NOL4L,protein_coding,NOL4L-202,protein_coding,ENSP00000317413.4,ENSG00000197183.14;ENST00000326071.8,-0.1673396865,0.0154845155,60,isoform,1.0,True,-0.1673396865107374,True
ENST00000418600.7,ENSG00000197283.17,SYNGAP1,protein_coding,SYNGAP1-202,protein_coding,ENSP00000403636.3,ENSG00000197283.17;ENST00000418600.7,0.1256799959,0.0484515485,60,isoform,1.0,True,0.1256799958753707,True
ENST00000245407.8,ENSG00000197375.13,SLC22A5,protein_coding,SLC22A5-201,protein_coding,ENSP00000245407.3,ENSG00000197375.13;ENST00000245407.8,0.1129474521,0.018981019,60,isoform,1.0,True,0.1129474520994188,True
ENST00000360697.4,ENSG00000197381.16,ADARB1,protein_coding,ADARB1-202,protein_coding,ENSP00000353920.3,ENSG00000197381.16;ENST00000360697.4,-0.2276347592,0.0024975025,60,isoform,1.0,True,-0.2276347592481186,True
ENST00000389863.8,ENSG00000197381.16,ADARB1,protein_coding,ADARB1-204,protein_coding,ENSP00000374513.4,ENSG00000197381.16;ENST00000389863.8,0.1038848207,0.0264735265,60,isoform,1.0,True,0.103884820687649,True
ENST00000432695.2,ENSG00000197444.10,OGDHL,protein_coding,OGDHL-203,protein_coding,ENSP00000390240.1,ENSG00000197444.10;ENST00000432695.2,0.1990084002,0.002997003,60,isoform,1.0,True,0.1990084001639471,True
ENST00000378953.8,ENSG00000197536.11,IRF1-AS1,lncRNA,IRF1-AS1-203,lncRNA,,ENSG00000197536.11;ENST00000378953.8,0.2176048939,0.02997003,60,isoform,1.0,True,0.2176048939375668,True
ENST00000361573.3,ENSG00000197818.12,SLC9A8,protein_coding,SLC9A8-201,protein_coding,ENSP00000354966.2,ENSG00000197818.12;ENST00000361573.3,0.1244448186,0.041958042,60,isoform,1.0,True,0.1244448186166691,True
ENST00000599244.5,ENSG00000197841.15,ZNF181,protein_coding,ZNF181-207,protein_coding,ENSP00000472046.1,ENSG00000197841.15;ENST00000599244.5,-0.1554238281,0.02997003,60,isoform,1.0,True,-0.1554238280679749,True
ENST00000645818.2,ENSG00000197912.16,SPG7,protein_coding,SPG7-268,protein_coding,ENSP00000495795.2,ENSG00000197912.16;ENST00000645818.2,0.1676289508,0.0014985015,60,isoform,1.0,True,0.1676289508253338,True
ENST00000493247.1,ENSG00000197971.16,MBP,protein_coding,MBP-222,retained_intron,,ENSG00000197971.16;ENST00000493247.1,0.1092304606,0.026973027,60,isoform,1.0,True,0.1092304605802728,True
ENST00000461832.2,ENSG00000197989.14,SNHG12,lncRNA,SNHG12-202,retained_intron,,ENSG00000197989.14;ENST00000461832.2,-0.1310317776,0.005994006,60,isoform,1.0,True,-0.1310317776155475,True
ENST00000518389.1,ENSG00000198042.11,MAK16,protein_coding,MAK16-203,nonsense_mediated_decay,ENSP00000430403.1,ENSG00000198042.11;ENST00000518389.1,0.1014532469,0.0304695305,60,isoform,1.0,True,0.1014532468715987,True
ENST00000395443.7,ENSG00000198218.11,QRICH1,protein_coding,QRICH1-202,protein_coding,ENSP00000378830.2,ENSG00000198218.11;ENST00000395443.7,0.1639963972,0.0024975025,60,isoform,1.0,True,0.1639963972089422,True
ENST00000489642.5,ENSG00000198218.11,QRICH1,protein_coding,QRICH1-211,retained_intron,,ENSG00000198218.11;ENST00000489642.5,-0.1026201487,0.012987013,60,isoform,1.0,True,-0.1026201487116473,True
ENST00000389924.7,ENSG00000198231.13,DDX42,protein_coding,DDX42-202,protein_coding,ENSP00000374574.2,ENSG00000198231.13;ENST00000389924.7,0.1476557856,0.001998002,60,isoform,1.0,True,0.1476557855690028,True
ENST00000358691.10,ENSG00000198265.12,HELZ,protein_coding,HELZ-201,protein_coding,ENSP00000351524.5,ENSG00000198265.12;ENST00000358691.10,-0.3608638631,0.0114885115,60,isoform,1.0,True,-0.3608638631396657,True
ENST00000354216.11,ENSG00000198276.16,UCKL1,protein_coding,UCKL1-201,protein_coding,ENSP00000346155.6,ENSG00000198276.16;ENST00000354216.11,0.1120801677,0.002997003,60,isoform,1.0,True,0.1120801676521521,True
ENST00000361060.5,ENSG00000198380.13,GFPT1,protein_coding,GFPT1-202,protein_coding,ENSP00000354347.4,ENSG00000198380.13;ENST00000361060.5,-0.1319817928,0.012987013,60,isoform,1.0,True,-0.1319817927859958,True
ENST00000674438.1,ENSG00000198380.13,GFPT1,protein_coding,GFPT1-204,protein_coding,ENSP00000501469.1,ENSG00000198380.13;ENST00000674438.1,0.108650239,0.0204795205,60,isoform,1.0,True,0.1086502389788275,True
ENST00000457749.7,ENSG00000198538.11,ZNF28,protein_coding,ZNF28-204,protein_coding,ENSP00000397693.2,ENSG00000198538.11;ENST00000457749.7,-0.2104407145,0.0054945055,60,isoform,1.0,True,-0.2104407145191315,True
ENST00000542421.1,ENSG00000198538.11,ZNF28,protein_coding,ZNF28-206,processed_transcript,,ENSG00000198538.11;ENST00000542421.1,0.2621328873,0.001998002,60,isoform,1.0,True,0.2621328873461976,True
ENST00000465438.1,ENSG00000198556.14,ZNF789,protein_coding,ZNF789-205,retained_intron,,ENSG00000198556.14;ENST00000465438.1,-0.1347329118,0.0124875125,60,isoform,1.0,True,-0.1347329118331742,True
ENST00000431350.7,ENSG00000198586.14,TLK1,protein_coding,TLK1-205,protein_coding,ENSP00000411099.2,ENSG00000198586.14;ENST00000431350.7,0.1207260305,0.0324675325,60,isoform,1.0,True,0.1207260305057715,True
ENST00000367182.8,ENSG00000198625.13,MDM4,protein_coding,MDM4-203,protein_coding,ENSP00000356150.3,ENSG00000198625.13;ENST00000367182.8,0.1570232573,0.0284715285,60,isoform,1.0,True,0.1570232573227476,True
ENST00000462012.1,ENSG00000198625.13,MDM4,protein_coding,MDM4-208,processed_transcript,,ENSG00000198625.13;ENST00000462012.1,-0.134330173,0.0424575425,60,isoform,1.0,True,-0.1343301730068319,True
ENST00000470908.5,ENSG00000198625.13,MDM4,protein_coding,MDM4-211,processed_transcript,,ENSG00000198625.13;ENST00000470908.5,0.1536025326,0.030969031,60,isoform,1.0,True,0.1536025326038814,True
ENST00000359359.6,ENSG00000198663.17,C6orf89,protein_coding,C6orf89-202,protein_coding,ENSP00000352316.2,ENSG00000198663.17;ENST00000359359.6,0.1324142614,0.0134865135,60,isoform,1.0,True,0.1324142614096134,True
ENST00000480824.7,ENSG00000198663.17,C6orf89,protein_coding,C6orf89-204,protein_coding,ENSP00000475947.1,ENSG00000198663.17;ENST00000480824.7,-0.1928864313,0.002997003,60,isoform,1.0,True,-0.1928864312812461,True
ENST00000361565.9,ENSG00000198700.10,IPO9,protein_coding,IPO9-201,protein_coding,ENSP00000354742.4,ENSG00000198700.10;ENST00000361565.9,-0.1048182194,0.0094905095,60,isoform,1.0,True,-0.1048182193993132,True
ENST00000552770.3,ENSG00000198707.17,CEP290,protein_coding,CEP290-206,protein_coding,ENSP00000447527.3,ENSG00000198707.17;ENST00000552770.3,0.1328514425,0.027972028,60,isoform,1.0,True,0.1328514424740814,True
ENST00000552810.6,ENSG00000198707.17,CEP290,protein_coding,CEP290-207,protein_coding,ENSP00000448012.1,ENSG00000198707.17;ENST00000552810.6,0.1340573943,0.0274725275,60,isoform,1.0,True,0.1340573943257277,True
ENST00000362007.6,ENSG00000198715.13,GLMP,protein_coding,GLMP-201,protein_coding,ENSP00000354553.1,ENSG00000198715.13;ENST00000362007.6,0.1075930753,0.00999001,60,isoform,1.0,True,0.1075930753289081,True
ENST00000487527.5,ENSG00000198720.13,ANKRD13B,protein_coding,ANKRD13B-202,retained_intron,,ENSG00000198720.13;ENST00000487527.5,0.1813573994,0.018981019,60,isoform,1.0,True,0.1813573993808776,True
ENST00000562765.5,ENSG00000198794.12,SCAMP5,protein_coding,SCAMP5-205,nonsense_mediated_decay,ENSP00000455598.1,ENSG00000198794.12;ENST00000562765.5,0.22454044,0.0174825175,60,isoform,1.0,True,0.2245404400482439,True
ENST00000361673.4,ENSG00000198796.7,ALPK2,protein_coding,ALPK2-201,protein_coding,ENSP00000354991.3,ENSG00000198796.7;ENST00000361673.4,-0.1140490233,0.023976024,60,isoform,1.0,True,-0.1140490233418142,True
ENST00000590662.1,ENSG00000198796.7,ALPK2,protein_coding,ALPK2-206,retained_intron,,ENSG00000198796.7;ENST00000590662.1,0.240137221,0.000999001,60,isoform,1.0,True,0.2401372210054012,True
ENST00000361127.6,ENSG00000198799.12,LRIG2,protein_coding,LRIG2-201,protein_coding,ENSP00000355396.4,ENSG00000198799.12;ENST00000361127.6,-0.1833766344,0.024975025,60,isoform,1.0,True,-0.18337663443073,True
ENST00000361217.9,ENSG00000198837.10,DENND4B,protein_coding,DENND4B-201,protein_coding,ENSP00000354597.4,ENSG00000198837.10;ENST00000361217.9,0.1541090274,0.005994006,60,isoform,1.0,True,0.1541090274081158,True
ENST00000361822.8,ENSG00000198839.10,ZNF277,protein_coding,ZNF277-201,protein_coding,ENSP00000354501.3,ENSG00000198839.10;ENST00000361822.8,-0.1488173661,0.0184815185,60,isoform,1.0,True,-0.148817366099628,True
ENST00000361946.8,ENSG00000198839.10,ZNF277,protein_coding,ZNF277-202,nonsense_mediated_decay,ENSP00000355043.4,ENSG00000198839.10;ENST00000361946.8,0.1366271621,0.0224775225,60,isoform,1.0,True,0.1366271621158787,True
ENST00000647465.1,ENSG00000198860.13,TSEN15,protein_coding,TSEN15-220,protein_coding,ENSP00000495344.1,ENSG00000198860.13;ENST00000647465.1,0.1002459294,0.0154845155,60,isoform,1.0,True,0.1002459293611563,True
ENST00000361371.10,ENSG00000198862.14,LTN1,protein_coding,LTN1-201,protein_coding,ENSP00000354977.4,ENSG00000198862.14;ENST00000361371.10,0.1452932802,0.0354645355,60,isoform,1.0,True,0.1452932802388495,True
ENST00000361138.7,ENSG00000198887.9,SMC5,protein_coding,SMC5-201,protein_coding,ENSP00000354957.5,ENSG00000198887.9;ENST00000361138.7,0.139501188,0.023976024,60,isoform,1.0,True,0.1395011880327161,True
ENST00000361582.8,ENSG00000198919.13,DZIP3,protein_coding,DZIP3-201,protein_coding,ENSP00000355028.3,ENSG00000198919.13;ENST00000361582.8,0.113310794,0.0494505495,60,isoform,1.0,True,0.1133107940277077,True
ENST00000396398.8,ENSG00000198951.12,NAGA,protein_coding,NAGA-201,protein_coding,ENSP00000379680.3,ENSG00000198951.12;ENST00000396398.8,-0.1148109636,0.023976024,60,isoform,1.0,True,-0.1148109635649797,True
ENST00000361813.5,ENSG00000198952.8,SMG5,protein_coding,SMG5-201,protein_coding,ENSP00000355261.5,ENSG00000198952.8;ENST00000361813.5,0.143645799,0.0054945055,60,isoform,1.0,True,0.1436457990339857,True
ENST00000464757.1,ENSG00000203667.10,COX20,protein_coding,COX20-204,retained_intron,,ENSG00000203667.10;ENST00000464757.1,-0.120551066,0.0054945055,60,isoform,1.0,True,-0.1205510659930739,True
ENST00000371417.3,ENSG00000203993.6,ARRDC1-AS1,lncRNA,ARRDC1-AS1-201,lncRNA,,ENSG00000203993.6;ENST00000371417.3,0.1506825043,0.004995005,60,isoform,1.0,True,0.1506825043499706,True
ENST00000373504.10,ENSG00000204116.11,CHIC1,protein_coding,CHIC1-202,protein_coding,ENSP00000362603.5,ENSG00000204116.11;ENST00000373504.10,-0.1853695018,0.047952048,60,isoform,1.0,True,-0.1853695018226985,True
ENST00000498407.5,ENSG00000204116.11,CHIC1,protein_coding,CHIC1-204,nonsense_mediated_decay,ENSP00000432985.1,ENSG00000204116.11;ENST00000498407.5,0.1884557933,0.046953047,60,isoform,1.0,True,0.1884557933116133,True
ENST00000456491.5,ENSG00000204120.15,GIGYF2,protein_coding,GIGYF2-223,protein_coding,ENSP00000413612.1,ENSG00000204120.15;ENST00000456491.5,0.1134217356,0.0124875125,60,isoform,1.0,True,0.1134217356318159,True
ENST00000478381.5,ENSG00000204152.13,TIMM23B,protein_coding,TIMM23B-201,nonsense_mediated_decay,ENSP00000502398.1,ENSG00000204152.13;ENST00000478381.5,0.2612903488,0.0084915085,60,isoform,1.0,True,0.261290348784794,True
ENST00000374343.5,ENSG00000204178.11,MACO1,protein_coding,MACO1-201,protein_coding,ENSP00000363463.4,ENSG00000204178.11;ENST00000374343.5,-0.1101202296,0.0274725275,60,isoform,1.0,True,-0.1101202295654634,True
ENST00000647928.1,ENSG00000204178.11,MACO1,protein_coding,MACO1-204,nonsense_mediated_decay,ENSP00000497738.1,ENSG00000204178.11;ENST00000647928.1,0.1209895143,0.023976024,60,isoform,1.0,True,0.1209895142628015,True
ENST00000374580.10,ENSG00000204217.15,BMPR2,protein_coding,BMPR2-202,protein_coding,ENSP00000363708.4,ENSG00000204217.15;ENST00000374580.10,-0.2944519118,0.0084915085,60,isoform,1.0,True,-0.2944519118244853,True
ENST00000638587.1,ENSG00000204217.15,BMPR2,protein_coding,BMPR2-204,protein_coding,ENSP00000491062.1,ENSG00000204217.15;ENST00000638587.1,0.2709217019,0.0124875125,60,isoform,1.0,True,0.2709217018837377,True
ENST00000375050.6,ENSG00000204304.12,PBX2,protein_coding,PBX2-201,protein_coding,ENSP00000364190.3,ENSG00000204304.12;ENST00000375050.6,0.1163211521,0.010989011,60,isoform,1.0,True,0.1163211520716981,True
ENST00000375150.6,ENSG00000204314.12,PRRT1,protein_coding,PRRT1-202,protein_coding,ENSP00000364292.2,ENSG00000204314.12;ENST00000375150.6,0.1451276461,0.014985015,60,isoform,1.0,True,0.1451276461385121,True
ENST00000487013.1,ENSG00000204396.11,VWA7,protein_coding,VWA7-204,processed_transcript,,ENSG00000204396.11;ENST00000487013.1,0.1746263977,0.032967033,60,isoform,1.0,True,0.174626397741682,True
ENST00000463144.5,ENSG00000204410.16,MSH5,protein_coding,MSH5-211,nonsense_mediated_decay,ENSP00000419648.1,ENSG00000204410.16;ENST00000463144.5,0.1244941821,0.0154845155,60,isoform,1.0,True,0.1244941821339613,True
ENST00000376511.7,ENSG00000204569.10,PPP1R10,protein_coding,PPP1R10-201,protein_coding,ENSP00000365694.2,ENSG00000204569.10;ENST00000376511.7,-0.1230098675,0.007992008,60,isoform,1.0,True,-0.1230098674721645,True
ENST00000473954.1,ENSG00000204569.10,PPP1R10,protein_coding,PPP1R10-204,processed_transcript,,ENSG00000204569.10;ENST00000473954.1,0.1300043208,0.006993007,60,isoform,1.0,True,0.130004320822027,True
ENST00000458516.5,ENSG00000204599.14,TRIM39,protein_coding,TRIM39-211,protein_coding,ENSP00000405928.1,ENSG00000204599.14;ENST00000458516.5,0.1796394716,0.0094905095,60,isoform,1.0,True,0.1796394715667839,True
ENST00000377012.8,ENSG00000204681.11,GABBR1,protein_coding,GABBR1-203,protein_coding,ENSP00000366211.4,ENSG00000204681.11;ENST00000377012.8,-0.1048766212,0.048951049,60,isoform,1.0,True,-0.1048766211568447,True
ENST00000472823.5,ENSG00000204681.11,GABBR1,protein_coding,GABBR1-208,nonsense_mediated_decay,ENSP00000419356.1,ENSG00000204681.11;ENST00000472823.5,0.1526324206,0.021978022,60,isoform,1.0,True,0.1526324206364325,True
ENST00000446816.1,ENSG00000204685.7,STARD7-AS1,lncRNA,STARD7-AS1-202,lncRNA,,ENSG00000204685.7;ENST00000446816.1,0.2019915822,0.0384615385,60,isoform,1.0,True,0.2019915822378962,True
ENST00000482777.5,ENSG00000204842.18,ATXN2,protein_coding,ATXN2-208,retained_intron,,ENSG00000204842.18;ENST00000482777.5,-0.1021042637,0.0194805195,60,isoform,1.0,True,-0.1021042637203844,True
ENST00000466941.1,ENSG00000204859.13,ZBTB48,protein_coding,ZBTB48-205,retained_intron,,ENSG00000204859.13;ENST00000466941.1,-0.1410667664,0.0104895105,60,isoform,1.0,True,-0.1410667663665928,True
ENST00000378509.9,ENSG00000205060.11,SLC35B4,protein_coding,SLC35B4-201,protein_coding,ENSP00000367770.4,ENSG00000205060.11;ENST00000378509.9,-0.3149970809,0.0,60,isoform,0.0,True,-0.3149970808604534,True
ENST00000466599.1,ENSG00000205060.11,SLC35B4,protein_coding,SLC35B4-203,processed_transcript,,ENSG00000205060.11;ENST00000466599.1,0.214574886,0.001998002,60,isoform,1.0,True,0.2145748859815795,True
ENST00000569647.1,ENSG00000205423.11,CNEP1R1,protein_coding,CNEP1R1-211,processed_transcript,,ENSG00000205423.11;ENST00000569647.1,0.1902604912,0.00999001,60,isoform,1.0,True,0.1902604912139694,True
ENST00000555028.6,ENSG00000205659.11,LIN52,protein_coding,LIN52-205,protein_coding,ENSP00000451812.2,ENSG00000205659.11;ENST00000555028.6,0.186697149,0.026973027,60,isoform,1.0,True,0.1866971490251815,True
ENST00000674221.1,ENSG00000205659.11,LIN52,protein_coding,LIN52-206,protein_coding,ENSP00000501511.1,ENSG00000205659.11;ENST00000674221.1,-0.2243019727,0.016983017,60,isoform,1.0,True,-0.2243019726587052,True
ENST00000382252.6,ENSG00000205903.7,ZNF316,protein_coding,ZNF316-201,protein_coding,ENSP00000477706.1,ENSG00000205903.7;ENST00000382252.6,0.1112198907,0.031968032,60,isoform,1.0,True,0.1112198906836426,True
ENST00000614588.1,ENSG00000205903.7,ZNF316,protein_coding,ZNF316-203,retained_intron,,ENSG00000205903.7;ENST00000614588.1,-0.1112198907,0.031968032,60,isoform,1.0,True,-0.1112198906836426,True
ENST00000248098.8,ENSG00000206053.13,JPT2,protein_coding,JPT2-201,protein_coding,ENSP00000248098.3,ENSG00000206053.13;ENST00000248098.8,-0.1792792421,0.000999001,60,isoform,1.0,True,-0.1792792420957157,True
ENST00000566742.5,ENSG00000206053.13,JPT2,protein_coding,JPT2-209,protein_coding,ENSP00000454567.1,ENSG00000206053.13;ENST00000566742.5,0.121842393,0.0034965035,60,isoform,1.0,True,0.1218423930285205,True
ENST00000569226.1,ENSG00000206149.10,HERC2P9,transcribed_unprocessed_pseudogene,HERC2P9-208,retained_intron,,ENSG00000206149.10;ENST00000569226.1,-0.107550151,0.0214785215,60,isoform,1.0,True,-0.1075501510183897,True
ENST00000389061.10,ENSG00000211456.13,SACM1L,protein_coding,SACM1L-201,protein_coding,ENSP00000373713.4,ENSG00000211456.13;ENST00000389061.10,0.1138745744,0.0114885115,60,isoform,1.0,True,0.1138745743968661,True
ENST00000653508.1,ENSG00000212719.13,LINC02693,lncRNA,LINC02693-213,lncRNA,,ENSG00000212719.13;ENST00000653508.1,0.1895705545,0.0104895105,60,isoform,1.0,True,0.1895705545226274,True
ENST00000325333.10,ENSG00000213015.9,ZNF580,protein_coding,ZNF580-201,protein_coding,ENSP00000320050.4,ENSG00000213015.9;ENST00000325333.10,0.1586520864,0.002997003,60,isoform,1.0,True,0.1586520864434356,True
ENST00000543039.2,ENSG00000213015.9,ZNF580,protein_coding,ZNF580-202,protein_coding,ENSP00000443957.1,ENSG00000213015.9;ENST00000543039.2,-0.1452595889,0.002997003,60,isoform,1.0,True,-0.1452595888996504,True
ENST00000599798.1,ENSG00000213020.10,ZNF611,protein_coding,ZNF611-213,processed_transcript,,ENSG00000213020.10;ENST00000599798.1,-0.2918658205,0.018981019,60,isoform,1.0,True,-0.2918658205018421,True
ENST00000271375.7,ENSG00000213064.10,SFT2D2,protein_coding,SFT2D2-201,protein_coding,ENSP00000271375.3,ENSG00000213064.10;ENST00000271375.7,-0.3560302601,0.003996004,60,isoform,1.0,True,-0.3560302601331081,True
ENST00000630869.1,ENSG00000213064.10,SFT2D2,protein_coding,SFT2D2-204,protein_coding,ENSP00000486492.1,ENSG00000213064.10;ENST00000630869.1,0.3148567102,0.0064935065,60,isoform,1.0,True,0.3148567101595938,True
ENST00000349556.4,ENSG00000213066.13,CEP43,protein_coding,CEP43-201,protein_coding,ENSP00000230248.6,ENSG00000213066.13;ENST00000349556.4,0.127474002,0.0284715285,60,isoform,1.0,True,0.1274740019824793,True
ENST00000339642.10,ENSG00000213096.11,ZNF254,protein_coding,ZNF254-201,protein_coding,ENSP00000341573.6,ENSG00000213096.11;ENST00000339642.10,0.2175651207,0.006993007,60,isoform,1.0,True,0.2175651206778869,True
ENST00000357002.5,ENSG00000213096.11,ZNF254,protein_coding,ZNF254-202,protein_coding,ENSP00000349494.3,ENSG00000213096.11;ENST00000357002.5,-0.2320718973,0.0054945055,60,isoform,1.0,True,-0.2320718973102586,True
ENST00000503782.1,ENSG00000213347.10,MXD3,protein_coding,MXD3-206,retained_intron,,ENSG00000213347.10;ENST00000503782.1,-0.1021923232,0.0104895105,60,isoform,1.0,True,-0.1021923232327901,True
ENST00000486702.1,ENSG00000213420.8,GPC2,protein_coding,GPC2-204,retained_intron,,ENSG00000213420.8;ENST00000486702.1,-0.1036249628,0.038961039,60,isoform,1.0,True,-0.1036249628324302,True
ENST00000256366.6,ENSG00000213463.5,SYNJ2BP,protein_coding,SYNJ2BP-201,protein_coding,ENSP00000256366.4,ENSG00000213463.5;ENST00000256366.6,-0.1135915848,0.027972028,60,isoform,1.0,True,-0.1135915847931217,True
ENST00000554216.1,ENSG00000213463.5,SYNJ2BP,protein_coding,SYNJ2BP-202,processed_transcript,,ENSG00000213463.5;ENST00000554216.1,0.1135915848,0.027972028,60,isoform,1.0,True,0.1135915847931216,True
ENST00000652648.1,ENSG00000213516.10,RBMXL1,protein_coding,RBMXL1-204,protein_coding,ENSP00000498248.1,ENSG00000213516.10;ENST00000652648.1,0.1694676912,0.037962038,60,isoform,1.0,True,0.1694676912439359,True
ENST00000482155.1,ENSG00000213533.13,STIMATE,protein_coding,STIMATE-205,protein_coding,ENSP00000418967.1,ENSG00000213533.13;ENST00000482155.1,-0.1201218134,0.0304695305,60,isoform,1.0,True,-0.1201218133907778,True
ENST00000313956.4,ENSG00000213801.4,ZNF321P,transcribed_processed_pseudogene,ZNF321P-201,processed_transcript,,ENSG00000213801.4;ENST00000313956.4,-0.6813697422,0.0,60,isoform,0.0,True,-0.681369742189579,True
ENST00000550843.1,ENSG00000213801.4,ZNF321P,transcribed_processed_pseudogene,ZNF321P-202,transcribed_processed_pseudogene,,ENSG00000213801.4;ENST00000550843.1,0.6813697422,0.0,60,isoform,0.0,True,0.6813697421895789,True
ENST00000396789.4,ENSG00000213903.9,LTB4R,protein_coding,LTB4R-203,protein_coding,ENSP00000380008.4,ENSG00000213903.9;ENST00000396789.4,-0.1459889285,0.0214785215,60,isoform,1.0,True,-0.1459889284726726,True
ENST00000580919.5,ENSG00000214176.9,PLEKHM1P1,transcribed_unprocessed_pseudogene,PLEKHM1P1-203,processed_transcript,,ENSG00000214176.9;ENST00000580919.5,-0.219004242,0.0284715285,60,isoform,1.0,True,-0.2190042419666115,True
ENST00000584585.1,ENSG00000214176.9,PLEKHM1P1,transcribed_unprocessed_pseudogene,PLEKHM1P1-206,processed_transcript,,ENSG00000214176.9;ENST00000584585.1,0.2112964067,0.028971029,60,isoform,1.0,True,0.2112964067393078,True
ENST00000397764.8,ENSG00000214194.9,SMIM30,protein_coding,SMIM30-201,protein_coding,ENSP00000490095.1,ENSG00000214194.9;ENST00000397764.8,0.1393303827,0.004995005,60,isoform,1.0,True,0.1393303826825873,True
ENST00000398075.4,ENSG00000214309.5,MBLAC1,protein_coding,MBLAC1-201,protein_coding,ENSP00000381150.2,ENSG00000214309.5;ENST00000398075.4,0.2281144754,0.015984016,60,isoform,1.0,True,0.2281144754357962,True
ENST00000421390.1,ENSG00000214309.5,MBLAC1,protein_coding,MBLAC1-202,protein_coding,ENSP00000406055.1,ENSG00000214309.5;ENST00000421390.1,-0.2281144754,0.015984016,60,isoform,1.0,True,-0.2281144754357961,True
ENST00000443786.2,ENSG00000214367.8,HAUS3,protein_coding,HAUS3-202,protein_coding,ENSP00000392903.2,ENSG00000214367.8;ENST00000443786.2,0.1156302264,0.020979021,60,isoform,1.0,True,0.115630226350586,True
ENST00000605742.5,ENSG00000214413.9,BBIP1,protein_coding,BBIP1-210,protein_coding,ENSP00000474675.1,ENSG00000214413.9;ENST00000605742.5,-0.1120143336,0.0214785215,60,isoform,1.0,True,-0.1120143336340384,True
ENST00000543304.5,ENSG00000214530.9,STARD10,protein_coding,STARD10-218,protein_coding,ENSP00000438792.1,ENSG00000214530.9;ENST00000543304.5,0.1032722797,0.0354645355,60,isoform,1.0,True,0.1032722796765257,True
ENST00000466608.2,ENSG00000214595.12,EML6,protein_coding,EML6-202,processed_transcript,,ENSG00000214595.12;ENST00000466608.2,0.2301248496,0.027972028,60,isoform,1.0,True,0.2301248495964047,True
ENST00000515319.6_PAR_Y,ENSG00000214717.12_PAR_Y,ZBED1,protein_coding,ZBED1-205,processed_transcript,,ENSG00000214717.12_PAR_Y;ENST00000515319.6_PAR_Y,-0.1330835321,0.011988012,60,isoform,1.0,True,-0.1330835321427032,True
ENST00000338231.7,ENSG00000214765.8,SEPTIN7P2,transcribed_unprocessed_pseudogene,SEPTIN7P2-201,processed_transcript,,ENSG00000214765.8;ENST00000338231.7,0.1066621789,0.0254745255,60,isoform,1.0,True,0.1066621788923782,True
ENST00000413875.5,ENSG00000214765.8,SEPTIN7P2,transcribed_unprocessed_pseudogene,SEPTIN7P2-204,retained_intron,,ENSG00000214765.8;ENST00000413875.5,-0.1470240996,0.0124875125,60,isoform,1.0,True,-0.1470240995894767,True
ENST00000430114.1,ENSG00000214796.8,TUBAP5,transcribed_unprocessed_pseudogene,TUBAP5-201,processed_transcript,,ENSG00000214796.8;ENST00000430114.1,0.1492395823,0.0354645355,60,isoform,1.0,True,0.1492395822655896,True
ENST00000416337.1,ENSG00000215012.9,RTL10,protein_coding,RTL10-204,protein_coding,ENSP00000392994.1,ENSG00000215012.9;ENST00000416337.1,0.1103748921,0.026973027,60,isoform,1.0,True,0.1103748920888513,True
ENST00000447687.2,ENSG00000215039.7,CD27-AS1,lncRNA,CD27-AS1-203,retained_intron,,ENSG00000215039.7;ENST00000447687.2,-0.5489436447,0.0004995005,60,isoform,1.0,True,-0.5489436447033188,True
ENST00000504270.2,ENSG00000215039.7,CD27-AS1,lncRNA,CD27-AS1-204,retained_intron,,ENSG00000215039.7;ENST00000504270.2,0.576777068,0.0004995005,60,isoform,1.0,True,0.5767770680164356,True
ENST00000399598.7,ENSG00000215114.10,UBXN2B,protein_coding,UBXN2B-201,protein_coding,ENSP00000382507.2,ENSG00000215114.10;ENST00000399598.7,-0.1806702659,0.0074925075,60,isoform,1.0,True,-0.1806702659147779,True
ENST00000521796.1,ENSG00000215114.10,UBXN2B,protein_coding,UBXN2B-203,protein_coding,ENSP00000428241.1,ENSG00000215114.10;ENST00000521796.1,0.1210612046,0.0214785215,60,isoform,1.0,True,0.1210612046489563,True
ENST00000380445.8,ENSG00000215305.10,VPS16,protein_coding,VPS16-202,protein_coding,ENSP00000369810.3,ENSG00000215305.10;ENST00000380445.8,0.1430564631,0.007992008,60,isoform,1.0,True,0.1430564630609668,True
ENST00000445461.7,ENSG00000215386.13,MIR99AHG,lncRNA,MIR99AHG-208,lncRNA,,ENSG00000215386.13;ENST00000445461.7,0.1390808789,0.0494505495,60,isoform,1.0,True,0.1390808788713635,True
ENST00000664987.1,ENSG00000215417.13,MIR17HG,lncRNA,MIR17HG-205,lncRNA,,ENSG00000215417.13;ENST00000664987.1,0.101781211,0.0454545455,60,isoform,1.0,True,0.1017812110049359,True
ENST00000400946.3,ENSG00000215808.4,LINC01139,lncRNA,LINC01139-201,lncRNA,,ENSG00000215808.4;ENST00000400946.3,0.3144003854,0.012987013,60,isoform,1.0,True,0.3144003854126266,True
ENST00000469539.1,ENSG00000216895.9,AC009403.1,lncRNA,AC009403.1-204,lncRNA,,ENSG00000216895.9;ENST00000469539.1,-0.1177455181,0.0274725275,60,isoform,1.0,True,-0.1177455180851539,True
ENST00000307968.11,ENSG00000217128.12,FNIP1,protein_coding,FNIP1-202,protein_coding,ENSP00000309266.7,ENSG00000217128.12;ENST00000307968.11,-0.1205806698,0.031968032,60,isoform,1.0,True,-0.1205806698456636,True
ENST00000510461.6,ENSG00000217128.12,FNIP1,protein_coding,FNIP1-203,protein_coding,ENSP00000421985.1,ENSG00000217128.12;ENST00000510461.6,-0.4667743544,0.0004995005,60,isoform,1.0,True,-0.4667743543931254,True
ENST00000623690.1,ENSG00000217128.12,FNIP1,protein_coding,FNIP1-206,TEC,,ENSG00000217128.12;ENST00000623690.1,0.5886092592,0.0,60,isoform,0.0,True,0.5886092591801162,True
ENST00000403903.7,ENSG00000220201.7,ZGLP1,protein_coding,ZGLP1-202,protein_coding,ENSP00000384434.3,ENSG00000220201.7;ENST00000403903.7,-0.1920994653,0.0424575425,60,isoform,1.0,True,-0.1920994652834653,True
ENST00000316509.11,ENSG00000220205.9,VAMP2,protein_coding,VAMP2-201,protein_coding,ENSP00000314214.6,ENSG00000220205.9;ENST00000316509.11,0.1831970496,0.002997003,60,isoform,1.0,True,0.1831970495649487,True
ENST00000404970.3,ENSG00000220205.9,VAMP2,protein_coding,VAMP2-202,protein_coding,ENSP00000466995.1,ENSG00000220205.9;ENST00000404970.3,-0.1462192207,0.004995005,60,isoform,1.0,True,-0.1462192206790672,True
ENST00000413606.5,ENSG00000223745.8,CCDC18-AS1,lncRNA,CCDC18-AS1-202,lncRNA,,ENSG00000223745.8;ENST00000413606.5,-0.1357674649,0.0484515485,60,isoform,1.0,True,-0.1357674649395008,True
ENST00000668257.1,ENSG00000223745.8,CCDC18-AS1,lncRNA,CCDC18-AS1-230,lncRNA,,ENSG00000223745.8;ENST00000668257.1,0.1762728573,0.0334665335,60,isoform,1.0,True,0.1762728572641489,True
ENST00000659680.1,ENSG00000223749.11,MIR503HG,lncRNA,MIR503HG-207,lncRNA,,ENSG00000223749.11;ENST00000659680.1,-0.1112794589,0.04995005,60,isoform,1.0,True,-0.1112794588862688,True
ENST00000415212.1,ENSG00000223820.5,CFL1P1,transcribed_unprocessed_pseudogene,CFL1P1-201,processed_transcript,,ENSG00000223820.5;ENST00000415212.1,0.2248437129,0.018981019,60,isoform,1.0,True,0.224843712916351,True
ENST00000456375.1,ENSG00000223820.5,CFL1P1,transcribed_unprocessed_pseudogene,CFL1P1-204,processed_transcript,,ENSG00000223820.5;ENST00000456375.1,-0.3577869542,0.0054945055,60,isoform,1.0,True,-0.3577869542135686,True
ENST00000421842.1,ENSG00000224165.6,DNAJC27-AS1,lncRNA,DNAJC27-AS1-201,lncRNA,,ENSG00000224165.6;ENST00000421842.1,0.3518972937,0.0094905095,60,isoform,1.0,True,0.3518972936587968,True
ENST00000420195.1,ENSG00000224660.2,SH3BP5-AS1,lncRNA,SH3BP5-AS1-202,lncRNA,,ENSG00000224660.2;ENST00000420195.1,0.2390683904,0.0034965035,60,isoform,1.0,True,0.2390683904377179,True
ENST00000659956.1,ENSG00000224660.2,SH3BP5-AS1,lncRNA,SH3BP5-AS1-205,lncRNA,,ENSG00000224660.2;ENST00000659956.1,-0.1391032526,0.01998002,60,isoform,1.0,True,-0.1391032525770202,True
ENST00000400817.7,ENSG00000225151.10,GOLGA2P7,transcribed_unprocessed_pseudogene,GOLGA2P7-202,processed_transcript,,ENSG00000225151.10;ENST00000400817.7,0.1645769418,0.004995005,60,isoform,1.0,True,0.1645769417704468,True
ENST00000559668.5,ENSG00000225151.10,GOLGA2P7,transcribed_unprocessed_pseudogene,GOLGA2P7-207,processed_transcript,,ENSG00000225151.10;ENST00000559668.5,-0.1387825332,0.008991009,60,isoform,1.0,True,-0.1387825331812927,True
ENST00000428044.5,ENSG00000225177.6,AL590617.2,lncRNA,AL590617.2-202,lncRNA,,ENSG00000225177.6;ENST00000428044.5,-0.1979327016,0.031968032,60,isoform,1.0,True,-0.1979327016143636,True
ENST00000619210.1,ENSG00000225210.10,DUXAP9,transcribed_processed_pseudogene,DUXAP9-204,processed_transcript,,ENSG00000225210.10;ENST00000619210.1,-0.3575527209,0.001998002,60,isoform,1.0,True,-0.3575527208821067,True
ENST00000442637.2,ENSG00000225377.6,NRSN2-AS1,lncRNA,NRSN2-AS1-202,lncRNA,,ENSG00000225377.6;ENST00000442637.2,0.239348834,0.0184815185,60,isoform,1.0,True,0.2393488340044291,True
ENST00000416512.1,ENSG00000225828.1,FAM229A,protein_coding,FAM229A-202,retained_intron,,ENSG00000225828.1;ENST00000416512.1,-0.2689069919,0.0124875125,60,isoform,1.0,True,-0.2689069919235926,True
ENST00000432622.1,ENSG00000225828.1,FAM229A,protein_coding,FAM229A-204,protein_coding,ENSP00000455971.1,ENSG00000225828.1;ENST00000432622.1,0.275521725,0.0114885115,60,isoform,1.0,True,0.2755217249899241,True
ENST00000450199.1,ENSG00000225855.7,RUSC1-AS1,lncRNA,RUSC1-AS1-203,lncRNA,,ENSG00000225855.7;ENST00000450199.1,0.2206903752,0.010989011,60,isoform,1.0,True,0.2206903751845633,True
ENST00000543656.2,ENSG00000225855.7,RUSC1-AS1,lncRNA,RUSC1-AS1-204,lncRNA,,ENSG00000225855.7;ENST00000543656.2,-0.2228826555,0.010989011,60,isoform,1.0,True,-0.2228826554559239,True
ENST00000440790.6,ENSG00000226314.8,ZNF192P1,transcribed_unprocessed_pseudogene,ZNF192P1-201,processed_transcript,,ENSG00000226314.8;ENST00000440790.6,0.2313598935,0.046953047,60,isoform,1.0,True,0.2313598934650002,True
ENST00000416193.5,ENSG00000226419.8,SLC16A1-AS1,lncRNA,SLC16A1-AS1-202,lncRNA,,ENSG00000226419.8;ENST00000416193.5,0.2092967585,0.0084915085,60,isoform,1.0,True,0.2092967584525472,True
ENST00000654334.1,ENSG00000226419.8,SLC16A1-AS1,lncRNA,SLC16A1-AS1-208,lncRNA,,ENSG00000226419.8;ENST00000654334.1,-0.1454693086,0.0254745255,60,isoform,1.0,True,-0.1454693085611578,True
ENST00000402038.7,ENSG00000227345.8,PARG,protein_coding,PARG-201,protein_coding,ENSP00000384408.3,ENSG00000227345.8;ENST00000402038.7,-0.1017847838,0.027972028,60,isoform,1.0,True,-0.1017847838476959,True
ENST00000658963.1,ENSG00000227388.3,AL133410.1,lncRNA,AL133410.1-205,lncRNA,,ENSG00000227388.3;ENST00000658963.1,-0.2019267953,0.0444555445,60,isoform,1.0,True,-0.2019267953172286,True
ENST00000664125.1,ENSG00000227764.2,LINC01693,lncRNA,LINC01693-209,lncRNA,,ENSG00000227764.2;ENST00000664125.1,0.1693282684,0.018981019,60,isoform,1.0,True,0.1693282684090906,True
ENST00000415244.1,ENSG00000228109.1,MELTF-AS1,lncRNA,MELTF-AS1-202,lncRNA,,ENSG00000228109.1;ENST00000415244.1,-0.1188711928,0.0324675325,60,isoform,1.0,True,-0.1188711927574626,True
ENST00000422506.5,ENSG00000228315.12,GUSBP11,lncRNA,GUSBP11-202,lncRNA,,ENSG00000228315.12;ENST00000422506.5,-0.1783820792,0.0354645355,60,isoform,1.0,True,-0.178382079226986,True
ENST00000445682.2,ENSG00000228315.12,GUSBP11,lncRNA,GUSBP11-206,lncRNA,,ENSG00000228315.12;ENST00000445682.2,0.1573727022,0.0424575425,60,isoform,1.0,True,0.1573727022281337,True
ENST00000415611.8,ENSG00000228649.9,SNHG26,lncRNA,SNHG26-201,lncRNA,,ENSG00000228649.9;ENST00000415611.8,0.1350905447,0.015984016,60,isoform,1.0,True,0.1350905446702013,True
ENST00000657608.1,ENSG00000228649.9,SNHG26,lncRNA,SNHG26-206,lncRNA,,ENSG00000228649.9;ENST00000657608.1,0.1300542973,0.017982018,60,isoform,1.0,True,0.1300542972840156,True
ENST00000667557.1,ENSG00000228649.9,SNHG26,lncRNA,SNHG26-212,lncRNA,,ENSG00000228649.9;ENST00000667557.1,-0.2164423507,0.0024975025,60,isoform,1.0,True,-0.2164423507369766,True
ENST00000572991.5,ENSG00000228696.10,ARL17B,protein_coding,ARL17B-205,nonsense_mediated_decay,ENSP00000458681.1,ENSG00000228696.10;ENST00000572991.5,-0.1071984189,0.032967033,60,isoform,1.0,True,-0.1071984188928277,True
ENST00000415669.3,ENSG00000228727.9,SAPCD1,protein_coding,SAPCD1-208,protein_coding,ENSP00000411948.2,ENSG00000228727.9;ENST00000415669.3,0.6319472013,0.0004995005,60,isoform,1.0,True,0.6319472012611225,True
ENST00000494299.1,ENSG00000228727.9,SAPCD1,protein_coding,SAPCD1-210,retained_intron,,ENSG00000228727.9;ENST00000494299.1,-0.6319472013,0.0004995005,60,isoform,1.0,True,-0.6319472012611225,True
ENST00000660500.1,ENSG00000229043.3,AC091729.3,lncRNA,AC091729.3-202,lncRNA,,ENSG00000229043.3;ENST00000660500.1,-0.1379237814,0.020979021,60,isoform,1.0,True,-0.1379237813673486,True
ENST00000639153.1,ENSG00000229180.7,AC006001.3,transcribed_unprocessed_pseudogene,AC006001.3-207,processed_transcript,,ENSG00000229180.7;ENST00000639153.1,0.121525143,0.0154845155,60,isoform,1.0,True,0.1215251429942091,True
ENST00000429962.1,ENSG00000230513.2,THAP7-AS1,lncRNA,THAP7-AS1-201,lncRNA,,ENSG00000230513.2;ENST00000429962.1,0.1547226685,0.0194805195,60,isoform,1.0,True,0.1547226685394089,True
ENST00000642830.1,ENSG00000230533.4,AL356234.2,lncRNA,AL356234.2-201,lncRNA,,ENSG00000230533.4;ENST00000642830.1,0.4504663944,0.0014985015,60,isoform,1.0,True,0.4504663944117505,True
ENST00000671417.1,ENSG00000230533.4,AL356234.2,lncRNA,AL356234.2-206,lncRNA,,ENSG00000230533.4;ENST00000671417.1,-0.5338388343,0.000999001,60,isoform,1.0,True,-0.5338388342687231,True
ENST00000454269.6,ENSG00000231074.9,HCG18,lncRNA,HCG18-240,lncRNA,,ENSG00000231074.9;ENST00000454269.6,0.1030721295,0.0254745255,60,isoform,1.0,True,0.1030721294775818,True
ENST00000377542.3,ENSG00000231527.7,FAM27C,lncRNA,FAM27C-201,lncRNA,,ENSG00000231527.7;ENST00000377542.3,0.1519113827,0.0444555445,60,isoform,1.0,True,0.1519113827073271,True
ENST00000449579.2,ENSG00000231607.12,DLEU2,lncRNA,DLEU2-206,lncRNA,,ENSG00000231607.12;ENST00000449579.2,0.297676058,0.002997003,60,isoform,1.0,True,0.2976760580138358,True
ENST00000458725.6,ENSG00000231607.12,DLEU2,lncRNA,DLEU2-207,lncRNA,,ENSG00000231607.12;ENST00000458725.6,-0.1246922263,0.0304695305,60,isoform,1.0,True,-0.1246922262622862,True
ENST00000665536.1,ENSG00000231742.6,LINC01273,lncRNA,LINC01273-206,lncRNA,,ENSG00000231742.6;ENST00000665536.1,-0.1270710944,0.028971029,60,isoform,1.0,True,-0.1270710943500904,True
ENST00000447795.3,ENSG00000232671.6,ZNF687-AS1,lncRNA,ZNF687-AS1-201,lncRNA,,ENSG00000232671.6;ENST00000447795.3,0.5814803898,0.0024975025,60,isoform,1.0,True,0.581480389817529,True
ENST00000660511.1,ENSG00000232671.6,ZNF687-AS1,lncRNA,ZNF687-AS1-203,lncRNA,,ENSG00000232671.6;ENST00000660511.1,-0.6012526728,0.0024975025,60,isoform,1.0,True,-0.6012526727890727,True
ENST00000379102.8,ENSG00000232859.10,LYRM9,protein_coding,LYRM9-201,protein_coding,ENSP00000368396.3,ENSG00000232859.10;ENST00000379102.8,0.1367714323,0.043956044,60,isoform,1.0,True,0.1367714322900857,True
ENST00000578968.5,ENSG00000232956.9,SNHG15,lncRNA,SNHG15-203,lncRNA,,ENSG00000232956.9;ENST00000578968.5,0.1259642611,0.0014985015,60,isoform,1.0,True,0.1259642610899642,True
ENST00000657397.1,ENSG00000232973.13,CYP1B1-AS1,lncRNA,CYP1B1-AS1-238,lncRNA,,ENSG00000232973.13;ENST00000657397.1,0.2521397302,0.027972028,60,isoform,1.0,True,0.2521397301600589,True
ENST00000453876.1,ENSG00000233006.8,MIR3936HG,lncRNA,MIR3936HG-201,retained_intron,,ENSG00000233006.8;ENST00000453876.1,-0.1277655478,0.015984016,60,isoform,1.0,True,-0.1277655478049562,True
ENST00000457998.2,ENSG00000233006.8,MIR3936HG,lncRNA,MIR3936HG-202,lncRNA,,ENSG00000233006.8;ENST00000457998.2,0.1820536927,0.0054945055,60,isoform,1.0,True,0.1820536927430046,True
ENST00000625013.2,ENSG00000233237.8,LINC00472,lncRNA,LINC00472-207,lncRNA,,ENSG00000233237.8;ENST00000625013.2,-0.1206906516,0.0474525475,60,isoform,1.0,True,-0.1206906515581411,True
ENST00000425358.2,ENSG00000233429.9,HOTAIRM1,lncRNA,HOTAIRM1-201,lncRNA,,ENSG00000233429.9;ENST00000425358.2,0.1408462225,0.008991009,60,isoform,1.0,True,0.1408462225036693,True
ENST00000428939.3,ENSG00000233429.9,HOTAIRM1,lncRNA,HOTAIRM1-202,lncRNA,,ENSG00000233429.9;ENST00000428939.3,-0.1070777937,0.0174825175,60,isoform,1.0,True,-0.1070777937207777,True
ENST00000667843.1,ENSG00000233461.6,AL445524.1,lncRNA,AL445524.1-210,lncRNA,,ENSG00000233461.6;ENST00000667843.1,0.1482371698,0.0124875125,60,isoform,1.0,True,0.1482371697790664,True
ENST00000506340.2,ENSG00000233937.7,CTC-338M12.4,lncRNA,CTC-338M12.4-203,lncRNA,,ENSG00000233937.7;ENST00000506340.2,0.2436421724,0.000999001,60,isoform,1.0,True,0.2436421723575924,True
ENST00000599439.2,ENSG00000233937.7,CTC-338M12.4,lncRNA,CTC-338M12.4-205,retained_intron,,ENSG00000233937.7;ENST00000599439.2,-0.1302277907,0.011988012,60,isoform,1.0,True,-0.1302277906824147,True
ENST00000453195.5,ENSG00000234127.9,TRIM26,protein_coding,TRIM26-267,protein_coding,ENSP00000391879.1,ENSG00000234127.9;ENST00000453195.5,-0.1102836699,0.010989011,60,isoform,1.0,True,-0.110283669912133,True
ENST00000419314.5,ENSG00000234585.6,CCT6P3,transcribed_unprocessed_pseudogene,CCT6P3-201,retained_intron,,ENSG00000234585.6;ENST00000419314.5,-0.1864659744,0.047952048,60,isoform,1.0,True,-0.1864659743647558,True
ENST00000426828.5,ENSG00000234585.6,CCT6P3,transcribed_unprocessed_pseudogene,CCT6P3-202,processed_transcript,,ENSG00000234585.6;ENST00000426828.5,0.203833129,0.0414585415,60,isoform,1.0,True,0.2038331290374336,True
ENST00000612905.2,ENSG00000234616.9,JRK,protein_coding,JRK-209,protein_coding,ENSP00000482410.1,ENSG00000234616.9;ENST00000612905.2,-0.3039546999,0.0024975025,60,isoform,1.0,True,-0.3039546998611206,True
ENST00000615982.4,ENSG00000234616.9,JRK,protein_coding,JRK-211,protein_coding,ENSP00000483808.1,ENSG00000234616.9;ENST00000615982.4,0.1446741337,0.0304695305,60,isoform,1.0,True,0.1446741336735404,True
ENST00000665859.1,ENSG00000234684.7,SDCBP2-AS1,lncRNA,SDCBP2-AS1-208,lncRNA,,ENSG00000234684.7;ENST00000665859.1,0.2988536098,0.0064935065,60,isoform,1.0,True,0.2988536098152761,True
ENST00000533266.5,ENSG00000235173.7,HGH1,protein_coding,HGH1-205,nonsense_mediated_decay,ENSP00000431970.1,ENSG00000235173.7;ENST00000533266.5,0.1142069356,0.0274725275,60,isoform,1.0,True,0.1142069355713169,True
ENST00000609143.6,ENSG00000235437.8,LINC01278,lncRNA,LINC01278-204,lncRNA,,ENSG00000235437.8;ENST00000609143.6,-0.1528878583,0.0084915085,60,isoform,1.0,True,-0.152887858288537,True
ENST00000669422.1,ENSG00000235437.8,LINC01278,lncRNA,LINC01278-232,lncRNA,,ENSG00000235437.8;ENST00000669422.1,0.1940128,0.004995005,60,isoform,1.0,True,0.1940127999728119,True
ENST00000451672.2,ENSG00000235453.10,SMIM27,protein_coding,SMIM27-203,protein_coding,ENSP00000414891.2,ENSG00000235453.10;ENST00000451672.2,-0.1104104633,0.0194805195,60,isoform,1.0,True,-0.110410463263676,True
ENST00000419737.7_PAR_Y,ENSG00000236017.8_PAR_Y,ASMTL-AS1,lncRNA,ASMTL-AS1-201,lncRNA,,ENSG00000236017.8_PAR_Y;ENST00000419737.7_PAR_Y,0.2435782128,0.012987013,60,isoform,1.0,True,0.2435782128194807,True
ENST00000661551.1,ENSG00000236088.10,COX10-AS1,lncRNA,COX10-AS1-216,lncRNA,,ENSG00000236088.10;ENST00000661551.1,-0.1561724393,0.0344655345,60,isoform,1.0,True,-0.1561724393063132,True
ENST00000588286.1,ENSG00000236144.8,TMEM147-AS1,lncRNA,TMEM147-AS1-202,lncRNA,,ENSG00000236144.8;ENST00000588286.1,-0.3129834121,0.001998002,60,isoform,1.0,True,-0.3129834121194044,True
ENST00000590717.2,ENSG00000236144.8,TMEM147-AS1,lncRNA,TMEM147-AS1-205,lncRNA,,ENSG00000236144.8;ENST00000590717.2,0.1831660945,0.010989011,60,isoform,1.0,True,0.1831660945451967,True
ENST00000418149.1,ENSG00000236200.6,KDM4A-AS1,lncRNA,KDM4A-AS1-202,lncRNA,,ENSG00000236200.6;ENST00000418149.1,0.4054936598,0.0004995005,60,isoform,1.0,True,0.4054936598330501,True
ENST00000439057.5,ENSG00000236200.6,KDM4A-AS1,lncRNA,KDM4A-AS1-204,lncRNA,,ENSG00000236200.6;ENST00000439057.5,-0.3773489081,0.0004995005,60,isoform,1.0,True,-0.377348908130804,True
ENST00000659644.1,ENSG00000236200.6,KDM4A-AS1,lncRNA,KDM4A-AS1-206,lncRNA,,ENSG00000236200.6;ENST00000659644.1,-0.159517218,0.0334665335,60,isoform,1.0,True,-0.1595172179974646,True
ENST00000446884.2,ENSG00000236751.2,LINC01186,lncRNA,LINC01186-201,lncRNA,,ENSG00000236751.2;ENST00000446884.2,0.1370652599,0.0444555445,60,isoform,1.0,True,0.1370652599021679,True
ENST00000670979.1,ENSG00000236751.2,LINC01186,lncRNA,LINC01186-205,lncRNA,,ENSG00000236751.2;ENST00000670979.1,-0.1718056251,0.0304695305,60,isoform,1.0,True,-0.1718056250821003,True
ENST00000666303.1,ENSG00000236830.7,CBR3-AS1,lncRNA,CBR3-AS1-224,lncRNA,,ENSG00000236830.7;ENST00000666303.1,0.1986747215,0.040959041,60,isoform,1.0,True,0.1986747214631095,True
ENST00000607166.1,ENSG00000237036.5,ZEB1-AS1,lncRNA,ZEB1-AS1-208,lncRNA,,ENSG00000237036.5;ENST00000607166.1,-0.2070732877,0.008991009,60,isoform,1.0,True,-0.2070732877200323,True
ENST00000599771.6,ENSG00000237094.12,AL732372.2,transcribed_unprocessed_pseudogene,AL732372.2-214,processed_transcript,,ENSG00000237094.12;ENST00000599771.6,0.166730089,0.027972028,60,isoform,1.0,True,0.1667300889883172,True
ENST00000641049.1,ENSG00000237094.12,AL732372.2,transcribed_unprocessed_pseudogene,AL732372.2-224,processed_transcript,,ENSG00000237094.12;ENST00000641049.1,-0.2280852814,0.0144855145,60,isoform,1.0,True,-0.2280852814145545,True
ENST00000507963.5,ENSG00000237187.9,NR2F1-AS1,lncRNA,NR2F1-AS1-203,lncRNA,,ENSG00000237187.9;ENST00000507963.5,0.1120262038,0.047952048,60,isoform,1.0,True,0.1120262037568559,True
ENST00000604956.1,ENSG00000237298.10,TTN-AS1,lncRNA,TTN-AS1-252,lncRNA,,ENSG00000237298.10;ENST00000604956.1,-0.1432958737,0.0344655345,60,isoform,1.0,True,-0.1432958736929855,True
ENST00000666724.1,ENSG00000237310.2,GS1-124K5.4,lncRNA,GS1-124K5.4-204,lncRNA,,ENSG00000237310.2;ENST00000666724.1,0.105898733,0.031968032,60,isoform,1.0,True,0.1058987329784711,True
ENST00000440578.1,ENSG00000237499.7,WAKMAR2,lncRNA,WAKMAR2-202,lncRNA,,ENSG00000237499.7;ENST00000440578.1,0.2617099118,0.0154845155,60,isoform,1.0,True,0.2617099117958316,True
ENST00000448942.5,ENSG00000237499.7,WAKMAR2,lncRNA,WAKMAR2-203,lncRNA,,ENSG00000237499.7;ENST00000448942.5,-0.1814917198,0.040959041,60,isoform,1.0,True,-0.1814917198415855,True
ENST00000430721.2,ENSG00000239665.8,AL157392.3,lncRNA,AL157392.3-256,retained_intron,,ENSG00000239665.8;ENST00000430721.2,-0.1072728299,0.02997003,60,isoform,1.0,True,-0.1072728299393645,True
ENST00000622799.1,ENSG00000239665.8,AL157392.3,lncRNA,AL157392.3-238,lncRNA,,ENSG00000239665.8;ENST00000622799.1,0.1368253716,0.020979021,60,isoform,1.0,True,0.136825371641416,True
ENST00000496418.5,ENSG00000240303.8,ACAD11,protein_coding,ACAD11-208,retained_intron,,ENSG00000240303.8;ENST00000496418.5,-0.1886250612,0.0084915085,60,isoform,1.0,True,-0.1886250611857928,True
ENST00000424846.3,ENSG00000241015.2,TPM3P9,transcribed_processed_pseudogene,TPM3P9-201,processed_transcript,,ENSG00000241015.2;ENST00000424846.3,-0.1185546347,0.036963037,60,isoform,1.0,True,-0.118554634719907,True
ENST00000492121.1,ENSG00000241015.2,TPM3P9,transcribed_processed_pseudogene,TPM3P9-202,transcribed_processed_pseudogene,,ENSG00000241015.2;ENST00000492121.1,0.1185546347,0.036963037,60,isoform,1.0,True,0.118554634719907,True
ENST00000479752.1,ENSG00000241313.3,WWTR1-AS1,lncRNA,WWTR1-AS1-202,lncRNA,,ENSG00000241313.3;ENST00000479752.1,0.2174020837,0.028971029,60,isoform,1.0,True,0.2174020837218651,True
ENST00000482938.1,ENSG00000241404.7,EGFL8,protein_coding,EGFL8-223,retained_intron,,ENSG00000241404.7;ENST00000482938.1,-0.1304692301,0.0324675325,60,isoform,1.0,True,-0.1304692300750606,True
ENST00000460723.5,ENSG00000241878.11,PISD,protein_coding,PISD-211,retained_intron,,ENSG00000241878.11;ENST00000460723.5,-0.1079524089,0.020979021,60,isoform,1.0,True,-0.1079524089000602,True
ENST00000601648.5,ENSG00000242086.8,MUC20-OT1,lncRNA,MUC20-OT1-242,lncRNA,,ENSG00000242086.8;ENST00000601648.5,0.1633689706,0.008991009,60,isoform,1.0,True,0.1633689706401606,True
ENST00000357484.10,ENSG00000242498.8,ARPIN,protein_coding,ARPIN-201,protein_coding,ENSP00000350075.5,ENSG00000242498.8;ENST00000357484.10,-0.1243592471,0.0184815185,60,isoform,1.0,True,-0.1243592471227487,True
ENST00000442620.5,ENSG00000243477.6,NAA80,protein_coding,NAA80-203,protein_coding,ENSP00000391158.1,ENSG00000243477.6;ENST00000442620.5,-0.1524081314,0.0134865135,60,isoform,1.0,True,-0.1524081313526939,True
ENST00000442450.2,ENSG00000243716.10,NPIPB5,protein_coding,NPIPB5-206,retained_intron,,ENSG00000243716.10;ENST00000442450.2,-0.1282908792,0.011988012,60,isoform,1.0,True,-0.1282908792119361,True
ENST00000517347.5,ENSG00000243716.10,NPIPB5,protein_coding,NPIPB5-208,nonsense_mediated_decay,ENSP00000428548.1,ENSG00000243716.10;ENST00000517347.5,0.1539673008,0.0064935065,60,isoform,1.0,True,0.1539673007571156,True
ENST00000536620.1,ENSG00000243716.10,NPIPB5,protein_coding,NPIPB5-212,protein_coding,ENSP00000444299.1,ENSG00000243716.10;ENST00000536620.1,-0.1039910435,0.01998002,60,isoform,1.0,True,-0.1039910435435912,True
ENST00000478005.1,ENSG00000243926.2,TIPARP-AS1,lncRNA,TIPARP-AS1-202,lncRNA,,ENSG00000243926.2;ENST00000478005.1,0.1349329676,0.0424575425,60,isoform,1.0,True,0.1349329675827524,True
ENST00000638077.1,ENSG00000243989.9,ACY1,protein_coding,ACY1-227,retained_intron,,ENSG00000243989.9;ENST00000638077.1,0.1255178473,0.006993007,60,isoform,1.0,True,0.1255178473002186,True
ENST00000484945.5,ENSG00000244026.6,FAM86DP,transcribed_unprocessed_pseudogene,FAM86DP-204,processed_transcript,,ENSG00000244026.6;ENST00000484945.5,-0.2325448705,0.02997003,60,isoform,1.0,True,-0.2325448705319254,True
ENST00000445000.2,ENSG00000244041.7,LINC01011,lncRNA,LINC01011-201,lncRNA,,ENSG00000244041.7;ENST00000445000.2,-0.1868486058,0.036963037,60,isoform,1.0,True,-0.1868486057594532,True
ENST00000605901.1,ENSG00000244041.7,LINC01011,lncRNA,LINC01011-204,lncRNA,,ENSG00000244041.7;ENST00000605901.1,0.2057562801,0.0294705295,60,isoform,1.0,True,0.2057562800516393,True
ENST00000624585.3,ENSG00000244306.11,DUXAP10,transcribed_processed_pseudogene,DUXAP10-210,processed_transcript,,ENSG00000244306.11;ENST00000624585.3,-0.1197551278,0.016983017,60,isoform,1.0,True,-0.1197551277681948,True
ENST00000648085.1,ENSG00000244306.11,DUXAP10,transcribed_processed_pseudogene,DUXAP10-211,processed_transcript,,ENSG00000244306.11;ENST00000648085.1,0.1594295806,0.005994006,60,isoform,1.0,True,0.1594295806224348,True
ENST00000499624.3,ENSG00000244879.8,GABPB1-AS1,lncRNA,GABPB1-AS1-202,lncRNA,,ENSG00000244879.8;ENST00000499624.3,-0.1249838785,0.010989011,60,isoform,1.0,True,-0.1249838784781727,True
ENST00000619314.1,ENSG00000244879.8,GABPB1-AS1,lncRNA,GABPB1-AS1-206,lncRNA,,ENSG00000244879.8;ENST00000619314.1,0.1221722232,0.0114885115,60,isoform,1.0,True,0.1221722232281012,True
ENST00000519861.1,ENSG00000245149.4,RNF139-AS1,lncRNA,RNF139-AS1-202,lncRNA,,ENSG00000245149.4;ENST00000519861.1,0.1484430398,0.0344655345,60,isoform,1.0,True,0.1484430398386219,True
ENST00000530778.1,ENSG00000245149.4,RNF139-AS1,lncRNA,RNF139-AS1-203,lncRNA,,ENSG00000245149.4;ENST00000530778.1,-0.1738827233,0.023976024,60,isoform,1.0,True,-0.1738827233180648,True
ENST00000650326.1,ENSG00000245849.8,RAD51-AS1,lncRNA,RAD51-AS1-204,lncRNA,,ENSG00000245849.8;ENST00000650326.1,0.1392762947,0.022977023,60,isoform,1.0,True,0.1392762946914925,True
ENST00000532831.1,ENSG00000246174.9,KCTD21-AS1,lncRNA,KCTD21-AS1-206,lncRNA,,ENSG00000246174.9;ENST00000532831.1,0.151097195,0.035964036,60,isoform,1.0,True,0.1510971950397569,True
ENST00000506465.1,ENSG00000246334.2,PRR7-AS1,lncRNA,PRR7-AS1-202,lncRNA,,ENSG00000246334.2;ENST00000506465.1,-0.1502431976,0.038961039,60,isoform,1.0,True,-0.1502431975949397,True
ENST00000546134.5,ENSG00000246695.8,RASSF8-AS1,lncRNA,RASSF8-AS1-209,lncRNA,,ENSG00000246695.8;ENST00000546134.5,0.15529975,0.013986014,60,isoform,1.0,True,0.1552997499699362,True
ENST00000666013.1,ENSG00000246859.3,STARD4-AS1,lncRNA,STARD4-AS1-204,lncRNA,,ENSG00000246859.3;ENST00000666013.1,0.1976974143,0.007992008,60,isoform,1.0,True,0.1976974143036649,True
ENST00000520819.6,ENSG00000247134.7,AC090204.1,lncRNA,AC090204.1-201,lncRNA,,ENSG00000247134.7;ENST00000520819.6,0.1826991917,0.044955045,60,isoform,1.0,True,0.1826991917357471,True
ENST00000528524.5,ENSG00000247137.9,AP000873.2,lncRNA,AP000873.2-203,lncRNA,,ENSG00000247137.9;ENST00000528524.5,0.2283410936,0.0074925075,60,isoform,1.0,True,0.2283410935711695,True
ENST00000657781.1,ENSG00000247240.8,UBL7-AS1,lncRNA,UBL7-AS1-206,lncRNA,,ENSG00000247240.8;ENST00000657781.1,-0.2451621829,0.005994006,60,isoform,1.0,True,-0.2451621828879596,True
ENST00000500949.6,ENSG00000247556.6,OIP5-AS1,lncRNA,OIP5-AS1-201,lncRNA,,ENSG00000247556.6;ENST00000500949.6,-0.1217366578,0.006993007,60,isoform,1.0,True,-0.1217366578033238,True
ENST00000558945.5,ENSG00000247556.6,OIP5-AS1,lncRNA,OIP5-AS1-205,lncRNA,,ENSG00000247556.6;ENST00000558945.5,0.14402678,0.0024975025,60,isoform,1.0,True,0.1440267799553432,True
ENST00000433265.3,ENSG00000248275.2,TRIM52-AS1,lncRNA,TRIM52-AS1-201,lncRNA,,ENSG00000248275.2;ENST00000433265.3,0.1281059914,0.020979021,60,isoform,1.0,True,0.1281059914126617,True
ENST00000514146.1,ENSG00000248275.2,TRIM52-AS1,lncRNA,TRIM52-AS1-204,lncRNA,,ENSG00000248275.2;ENST00000514146.1,-0.1784979808,0.0094905095,60,isoform,1.0,True,-0.1784979808345242,True
ENST00000668306.1,ENSG00000248508.8,SRP14-AS1,lncRNA,SRP14-AS1-208,lncRNA,,ENSG00000248508.8;ENST00000668306.1,0.1186196705,0.0194805195,60,isoform,1.0,True,0.1186196705429372,True
ENST00000504300.2,ENSG00000249042.6,AC008771.1,lncRNA,AC008771.1-202,lncRNA,,ENSG00000249042.6;ENST00000504300.2,-0.2217223938,0.0474525475,60,isoform,1.0,True,-0.221722393817323,True
ENST00000666568.1,ENSG00000249042.6,AC008771.1,lncRNA,AC008771.1-203,lncRNA,,ENSG00000249042.6;ENST00000666568.1,0.2377568394,0.0444555445,60,isoform,1.0,True,0.2377568394290633,True
ENST00000541320.5,ENSG00000249196.6,TMEM132D-AS1,lncRNA,TMEM132D-AS1-206,lncRNA,,ENSG00000249196.6;ENST00000541320.5,-0.3602313418,0.004995005,60,isoform,1.0,True,-0.3602313417854326,True
ENST00000503719.6,ENSG00000249437.8,NAIP,protein_coding,NAIP-204,protein_coding,ENSP00000424913.2,ENSG00000249437.8;ENST00000503719.6,0.3990875158,0.0024975025,60,isoform,1.0,True,0.3990875158346822,True
ENST00000543290.1,ENSG00000250132.6,AC004803.1,lncRNA,AC004803.1-204,lncRNA,,ENSG00000250132.6;ENST00000543290.1,-0.2152225194,0.0284715285,60,isoform,1.0,True,-0.2152225194079436,True
ENST00000528335.5,ENSG00000250305.9,TRMT9B,protein_coding,TRMT9B-205,processed_transcript,,ENSG00000250305.9;ENST00000528335.5,-0.2799977159,0.011988012,60,isoform,1.0,True,-0.2799977159480791,True
ENST00000512067.5,ENSG00000250337.7,PURPL,lncRNA,PURPL-204,lncRNA,,ENSG00000250337.7;ENST00000512067.5,-0.1437290764,0.02997003,60,isoform,1.0,True,-0.1437290764191876,True
ENST00000667420.1,ENSG00000250337.7,PURPL,lncRNA,PURPL-229,lncRNA,,ENSG00000250337.7;ENST00000667420.1,0.1144482703,0.0464535465,60,isoform,1.0,True,0.1144482703482809,True
ENST00000523812.1,ENSG00000250571.7,GLI4,protein_coding,GLI4-211,processed_transcript,,ENSG00000250571.7;ENST00000523812.1,-0.2175473893,0.011988012,60,isoform,1.0,True,-0.2175473893280158,True
ENST00000544685.2,ENSG00000250988.7,SNHG21,lncRNA,SNHG21-201,lncRNA,,ENSG00000250988.7;ENST00000544685.2,-0.1324296064,0.0054945055,60,isoform,1.0,True,-0.1324296063796141,True
ENST00000665271.1,ENSG00000251026.2,LINC02163,lncRNA,LINC02163-203,lncRNA,,ENSG00000251026.2;ENST00000665271.1,-0.2930138634,0.0174825175,60,isoform,1.0,True,-0.2930138634350248,True
ENST00000344222.5,ENSG00000251369.9,ZNF550,protein_coding,ZNF550-201,protein_coding,ENSP00000445978.2,ENSG00000251369.9;ENST00000344222.5,-0.2867025896,0.00999001,60,isoform,1.0,True,-0.2867025896495979,True
ENST00000447310.5,ENSG00000251369.9,ZNF550,protein_coding,ZNF550-203,nonsense_mediated_decay,ENSP00000469580.1,ENSG00000251369.9;ENST00000447310.5,0.349829624,0.004995005,60,isoform,1.0,True,0.3498296239883207,True
ENST00000507238.5,ENSG00000251474.6,RPL32P3,transcribed_unprocessed_pseudogene,RPL32P3-204,processed_transcript,,ENSG00000251474.6;ENST00000507238.5,0.1965959162,0.002997003,60,isoform,1.0,True,0.1965959162354592,True
ENST00000514355.5,ENSG00000251474.6,RPL32P3,transcribed_unprocessed_pseudogene,RPL32P3-207,processed_transcript,,ENSG00000251474.6;ENST00000514355.5,-0.1472686972,0.0094905095,60,isoform,1.0,True,-0.1472686971562889,True
ENST00000513179.1,ENSG00000251580.3,LINC02482,lncRNA,LINC02482-201,lncRNA,,ENSG00000251580.3;ENST00000513179.1,0.2668136222,0.004995005,60,isoform,1.0,True,0.2668136222066175,True
ENST00000515205.1,ENSG00000251580.3,LINC02482,lncRNA,LINC02482-202,lncRNA,,ENSG00000251580.3;ENST00000515205.1,-0.1989324351,0.0114885115,60,isoform,1.0,True,-0.1989324351098226,True
ENST00000593438.1,ENSG00000253552.8,HOXA-AS2,lncRNA,HOXA-AS2-211,lncRNA,,ENSG00000253552.8;ENST00000593438.1,-0.2107268443,0.036963037,60,isoform,1.0,True,-0.2107268443017671,True
ENST00000669815.1,ENSG00000253552.8,HOXA-AS2,lncRNA,HOXA-AS2-213,lncRNA,,ENSG00000253552.8;ENST00000669815.1,0.2576607008,0.024975025,60,isoform,1.0,True,0.257660700795608,True
ENST00000671046.1,ENSG00000253716.6,MINCR,lncRNA,MINCR-207,lncRNA,,ENSG00000253716.6;ENST00000671046.1,-0.1816854879,0.0064935065,60,isoform,1.0,True,-0.1816854878909388,True
ENST00000528560.2,ENSG00000254469.7,AP002495.1,protein_coding,AP002495.1-203,processed_transcript,,ENSG00000254469.7;ENST00000528560.2,-0.173345913,0.0244755245,60,isoform,1.0,True,-0.1733459129954396,True
ENST00000466431.6,ENSG00000254485.5,AC026191.1,lncRNA,AC026191.1-203,lncRNA,,ENSG00000254485.5;ENST00000466431.6,-0.2472604718,0.014985015,60,isoform,1.0,True,-0.2472604718428003,True
ENST00000437495.1,ENSG00000254996.5,ANKHD1-EIF4EBP3,protein_coding,ANKHD1-EIF4EBP3-201,protein_coding,ENSP00000396882.1,ENSG00000254996.5;ENST00000437495.1,0.1503482806,0.0134865135,60,isoform,1.0,True,0.1503482805937336,True
ENST00000532219.5,ENSG00000254996.5,ANKHD1-EIF4EBP3,protein_coding,ANKHD1-EIF4EBP3-203,protein_coding,ENSP00000432016.1,ENSG00000254996.5;ENST00000532219.5,-0.1162507933,0.0244755245,60,isoform,1.0,True,-0.1162507933289503,True
ENST00000524376.1,ENSG00000255248.9,MIR100HG,lncRNA,MIR100HG-201,lncRNA,,ENSG00000255248.9;ENST00000524376.1,-0.1545626929,0.0044955045,60,isoform,1.0,True,-0.1545626928507731,True
ENST00000539921.6,ENSG00000255717.7,SNHG1,lncRNA,SNHG1-211,lncRNA,,ENSG00000255717.7;ENST00000539921.6,-0.1912003941,0.0004995005,60,isoform,1.0,True,-0.1912003940925567,True
ENST00000660547.1,ENSG00000255717.7,SNHG1,lncRNA,SNHG1-234,lncRNA,,ENSG00000255717.7;ENST00000660547.1,0.1130079227,0.0024975025,60,isoform,1.0,True,0.1130079226939247,True
ENST00000550096.5,ENSG00000257489.6,AC010203.1,transcribed_unprocessed_pseudogene,AC010203.1-202,processed_transcript,,ENSG00000257489.6;ENST00000550096.5,0.2408512997,0.0304695305,60,isoform,1.0,True,0.240851299749382,True
ENST00000360264.7,ENSG00000257923.11,CUX1,protein_coding,CUX1-203,protein_coding,ENSP00000353401.3,ENSG00000257923.11;ENST00000360264.7,-0.1878023741,0.0014985015,60,isoform,1.0,True,-0.1878023740700592,True
ENST00000622516.5,ENSG00000257923.11,CUX1,protein_coding,CUX1-221,protein_coding,ENSP00000484760.2,ENSG00000257923.11;ENST00000622516.5,0.2570168249,0.0004995005,60,isoform,1.0,True,0.257016824880648,True
ENST00000370003.2,ENSG00000258366.9,RTEL1,protein_coding,RTEL1-204,retained_intron,,ENSG00000258366.9;ENST00000370003.2,0.1713271581,0.0094905095,60,isoform,1.0,True,0.1713271581089517,True
ENST00000555379.1,ENSG00000258441.1,LINC00641,lncRNA,LINC00641-201,retained_intron,,ENSG00000258441.1;ENST00000555379.1,-0.208389093,0.028971029,60,isoform,1.0,True,-0.2083890930050956,True
ENST00000555688.1,ENSG00000258441.1,LINC00641,lncRNA,LINC00641-202,lncRNA,,ENSG00000258441.1;ENST00000555688.1,0.208389093,0.028971029,60,isoform,1.0,True,0.2083890930050956,True
ENST00000556200.1,ENSG00000258725.2,PRC1-AS1,lncRNA,PRC1-AS1-202,lncRNA,,ENSG00000258725.2;ENST00000556200.1,0.1238141541,0.0114885115,60,isoform,1.0,True,0.1238141541074646,True
ENST00000539976.1,ENSG00000258839.4,MC1R,protein_coding,MC1R-201,retained_intron,,ENSG00000258839.4;ENST00000539976.1,-0.1537178922,0.0294705295,60,isoform,1.0,True,-0.1537178922161865,True
ENST00000555147.2,ENSG00000258839.4,MC1R,protein_coding,MC1R-202,protein_coding,ENSP00000451605.1,ENSG00000258839.4;ENST00000555147.2,0.1345398905,0.038961039,60,isoform,1.0,True,0.1345398904883167,True
ENST00000665700.1,ENSG00000259248.7,USP3-AS1,lncRNA,USP3-AS1-214,lncRNA,,ENSG00000259248.7;ENST00000665700.1,0.1593147946,0.026973027,60,isoform,1.0,True,0.1593147945541905,True
ENST00000561287.1,ENSG00000259429.5,UBE2Q2P2,transcribed_unprocessed_pseudogene,UBE2Q2P2-202,processed_transcript,,ENSG00000259429.5;ENST00000561287.1,-0.1923752025,0.045954046,60,isoform,1.0,True,-0.1923752025104047,True
ENST00000564340.2,ENSG00000260565.7,ERVK13-1,lncRNA,ERVK13-1-203,lncRNA,,ENSG00000260565.7;ENST00000564340.2,0.2139633882,0.0174825175,60,isoform,1.0,True,0.2139633881546918,True
ENST00000563261.6,ENSG00000260630.7,SNAI3-AS1,lncRNA,SNAI3-AS1-201,lncRNA,,ENSG00000260630.7;ENST00000563261.6,0.2668041548,0.021978022,60,isoform,1.0,True,0.2668041548064696,True
ENST00000569786.5,ENSG00000260630.7,SNAI3-AS1,lncRNA,SNAI3-AS1-206,lncRNA,,ENSG00000260630.7;ENST00000569786.5,-0.2792995546,0.017982018,60,isoform,1.0,True,-0.2792995546238713,True
ENST00000565764.1,ENSG00000261188.1,Z95115.1,lncRNA,Z95115.1-202,lncRNA,,ENSG00000261188.1;ENST00000565764.1,0.1845809681,0.0194805195,60,isoform,1.0,True,0.1845809681355413,True
ENST00000566814.1,ENSG00000261188.1,Z95115.1,lncRNA,Z95115.1-201,lncRNA,,ENSG00000261188.1;ENST00000566814.1,-0.1845809681,0.0194805195,60,isoform,1.0,True,-0.184580968135541,True
ENST00000562298.1,ENSG00000261373.1,VPS9D1-AS1,lncRNA,VPS9D1-AS1-201,lncRNA,,ENSG00000261373.1;ENST00000562298.1,0.1926396049,0.020979021,60,isoform,1.0,True,0.1926396048815175,True
ENST00000562866.1,ENSG00000261373.1,VPS9D1-AS1,lncRNA,VPS9D1-AS1-202,lncRNA,,ENSG00000261373.1;ENST00000562866.1,-0.1926396049,0.020979021,60,isoform,1.0,True,-0.1926396048815177,True
ENST00000572856.1,ENSG00000262001.1,DLGAP1-AS2,lncRNA,DLGAP1-AS2-201,lncRNA,,ENSG00000262001.1;ENST00000572856.1,0.1459799231,0.014985015,60,isoform,1.0,True,0.1459799230876314,True
ENST00000573177.1,ENSG00000262001.1,DLGAP1-AS2,lncRNA,DLGAP1-AS2-202,lncRNA,,ENSG00000262001.1;ENST00000573177.1,-0.1459799231,0.014985015,60,isoform,1.0,True,-0.1459799230876313,True
ENST00000658121.1,ENSG00000262879.6,AC005670.3,lncRNA,AC005670.3-226,lncRNA,,ENSG00000262879.6;ENST00000658121.1,-0.1112414147,0.036963037,60,isoform,1.0,True,-0.111241414730326,True
ENST00000571963.5,ENSG00000263072.8,ZNF213-AS1,lncRNA,ZNF213-AS1-203,lncRNA,,ENSG00000263072.8;ENST00000571963.5,0.1409194303,0.013986014,60,isoform,1.0,True,0.1409194303430131,True
ENST00000581066.2,ENSG00000266472.6,MRPS21,protein_coding,MRPS21-201,protein_coding,ENSP00000461930.1,ENSG00000266472.6;ENST00000581066.2,-0.1033026705,0.0024975025,60,isoform,1.0,True,-0.1033026705497737,True
ENST00000614145.5,ENSG00000266472.6,MRPS21,protein_coding,MRPS21-202,protein_coding,ENSP00000480129.1,ENSG00000266472.6;ENST00000614145.5,0.1033026705,0.0024975025,60,isoform,1.0,True,0.1033026705497739,True
ENST00000667107.1,ENSG00000267080.6,ASB16-AS1,lncRNA,ASB16-AS1-207,lncRNA,,ENSG00000267080.6;ENST00000667107.1,-0.1267876831,0.0384615385,60,isoform,1.0,True,-0.1267876830637735,True
ENST00000591365.1,ENSG00000267121.6,AC008105.3,lncRNA,AC008105.3-203,lncRNA,,ENSG00000267121.6;ENST00000591365.1,-0.1964783604,0.0304695305,60,isoform,1.0,True,-0.1964783603930436,True
ENST00000588504.5,ENSG00000267278.6,MAP3K14-AS1,lncRNA,MAP3K14-AS1-206,lncRNA,,ENSG00000267278.6;ENST00000588504.5,-0.2130679649,0.0404595405,60,isoform,1.0,True,-0.2130679648692769,True
ENST00000666859.1,ENSG00000267530.3,LINC01836,lncRNA,LINC01836-206,lncRNA,,ENSG00000267530.3;ENST00000666859.1,-0.1710380011,0.001998002,60,isoform,1.0,True,-0.1710380010989861,True
ENST00000492239.5,ENSG00000267673.6,FDX2,protein_coding,FDX2-206,protein_coding,ENSP00000488228.1,ENSG00000267673.6;ENST00000492239.5,-0.1183548949,0.0124875125,60,isoform,1.0,True,-0.1183548948585612,True
ENST00000591087.1,ENSG00000267757.4,EML2-AS1,lncRNA,EML2-AS1-202,lncRNA,,ENSG00000267757.4;ENST00000591087.1,0.1004883105,0.018981019,60,isoform,1.0,True,0.1004883105467427,True
ENST00000623430.1,ENSG00000267757.4,EML2-AS1,lncRNA,EML2-AS1-203,lncRNA,,ENSG00000267757.4;ENST00000623430.1,-0.1018847803,0.018981019,60,isoform,1.0,True,-0.1018847803414846,True
ENST00000653003.1,ENSG00000268362.6,AC092279.1,lncRNA,AC092279.1-228,lncRNA,,ENSG00000268362.6;ENST00000653003.1,-0.1328943568,0.037962038,60,isoform,1.0,True,-0.1328943567742782,True
ENST00000663652.1,ENSG00000268621.6,IGFL2-AS1,lncRNA,IGFL2-AS1-208,lncRNA,,ENSG00000268621.6;ENST00000663652.1,-0.1158702567,0.013986014,60,isoform,1.0,True,-0.1158702567487452,True
ENST00000596498.2,ENSG00000268750.7,AC010522.1,protein_coding,AC010522.1-203,protein_coding,ENSP00000472427.2,ENSG00000268750.7;ENST00000596498.2,-0.1573156205,0.0334665335,60,isoform,1.0,True,-0.1573156204714229,True
ENST00000602810.1,ENSG00000269293.3,ZSCAN16-AS1,lncRNA,ZSCAN16-AS1-202,lncRNA,,ENSG00000269293.3;ENST00000602810.1,0.1643908388,0.018981019,60,isoform,1.0,True,0.1643908388456505,True
ENST00000671586.1,ENSG00000269293.3,ZSCAN16-AS1,lncRNA,ZSCAN16-AS1-205,lncRNA,,ENSG00000269293.3;ENST00000671586.1,-0.1538868356,0.0204795205,60,isoform,1.0,True,-0.1538868356225149,True
ENST00000593654.1,ENSG00000269352.1,PTOV1-AS2,lncRNA,PTOV1-AS2-201,lncRNA,,ENSG00000269352.1;ENST00000593654.1,-0.1706708792,0.022977023,60,isoform,1.0,True,-0.1706708792022974,True
ENST00000615939.1,ENSG00000269439.6,AC010618.3,lncRNA,AC010618.3-204,lncRNA,,ENSG00000269439.6;ENST00000615939.1,-0.2203260356,0.0124875125,60,isoform,1.0,True,-0.2203260356394674,True
ENST00000473970.3,ENSG00000269609.6,RPARP-AS1,lncRNA,RPARP-AS1-201,lncRNA,,ENSG00000269609.6;ENST00000473970.3,0.2214288542,0.002997003,60,isoform,1.0,True,0.2214288542147618,True
ENST00000598368.1,ENSG00000269609.6,RPARP-AS1,lncRNA,RPARP-AS1-208,retained_intron,,ENSG00000269609.6;ENST00000598368.1,-0.1105656123,0.0254745255,60,isoform,1.0,True,-0.1105656123305305,True
ENST00000652769.1,ENSG00000269929.3,MIRLET7A1HG,lncRNA,MIRLET7A1HG-203,lncRNA,,ENSG00000269929.3;ENST00000652769.1,-0.1908729618,0.0204795205,60,isoform,1.0,True,-0.1908729618197384,True
ENST00000602596.1,ENSG00000270049.3,AC009061.2,lncRNA,AC009061.2-202,lncRNA,,ENSG00000270049.3;ENST00000602596.1,0.2384297206,0.0124875125,60,isoform,1.0,True,0.2384297206072857,True
ENST00000618193.1,ENSG00000270882.2,H4C14,protein_coding,H4C14-204,nonsense_mediated_decay,ENSP00000478786.1,ENSG00000270882.2;ENST00000618193.1,0.1510400221,0.0044955045,60,isoform,1.0,True,0.1510400221067889,True
ENST00000605830.6,ENSG00000271270.7,TMCC1-AS1,lncRNA,TMCC1-AS1-204,lncRNA,,ENSG00000271270.7;ENST00000605830.6,0.1643586321,0.02997003,60,isoform,1.0,True,0.1643586320668376,True
ENST00000607297.1,ENSG00000272146.6,ARF4-AS1,lncRNA,ARF4-AS1-202,lncRNA,,ENSG00000272146.6;ENST00000607297.1,0.1156818805,0.024975025,60,isoform,1.0,True,0.1156818804832888,True
ENST00000608760.3,ENSG00000272645.3,GTF2IP20,transcribed_unprocessed_pseudogene,GTF2IP20-202,retained_intron,,ENSG00000272645.3;ENST00000608760.3,-0.2552237894,0.005994006,60,isoform,1.0,True,-0.2552237894328971,True
ENST00000634905.1,ENSG00000272645.3,GTF2IP20,transcribed_unprocessed_pseudogene,GTF2IP20-203,processed_transcript,,ENSG00000272645.3;ENST00000634905.1,0.2552237894,0.005994006,60,isoform,1.0,True,0.2552237894328972,True
ENST00000618814.1,ENSG00000274253.5,AC138649.1,lncRNA,AC138649.1-203,lncRNA,,ENSG00000274253.5;ENST00000618814.1,0.1621539547,0.042957043,60,isoform,1.0,True,0.1621539547427688,True
ENST00000619742.4,ENSG00000274602.5,PI4KAP1,transcribed_unprocessed_pseudogene,PI4KAP1-208,processed_transcript,,ENSG00000274602.5;ENST00000619742.4,0.2177637179,0.0424575425,60,isoform,1.0,True,0.2177637179278091,True
ENST00000621332.5,ENSG00000275023.5,MLLT6,protein_coding,MLLT6-211,protein_coding,ENSP00000479910.1,ENSG00000275023.5;ENST00000621332.5,0.2384632887,0.0004995005,60,isoform,1.0,True,0.23846328873696,True
ENST00000615383.5,ENSG00000275835.5,TUBGCP5,protein_coding,TUBGCP5-205,protein_coding,ENSP00000480316.1,ENSG00000275835.5;ENST00000615383.5,0.1321109954,0.013986014,60,isoform,1.0,True,0.132110995428754,True
ENST00000621948.4,ENSG00000277053.4,GTF2IP1,transcribed_unprocessed_pseudogene,GTF2IP1-208,retained_intron,,ENSG00000277053.4;ENST00000621948.4,-0.1015692891,0.0194805195,60,isoform,1.0,True,-0.1015692890996412,True
ENST00000622829.4,ENSG00000277053.4,GTF2IP1,transcribed_unprocessed_pseudogene,GTF2IP1-210,processed_transcript,,ENSG00000277053.4;ENST00000622829.4,0.1059954603,0.016983017,60,isoform,1.0,True,0.1059954602590492,True
ENST00000614443.2,ENSG00000277161.2,PIGW,protein_coding,PIGW-204,protein_coding,ENSP00000482202.1,ENSG00000277161.2;ENST00000614443.2,0.1385521627,0.006993007,60,isoform,1.0,True,0.1385521627014563,True
ENST00000620233.1,ENSG00000277161.2,PIGW,protein_coding,PIGW-206,protein_coding,ENSP00000480021.1,ENSG00000277161.2;ENST00000620233.1,-0.1467894562,0.005994006,60,isoform,1.0,True,-0.1467894561989352,True
ENST00000610813.1,ENSG00000278133.1,AC135050.6,lncRNA,AC135050.6-201,lncRNA,,ENSG00000278133.1;ENST00000610813.1,-0.1173842243,0.0214785215,60,isoform,1.0,True,-0.117384224315645,True
ENST00000613584.1,ENSG00000278133.1,AC135050.6,lncRNA,AC135050.6-202,lncRNA,,ENSG00000278133.1;ENST00000613584.1,0.1173842243,0.0214785215,60,isoform,1.0,True,0.1173842243156451,True
ENST00000613102.5,ENSG00000278311.5,GGNBP2,protein_coding,GGNBP2-212,protein_coding,ENSP00000478220.1,ENSG00000278311.5;ENST00000613102.5,0.1584032827,0.0034965035,60,isoform,1.0,True,0.158403282747553,True
ENST00000624162.1,ENSG00000278932.4,CR381653.1,lncRNA,CR381653.1-206,lncRNA,,ENSG00000278932.4;ENST00000624162.1,0.2998830516,0.0114885115,60,isoform,1.0,True,0.2998830515660211,True
ENST00000626810.1,ENSG00000280832.1,GSEC,lncRNA,GSEC-201,lncRNA,,ENSG00000280832.1;ENST00000626810.1,-0.2724588893,0.002997003,60,isoform,1.0,True,-0.2724588893090856,True
ENST00000629441.1,ENSG00000280832.1,GSEC,lncRNA,GSEC-202,lncRNA,,ENSG00000280832.1;ENST00000629441.1,0.2724588893,0.002997003,60,isoform,1.0,True,0.2724588893090858,True
ENST00000361059.7,ENSG00000280987.4,MATR3,protein_coding,MATR3-228,protein_coding,ENSP00000354346.4,ENSG00000280987.4;ENST00000361059.7,-0.2822344763,0.0014985015,60,isoform,1.0,True,-0.282234476308639,True
ENST00000502929.5,ENSG00000280987.4,MATR3,protein_coding,MATR3-231,protein_coding,ENSP00000422319.1,ENSG00000280987.4;ENST00000502929.5,0.4087859504,0.0,60,isoform,0.0,True,0.4087859503551601,True
ENST00000507197.5,ENSG00000281398.4,SNHG4,lncRNA,SNHG4-204,lncRNA,,ENSG00000281398.4;ENST00000507197.5,0.1028917184,0.005994006,60,isoform,1.0,True,0.1028917183730066,True
ENST00000625445.1,ENSG00000281649.2,EBLN3P,lncRNA,EBLN3P-202,lncRNA,,ENSG00000281649.2;ENST00000625445.1,0.1636330864,0.005994006,60,isoform,1.0,True,0.1636330864144499,True
ENST00000632089.1,ENSG00000282458.1,WASH5P,transcribed_processed_pseudogene,WASH5P-203,processed_transcript,,ENSG00000282458.1;ENST00000632089.1,0.2146080102,0.0054945055,60,isoform,1.0,True,0.214608010197118,True
ENST00000633719.1,ENSG00000282458.1,WASH5P,transcribed_processed_pseudogene,WASH5P-208,retained_intron,,ENSG00000282458.1;ENST00000633719.1,-0.1163932568,0.0244755245,60,isoform,1.0,True,-0.1163932568023888,True
ENST00000634291.2,ENSG00000282851.2,BISPR,lncRNA,BISPR-201,lncRNA,,ENSG00000282851.2;ENST00000634291.2,-0.1058863274,0.03996004,60,isoform,1.0,True,-0.1058863273761318,True
ENST00000634675.1,ENSG00000282851.2,BISPR,lncRNA,BISPR-204,lncRNA,,ENSG00000282851.2;ENST00000634675.1,-0.1619545078,0.0184815185,60,isoform,1.0,True,-0.1619545077970506,True
ENST00000635536.2,ENSG00000282851.2,BISPR,lncRNA,BISPR-212,lncRNA,,ENSG00000282851.2;ENST00000635536.2,0.2205373798,0.0084915085,60,isoform,1.0,True,0.2205373798149663,True
ENST00000566548.5,ENSG00000285035.1,AC091057.7,transcribed_unprocessed_pseudogene,AC091057.7-202,processed_transcript,,ENSG00000285035.1;ENST00000566548.5,0.3096112442,0.0124875125,60,isoform,1.0,True,0.3096112442116857,True
ENST00000642399.1,ENSG00000285035.1,AC091057.7,transcribed_unprocessed_pseudogene,AC091057.7-201,transcribed_unprocessed_pseudogene,,ENSG00000285035.1;ENST00000642399.1,-0.3096112442,0.0124875125,60,isoform,1.0,True,-0.3096112442116855,True
ENST00000568574.1,ENSG00000285077.2,ARHGAP11B,protein_coding,ARHGAP11B-205,retained_intron,,ENSG00000285077.2;ENST00000568574.1,-0.1413226735,0.026973027,60,isoform,1.0,True,-0.1413226735317213,True
ENST00000608621.5,ENSG00000285437.1,POLR2J3,protein_coding,POLR2J3-219,nonsense_mediated_decay,ENSP00000477228.1,ENSG00000285437.1;ENST00000608621.5,0.2413183765,0.0004995005,60,isoform,1.0,True,0.241318376506082,True
ENST00000647824.1,ENSG00000285967.1,NIPBL-DT,lncRNA,NIPBL-DT-202,lncRNA,,ENSG00000285967.1;ENST00000647824.1,0.1599432581,0.0214785215,60,isoform,1.0,True,0.1599432580950316,True
ENST00000649921.1,ENSG00000285967.1,NIPBL-DT,lncRNA,NIPBL-DT-203,lncRNA,,ENSG00000285967.1;ENST00000649921.1,-0.1652606092,0.01998002,60,isoform,1.0,True,-0.1652606091979452,True
ENST00000673781.1,ENSG00000288534.1,AP001931.2,protein_coding,AP001931.2-201,nonsense_mediated_decay,ENSP00000501282.1,ENSG00000288534.1;ENST00000673781.1,0.323327967,0.005994006,60,isoform,1.0,True,0.3233279670045444,True
ENST00000674060.1,ENSG00000288534.1,AP001931.2,protein_coding,AP001931.2-204,nonsense_mediated_decay,ENSP00000501055.1,ENSG00000288534.1;ENST00000674060.1,-0.2837148291,0.0104895105,60,isoform,1.0,True,-0.2837148291455838,True
ENST00000675225.1,ENSG00000288612.1,AL133351.4,lncRNA,AL133351.4-202,lncRNA,,ENSG00000288612.1;ENST00000675225.1,-0.1194004081,0.048951049,60,isoform,1.0,True,-0.1194004081348238,True
ENST00000676390.1,ENSG00000288612.1,AL133351.4,lncRNA,AL133351.4-201,lncRNA,,ENSG00000288612.1;ENST00000676390.1,0.1194004081,0.048951049,60,isoform,1.0,True,0.1194004081348238,True
