transcript_id,gene_id,gene_name,gene_type,transcript_name,transcript_type,protein_id,timepoints,n_timepoints,max_abs_delta_psi,min_suppa_pvalue
ENST00000259748.6,ENSG00000137218.10,FRS3,protein_coding,FRS3-201,protein_coding,ENSP00000259748.2,"12,30,60",3,0.849473504,0.0
ENST00000373018.7,ENSG00000137218.10,FRS3,protein_coding,FRS3-202,protein_coding,ENSP00000362109.3,"12,30,60",3,0.7051703352,0.0
ENST00000313956.4,ENSG00000213801.4,ZNF321P,transcribed_processed_pseudogene,ZNF321P-201,processed_transcript,,"12,30,60",3,0.6813697422,0.0
ENST00000550843.1,ENSG00000213801.4,ZNF321P,transcribed_processed_pseudogene,ZNF321P-202,transcribed_processed_pseudogene,,"12,30,60",3,0.6813697422,0.0
ENST00000449175.1,ENSG00000236901.6,MIR600HG,lncRNA,MIR600HG-201,lncRNA,,"12,30,60",3,0.6666666667,0.000999001
ENST00000545631.2,ENSG00000236901.6,MIR600HG,lncRNA,MIR600HG-202,lncRNA,,"12,30,60",3,0.6666666667,0.000999001
ENST00000534799.6,ENSG00000188599.17,NPIPP1,transcribed_unprocessed_pseudogene,NPIPP1-202,processed_transcript,,"12,30,60",3,0.5967042488,0.000999001
ENST00000537226.2,ENSG00000214029.5,ZNF891,protein_coding,ZNF891-201,protein_coding,ENSP00000437590.1,"12,30,60",3,0.5915034851,0.0014985015
ENST00000650709.1,ENSG00000214029.5,ZNF891,protein_coding,ZNF891-202,protein_coding,ENSP00000499213.1,"12,30,60",3,0.5915034851,0.0014985015
ENST00000547107.5,ENSG00000188599.17,NPIPP1,transcribed_unprocessed_pseudogene,NPIPP1-203,transcribed_unprocessed_pseudogene,,"12,30,60",3,0.5877033563,0.000999001
ENST00000504270.2,ENSG00000215039.7,CD27-AS1,lncRNA,CD27-AS1-204,retained_intron,,"12,30,60",3,0.576777068,0.0004995005
ENST00000388798.7,ENSG00000104450.13,SPAG1,protein_coding,SPAG1-202,protein_coding,ENSP00000373450.3,"12,30,60",3,0.5539051409,0.000999001
ENST00000447687.2,ENSG00000215039.7,CD27-AS1,lncRNA,CD27-AS1-203,retained_intron,,"12,30,60",3,0.5497014803,0.0004995005
ENST00000259119.9,ENSG00000136603.14,SKIL,protein_coding,SKIL-201,protein_coding,ENSP00000259119.4,"12,30,60",3,0.5473162142,0.0
ENST00000371030.3,ENSG00000124203.6,ZNF831,protein_coding,ZNF831-201,protein_coding,ENSP00000360069.2,"12,30,60",3,0.534487315,0.0
ENST00000637017.1,ENSG00000124203.6,ZNF831,protein_coding,ZNF831-203,protein_coding,ENSP00000490240.1,"12,30,60",3,0.534487315,0.0
ENST00000671417.1,ENSG00000230533.4,AL356234.2,lncRNA,AL356234.2-206,lncRNA,,"12,30,60",3,0.5338388343,0.000999001
ENST00000358356.9,ENSG00000159216.19,RUNX1,protein_coding,RUNX1-203,protein_coding,ENSP00000351123.5,"12,30,60",3,0.5211775929,0.004995005
ENST00000281092.9,ENSG00000151422.13,FER,protein_coding,FER-201,protein_coding,ENSP00000281092.4,"12,30,60",3,0.5107106746,0.0024975025
ENST00000251809.4,ENSG00000104450.13,SPAG1,protein_coding,SPAG1-201,protein_coding,ENSP00000251809.3,"12,30,60",3,0.5105544554,0.001998002
ENST00000377885.6,ENSG00000137075.18,RNF38,protein_coding,RNF38-206,protein_coding,ENSP00000367117.2,"12,30,60",3,0.5073015846,0.0024975025
ENST00000413029.1,ENSG00000222020.3,HDAC4-AS1,lncRNA,HDAC4-AS1-202,lncRNA,,"12,30,60",3,0.4954258371,0.0064935065
ENST00000220592.10,ENSG00000123908.12,AGO2,protein_coding,AGO2-201,protein_coding,ENSP00000220592.5,"12,30,60",3,0.4768421478,0.0
ENST00000567351.5,ENSG00000261408.7,TEN1-CDK3,protein_coding,TEN1-CDK3-201,retained_intron,,"12,30,60",3,0.4651351722,0.006993007
ENST00000612242.4,ENSG00000081019.13,RSBN1,protein_coding,RSBN1-204,protein_coding,ENSP00000479490.1,"12,30,60",3,0.4580622746,0.0014985015
ENST00000410113.5,ENSG00000115363.14,EVA1A,protein_coding,EVA1A-205,protein_coding,ENSP00000386435.1,"12,30,60",3,0.4564086157,0.001998002
ENST00000307602.9,ENSG00000168172.9,HOOK3,protein_coding,HOOK3-201,protein_coding,ENSP00000305699.3,"12,30,60",3,0.4562987876,0.0024975025
ENST00000523609.5,ENSG00000123908.12,AGO2,protein_coding,AGO2-209,nonsense_mediated_decay,ENSP00000430164.1,"12,30,60",3,0.4548635185,0.000999001
ENST00000642830.1,ENSG00000230533.4,AL356234.2,lncRNA,AL356234.2-201,lncRNA,,"12,30,60",3,0.4504663944,0.0014985015
ENST00000560481.2,ENSG00000259357.2,AL590133.2,lncRNA,AL590133.2-201,lncRNA,,"12,30,60",3,0.4476592929,0.0
ENST00000561111.2,ENSG00000259357.2,AL590133.2,lncRNA,AL590133.2-202,lncRNA,,"12,30,60",3,0.4476592929,0.0
ENST00000409526.1,ENSG00000222020.3,HDAC4-AS1,lncRNA,HDAC4-AS1-201,lncRNA,,"12,30,60",3,0.4435297452,0.0084915085
ENST00000333371.8,ENSG00000184056.15,VPS33B,protein_coding,VPS33B-201,protein_coding,ENSP00000327650.4,"12,30,60",3,0.4402648246,0.0004995005
ENST00000464985.5,ENSG00000142583.18,SLC2A5,protein_coding,SLC2A5-203,protein_coding,ENSP00000467840.1,"12,30,60",3,0.4320932441,0.0064935065
ENST00000495893.7,ENSG00000173889.16,PHC3,protein_coding,PHC3-215,protein_coding,ENSP00000420294.1,"12,30,60",3,0.4309217958,0.000999001
ENST00000344691.8,ENSG00000159216.19,RUNX1,protein_coding,RUNX1-202,protein_coding,ENSP00000340690.4,"12,30,60",3,0.4308771106,0.0074925075
ENST00000300283.10,ENSG00000237289.10,CKMT1B,protein_coding,CKMT1B-201,protein_coding,ENSP00000300283.6,"12,30,60",3,0.4307820467,0.011988012
ENST00000334651.11,ENSG00000169084.15,DHRSX,protein_coding,DHRSX-201,protein_coding,ENSP00000334113.5,"12,30,60",3,0.4305448699,0.0
ENST00000504841.6,ENSG00000169246.16,NPIPB3,protein_coding,NPIPB3-203,protein_coding,ENSP00000446048.1,"12,30,60",3,0.4258239494,0.0034965035
ENST00000396128.9,ENSG00000179454.14,KLHL28,protein_coding,KLHL28-202,protein_coding,ENSP00000379434.4,"12,30,60",3,0.4211214004,0.010989011
ENST00000271375.7,ENSG00000213064.10,SFT2D2,protein_coding,SFT2D2-201,protein_coding,ENSP00000271375.3,"12,30,60",3,0.419861018,0.000999001
ENST00000231368.10,ENSG00000113441.16,LNPEP,protein_coding,LNPEP-201,protein_coding,ENSP00000231368.5,"12,30,60",3,0.4197530967,0.0
ENST00000484974.5,ENSG00000239969.5,AC091390.4,transcribed_unprocessed_pseudogene,AC091390.4-201,processed_transcript,,"12,30,60",3,0.4194692943,0.0
ENST00000521755.1,ENSG00000006837.12,CDKL3,protein_coding,CDKL3-207,protein_coding,ENSP00000427964.1,"12,30,60",3,0.4148936615,0.003996004
ENST00000233712.5,ENSG00000115363.14,EVA1A,protein_coding,EVA1A-201,protein_coding,ENSP00000233712.1,"12,30,60",3,0.4089631968,0.0024975025
ENST00000418149.1,ENSG00000236200.6,KDM4A-AS1,lncRNA,KDM4A-AS1-202,lncRNA,,"12,30,60",3,0.4054936598,0.0004995005
ENST00000239231.7,ENSG00000120137.7,PANK3,protein_coding,PANK3-201,protein_coding,ENSP00000239231.6,"12,30,60",3,0.4007142774,0.0
ENST00000503719.6,ENSG00000249437.8,NAIP,protein_coding,NAIP-204,protein_coding,ENSP00000424913.2,"12,30,60",3,0.3990875158,0.0024975025
ENST00000492837.1,ENSG00000239969.5,AC091390.4,transcribed_unprocessed_pseudogene,AC091390.4-203,processed_transcript,,"12,30,60",3,0.3976813915,0.0
ENST00000265734.8,ENSG00000105810.10,CDK6,protein_coding,CDK6-201,protein_coding,ENSP00000265734.4,"12,30,60",3,0.3960600082,0.005994006
ENST00000319170.10,ENSG00000173166.18,RAPH1,protein_coding,RAPH1-202,protein_coding,ENSP00000316543.5,"12,30,60",3,0.395313774,0.0024975025
ENST00000344862.9,ENSG00000129317.14,PUS7L,protein_coding,PUS7L-201,protein_coding,ENSP00000343081.5,"12,30,60",3,0.3947178093,0.002997003
ENST00000346618.8,ENSG00000112242.15,E2F3,protein_coding,E2F3-201,protein_coding,ENSP00000262904.4,"12,30,60",3,0.3904456572,0.0
ENST00000535432.2,ENSG00000112242.15,E2F3,protein_coding,E2F3-202,protein_coding,ENSP00000443418.1,"12,30,60",3,0.3904456572,0.0
ENST00000569284.1,ENSG00000261408.7,TEN1-CDK3,protein_coding,TEN1-CDK3-202,retained_intron,,"12,30,60",3,0.3889489588,0.013986014
ENST00000521654.6,ENSG00000146373.16,RNF217,protein_coding,RNF217-210,protein_coding,ENSP00000428698.2,"12,30,60",3,0.3861161874,0.0064935065
ENST00000575960.5,ENSG00000228696.10,ARL17B,protein_coding,ARL17B-207,protein_coding,ENSP00000460539.1,"12,30,60",3,0.38299513,0.0
ENST00000519772.5,ENSG00000178852.16,EFCAB13,protein_coding,EFCAB13-207,protein_coding,ENSP00000430802.1,"12,30,60",3,0.3796318337,0.0094905095
ENST00000389851.10,ENSG00000163945.18,UVSSA,protein_coding,UVSSA-201,protein_coding,ENSP00000374501.4,"12,30,60",3,0.3784744978,0.0104895105
ENST00000439057.5,ENSG00000236200.6,KDM4A-AS1,lncRNA,KDM4A-AS1-204,lncRNA,,"12,30,60",3,0.3773489081,0.0004995005
ENST00000357992.9,ENSG00000158711.14,ELK4,protein_coding,ELK4-202,protein_coding,ENSP00000350681.4,"12,30,60",3,0.3765823151,0.0014985015
ENST00000358220.5,ENSG00000047056.16,WDR37,protein_coding,WDR37-202,protein_coding,ENSP00000350954.1,"12,30,60",3,0.3739563788,0.0034965035
ENST00000443490.5,ENSG00000197182.14,MIRLET7BHG,lncRNA,MIRLET7BHG-204,lncRNA,,"12,30,60",3,0.3725016993,0.0014985015
ENST00000402364.1,ENSG00000151835.16,SACS,protein_coding,SACS-202,protein_coding,ENSP00000385844.1,"12,30,60",3,0.3718597762,0.0034965035
ENST00000304778.11,ENSG00000175556.17,LONRF3,protein_coding,LONRF3-201,protein_coding,ENSP00000307732.7,"12,30,60",3,0.3687299571,0.0054945055
ENST00000504047.1,ENSG00000066427.24,ATXN3,protein_coding,ATXN3-208,processed_transcript,,"12,30,60",3,0.3684158083,0.000999001
ENST00000439603.5,ENSG00000175556.17,LONRF3,protein_coding,LONRF3-204,protein_coding,ENSP00000414519.1,"12,30,60",3,0.3673475204,0.0054945055
ENST00000258399.8,ENSG00000135913.11,USP37,protein_coding,USP37-201,protein_coding,ENSP00000258399.3,"12,30,60",3,0.3670251981,0.0084915085
ENST00000582415.2,ENSG00000143450.17,OAZ3,protein_coding,OAZ3-206,protein_coding,ENSP00000463692.2,"12,30,60",3,0.3660992151,0.005994006
ENST00000335727.13,ENSG00000100354.21,TNRC6B,protein_coding,TNRC6B-202,protein_coding,ENSP00000338371.8,"12,30,60",3,0.3655775668,0.007992008
ENST00000566507.1,ENSG00000260448.6,LCMT1-AS1,lncRNA,LCMT1-AS1-203,lncRNA,,"12,30,60",3,0.3649761771,0.0134865135
ENST00000568479.2,ENSG00000067992.16,PDK3,protein_coding,PDK3-203,protein_coding,ENSP00000498864.1,"12,30,60",3,0.3636642146,0.0014985015
ENST00000457443.2,ENSG00000237054.9,PRMT5-AS1,lncRNA,PRMT5-AS1-202,lncRNA,,"12,30,60",3,0.3634253641,0.0084915085
ENST00000562103.2,ENSG00000167962.14,ZNF598,protein_coding,ZNF598-202,protein_coding,ENSP00000455308.2,"12,30,60",3,0.3615961842,0.0
ENST00000358691.10,ENSG00000198265.12,HELZ,protein_coding,HELZ-201,protein_coding,ENSP00000351524.5,"12,30,60",3,0.3608638631,0.006993007
ENST00000343217.6,ENSG00000188542.10,DUSP28,protein_coding,DUSP28-201,protein_coding,ENSP00000344235.2,"12,30,60",3,0.3586746502,0.002997003
ENST00000336505.11,ENSG00000173611.18,SCAI,protein_coding,SCAI-201,protein_coding,ENSP00000336756.6,"12,30,60",3,0.3576455942,0.0124875125
ENST00000619210.1,ENSG00000225210.10,DUXAP9,transcribed_processed_pseudogene,DUXAP9-204,processed_transcript,,"12,30,60",3,0.3575527209,0.001998002
ENST00000395770.3,ENSG00000113441.16,LNPEP,protein_coding,LNPEP-202,protein_coding,ENSP00000379117.3,"12,30,60",3,0.3573420389,0.0
ENST00000402859.6,ENSG00000100068.13,LRP5L,protein_coding,LRP5L-202,protein_coding,ENSP00000384291.2,"12,30,60",3,0.3567795977,0.0104895105
ENST00000421842.1,ENSG00000224165.6,DNAJC27-AS1,lncRNA,DNAJC27-AS1-201,lncRNA,,"12,30,60",3,0.3558704055,0.0094905095
ENST00000379162.9,ENSG00000067992.16,PDK3,protein_coding,PDK3-201,protein_coding,ENSP00000368460.4,"12,30,60",3,0.3557134356,0.001998002
ENST00000349995.10,ENSG00000136152.15,COG3,protein_coding,COG3-201,protein_coding,ENSP00000258654.8,"12,30,60",3,0.3545713242,0.000999001
ENST00000643943.1,ENSG00000215790.7,SLC35E2A,protein_coding,SLC35E2A-205,transcribed_unprocessed_pseudogene,,"12,30,60",3,0.3528009487,0.0
ENST00000297565.8,ENSG00000164920.9,OSR2,protein_coding,OSR2-201,protein_coding,ENSP00000297565.4,"12,30,60",3,0.3517794381,0.0124875125
ENST00000263150.9,ENSG00000047056.16,WDR37,protein_coding,WDR37-201,protein_coding,ENSP00000263150.4,"12,30,60",3,0.3515633809,0.004995005
ENST00000402203.5,ENSG00000100354.21,TNRC6B,protein_coding,TNRC6B-203,protein_coding,ENSP00000384795.1,"12,30,60",3,0.3499201447,0.0084915085
ENST00000512494.1,ENSG00000138735.16,PDE5A,protein_coding,PDE5A-210,retained_intron,,"12,30,60",3,0.3491254296,0.012987013
ENST00000205214.11,ENSG00000157426.14,AASDH,protein_coding,AASDH-201,protein_coding,ENSP00000205214.6,"12,30,60",3,0.3484894284,0.004995005
ENST00000483286.6,ENSG00000182484.15,WASH6P,transcribed_unprocessed_pseudogene,WASH6P-211,processed_transcript,,"12,30,60",3,0.3468170411,0.0004995005
ENST00000303391.11,ENSG00000169057.24,MECP2,protein_coding,MECP2-201,protein_coding,ENSP00000301948.6,"12,30,60",3,0.3461188592,0.0014985015
ENST00000544604.7,ENSG00000183579.16,ZNRF3,protein_coding,ZNRF3-203,protein_coding,ENSP00000443824.2,"12,30,60",3,0.3455308232,0.007992008
ENST00000533539.1,ENSG00000168172.9,HOOK3,protein_coding,HOOK3-206,protein_coding,ENSP00000433953.1,"12,30,60",3,0.3449531253,0.0044955045
ENST00000628176.2,ENSG00000169057.24,MECP2,protein_coding,MECP2-216,protein_coding,ENSP00000486978.1,"12,30,60",3,0.344917785,0.0014985015
ENST00000629482.3,ENSG00000280670.3,CCDC163,protein_coding,CCDC163-207,protein_coding,ENSP00000486197.1,"12,30,60",3,0.3430819415,0.012987013
ENST00000395718.6,ENSG00000139926.16,FRMD6,protein_coding,FRMD6-203,protein_coding,ENSP00000379068.2,"12,30,60",3,0.3417638936,0.018981019
ENST00000306467.10,ENSG00000168944.17,CEP120,protein_coding,CEP120-201,protein_coding,ENSP00000303058.6,"12,30,60",3,0.3403571468,0.000999001
ENST00000482090.1,ENSG00000196757.8,ZNF700,protein_coding,ZNF700-202,protein_coding,ENSP00000467996.1,"12,30,60",3,0.3399449477,0.001998002
ENST00000585482.6,ENSG00000004139.14,SARM1,protein_coding,SARM1-208,protein_coding,ENSP00000468032.2,"12,30,60",3,0.3393288651,0.0134865135
ENST00000216484.7,ENSG00000100596.7,SPTLC2,protein_coding,SPTLC2-201,protein_coding,ENSP00000216484.2,"12,30,60",3,0.3382788268,0.0004995005
ENST00000590116.5,ENSG00000172006.12,ZNF554,protein_coding,ZNF554-203,nonsense_mediated_decay,ENSP00000464865.1,"12,30,60",3,0.3376141177,0.021978022
ENST00000480358.6,ENSG00000156398.13,SFXN2,protein_coding,SFXN2-203,nonsense_mediated_decay,ENSP00000473504.1,"12,30,60",3,0.3359490194,0.0024975025
ENST00000652647.1,ENSG00000167962.14,ZNF598,protein_coding,ZNF598-210,processed_transcript,,"12,30,60",3,0.3356779892,0.0
ENST00000209875.9,ENSG00000094916.16,CBX5,protein_coding,CBX5-201,protein_coding,ENSP00000209875.4,"12,30,60",3,0.3350121119,0.0
ENST00000540793.5,ENSG00000171681.12,ATF7IP,protein_coding,ATF7IP-214,protein_coding,ENSP00000444589.1,"12,30,60",3,0.3346791154,0.001998002
ENST00000453412.1,ENSG00000171174.15,RBKS,protein_coding,RBKS-203,nonsense_mediated_decay,ENSP00000415975.1,"12,30,60",3,0.334191487,0.0074925075
ENST00000628937.1,ENSG00000281571.2,AC241585.2,TEC,AC241585.2-202,TEC,,"12,30,60",3,0.3333333333,0.003996004
ENST00000638358.1,ENSG00000281571.2,AC241585.2,TEC,AC241585.2-201,TEC,,"12,30,60",3,0.3333333333,0.003996004
ENST00000222990.8,ENSG00000106266.11,SNX8,protein_coding,SNX8-201,protein_coding,ENSP00000222990.3,"12,30,60",3,0.3322532003,0.0
ENST00000264712.8,ENSG00000084731.15,KIF3C,protein_coding,KIF3C-201,protein_coding,ENSP00000264712.3,"12,30,60",3,0.331695398,0.003996004
ENST00000626177.2,ENSG00000280670.3,CCDC163,protein_coding,CCDC163-202,nonsense_mediated_decay,ENSP00000485784.1,"12,30,60",3,0.3315033556,0.012987013
ENST00000661267.1,ENSG00000203739.4,AL645568.1,lncRNA,AL645568.1-203,lncRNA,,"12,30,60",3,0.3304177346,0.014985015
ENST00000357758.3,ENSG00000100523.16,DDHD1,protein_coding,DDHD1-202,protein_coding,ENSP00000350401.3,"12,30,60",3,0.3293629798,0.00999001
ENST00000526629.1,ENSG00000120458.13,MSANTD2,protein_coding,MSANTD2-204,protein_coding,ENSP00000435705.1,"12,30,60",3,0.3281166028,0.0034965035
ENST00000381261.8_PAR_Y,ENSG00000197976.12_PAR_Y,AKAP17A,protein_coding,AKAP17A-202,protein_coding,ENSP00000370660.3,"12,30,60",3,0.3276019826,0.001998002
ENST00000437590.3,ENSG00000243660.11,ZNF487,protein_coding,ZNF487-202,protein_coding,ENSP00000392335.2,"12,30,60",3,0.3264630843,0.0184815185
ENST00000390665.9_PAR_Y,ENSG00000167393.18_PAR_Y,PPP2R3B,protein_coding,PPP2R3B-202,protein_coding,ENSP00000375080.3,"12,30,60",3,0.3257955102,0.0014985015
ENST00000349767.6,ENSG00000171631.15,P2RY6,protein_coding,P2RY6-201,protein_coding,ENSP00000309771.2,"12,30,60",3,0.3243750789,0.0
ENST00000618315.4,ENSG00000185495.10,AC138393.1,transcribed_unprocessed_pseudogene,AC138393.1-202,processed_transcript,,"12,30,60",3,0.324028822,0.0034965035
ENST00000296328.9,ENSG00000163960.12,UBXN7,protein_coding,UBXN7-201,protein_coding,ENSP00000296328.4,"12,30,60",3,0.3233553135,0.001998002
ENST00000673781.1,ENSG00000288534.1,AP001931.2,protein_coding,AP001931.2-201,nonsense_mediated_decay,ENSP00000501282.1,"12,30,60",3,0.323327967,0.005994006
ENST00000368270.2,ENSG00000160781.17,PAQR6,protein_coding,PAQR6-205,protein_coding,ENSP00000357253.1,"12,30,60",3,0.3225541496,0.011988012
ENST00000643905.1,ENSG00000215790.7,SLC35E2A,protein_coding,SLC35E2A-204,protein_coding,ENSP00000495949.1,"12,30,60",3,0.3224639027,0.001998002
ENST00000546160.5,ENSG00000113448.19,PDE4D,protein_coding,PDE4D-226,protein_coding,ENSP00000442734.2,"12,30,60",3,0.3220426449,0.0004995005
ENST00000170630.6,ENSG00000077238.14,IL4R,protein_coding,IL4R-201,protein_coding,ENSP00000170630.3,"12,30,60",3,0.32150378,0.0054945055
ENST00000585544.1,ENSG00000167604.14,NFKBID,protein_coding,NFKBID-202,processed_transcript,,"12,30,60",3,0.3212063544,0.002997003
ENST00000289703.8,ENSG00000158711.14,ELK4,protein_coding,ELK4-201,protein_coding,ENSP00000289703.4,"12,30,60",3,0.3209261445,0.002997003
ENST00000330374.6,ENSG00000160131.13,VMA21,protein_coding,VMA21-201,protein_coding,ENSP00000333255.6,"12,30,60",3,0.320323372,0.0
ENST00000373049.8,ENSG00000147202.18,DIAPH2,protein_coding,DIAPH2-203,protein_coding,ENSP00000362140.4,"12,30,60",3,0.3201720116,0.0224775225
ENST00000477649.1,ENSG00000160131.13,VMA21,protein_coding,VMA21-203,processed_transcript,,"12,30,60",3,0.3197887387,0.0
ENST00000285397.9,ENSG00000155085.15,AK9,protein_coding,AK9-201,protein_coding,ENSP00000285397.4,"12,30,60",3,0.3194890585,0.016983017
ENST00000264658.11,ENSG00000108306.13,FBXL20,protein_coding,FBXL20-201,protein_coding,ENSP00000264658.6,"12,30,60",3,0.3193733133,0.008991009
ENST00000638587.1,ENSG00000204217.15,BMPR2,protein_coding,BMPR2-204,protein_coding,ENSP00000491062.1,"12,30,60",3,0.3158212469,0.001998002
ENST00000378509.9,ENSG00000205060.11,SLC35B4,protein_coding,SLC35B4-201,protein_coding,ENSP00000367770.4,"12,30,60",3,0.3149970809,0.0
ENST00000630869.1,ENSG00000213064.10,SFT2D2,protein_coding,SFT2D2-204,protein_coding,ENSP00000486492.1,"12,30,60",3,0.3148567102,0.0064935065
ENST00000540583.5,ENSG00000178878.13,APOLD1,protein_coding,APOLD1-204,nonsense_mediated_decay,ENSP00000454511.1,"12,30,60",3,0.3123119342,0.0094905095
ENST00000338465.5,ENSG00000135913.11,USP37,protein_coding,USP37-202,protein_coding,ENSP00000345043.5,"12,30,60",3,0.3120229456,0.00999001
ENST00000302000.10,ENSG00000171016.12,PYGO1,protein_coding,PYGO1-201,protein_coding,ENSP00000302327.6,"12,30,60",3,0.3112549487,0.0204795205
ENST00000225388.9,ENSG00000108256.9,NUFIP2,protein_coding,NUFIP2-201,protein_coding,ENSP00000225388.3,"12,30,60",3,0.3109897839,0.000999001
ENST00000579665.1,ENSG00000108256.9,NUFIP2,protein_coding,NUFIP2-202,protein_coding,ENSP00000463450.1,"12,30,60",3,0.3109897839,0.000999001
ENST00000449802.5,ENSG00000144426.18,NBEAL1,protein_coding,NBEAL1-203,protein_coding,ENSP00000399903.1,"12,30,60",3,0.3102313093,0.014985015
ENST00000515837.7,ENSG00000187049.10,TMEM216,protein_coding,TMEM216-203,protein_coding,ENSP00000440638.1,"12,30,60",3,0.3096520831,0.022977023
ENST00000262483.13,ENSG00000091622.16,PITPNM3,protein_coding,PITPNM3-201,protein_coding,ENSP00000262483.8,"12,30,60",3,0.3089317046,0.012987013
ENST00000369385.5,ENSG00000220323.4,H2BC19P,transcribed_unprocessed_pseudogene,H2BC19P-201,transcribed_unprocessed_pseudogene,,"12,30,60",3,0.3089222711,0.0014985015
ENST00000608318.2,ENSG00000220323.4,H2BC19P,transcribed_unprocessed_pseudogene,H2BC19P-202,processed_transcript,,"12,30,60",3,0.3089222711,0.0014985015
ENST00000518235.5,ENSG00000161010.15,MRNIP,protein_coding,MRNIP-205,protein_coding,ENSP00000430298.1,"12,30,60",3,0.3088054314,0.0
ENST00000671056.1,ENSG00000244968.7,LIFR-AS1,lncRNA,LIFR-AS1-213,lncRNA,,"12,30,60",3,0.3083679403,0.013986014
ENST00000459894.6,ENSG00000156398.13,SFXN2,protein_coding,SFXN2-202,nonsense_mediated_decay,ENSP00000473325.1,"12,30,60",3,0.3071047899,0.0034965035
ENST00000590290.2,ENSG00000237054.9,PRMT5-AS1,lncRNA,PRMT5-AS1-204,lncRNA,,"12,30,60",3,0.3049182857,0.0164835165
ENST00000612905.2,ENSG00000234616.9,JRK,protein_coding,JRK-209,protein_coding,ENSP00000482410.1,"12,30,60",3,0.3039546999,0.0024975025
ENST00000373549.8,ENSG00000173611.18,SCAI,protein_coding,SCAI-202,protein_coding,ENSP00000362650.4,"12,30,60",3,0.3035500044,0.016983017
ENST00000404390.7,ENSG00000185133.14,INPP5J,protein_coding,INPP5J-205,protein_coding,ENSP00000384534.3,"12,30,60",3,0.3010607939,0.004995005
ENST00000361487.7,ENSG00000198807.13,PAX9,protein_coding,PAX9-201,protein_coding,ENSP00000355245.6,"12,30,60",3,0.3008929117,0.0264735265
ENST00000624162.1,ENSG00000278932.4,CR381653.1,lncRNA,CR381653.1-206,lncRNA,,"12,30,60",3,0.2998830516,0.0114885115
ENST00000290341.8,ENSG00000159217.10,IGF2BP1,protein_coding,IGF2BP1-201,protein_coding,ENSP00000290341.3,"12,30,60",3,0.2998823613,0.0014985015
ENST00000335648.3,ENSG00000249087.7,ZNF436-AS1,lncRNA,ZNF436-AS1-201,lncRNA,,"12,30,60",3,0.2995792908,0.0084915085
ENST00000523910.1,ENSG00000171320.15,ESCO2,protein_coding,ESCO2-207,processed_transcript,,"12,30,60",3,0.2990283518,0.0034965035
ENST00000665859.1,ENSG00000234684.7,SDCBP2-AS1,lncRNA,SDCBP2-AS1-208,lncRNA,,"12,30,60",3,0.2988536098,0.0064935065
ENST00000374580.10,ENSG00000204217.15,BMPR2,protein_coding,BMPR2-202,protein_coding,ENSP00000363708.4,"12,30,60",3,0.2985392719,0.0034965035
ENST00000635970.1,ENSG00000182372.10,CLN8,protein_coding,CLN8-209,nonsense_mediated_decay,ENSP00000490439.1,"12,30,60",3,0.2977627708,0.010989011
ENST00000449579.2,ENSG00000231607.12,DLEU2,lncRNA,DLEU2-206,lncRNA,,"12,30,60",3,0.297676058,0.002997003
ENST00000368882.8,ENSG00000123505.19,AMD1,protein_coding,AMD1-203,protein_coding,ENSP00000357877.5,"12,30,60",3,0.2973876879,0.0
ENST00000305188.13,ENSG00000171320.15,ESCO2,protein_coding,ESCO2-201,protein_coding,ENSP00000306999.8,"12,30,60",3,0.2967842,0.0034965035
ENST00000579593.1,ENSG00000004139.14,SARM1,protein_coding,SARM1-204,protein_coding,ENSP00000462228.1,"12,30,60",3,0.2967377379,0.016983017
ENST00000570137.7,ENSG00000166446.15,CDYL2,protein_coding,CDYL2-207,protein_coding,ENSP00000476295.1,"12,30,60",3,0.2963134729,0.0004995005
ENST00000484731.2,ENSG00000126822.17,PLEKHG3,protein_coding,PLEKHG3-204,protein_coding,ENSP00000450973.1,"12,30,60",3,0.2959780122,0.0024975025
ENST00000394294.7,ENSG00000108306.13,FBXL20,protein_coding,FBXL20-202,protein_coding,ENSP00000377832.3,"12,30,60",3,0.2959652876,0.0104895105
ENST00000628534.1,ENSG00000151422.13,FER,protein_coding,FER-210,protein_coding,ENSP00000486048.1,"12,30,60",3,0.2954018039,0.006993007
ENST00000471182.6,ENSG00000126822.17,PLEKHG3,protein_coding,PLEKHG3-203,protein_coding,ENSP00000450945.1,"12,30,60",3,0.2953396768,0.0024975025
ENST00000648544.1,ENSG00000164543.7,STK17A,protein_coding,STK17A-204,nonsense_mediated_decay,ENSP00000497301.1,"12,30,60",3,0.293893822,0.0
ENST00000313349.3,ENSG00000179833.4,SERTAD2,protein_coding,SERTAD2-201,protein_coding,ENSP00000326933.3,"12,30,60",3,0.293279662,0.0044955045
ENST00000426291.5,ENSG00000136244.12,IL6,protein_coding,IL6-207,protein_coding,ENSP00000405150.1,"12,30,60",3,0.2915088755,0.0064935065
ENST00000590828.5,ENSG00000167604.14,NFKBID,protein_coding,NFKBID-208,nonsense_mediated_decay,ENSP00000467127.1,"12,30,60",3,0.2912530078,0.0064935065
ENST00000458270.2,ENSG00000183309.12,ZNF623,protein_coding,ZNF623-201,protein_coding,ENSP00000411139.2,"12,30,60",3,0.2909074039,0.0064935065
ENST00000444280.6,ENSG00000169084.15,DHRSX,protein_coding,DHRSX-205,protein_coding,ENSP00000402741.1,"12,30,60",3,0.2897325081,0.001998002
ENST00000600531.5,ENSG00000083844.10,ZNF264,protein_coding,ZNF264-206,protein_coding,ENSP00000470759.1,"12,30,60",3,0.2888302048,0.0064935065
ENST00000511216.6,ENSG00000163945.18,UVSSA,protein_coding,UVSSA-206,protein_coding,ENSP00000425130.1,"12,30,60",3,0.2881562503,0.016983017
ENST00000635323.1,ENSG00000283050.2,GTF2IP12,transcribed_unprocessed_pseudogene,GTF2IP12-203,processed_transcript,,"12,30,60",3,0.288001538,0.0274725275
ENST00000502646.1,ENSG00000153404.14,PLEKHG4B,protein_coding,PLEKHG4B-202,protein_coding,ENSP00000422493.1,"12,30,60",3,0.2858262585,0.0254745255
ENST00000568997.5,ENSG00000213599.10,SLX1A-SULT1A3,lncRNA,SLX1A-SULT1A3-205,retained_intron,,"12,30,60",3,0.2854828176,0.002997003
ENST00000657397.1,ENSG00000232973.13,CYP1B1-AS1,lncRNA,CYP1B1-AS1-238,lncRNA,,"12,30,60",3,0.2854281946,0.0154845155
ENST00000473691.1,ENSG00000165288.11,BRWD3,protein_coding,BRWD3-202,processed_transcript,,"12,30,60",3,0.2853057577,0.016983017
ENST00000356175.7,ENSG00000196712.18,NF1,protein_coding,NF1-201,protein_coding,ENSP00000348498.3,"12,30,60",3,0.2849332663,0.004995005
ENST00000254321.10,ENSG00000196757.8,ZNF700,protein_coding,ZNF700-201,protein_coding,ENSP00000254321.4,"12,30,60",3,0.2838709136,0.0044955045
ENST00000674060.1,ENSG00000288534.1,AP001931.2,protein_coding,AP001931.2-204,nonsense_mediated_decay,ENSP00000501055.1,"12,30,60",3,0.2837148291,0.0104895105
ENST00000361716.7,ENSG00000139190.16,VAMP1,protein_coding,VAMP1-201,protein_coding,ENSP00000355122.3,"12,30,60",3,0.2832255843,0.0014985015
ENST00000400314.5,ENSG00000183570.16,PCBP3,protein_coding,PCBP3-206,protein_coding,ENSP00000383168.1,"12,30,60",3,0.2830024243,0.0284715285
ENST00000429160.1,ENSG00000163960.12,UBXN7,protein_coding,UBXN7-205,nonsense_mediated_decay,ENSP00000397238.1,"12,30,60",3,0.2824501101,0.0064935065
ENST00000668034.1,ENSG00000224165.6,DNAJC27-AS1,lncRNA,DNAJC27-AS1-211,lncRNA,,"12,30,60",3,0.282226162,0.0194805195
ENST00000402703.6,ENSG00000198807.13,PAX9,protein_coding,PAX9-202,protein_coding,ENSP00000384817.2,"12,30,60",3,0.2820279119,0.0304695305
ENST00000258743.10,ENSG00000136244.12,IL6,protein_coding,IL6-201,protein_coding,ENSP00000258743.5,"12,30,60",3,0.2814457036,0.0014985015
ENST00000339474.9,ENSG00000176809.10,LRRC37A3,protein_coding,LRRC37A3-203,protein_coding,ENSP00000344298.5,"12,30,60",3,0.2798259008,0.004995005
ENST00000369301.3,ENSG00000196865.4,NHLRC2,protein_coding,NHLRC2-201,protein_coding,ENSP00000358307.3,"12,30,60",3,0.2778753104,0.007992008
ENST00000468890.1,ENSG00000196865.4,NHLRC2,protein_coding,NHLRC2-202,retained_intron,,"12,30,60",3,0.2778753104,0.007992008
ENST00000326291.11,ENSG00000083535.16,PIBF1,protein_coding,PIBF1-201,protein_coding,ENSP00000317144.6,"12,30,60",3,0.2773187015,0.001998002
ENST00000638125.1,ENSG00000108370.17,RGS9,protein_coding,RGS9-212,processed_transcript,,"12,30,60",3,0.2765574633,0.006993007
ENST00000527633.6,ENSG00000137502.10,RAB30,protein_coding,RAB30-205,protein_coding,ENSP00000435089.1,"12,30,60",3,0.2764030963,0.0034965035
ENST00000513458.9,ENSG00000153006.16,SREK1IP1,protein_coding,SREK1IP1-204,protein_coding,ENSP00000427401.3,"12,30,60",3,0.2762336512,0.0044955045
ENST00000375677.5,ENSG00000197183.14,NOL4L,protein_coding,NOL4L-204,protein_coding,ENSP00000364829.2,"12,30,60",3,0.2759866395,0.000999001
ENST00000406323.3,ENSG00000183579.16,ZNRF3,protein_coding,ZNRF3-202,protein_coding,ENSP00000384553.3,"12,30,60",3,0.2749285383,0.0134865135
ENST00000426654.6,ENSG00000102908.22,NFAT5,protein_coding,NFAT5-204,nonsense_mediated_decay,ENSP00000413126.2,"12,30,60",3,0.2747771962,0.0144855145
ENST00000368251.1,ENSG00000163467.12,TSACC,protein_coding,TSACC-201,protein_coding,ENSP00000357234.1,"12,30,60",3,0.2744415006,0.022977023
ENST00000266517.9,ENSG00000139163.16,ETNK1,protein_coding,ETNK1-201,protein_coding,ENSP00000266517.4,"12,30,60",3,0.2739646258,0.0024975025
ENST00000567520.5,ENSG00000213599.10,SLX1A-SULT1A3,lncRNA,SLX1A-SULT1A3-204,retained_intron,,"12,30,60",3,0.2739319915,0.0064935065
ENST00000555105.1,ENSG00000100815.12,TRIP11,protein_coding,TRIP11-203,processed_transcript,,"12,30,60",3,0.2738047598,0.002997003
ENST00000438264.5,ENSG00000065802.12,ASB1,protein_coding,ASB1-203,nonsense_mediated_decay,ENSP00000411773.1,"12,30,60",3,0.2737614326,0.002997003
ENST00000449726.6,ENSG00000106086.20,PLEKHA8,protein_coding,PLEKHA8-205,protein_coding,ENSP00000397947.1,"12,30,60",3,0.2728250453,0.004995005
ENST00000626810.1,ENSG00000280832.1,GSEC,lncRNA,GSEC-201,lncRNA,,"12,30,60",3,0.2724588893,0.002997003
ENST00000629441.1,ENSG00000280832.1,GSEC,lncRNA,GSEC-202,lncRNA,,"12,30,60",3,0.2724588893,0.002997003
ENST00000496253.1,ENSG00000135953.11,MFSD9,protein_coding,MFSD9-208,processed_transcript,,"12,30,60",3,0.2721065527,0.0084915085
ENST00000472613.3,ENSG00000162913.10,OBSCN-AS1,lncRNA,OBSCN-AS1-203,lncRNA,,"12,30,60",3,0.2715403762,0.016983017
ENST00000463472.1,ENSG00000177989.13,ODF3B,protein_coding,ODF3B-207,retained_intron,,"12,30,60",3,0.2710088015,0.008991009
ENST00000302188.8,ENSG00000171174.15,RBKS,protein_coding,RBKS-201,protein_coding,ENSP00000306817.3,"12,30,60",3,0.2707727009,0.014985015
ENST00000531147.1,ENSG00000166801.16,FAM111A,protein_coding,FAM111A-207,protein_coding,ENSP00000431631.1,"12,30,60",3,0.269099179,0.0214785215
ENST00000608423.1,ENSG00000179833.4,SERTAD2,protein_coding,SERTAD2-203,processed_transcript,,"12,30,60",3,0.268324556,0.0054945055
ENST00000374269.2,ENSG00000175087.10,PDIK1L,protein_coding,PDIK1L-201,protein_coding,ENSP00000363387.1,"12,30,60",3,0.2682837256,0.0184815185
ENST00000624931.1,ENSG00000165494.11,PCF11,protein_coding,PCF11-207,TEC,,"12,30,60",3,0.268280166,0.0
ENST00000513179.1,ENSG00000251580.3,LINC02482,lncRNA,LINC02482-201,lncRNA,,"12,30,60",3,0.2675817748,0.000999001
ENST00000438717.6,ENSG00000151422.13,FER,protein_coding,FER-202,protein_coding,ENSP00000394297.4,"12,30,60",3,0.2670995101,0.013986014
ENST00000543915.6,ENSG00000077238.14,IL4R,protein_coding,IL4R-203,protein_coding,ENSP00000441667.2,"12,30,60",3,0.2669370542,0.011988012
ENST00000554901.1,ENSG00000100596.7,SPTLC2,protein_coding,SPTLC2-203,protein_coding,ENSP00000452189.1,"12,30,60",3,0.2650967085,0.001998002
ENST00000366264.6,ENSG00000180385.8,EMC3-AS1,transcribed_unprocessed_pseudogene,EMC3-AS1-202,processed_transcript,,"12,30,60",3,0.2643641132,0.0084915085
ENST00000260599.10,ENSG00000138030.13,KHK,protein_coding,KHK-202,protein_coding,ENSP00000260599.6,"12,30,60",3,0.2641188694,0.008991009
ENST00000424669.6,ENSG00000115170.15,ACVR1,protein_coding,ACVR1-206,protein_coding,ENSP00000400767.2,"12,30,60",3,0.2638332965,0.006993007
ENST00000378953.8,ENSG00000197536.11,IRF1-AS1,lncRNA,IRF1-AS1-203,lncRNA,,"12,30,60",3,0.2638294562,0.0124875125
ENST00000373489.10,ENSG00000167081.18,PBX3,protein_coding,PBX3-204,protein_coding,ENSP00000362588.5,"12,30,60",3,0.2636656733,0.0054945055
ENST00000552000.2,ENSG00000120093.11,HOXB3,protein_coding,HOXB3-213,processed_transcript,,"12,30,60",3,0.2634263731,0.005994006
ENST00000264607.9,ENSG00000065802.12,ASB1,protein_coding,ASB1-201,protein_coding,ENSP00000264607.4,"12,30,60",3,0.2632572916,0.0034965035
ENST00000304886.6,ENSG00000132639.13,SNAP25,protein_coding,SNAP25-202,protein_coding,ENSP00000307341.2,"12,30,60",3,0.2632113509,0.0064935065
ENST00000560949.5,ENSG00000146373.16,RNF217,protein_coding,RNF217-211,protein_coding,ENSP00000452812.2,"12,30,60",3,0.2624703616,0.014985015
ENST00000478381.5,ENSG00000204152.13,TIMM23B,protein_coding,TIMM23B-201,nonsense_mediated_decay,ENSP00000502398.1,"12,30,60",3,0.2612903488,0.0084915085
ENST00000389286.9,ENSG00000166450.13,PRTG,protein_coding,PRTG-201,protein_coding,ENSP00000373937.4,"12,30,60",3,0.2602205182,0.0124875125
ENST00000528524.5,ENSG00000247137.9,AP000873.2,lncRNA,AP000873.2-203,lncRNA,,"12,30,60",3,0.2582093195,0.002997003
ENST00000372506.5,ENSG00000164011.18,ZNF691,protein_coding,ZNF691-204,protein_coding,ENSP00000361584.1,"12,30,60",3,0.2578618139,0.0034965035
ENST00000672415.1,ENSG00000184992.13,BRI3BP,protein_coding,BRI3BP-203,protein_coding,ENSP00000500359.1,"12,30,60",3,0.2570611691,0.000999001
ENST00000357422.2,ENSG00000183625.15,CCR3,protein_coding,CCR3-201,protein_coding,ENSP00000350003.2,"12,30,60",3,0.256971782,0.0084915085
ENST00000654224.1,ENSG00000188385.12,JAKMIP3,protein_coding,JAKMIP3-205,processed_transcript,,"12,30,60",3,0.2555716203,0.022977023
ENST00000467560.5,ENSG00000171953.16,ATPAF2,protein_coding,ATPAF2-204,retained_intron,,"12,30,60",3,0.2548761152,0.002997003
ENST00000532376.2,ENSG00000250305.9,TRMT9B,protein_coding,TRMT9B-209,protein_coding,ENSP00000431717.2,"12,30,60",3,0.2546193632,0.013986014
ENST00000258436.10,ENSG00000135953.11,MFSD9,protein_coding,MFSD9-201,protein_coding,ENSP00000258436.5,"12,30,60",3,0.2543714623,0.015984016
ENST00000637877.1,ENSG00000173727.12,AP000769.1,transcribed_unprocessed_pseudogene,AP000769.1-202,processed_transcript,,"12,30,60",3,0.2539148309,0.026973027
ENST00000266546.11,ENSG00000139182.15,CLSTN3,protein_coding,CLSTN3-201,protein_coding,ENSP00000266546.6,"12,30,60",3,0.2538276944,0.001998002
ENST00000582287.6,ENSG00000105655.19,ISYNA1,protein_coding,ISYNA1-209,retained_intron,,"12,30,60",3,0.253028746,0.0074925075
ENST00000421757.5,ENSG00000075420.13,FNDC3B,protein_coding,FNDC3B-204,protein_coding,ENSP00000408496.1,"12,30,60",3,0.2516219568,0.0104895105
ENST00000531296.1,ENSG00000126391.14,FRMD8,protein_coding,FRMD8-208,protein_coding,ENSP00000433479.1,"12,30,60",3,0.2515825682,0.0064935065
ENST00000458516.5,ENSG00000204599.14,TRIM39,protein_coding,TRIM39-211,protein_coding,ENSP00000405928.1,"12,30,60",3,0.2515526576,0.003996004
ENST00000464149.1,ENSG00000013619.14,MAMLD1,protein_coding,MAMLD1-206,retained_intron,,"12,30,60",3,0.2509279755,0.0084915085
ENST00000600004.1,ENSG00000099326.9,MZF1,protein_coding,MZF1-207,retained_intron,,"12,30,60",3,0.2504225979,0.004995005
ENST00000368885.8,ENSG00000123505.19,AMD1,protein_coding,AMD1-204,protein_coding,ENSP00000357880.3,"12,30,60",3,0.2503507951,0.0
ENST00000651192.1,ENSG00000164011.18,ZNF691,protein_coding,ZNF691-209,protein_coding,ENSP00000498913.1,"12,30,60",3,0.2502597447,0.0044955045
ENST00000296519.6,ENSG00000164118.13,CEP44,protein_coding,CEP44-201,protein_coding,ENSP00000296519.4,"12,30,60",3,0.250021643,0.0174825175
ENST00000496384.7,ENSG00000157764.14,BRAF,protein_coding,BRAF-204,protein_coding,ENSP00000419060.2,"12,30,60",3,0.2499618624,0.0124875125
ENST00000568300.6,ENSG00000174628.16,IQCK,protein_coding,IQCK-213,retained_intron,,"12,30,60",3,0.2489320114,0.0254745255
ENST00000334418.6,ENSG00000186166.9,CCDC84,protein_coding,CCDC84-201,protein_coding,ENSP00000334767.1,"12,30,60",3,0.2470021284,0.0014985015
ENST00000608478.1,ENSG00000138685.16,FGF2,protein_coding,FGF2-202,protein_coding,ENSP00000477134.1,"12,30,60",3,0.2451050831,0.0084915085
ENST00000436367.6,ENSG00000124788.19,ATXN1,protein_coding,ATXN1-202,protein_coding,ENSP00000416360.1,"12,30,60",3,0.2449942468,0.014985015
ENST00000373534.4,ENSG00000162526.7,TSSK3,protein_coding,TSSK3-201,protein_coding,ENSP00000362634.3,"12,30,60",3,0.2443245033,0.0284715285
ENST00000336125.6,ENSG00000185829.18,ARL17A,protein_coding,ARL17A-202,protein_coding,ENSP00000337478.6,"12,30,60",3,0.2442880061,0.003996004
ENST00000501748.3,ENSG00000183309.12,ZNF623,protein_coding,ZNF623-202,protein_coding,ENSP00000445979.1,"12,30,60",3,0.2437712779,0.0064935065
ENST00000506340.2,ENSG00000233937.7,CTC-338M12.4,lncRNA,CTC-338M12.4-203,lncRNA,,"12,30,60",3,0.2436421724,0.000999001
ENST00000431926.6,ENSG00000136485.15,DCAF7,protein_coding,DCAF7-202,nonsense_mediated_decay,ENSP00000402312.2,"12,30,60",3,0.2431690115,0.0004995005
ENST00000544573.5,ENSG00000092295.12,TGM1,protein_coding,TGM1-202,protein_coding,ENSP00000439446.1,"12,30,60",3,0.24238591,0.0304695305
ENST00000256682.9,ENSG00000134287.10,ARF3,protein_coding,ARF3-201,protein_coding,ENSP00000256682.4,"12,30,60",3,0.2416852476,0.0014985015
ENST00000292433.4,ENSG00000160888.7,IER2,protein_coding,IER2-201,protein_coding,ENSP00000292433.2,"12,30,60",3,0.241450092,0.0
ENST00000614556.5,ENSG00000136485.15,DCAF7,protein_coding,DCAF7-205,protein_coding,ENSP00000483236.1,"12,30,60",3,0.2411214197,0.0004995005
ENST00000366928.10,ENSG00000143353.12,LYPLAL1,protein_coding,LYPLAL1-202,protein_coding,ENSP00000355895.5,"12,30,60",3,0.2410576121,0.002997003
ENST00000296015.9,ENSG00000163728.11,TTC14,protein_coding,TTC14-201,protein_coding,ENSP00000296015.4,"12,30,60",3,0.240759792,0.0024975025
ENST00000446816.1,ENSG00000204685.7,STARD7-AS1,lncRNA,STARD7-AS1-202,lncRNA,,"12,30,60",3,0.240485506,0.0184815185
ENST00000261168.8,ENSG00000171681.12,ATF7IP,protein_coding,ATF7IP-201,protein_coding,ENSP00000261168.4,"12,30,60",3,0.2404743428,0.005994006
ENST00000395260.3,ENSG00000182010.11,RTKN2,protein_coding,RTKN2-203,protein_coding,ENSP00000378678.3,"12,30,60",3,0.2402515294,0.00999001
ENST00000505502.1,ENSG00000155893.13,PXYLP1,protein_coding,PXYLP1-206,processed_transcript,,"12,30,60",3,0.2399117794,0.0054945055
ENST00000367009.2,ENSG00000054392.13,HHAT,protein_coding,HHAT-202,protein_coding,ENSP00000355976.1,"12,30,60",3,0.2393742626,0.035964036
ENST00000588173.1,ENSG00000160888.7,IER2,protein_coding,IER2-203,protein_coding,ENSP00000465617.1,"12,30,60",3,0.239284861,0.0
ENST00000368869.8,ENSG00000196177.13,ACADSB,protein_coding,ACADSB-202,protein_coding,ENSP00000357862.4,"12,30,60",3,0.2391758779,0.013986014
ENST00000420195.1,ENSG00000224660.2,SH3BP5-AS1,lncRNA,SH3BP5-AS1-202,lncRNA,,"12,30,60",3,0.2390683904,0.0034965035
ENST00000602596.1,ENSG00000270049.3,AC009061.2,lncRNA,AC009061.2-202,lncRNA,,"12,30,60",3,0.2384297206,0.0124875125
ENST00000423156.2,ENSG00000151835.16,SACS,protein_coding,SACS-203,protein_coding,ENSP00000390925.2,"12,30,60",3,0.2381636061,0.013986014
ENST00000308742.9,ENSG00000175548.9,ALG10B,protein_coding,ALG10B-201,protein_coding,ENSP00000310120.4,"12,30,60",3,0.2379250239,0.002997003
ENST00000409947.5,ENSG00000169967.16,MAP3K2,protein_coding,MAP3K2-203,protein_coding,ENSP00000387246.1,"12,30,60",3,0.2375750172,0.001998002
ENST00000427704.6,ENSG00000112419.14,PHACTR2,protein_coding,PHACTR2-207,protein_coding,ENSP00000391763.2,"12,30,60",3,0.2374310156,0.0124875125
ENST00000644545.1,ENSG00000109323.11,MANBA,protein_coding,MANBA-209,nonsense_mediated_decay,ENSP00000493992.1,"12,30,60",3,0.2371702568,0.0064935065
ENST00000367113.5,ENSG00000078269.15,SYNJ2,protein_coding,SYNJ2-203,protein_coding,ENSP00000356080.4,"12,30,60",3,0.2369710734,0.010989011
ENST00000511747.6,ENSG00000087266.17,SH3BP2,protein_coding,SH3BP2-220,protein_coding,ENSP00000424846.2,"12,30,60",3,0.236902543,0.005994006
ENST00000675700.1,ENSG00000078114.19,NEBL,protein_coding,NEBL-220,processed_transcript,,"12,30,60",3,0.2365911018,0.017982018
ENST00000264235.13,ENSG00000082701.16,GSK3B,protein_coding,GSK3B-201,protein_coding,ENSP00000264235.9,"12,30,60",3,0.2360742835,0.000999001
ENST00000646311.1,ENSG00000109323.11,MANBA,protein_coding,MANBA-213,nonsense_mediated_decay,ENSP00000493465.1,"12,30,60",3,0.2355166968,0.000999001
ENST00000457542.7,ENSG00000137802.14,MAPKBP1,protein_coding,MAPKBP1-202,protein_coding,ENSP00000397570.2,"12,30,60",3,0.2354337333,0.010989011
ENST00000649234.1,ENSG00000093217.11,XYLB,protein_coding,XYLB-206,nonsense_mediated_decay,ENSP00000497023.1,"12,30,60",3,0.2352316272,0.025974026
ENST00000296135.11,ENSG00000163818.17,LZTFL1,protein_coding,LZTFL1-201,protein_coding,ENSP00000296135.6,"12,30,60",3,0.2351509213,0.004995005
ENST00000392993.7,ENSG00000175066.16,GK5,protein_coding,GK5-201,protein_coding,ENSP00000418001.1,"12,30,60",3,0.2350905477,0.0064935065
ENST00000415439.5,ENSG00000070950.10,RAD18,protein_coding,RAD18-203,nonsense_mediated_decay,ENSP00000402049.1,"12,30,60",3,0.2350415912,0.0014985015
ENST00000559630.1,ENSG00000103995.14,CEP152,protein_coding,CEP152-208,retained_intron,,"12,30,60",3,0.2345515948,0.0034965035
ENST00000507041.5,ENSG00000159788.19,RGS12,protein_coding,RGS12-212,retained_intron,,"12,30,60",3,0.2340857503,0.010989011
ENST00000373789.8,ENSG00000182010.11,RTKN2,protein_coding,RTKN2-202,protein_coding,ENSP00000362894.3,"12,30,60",3,0.2337502858,0.010989011
ENST00000243501.10,ENSG00000123739.11,PLA2G12A,protein_coding,PLA2G12A-201,protein_coding,ENSP00000243501.5,"12,30,60",3,0.2336241156,0.002997003
ENST00000596643.5,ENSG00000269439.6,AC010618.3,lncRNA,AC010618.3-201,lncRNA,,"12,30,60",3,0.233320429,0.010989011
ENST00000264926.7,ENSG00000070950.10,RAD18,protein_coding,RAD18-201,protein_coding,ENSP00000264926.2,"12,30,60",3,0.2330949248,0.004995005
ENST00000483378.1,ENSG00000178694.10,NSUN3,protein_coding,NSUN3-206,nonsense_mediated_decay,ENSP00000419297.1,"12,30,60",3,0.2327208379,0.0104895105
ENST00000398075.4,ENSG00000214309.5,MBLAC1,protein_coding,MBLAC1-201,protein_coding,ENSP00000381150.2,"12,30,60",3,0.2325699611,0.0154845155
ENST00000421390.1,ENSG00000214309.5,MBLAC1,protein_coding,MBLAC1-202,protein_coding,ENSP00000406055.1,"12,30,60",3,0.2325699611,0.0154845155
ENST00000484945.5,ENSG00000244026.6,FAM86DP,transcribed_unprocessed_pseudogene,FAM86DP-204,processed_transcript,,"12,30,60",3,0.2325448705,0.0234765235
ENST00000673720.1,ENSG00000288558.2,DUS4L-BCAP29,protein_coding,DUS4L-BCAP29-205,protein_coding,ENSP00000501003.1,"12,30,60",3,0.232450423,0.018981019
ENST00000527950.5,ENSG00000109846.9,CRYAB,protein_coding,CRYAB-207,protein_coding,ENSP00000437149.1,"12,30,60",3,0.2319120007,0.0104895105
ENST00000242810.11,ENSG00000114796.16,KLHL24,protein_coding,KLHL24-201,protein_coding,ENSP00000242810.6,"12,30,60",3,0.2310990761,0.00999001
ENST00000513376.5,ENSG00000157426.14,AASDH,protein_coding,AASDH-207,protein_coding,ENSP00000423760.1,"12,30,60",3,0.2304671404,0.015984016
ENST00000595358.5,ENSG00000104983.8,CCDC61,protein_coding,CCDC61-204,protein_coding,ENSP00000471454.1,"12,30,60",3,0.2303504858,0.0204795205
ENST00000530859.1,ENSG00000149308.17,NPAT,protein_coding,NPAT-203,retained_intron,,"12,30,60",3,0.2299694484,0.0114885115
ENST00000488770.1,ENSG00000050393.11,MCUR1,protein_coding,MCUR1-202,nonsense_mediated_decay,ENSP00000476162.1,"12,30,60",3,0.2295947134,0.001998002
ENST00000545763.5,ENSG00000174197.16,MGA,protein_coding,MGA-202,protein_coding,ENSP00000442467.1,"12,30,60",3,0.2295757187,0.0044955045
ENST00000324679.5,ENSG00000151748.15,SAV1,protein_coding,SAV1-201,protein_coding,ENSP00000324729.4,"12,30,60",3,0.2291856918,0.0064935065
ENST00000492394.5,ENSG00000163848.20,ZNF148,protein_coding,ZNF148-207,protein_coding,ENSP00000419322.1,"12,30,60",3,0.2291502276,0.0034965035
ENST00000406870.7,ENSG00000113916.18,BCL6,protein_coding,BCL6-202,protein_coding,ENSP00000384371.2,"12,30,60",3,0.2289891851,0.002997003
ENST00000400075.3,ENSG00000154727.10,GABPA,protein_coding,GABPA-202,protein_coding,ENSP00000382948.3,"12,30,60",3,0.2287353551,0.0074925075
ENST00000375076.9,ENSG00000204305.14,AGER,protein_coding,AGER-207,protein_coding,ENSP00000364217.4,"12,30,60",3,0.228614578,0.017982018
ENST00000480824.7,ENSG00000198663.17,C6orf89,protein_coding,C6orf89-204,protein_coding,ENSP00000475947.1,"12,30,60",3,0.2282010281,0.0004995005
ENST00000617325.1,ENSG00000136152.15,COG3,protein_coding,COG3-205,processed_transcript,,"12,30,60",3,0.2281422971,0.003996004
ENST00000464848.5,ENSG00000105948.13,TTC26,protein_coding,TTC26-203,protein_coding,ENSP00000419279.1,"12,30,60",3,0.2279434719,0.0114885115
ENST00000450199.1,ENSG00000225855.7,RUSC1-AS1,lncRNA,RUSC1-AS1-203,lncRNA,,"12,30,60",3,0.227760232,0.003996004
ENST00000360697.4,ENSG00000197381.16,ADARB1,protein_coding,ADARB1-202,protein_coding,ENSP00000353920.3,"12,30,60",3,0.2276347592,0.001998002
ENST00000261192.12,ENSG00000060982.15,BCAT1,protein_coding,BCAT1-201,protein_coding,ENSP00000261192.7,"12,30,60",3,0.2275113683,0.0
ENST00000380617.7,ENSG00000102781.14,KATNAL1,protein_coding,KATNAL1-202,protein_coding,ENSP00000369991.3,"12,30,60",3,0.2274025046,0.005994006
ENST00000465590.1,ENSG00000136603.14,SKIL,protein_coding,SKIL-205,processed_transcript,,"12,30,60",3,0.2273909378,0.005994006
ENST00000473385.1,ENSG00000082512.15,TRAF5,protein_coding,TRAF5-205,processed_transcript,,"12,30,60",3,0.226668868,0.0044955045
ENST00000510910.1,ENSG00000063438.18,AHRR,protein_coding,AHRR-205,retained_intron,,"12,30,60",3,0.2264101856,0.008991009
ENST00000617672.1,ENSG00000175221.15,MED16,protein_coding,MED16-213,protein_coding,ENSP00000483533.1,"12,30,60",3,0.2259216777,0.0044955045
ENST00000326391.6,ENSG00000272655.2,POLR2J4,transcribed_unprocessed_pseudogene,POLR2J4-203,processed_transcript,,"12,30,60",3,0.2257284382,0.0014985015
ENST00000418424.2,ENSG00000272655.2,POLR2J4,transcribed_unprocessed_pseudogene,POLR2J4-204,transcribed_unprocessed_pseudogene,,"12,30,60",3,0.2257284382,0.0014985015
ENST00000591046.1,ENSG00000171443.7,ZNF524,protein_coding,ZNF524-203,protein_coding,ENSP00000466907.1,"12,30,60",3,0.2254649103,0.004995005
ENST00000517614.1,ENSG00000175606.11,TMEM70,protein_coding,TMEM70-204,retained_intron,,"12,30,60",3,0.2254545167,0.000999001
ENST00000502772.1,ENSG00000123739.11,PLA2G12A,protein_coding,PLA2G12A-203,processed_transcript,,"12,30,60",3,0.2253149194,0.003996004
ENST00000566851.5,ENSG00000182841.12,RRP7BP,transcribed_unprocessed_pseudogene,RRP7BP-205,transcribed_unprocessed_pseudogene,,"12,30,60",3,0.2252144617,0.0014985015
ENST00000562765.5,ENSG00000198794.12,SCAMP5,protein_coding,SCAMP5-205,nonsense_mediated_decay,ENSP00000455598.1,"12,30,60",3,0.22454044,0.0174825175
ENST00000356489.9,ENSG00000083123.15,BCKDHB,protein_coding,BCKDHB-202,protein_coding,ENSP00000348880.5,"12,30,60",3,0.2243214846,0.007992008
ENST00000401061.9,ENSG00000132763.15,MMACHC,protein_coding,MMACHC-201,protein_coding,ENSP00000383840.4,"12,30,60",3,0.2237735226,0.0054945055
ENST00000616135.1,ENSG00000132763.15,MMACHC,protein_coding,MMACHC-203,protein_coding,ENSP00000478859.1,"12,30,60",3,0.2237735226,0.0054945055
ENST00000315212.4,ENSG00000171865.10,RNASEH1,protein_coding,RNASEH1-201,protein_coding,ENSP00000313350.3,"12,30,60",3,0.2236497966,0.0004995005
ENST00000231004.5,ENSG00000113083.14,LOX,protein_coding,LOX-201,protein_coding,ENSP00000231004.4,"12,30,60",3,0.2230412825,0.0114885115
ENST00000543656.2,ENSG00000225855.7,RUSC1-AS1,lncRNA,RUSC1-AS1-204,lncRNA,,"12,30,60",3,0.2228826555,0.007992008
ENST00000647650.1,ENSG00000168216.13,LMBRD1,protein_coding,LMBRD1-203,nonsense_mediated_decay,ENSP00000497808.1,"12,30,60",3,0.2228782399,0.0054945055
ENST00000615991.1,ENSG00000174206.13,C12orf66,protein_coding,C12orf66-205,processed_transcript,,"12,30,60",3,0.2227567705,0.0064935065
ENST00000649520.1,ENSG00000132535.21,DLG4,protein_coding,DLG4-221,protein_coding,ENSP00000497647.1,"12,30,60",3,0.2226455164,0.0054945055
ENST00000419314.5,ENSG00000234585.6,CCT6P3,transcribed_unprocessed_pseudogene,CCT6P3-201,retained_intron,,"12,30,60",3,0.2217409352,0.025974026
ENST00000671876.2,ENSG00000173214.7,MFSD4B,protein_coding,MFSD4B-208,protein_coding,ENSP00000500934.1,"12,30,60",3,0.2217226759,0.0214785215
ENST00000379170.8,ENSG00000050393.11,MCUR1,protein_coding,MCUR1-201,protein_coding,ENSP00000368468.3,"12,30,60",3,0.2216901478,0.001998002
ENST00000446273.1,ENSG00000100354.21,TNRC6B,protein_coding,TNRC6B-205,protein_coding,ENSP00000409429.1,"12,30,60",3,0.2214868505,0.033966034
ENST00000495198.6,ENSG00000153006.16,SREK1IP1,protein_coding,SREK1IP1-201,retained_intron,,"12,30,60",3,0.2214643778,0.0124875125
ENST00000315994.6,ENSG00000107957.16,SH3PXD2A,protein_coding,SH3PXD2A-201,processed_transcript,,"12,30,60",3,0.2210406686,0.004995005
ENST00000369774.8,ENSG00000107957.16,SH3PXD2A,protein_coding,SH3PXD2A-203,protein_coding,ENSP00000358789.4,"12,30,60",3,0.2210406686,0.003996004
ENST00000354179.8,ENSG00000165671.21,NSD1,protein_coding,NSD1-202,protein_coding,ENSP00000346111.4,"12,30,60",3,0.2210362019,0.002997003
ENST00000263095.10,ENSG00000083844.10,ZNF264,protein_coding,ZNF264-201,protein_coding,ENSP00000263095.5,"12,30,60",3,0.2208495569,0.0144855145
ENST00000615939.1,ENSG00000269439.6,AC010618.3,lncRNA,AC010618.3-204,lncRNA,,"12,30,60",3,0.2203260356,0.0104895105
ENST00000507731.1,ENSG00000163257.11,DCAF16,protein_coding,DCAF16-202,processed_transcript,,"12,30,60",3,0.2198239084,0.0014985015
ENST00000496267.1,ENSG00000162819.12,BROX,protein_coding,BROX-206,processed_transcript,,"12,30,60",3,0.2192962246,0.002997003
ENST00000305997.8,ENSG00000143797.12,MBOAT2,protein_coding,MBOAT2-201,protein_coding,ENSP00000302177.3,"12,30,60",3,0.219200676,0.0034965035
ENST00000447632.6,ENSG00000085831.15,TTC39A,protein_coding,TTC39A-212,protein_coding,ENSP00000393952.2,"12,30,60",3,0.2188043838,0.025974026
ENST00000261464.10,ENSG00000082512.15,TRAF5,protein_coding,TRAF5-201,protein_coding,ENSP00000261464.5,"12,30,60",3,0.2187552805,0.0054945055
ENST00000497393.1,ENSG00000153767.10,GTF2E1,protein_coding,GTF2E1-205,retained_intron,,"12,30,60",3,0.2185910311,0.0054945055
ENST00000358776.7,ENSG00000196177.13,ACADSB,protein_coding,ACADSB-201,protein_coding,ENSP00000357873.3,"12,30,60",3,0.2184650969,0.020979021
ENST00000238875.10,ENSG00000119862.13,LGALSL,protein_coding,LGALSL-201,protein_coding,ENSP00000238875.4,"12,30,60",3,0.2180719931,0.003996004
ENST00000539277.6,ENSG00000133687.16,TMTC1,protein_coding,TMTC1-203,protein_coding,ENSP00000442046.1,"12,30,60",3,0.2177350532,0.001998002
ENST00000381551.8,ENSG00000100311.17,PDGFB,protein_coding,PDGFB-202,protein_coding,ENSP00000370963.4,"12,30,60",3,0.2174195185,0.0134865135
ENST00000409179.2,ENSG00000169967.16,MAP3K2,protein_coding,MAP3K2-202,protein_coding,ENSP00000386313.2,"12,30,60",3,0.2173815023,0.002997003
ENST00000359593.9,ENSG00000221838.10,AP4M1,protein_coding,AP4M1-201,protein_coding,ENSP00000352603.4,"12,30,60",3,0.217318792,0.0034965035
ENST00000288111.12,ENSG00000157379.14,DHRS1,protein_coding,DHRS1-201,protein_coding,ENSP00000288111.7,"12,30,60",3,0.2170233025,0.0034965035
ENST00000368131.8,ENSG00000163565.18,IFI16,protein_coding,IFI16-204,protein_coding,ENSP00000357113.4,"12,30,60",3,0.2168712677,0.0394605395
ENST00000416848.6,ENSG00000129317.14,PUS7L,protein_coding,PUS7L-202,protein_coding,ENSP00000415899.2,"12,30,60",3,0.2162084363,0.025974026
ENST00000354828.7,ENSG00000154727.10,GABPA,protein_coding,GABPA-201,protein_coding,ENSP00000346886.3,"12,30,60",3,0.2158325984,0.0094905095
ENST00000538786.1,ENSG00000184743.13,ATL3,protein_coding,ATL3-203,protein_coding,ENSP00000437593.1,"12,30,60",3,0.215432618,0.000999001
ENST00000632089.1,ENSG00000282458.1,WASH5P,transcribed_processed_pseudogene,WASH5P-203,processed_transcript,,"12,30,60",3,0.2146080102,0.0054945055
ENST00000546123.2,ENSG00000181873.13,IBA57,protein_coding,IBA57-203,processed_transcript,,"12,30,60",3,0.2140348344,0.011988012
ENST00000426828.5,ENSG00000234585.6,CCT6P3,transcribed_unprocessed_pseudogene,CCT6P3-202,processed_transcript,,"12,30,60",3,0.2139008767,0.026973027
ENST00000389063.3,ENSG00000172795.17,DCP2,protein_coding,DCP2-201,protein_coding,ENSP00000373715.2,"12,30,60",3,0.2137493583,0.0034965035
ENST00000436842.5,ENSG00000171865.10,RNASEH1,protein_coding,RNASEH1-202,nonsense_mediated_decay,ENSP00000404926.1,"12,30,60",3,0.2134030192,0.0004995005
ENST00000341170.5,ENSG00000136925.15,TSTD2,protein_coding,TSTD2-201,protein_coding,ENSP00000342499.4,"12,30,60",3,0.2133474492,0.017982018
ENST00000586834.1,ENSG00000141664.10,ZCCHC2,protein_coding,ZCCHC2-204,protein_coding,ENSP00000464791.1,"12,30,60",3,0.2130580972,0.010989011
ENST00000411866.5,ENSG00000163818.17,LZTFL1,protein_coding,LZTFL1-202,nonsense_mediated_decay,ENSP00000397589.1,"12,30,60",3,0.2130531079,0.0114885115
ENST00000262384.4,ENSG00000102921.8,N4BP1,protein_coding,N4BP1-201,protein_coding,ENSP00000262384.3,"12,30,60",3,0.2130490742,0.004995005
ENST00000340934.10,ENSG00000162819.12,BROX,protein_coding,BROX-201,protein_coding,ENSP00000343742.5,"12,30,60",3,0.213024373,0.002997003
ENST00000474317.1,ENSG00000182957.16,SPATA13,protein_coding,SPATA13-210,processed_transcript,,"12,30,60",3,0.212753225,0.032967033
ENST00000403491.8,ENSG00000162599.17,NFIA,protein_coding,NFIA-207,protein_coding,ENSP00000384523.3,"12,30,60",3,0.2126194529,0.016983017
ENST00000298571.6,ENSG00000165714.11,BORCS5,protein_coding,BORCS5-201,protein_coding,ENSP00000298571.6,"12,30,60",3,0.2125594566,0.0054945055
ENST00000623989.3,ENSG00000278903.3,CU633906.2,lncRNA,CU633906.2-203,lncRNA,,"12,30,60",3,0.2125251129,0.0074925075
ENST00000650344.1,ENSG00000082701.16,GSK3B,protein_coding,GSK3B-205,protein_coding,ENSP00000497956.1,"12,30,60",3,0.2122246667,0.0014985015
ENST00000366711.4,ENSG00000181873.13,IBA57,protein_coding,IBA57-201,protein_coding,ENSP00000355672.3,"12,30,60",3,0.2121034811,0.0124875125
ENST00000368660.1,ENSG00000143554.14,SLC27A3,protein_coding,SLC27A3-203,retained_intron,,"12,30,60",3,0.2118871853,0.007992008
ENST00000378319.8,ENSG00000136147.18,PHF11,protein_coding,PHF11-202,protein_coding,ENSP00000367570.3,"12,30,60",3,0.2116069149,0.0124875125
ENST00000566204.1,ENSG00000167523.13,SPATA33,protein_coding,SPATA33-205,protein_coding,ENSP00000461933.1,"12,30,60",3,0.2104428997,0.003996004
ENST00000513710.3,ENSG00000134987.11,WDR36,protein_coding,WDR36-204,protein_coding,ENSP00000424628.3,"12,30,60",3,0.2100216222,0.0014985015
ENST00000434821.7,ENSG00000115170.15,ACVR1,protein_coding,ACVR1-207,protein_coding,ENSP00000405004.1,"12,30,60",3,0.209349015,0.0114885115
ENST00000416193.5,ENSG00000226419.8,SLC16A1-AS1,lncRNA,SLC16A1-AS1-202,lncRNA,,"12,30,60",3,0.2092967585,0.0084915085
ENST00000163678.11,ENSG00000067365.15,METTL22,protein_coding,METTL22-201,nonsense_mediated_decay,ENSP00000163678.6,"12,30,60",3,0.2091536143,0.0034965035
ENST00000316757.4,ENSG00000011132.12,APBA3,protein_coding,APBA3-201,protein_coding,ENSP00000315136.2,"12,30,60",3,0.2087472417,0.002997003
ENST00000400159.6,ENSG00000215375.6,MYL5,protein_coding,MYL5-201,protein_coding,ENSP00000383023.2,"12,30,60",3,0.2083456338,0.0124875125
ENST00000216513.5,ENSG00000100625.9,SIX4,protein_coding,SIX4-201,protein_coding,ENSP00000216513.4,"12,30,60",3,0.2081771144,0.031968032
ENST00000358871.6,ENSG00000112561.18,TFEB,protein_coding,TFEB-203,protein_coding,ENSP00000351742.2,"12,30,60",3,0.2070334378,0.0154845155
ENST00000454348.1,ENSG00000231064.7,AC234582.1,lncRNA,AC234582.1-202,lncRNA,,"12,30,60",3,0.2068551552,0.01998002
ENST00000600535.1,ENSG00000160352.16,ZNF714,protein_coding,ZNF714-204,processed_transcript,,"12,30,60",3,0.2066922177,0.0104895105
ENST00000280876.6,ENSG00000151233.11,GXYLT1,protein_coding,GXYLT1-201,protein_coding,ENSP00000280876.6,"12,30,60",3,0.2066785843,0.0094905095
ENST00000398675.8,ENSG00000151233.11,GXYLT1,protein_coding,GXYLT1-202,protein_coding,ENSP00000381666.3,"12,30,60",3,0.2066785843,0.0094905095
ENST00000531632.6,ENSG00000176148.16,TCP11L1,protein_coding,TCP11L1-209,protein_coding,ENSP00000433067.1,"12,30,60",3,0.2061480888,0.004995005
ENST00000569874.2,ENSG00000162065.14,TBC1D24,protein_coding,TBC1D24-205,nonsense_mediated_decay,ENSP00000455005.2,"12,30,60",3,0.2057189957,0.030969031
ENST00000262238.10,ENSG00000100811.14,YY1,protein_coding,YY1-201,protein_coding,ENSP00000262238.4,"12,30,60",3,0.205482462,0.000999001
ENST00000520577.1,ENSG00000105808.18,RASA4,protein_coding,RASA4-208,retained_intron,,"12,30,60",3,0.2044467411,0.0274725275
ENST00000380615.8,ENSG00000102781.14,KATNAL1,protein_coding,KATNAL1-201,protein_coding,ENSP00000369989.3,"12,30,60",3,0.204278741,0.00999001
ENST00000298746.5,ENSG00000165832.6,TRUB1,protein_coding,TRUB1-201,protein_coding,ENSP00000298746.3,"12,30,60",3,0.2041436418,0.0054945055
ENST00000485065.1,ENSG00000165832.6,TRUB1,protein_coding,TRUB1-202,processed_transcript,,"12,30,60",3,0.2041436418,0.0054945055
ENST00000544260.3,ENSG00000129422.14,MTUS1,protein_coding,MTUS1-228,protein_coding,ENSP00000445738.1,"12,30,60",3,0.2041094753,0.00999001
ENST00000411767.7,ENSG00000163629.13,PTPN13,protein_coding,PTPN13-202,protein_coding,ENSP00000407249.2,"12,30,60",3,0.2035673365,0.015984016
ENST00000398559.7,ENSG00000144747.17,TMF1,protein_coding,TMF1-201,protein_coding,ENSP00000381567.2,"12,30,60",3,0.203379246,0.0124875125
ENST00000515205.1,ENSG00000251580.3,LINC02482,lncRNA,LINC02482-202,lncRNA,,"12,30,60",3,0.2030336868,0.0074925075
ENST00000258530.8,ENSG00000136044.12,APPL2,protein_coding,APPL2-201,protein_coding,ENSP00000258530.3,"12,30,60",3,0.203020137,0.00999001
ENST00000359232.8,ENSG00000197119.13,SLC25A29,protein_coding,SLC25A29-201,protein_coding,ENSP00000352167.3,"12,30,60",3,0.2029009051,0.0014985015
ENST00000411416.6,ENSG00000145287.11,PLAC8,protein_coding,PLAC8-202,protein_coding,ENSP00000412230.2,"12,30,60",3,0.2027731931,0.011988012
ENST00000445196.5,ENSG00000133247.14,KMT5C,protein_coding,KMT5C-203,nonsense_mediated_decay,ENSP00000397296.1,"12,30,60",3,0.2025809269,0.0014985015
ENST00000543621.6,ENSG00000107554.17,DNMBP,protein_coding,DNMBP-203,protein_coding,ENSP00000443657.2,"12,30,60",3,0.2025445805,0.024975025
ENST00000504961.1,ENSG00000172795.17,DCP2,protein_coding,DCP2-203,processed_transcript,,"12,30,60",3,0.2025069222,0.006993007
ENST00000319357.6,ENSG00000164543.7,STK17A,protein_coding,STK17A-201,protein_coding,ENSP00000319192.5,"12,30,60",3,0.2022985236,0.003996004
ENST00000301073.4,ENSG00000171443.7,ZNF524,protein_coding,ZNF524-201,protein_coding,ENSP00000301073.2,"12,30,60",3,0.2020408642,0.0064935065
ENST00000544726.2,ENSG00000076555.15,ACACB,protein_coding,ACACB-214,protein_coding,ENSP00000474680.1,"12,30,60",3,0.2019925374,0.014985015
ENST00000658963.1,ENSG00000227388.3,AL133410.1,lncRNA,AL133410.1-205,lncRNA,,"12,30,60",3,0.2019267953,0.032967033
ENST00000407439.7,ENSG00000020922.13,MRE11,protein_coding,MRE11-204,protein_coding,ENSP00000385614.3,"12,30,60",3,0.2018328307,0.0024975025
ENST00000382043.8,ENSG00000100503.25,NIN,protein_coding,NIN-204,protein_coding,ENSP00000371474.4,"12,30,60",3,0.2017963852,0.011988012
ENST00000550411.5,ENSG00000094916.16,CBX5,protein_coding,CBX5-204,protein_coding,ENSP00000449207.1,"12,30,60",3,0.2012739222,0.0004995005
ENST00000478794.5,ENSG00000143353.12,LYPLAL1,protein_coding,LYPLAL1-209,processed_transcript,,"12,30,60",3,0.2009729405,0.0084915085
ENST00000376935.4,ENSG00000224531.6,SMIM13,protein_coding,SMIM13-201,nonsense_mediated_decay,ENSP00000452219.1,"12,30,60",3,0.2004616505,0.0024975025
ENST00000416247.4,ENSG00000224531.6,SMIM13,protein_coding,SMIM13-202,protein_coding,ENSP00000451866.1,"12,30,60",3,0.2004616505,0.0024975025
ENST00000421755.5,ENSG00000221838.10,AP4M1,protein_coding,AP4M1-204,protein_coding,ENSP00000412185.1,"12,30,60",3,0.2001017526,0.005994006
ENST00000623738.3,ENSG00000278903.3,CU633906.2,lncRNA,CU633906.2-202,lncRNA,,"12,30,60",3,0.2000751029,0.0114885115
ENST00000598016.5,ENSG00000198464.14,ZNF480,protein_coding,ZNF480-206,protein_coding,ENSP00000473023.1,"12,30,60",3,0.1998126198,0.011988012
ENST00000215057.7,ENSG00000099326.9,MZF1,protein_coding,MZF1-201,protein_coding,ENSP00000215057.1,"12,30,60",3,0.199599452,0.005994006
ENST00000378896.7,ENSG00000125885.13,MCM8,protein_coding,MCM8-204,protein_coding,ENSP00000368174.3,"12,30,60",3,0.1995354114,0.0044955045
ENST00000512067.5,ENSG00000250337.7,PURPL,lncRNA,PURPL-204,lncRNA,,"12,30,60",3,0.1994594434,0.0204795205
ENST00000651386.1,ENSG00000185129.8,PURA,protein_coding,PURA-204,protein_coding,ENSP00000499133.1,"12,30,60",3,0.1993226587,0.0074925075
ENST00000591365.1,ENSG00000267121.6,AC008105.3,lncRNA,AC008105.3-203,lncRNA,,"12,30,60",3,0.1990957705,0.024975025
ENST00000525925.1,ENSG00000174165.8,ZDHHC24,protein_coding,ZDHHC24-202,processed_transcript,,"12,30,60",3,0.1990888469,0.0064935065
ENST00000382151.6,ENSG00000241878.11,PISD,protein_coding,PISD-202,protein_coding,ENSP00000371586.2,"12,30,60",3,0.1990287064,0.002997003
ENST00000264827.9,ENSG00000095066.11,HOOK2,protein_coding,HOOK2-201,protein_coding,ENSP00000264827.4,"12,30,60",3,0.1989173529,0.0094905095
ENST00000569418.5,ENSG00000083799.18,CYLD,protein_coding,CYLD-214,protein_coding,ENSP00000457576.1,"12,30,60",3,0.1988045576,0.007992008
ENST00000477248.1,ENSG00000116497.18,S100PBP,protein_coding,S100PBP-206,processed_transcript,,"12,30,60",3,0.1987325726,0.0054945055
ENST00000535291.5,ENSG00000198598.6,MMP17,protein_coding,MMP17-206,protein_coding,ENSP00000441106.1,"12,30,60",3,0.198588259,0.0144855145
ENST00000496011.6,ENSG00000182484.15,WASH6P,transcribed_unprocessed_pseudogene,WASH6P-214,processed_transcript,,"12,30,60",3,0.1984298535,0.0044955045
ENST00000526600.1,ENSG00000187079.19,TEAD1,protein_coding,TEAD1-203,protein_coding,ENSP00000435393.1,"12,30,60",3,0.1982862808,0.002997003
ENST00000327671.10,ENSG00000172728.16,FUT10,protein_coding,FUT10-201,protein_coding,ENSP00000332757.5,"12,30,60",3,0.1981076884,0.027972028
ENST00000666013.1,ENSG00000246859.3,STARD4-AS1,lncRNA,STARD4-AS1-204,lncRNA,,"12,30,60",3,0.1976974143,0.007992008
ENST00000355585.9,ENSG00000078269.15,SYNJ2,protein_coding,SYNJ2-201,protein_coding,ENSP00000347792.4,"12,30,60",3,0.1971517427,0.0204795205
ENST00000389709.8,ENSG00000070476.15,ZXDC,protein_coding,ZXDC-202,protein_coding,ENSP00000374359.3,"12,30,60",3,0.19689756,0.007992008
ENST00000527116.5,ENSG00000120451.10,SNX19,protein_coding,SNX19-205,retained_intron,,"12,30,60",3,0.1964937309,0.011988012
ENST00000648179.1,ENSG00000196715.7,VKORC1L1,protein_coding,VKORC1L1-203,protein_coding,ENSP00000497394.1,"12,30,60",3,0.1963420167,0.004995005
ENST00000393047.8,ENSG00000150776.18,NKAPD1,protein_coding,NKAPD1-202,protein_coding,ENSP00000376767.3,"12,30,60",3,0.1961879402,0.004995005
ENST00000555166.5,ENSG00000139977.14,NAA30,protein_coding,NAA30-203,protein_coding,ENSP00000450939.1,"12,30,60",3,0.1956000836,0.0214785215
ENST00000609386.1,ENSG00000119906.13,SLF2,protein_coding,SLF2-205,protein_coding,ENSP00000476379.1,"12,30,60",3,0.1950769726,0.0094905095
ENST00000393238.7,ENSG00000172765.17,TMCC1,protein_coding,TMCC1-201,protein_coding,ENSP00000376930.3,"12,30,60",3,0.1948608858,0.0164835165
ENST00000367446.7,ENSG00000116747.13,RO60,protein_coding,RO60-205,protein_coding,ENSP00000356416.3,"12,30,60",3,0.1943750399,0.005994006
ENST00000669422.1,ENSG00000235437.8,LINC01278,lncRNA,LINC01278-232,lncRNA,,"12,30,60",3,0.1940128,0.004995005
ENST00000323929.8,ENSG00000020922.13,MRE11,protein_coding,MRE11-201,protein_coding,ENSP00000325863.4,"12,30,60",3,0.1939488702,0.0034965035
ENST00000313871.9_PAR_Y,ENSG00000197976.12_PAR_Y,AKAP17A,protein_coding,AKAP17A-201,protein_coding,ENSP00000324827.3,"12,30,60",3,0.192779025,0.008991009
ENST00000316985.7,ENSG00000147548.17,NSD3,protein_coding,NSD3-201,protein_coding,ENSP00000313410.3,"12,30,60",3,0.1927384316,0.007992008
ENST00000174618.5,ENSG00000070444.15,MNT,protein_coding,MNT-201,protein_coding,ENSP00000174618.4,"12,30,60",3,0.1926905258,0.0094905095
ENST00000311915.12,ENSG00000174206.13,C12orf66,protein_coding,C12orf66-201,protein_coding,ENSP00000311486.8,"12,30,60",3,0.1925814332,0.0094905095
ENST00000485135.1,ENSG00000163472.19,TMEM79,protein_coding,TMEM79-206,processed_transcript,,"12,30,60",3,0.1923544817,0.003996004
ENST00000557616.5,ENSG00000165795.23,NDRG2,protein_coding,NDRG2-273,nonsense_mediated_decay,ENSP00000451414.1,"12,30,60",3,0.1922716658,0.004995005
ENST00000412516.7,ENSG00000169084.15,DHRSX,protein_coding,DHRSX-202,protein_coding,ENSP00000391778.2,"12,30,60",3,0.1915530886,0.004995005
ENST00000522468.1,ENSG00000147421.18,HMBOX1,protein_coding,HMBOX1-209,nonsense_mediated_decay,ENSP00000429854.1,"12,30,60",3,0.1913944791,0.0204795205
ENST00000269033.7,ENSG00000141298.19,SSH2,protein_coding,SSH2-201,protein_coding,ENSP00000269033.3,"12,30,60",3,0.1910317487,0.008991009
ENST00000619314.1,ENSG00000244879.8,GABPB1-AS1,lncRNA,GABPB1-AS1-206,lncRNA,,"12,30,60",3,0.1906740755,0.004995005
ENST00000367108.7,ENSG00000143479.17,DYRK3,protein_coding,DYRK3-202,protein_coding,ENSP00000356075.3,"12,30,60",3,0.1906549039,0.0144855145
ENST00000300056.8,ENSG00000166821.9,PEX11A,protein_coding,PEX11A-201,protein_coding,ENSP00000300056.3,"12,30,60",3,0.1898583828,0.0184815185
ENST00000415244.1,ENSG00000228109.1,MELTF-AS1,lncRNA,MELTF-AS1-202,lncRNA,,"12,30,60",3,0.1897686766,0.0204795205
ENST00000653508.1,ENSG00000212719.13,LINC02693,lncRNA,LINC02693-213,lncRNA,,"12,30,60",3,0.1895705545,0.0104895105
ENST00000559718.1,ENSG00000140455.17,USP3,protein_coding,USP3-214,retained_intron,,"12,30,60",3,0.1894434166,0.0044955045
ENST00000326237.3,ENSG00000180385.8,EMC3-AS1,transcribed_unprocessed_pseudogene,EMC3-AS1-201,processed_transcript,,"12,30,60",3,0.1893335181,0.01998002
ENST00000522663.5,ENSG00000161010.15,MRNIP,protein_coding,MRNIP-219,nonsense_mediated_decay,ENSP00000429835.1,"12,30,60",3,0.189064222,0.0004995005
ENST00000351989.8,ENSG00000128191.16,DGCR8,protein_coding,DGCR8-201,protein_coding,ENSP00000263209.3,"12,30,60",3,0.1890103035,0.008991009
ENST00000327827.12,ENSG00000182831.12,C16orf72,protein_coding,C16orf72-201,protein_coding,ENSP00000331720.7,"12,30,60",3,0.1887634651,0.0124875125
ENST00000574285.2,ENSG00000182831.12,C16orf72,protein_coding,C16orf72-202,protein_coding,ENSP00000484249.1,"12,30,60",3,0.1887634651,0.0124875125
ENST00000458605.5,ENSG00000182841.12,RRP7BP,transcribed_unprocessed_pseudogene,RRP7BP-204,processed_transcript,,"12,30,60",3,0.1886820989,0.001998002
ENST00000233057.9,ENSG00000055332.18,EIF2AK2,protein_coding,EIF2AK2-201,protein_coding,ENSP00000233057.4,"12,30,60",3,0.1884162929,0.0024975025
ENST00000336873.9,ENSG00000100099.21,HPS4,protein_coding,HPS4-201,protein_coding,ENSP00000338457.5,"12,30,60",3,0.1883026556,0.011988012
ENST00000334274.9,ENSG00000176148.16,TCP11L1,protein_coding,TCP11L1-201,protein_coding,ENSP00000335595.4,"12,30,60",3,0.1882837521,0.0024975025
ENST00000392745.8,ENSG00000131323.16,TRAF3,protein_coding,TRAF3-203,protein_coding,ENSP00000376500.3,"12,30,60",3,0.188015972,0.0204795205
ENST00000359446.9,ENSG00000168675.18,LDLRAD4,protein_coding,LDLRAD4-201,protein_coding,ENSP00000352420.5,"12,30,60",3,0.1877618809,0.0114885115
ENST00000472396.5,ENSG00000186591.13,UBE2H,protein_coding,UBE2H-203,protein_coding,ENSP00000419689.1,"12,30,60",3,0.1876138106,0.000999001
ENST00000369509.1,ENSG00000173218.15,VANGL1,protein_coding,VANGL1-203,protein_coding,ENSP00000358522.1,"12,30,60",3,0.186972555,0.0144855145
ENST00000366971.9,ENSG00000162769.13,FLVCR1,protein_coding,FLVCR1-201,protein_coding,ENSP00000355938.4,"12,30,60",3,0.1869340859,0.0044955045
ENST00000472967.2,ENSG00000188647.13,PTAR1,protein_coding,PTAR1-205,protein_coding,ENSP00000440164.1,"12,30,60",3,0.186757023,0.0104895105
ENST00000450673.4,ENSG00000228696.10,ARL17B,protein_coding,ARL17B-202,protein_coding,ENSP00000404247.4,"12,30,60",3,0.1866131394,0.0084915085
ENST00000471753.5,ENSG00000143797.12,MBOAT2,protein_coding,MBOAT2-204,nonsense_mediated_decay,ENSP00000419573.1,"12,30,60",3,0.1865067553,0.0034965035
ENST00000396789.4,ENSG00000213903.9,LTB4R,protein_coding,LTB4R-203,protein_coding,ENSP00000380008.4,"12,30,60",3,0.1862674935,0.008991009
ENST00000398868.8,ENSG00000184743.13,ATL3,protein_coding,ATL3-201,protein_coding,ENSP00000381844.3,"12,30,60",3,0.1860988749,0.0024975025
ENST00000526180.6,ENSG00000109846.9,CRYAB,protein_coding,CRYAB-205,protein_coding,ENSP00000436051.1,"12,30,60",3,0.185907997,0.017982018
ENST00000670879.1,ENSG00000234684.7,SDCBP2-AS1,lncRNA,SDCBP2-AS1-209,lncRNA,,"12,30,60",3,0.1856929762,0.024975025
ENST00000536773.1,ENSG00000172663.9,TMEM134,protein_coding,TMEM134-209,retained_intron,,"12,30,60",3,0.1856649255,0.002997003
ENST00000324866.11,ENSG00000184154.15,LRTOMT,protein_coding,LRTOMT-202,protein_coding,ENSP00000440693.1,"12,30,60",3,0.1856063826,0.024975025
ENST00000356763.8,ENSG00000196455.8,PIK3R4,protein_coding,PIK3R4-201,protein_coding,ENSP00000349205.3,"12,30,60",3,0.1855394226,0.0024975025
ENST00000539176.1,ENSG00000087448.11,KLHL42,protein_coding,KLHL42-202,nonsense_mediated_decay,ENSP00000444748.1,"12,30,60",3,0.1855167294,0.015984016
ENST00000393592.6,ENSG00000171631.15,P2RY6,protein_coding,P2RY6-204,protein_coding,ENSP00000377217.2,"12,30,60",3,0.1847864857,0.001998002
ENST00000449886.5,ENSG00000169155.10,ZBTB43,protein_coding,ZBTB43-203,protein_coding,ENSP00000390344.1,"12,30,60",3,0.184605193,0.0294705295
ENST00000614574.4,ENSG00000241852.10,C8orf58,protein_coding,C8orf58-206,protein_coding,ENSP00000480712.1,"12,30,60",3,0.1844192519,0.0094905095
ENST00000533655.6,ENSG00000165490.13,DDIAS,protein_coding,DDIAS-211,protein_coding,ENSP00000435421.1,"12,30,60",3,0.1841458917,0.013986014
ENST00000496630.6_PAR_Y,ENSG00000167393.18_PAR_Y,PPP2R3B,protein_coding,PPP2R3B-210,retained_intron,,"12,30,60",3,0.1840678978,0.0154845155
ENST00000266095.9,ENSG00000241878.11,PISD,protein_coding,PISD-201,protein_coding,ENSP00000266095.5,"12,30,60",3,0.1839443912,0.0014985015
ENST00000379380.9,ENSG00000186687.16,LYRM7,protein_coding,LYRM7-201,protein_coding,ENSP00000368688.4,"12,30,60",3,0.1838352902,0.0044955045
ENST00000373191.9,ENSG00000126070.20,AGO3,protein_coding,AGO3-203,protein_coding,ENSP00000362287.3,"12,30,60",3,0.1837220514,0.01998002
ENST00000361127.6,ENSG00000198799.12,LRIG2,protein_coding,LRIG2-201,protein_coding,ENSP00000355396.4,"12,30,60",3,0.1833766344,0.021978022
ENST00000296121.6,ENSG00000163807.6,KIAA1143,protein_coding,KIAA1143-201,protein_coding,ENSP00000296121.4,"12,30,60",3,0.1833609616,0.002997003
ENST00000484437.1,ENSG00000163807.6,KIAA1143,protein_coding,KIAA1143-202,processed_transcript,,"12,30,60",3,0.1833609616,0.002997003
ENST00000368918.8,ENSG00000143458.12,GABPB2,protein_coding,GABPB2-202,protein_coding,ENSP00000357914.3,"12,30,60",3,0.1833052789,0.0264735265
ENST00000483530.6,ENSG00000127328.22,RAB3IP,protein_coding,RAB3IP-207,protein_coding,ENSP00000419216.2,"12,30,60",3,0.1832664608,0.0134865135
ENST00000457998.2,ENSG00000233006.8,MIR3936HG,lncRNA,MIR3936HG-202,lncRNA,,"12,30,60",3,0.1820536927,0.0054945055
ENST00000252971.11,ENSG00000130675.15,MNX1,protein_coding,MNX1-201,protein_coding,ENSP00000252971.5,"12,30,60",3,0.1817391948,0.0164835165
ENST00000361822.8,ENSG00000198839.10,ZNF277,protein_coding,ZNF277-201,protein_coding,ENSP00000354501.3,"12,30,60",3,0.1813967211,0.013986014
ENST00000610722.4,ENSG00000125885.13,MCM8,protein_coding,MCM8-205,protein_coding,ENSP00000478141.1,"12,30,60",3,0.1812567453,0.00999001
ENST00000229971.2,ENSG00000112234.9,FBXL4,protein_coding,FBXL4-201,protein_coding,ENSP00000229971.1,"12,30,60",3,0.1810976555,0.02997003
ENST00000369244.7,ENSG00000112234.9,FBXL4,protein_coding,FBXL4-202,protein_coding,ENSP00000358247.1,"12,30,60",3,0.1810976555,0.02997003
ENST00000399598.7,ENSG00000215114.10,UBXN2B,protein_coding,UBXN2B-201,protein_coding,ENSP00000382507.2,"12,30,60",3,0.1806702659,0.0074925075
ENST00000285697.9,ENSG00000155330.10,C16orf87,protein_coding,C16orf87-201,protein_coding,ENSP00000285697.4,"12,30,60",3,0.1806592016,0.0114885115
ENST00000257548.10,ENSG00000135093.13,USP30,protein_coding,USP30-201,protein_coding,ENSP00000257548.5,"12,30,60",3,0.1800867869,0.0274725275
ENST00000527424.6,ENSG00000120925.16,RNF170,protein_coding,RNF170-206,protein_coding,ENSP00000434797.1,"12,30,60",3,0.1798454485,0.0094905095
ENST00000275053.8,ENSG00000146263.11,MMS22L,protein_coding,MMS22L-201,protein_coding,ENSP00000275053.4,"12,30,60",3,0.1796638501,0.010989011
ENST00000379565.9,ENSG00000177189.14,RPS6KA3,protein_coding,RPS6KA3-201,protein_coding,ENSP00000368884.3,"12,30,60",3,0.1796531129,0.0054945055
ENST00000261308.10,ENSG00000113593.12,PPWD1,protein_coding,PPWD1-201,protein_coding,ENSP00000261308.4,"12,30,60",3,0.179510425,0.003996004
ENST00000248098.8,ENSG00000206053.13,JPT2,protein_coding,JPT2-201,protein_coding,ENSP00000248098.3,"12,30,60",3,0.1792792421,0.000999001
ENST00000513139.1,ENSG00000129128.13,SPCS3,protein_coding,SPCS3-204,retained_intron,,"12,30,60",3,0.1790216106,0.0004995005
ENST00000586726.3,ENSG00000225339.4,AL354740.1,lncRNA,AL354740.1-201,lncRNA,,"12,30,60",3,0.1786375052,0.0374625375
ENST00000287957.5,ENSG00000157259.8,GATAD1,protein_coding,GATAD1-201,protein_coding,ENSP00000287957.3,"12,30,60",3,0.1784829375,0.0124875125
ENST00000326840.11,ENSG00000057019.16,DCBLD2,protein_coding,DCBLD2-201,protein_coding,ENSP00000321573.6,"12,30,60",3,0.1780880871,0.0184815185
ENST00000594369.6,ENSG00000083838.16,ZNF446,protein_coding,ZNF446-203,protein_coding,ENSP00000472802.1,"12,30,60",3,0.1780237297,0.026973027
ENST00000649921.1,ENSG00000285967.1,NIPBL-DT,lncRNA,NIPBL-DT-203,lncRNA,,"12,30,60",3,0.1778340331,0.0174825175
ENST00000373464.5,ENSG00000169155.10,ZBTB43,protein_coding,ZBTB43-202,protein_coding,ENSP00000362563.4,"12,30,60",3,0.1777358862,0.032967033
ENST00000647926.1,ENSG00000055332.18,EIF2AK2,protein_coding,EIF2AK2-208,nonsense_mediated_decay,ENSP00000497534.1,"12,30,60",3,0.1774333938,0.004995005
ENST00000527296.1,ENSG00000149308.17,NPAT,protein_coding,NPAT-202,protein_coding,ENSP00000436510.1,"12,30,60",3,0.1773387221,0.018981019
ENST00000623165.3,ENSG00000280018.4,CU634019.5,lncRNA,CU634019.5-201,lncRNA,,"12,30,60",3,0.176930114,0.0114885115
ENST00000308488.10,ENSG00000048649.13,RSF1,protein_coding,RSF1-201,protein_coding,ENSP00000311513.6,"12,30,60",3,0.1769274087,0.017982018
ENST00000434382.2,ENSG00000196715.7,VKORC1L1,protein_coding,VKORC1L1-202,protein_coding,ENSP00000403077.2,"12,30,60",3,0.1766069651,0.007992008
ENST00000298966.7,ENSG00000166002.7,SMCO4,protein_coding,SMCO4-201,protein_coding,ENSP00000298966.2,"12,30,60",3,0.1765861511,0.0034965035
ENST00000416721.6,ENSG00000100320.23,RBFOX2,protein_coding,RBFOX2-208,protein_coding,ENSP00000405651.2,"12,30,60",3,0.1763424178,0.005994006
ENST00000170168.9,ENSG00000079313.15,REXO1,protein_coding,REXO1-201,protein_coding,ENSP00000170168.3,"12,30,60",3,0.1759676794,0.005994006
ENST00000487338.6,ENSG00000197472.15,ZNF695,protein_coding,ZNF695-204,protein_coding,ENSP00000429736.1,"12,30,60",3,0.1759589334,0.015984016
ENST00000262919.10,ENSG00000088812.18,ATRN,protein_coding,ATRN-201,protein_coding,ENSP00000262919.5,"12,30,60",3,0.1759466739,0.0114885115
ENST00000446916.2,ENSG00000088812.18,ATRN,protein_coding,ATRN-202,protein_coding,ENSP00000416587.2,"12,30,60",3,0.1759466739,0.0114885115
ENST00000418336.6,ENSG00000160199.15,PKNOX1,protein_coding,PKNOX1-202,retained_intron,,"12,30,60",3,0.1758251612,0.0124875125
ENST00000503362.2,ENSG00000129128.13,SPCS3,protein_coding,SPCS3-201,protein_coding,ENSP00000427463.1,"12,30,60",3,0.1753223739,0.000999001
ENST00000417413.7,ENSG00000127328.22,RAB3IP,protein_coding,RAB3IP-205,nonsense_mediated_decay,ENSP00000436304.2,"12,30,60",3,0.1746656343,0.0124875125
ENST00000353234.5,ENSG00000165138.18,ANKS6,protein_coding,ANKS6-201,protein_coding,ENSP00000297837.6,"12,30,60",3,0.1742274303,0.0084915085
ENST00000270583.10,ENSG00000104731.14,KLHDC4,protein_coding,KLHDC4-201,protein_coding,ENSP00000270583.4,"12,30,60",3,0.1741285436,0.003996004
ENST00000331327.5,ENSG00000185129.8,PURA,protein_coding,PURA-201,protein_coding,ENSP00000332706.3,"12,30,60",3,0.1740317439,0.015984016
ENST00000448044.5,ENSG00000073849.15,ST6GAL1,protein_coding,ST6GAL1-211,protein_coding,ENSP00000389337.1,"12,30,60",3,0.1738235882,0.020979021
ENST00000606320.6,ENSG00000051825.15,MPHOSPH9,protein_coding,MPHOSPH9-220,protein_coding,ENSP00000475489.1,"12,30,60",3,0.1736712958,0.0034965035
ENST00000395969.6,ENSG00000006715.16,VPS41,protein_coding,VPS41-203,protein_coding,ENSP00000379297.2,"12,30,60",3,0.1736495697,0.006993007
ENST00000383314.7,ENSG00000101654.18,RNMT,protein_coding,RNMT-202,protein_coding,ENSP00000372804.2,"12,30,60",3,0.1734129675,0.0134865135
ENST00000511258.5,ENSG00000165671.21,NSD1,protein_coding,NSD1-211,protein_coding,ENSP00000426428.1,"12,30,60",3,0.1733867746,0.004995005
ENST00000625239.2,ENSG00000115750.17,TAF1B,protein_coding,TAF1B-211,protein_coding,ENSP00000486572.1,"12,30,60",3,0.173267502,0.0114885115
ENST00000377200.9,ENSG00000188647.13,PTAR1,protein_coding,PTAR1-202,protein_coding,ENSP00000366405.5,"12,30,60",3,0.1730907021,0.0124875125
ENST00000495883.1,ENSG00000132639.13,SNAP25,protein_coding,SNAP25-205,processed_transcript,,"12,30,60",3,0.1729094014,0.01998002
ENST00000437089.5,ENSG00000234127.9,TRIM26,protein_coding,TRIM26-266,protein_coding,ENSP00000395491.1,"12,30,60",3,0.1725490551,0.0044955045
ENST00000367109.7,ENSG00000143479.17,DYRK3,protein_coding,DYRK3-203,protein_coding,ENSP00000356076.2,"12,30,60",3,0.171807675,0.021978022
ENST00000341567.8,ENSG00000106609.16,TMEM248,protein_coding,TMEM248-201,protein_coding,ENSP00000340668.4,"12,30,60",3,0.1712961017,0.000999001
ENST00000014914.6,ENSG00000013588.9,GPRC5A,protein_coding,GPRC5A-201,protein_coding,ENSP00000014914.6,"12,30,60",3,0.171049777,0.0014985015
ENST00000514463.1,ENSG00000070476.15,ZXDC,protein_coding,ZXDC-203,retained_intron,,"12,30,60",3,0.1709880686,0.0124875125
ENST00000450093.2,ENSG00000235453.10,SMIM27,protein_coding,SMIM27-202,protein_coding,ENSP00000490727.1,"12,30,60",3,0.1707296247,0.00999001
ENST00000593654.1,ENSG00000269352.1,PTOV1-AS2,lncRNA,PTOV1-AS2-201,lncRNA,,"12,30,60",3,0.1706708792,0.021978022
ENST00000443439.7,ENSG00000164307.13,ERAP1,protein_coding,ERAP1-202,protein_coding,ENSP00000406304.2,"12,30,60",3,0.1704735558,0.0134865135
ENST00000352689.11,ENSG00000128585.18,MKLN1,protein_coding,MKLN1-201,protein_coding,ENSP00000323527.6,"12,30,60",3,0.1702857418,0.0074925075
ENST00000381657.8,ENSG00000182378.14,PLCXD1,protein_coding,PLCXD1-201,protein_coding,ENSP00000371073.2,"12,30,60",3,0.1698860018,0.0084915085
ENST00000339754.11,ENSG00000089818.18,NECAP1,protein_coding,NECAP1-201,protein_coding,ENSP00000341737.5,"12,30,60",3,0.1697100778,0.0044955045
ENST00000332160.5,ENSG00000185432.12,METTL7A,protein_coding,METTL7A-201,protein_coding,ENSP00000331787.4,"12,30,60",3,0.1696538833,0.000999001
ENST00000381317.9,ENSG00000169093.16,ASMTL,protein_coding,ASMTL-201,protein_coding,ENSP00000370718.3,"12,30,60",3,0.1696293746,0.0244755245
ENST00000400911.7,ENSG00000139190.16,VAMP1,protein_coding,VAMP1-203,protein_coding,ENSP00000383702.3,"12,30,60",3,0.1691150476,0.0084915085
ENST00000359204.5,ENSG00000148690.12,FRA10AC1,protein_coding,FRA10AC1-201,protein_coding,ENSP00000360488.3,"12,30,60",3,0.169080455,0.0244755245
ENST00000482504.1,ENSG00000097033.14,SH3GLB1,protein_coding,SH3GLB1-202,protein_coding,ENSP00000418744.1,"12,30,60",3,0.1689960246,0.0104895105
ENST00000538427.5,ENSG00000055208.19,TAB2,protein_coding,TAB2-205,protein_coding,ENSP00000445752.1,"12,30,60",3,0.1687979474,0.004995005
ENST00000535785.1,ENSG00000121417.14,ZNF211,protein_coding,ZNF211-207,nonsense_mediated_decay,ENSP00000442740.1,"12,30,60",3,0.1686006562,0.024975025
ENST00000551465.1,ENSG00000179912.20,R3HDM2,protein_coding,R3HDM2-213,retained_intron,,"12,30,60",3,0.1682359498,0.020979021
ENST00000374643.7,ENSG00000181704.12,YIPF6,protein_coding,YIPF6-202,processed_transcript,,"12,30,60",3,0.16793706,0.002997003
ENST00000258157.9,ENSG00000135686.13,KLHL36,protein_coding,KLHL36-201,protein_coding,ENSP00000258157.5,"12,30,60",3,0.1677627014,0.01998002
ENST00000645818.2,ENSG00000197912.16,SPG7,protein_coding,SPG7-268,protein_coding,ENSP00000495795.2,"12,30,60",3,0.1676289508,0.0014985015
ENST00000326071.8,ENSG00000197183.14,NOL4L,protein_coding,NOL4L-202,protein_coding,ENSP00000317413.4,"12,30,60",3,0.1673396865,0.006993007
ENST00000554804.1,ENSG00000100811.14,YY1,protein_coding,YY1-205,protein_coding,ENSP00000452225.1,"12,30,60",3,0.1671673877,0.001998002
ENST00000238961.9,ENSG00000119906.13,SLF2,protein_coding,SLF2-201,protein_coding,ENSP00000238961.3,"12,30,60",3,0.1669407392,0.0144855145
ENST00000245680.7,ENSG00000115084.15,SLC35F5,protein_coding,SLC35F5-201,protein_coding,ENSP00000245680.2,"12,30,60",3,0.1669050464,0.0024975025
ENST00000522652.6,ENSG00000008513.16,ST3GAL1,protein_coding,ST3GAL1-211,protein_coding,ENSP00000430515.1,"12,30,60",3,0.1668257482,0.0254745255
ENST00000599771.6,ENSG00000237094.12,AL732372.2,transcribed_unprocessed_pseudogene,AL732372.2-214,processed_transcript,,"12,30,60",3,0.166730089,0.027972028
ENST00000404141.6,ENSG00000157212.19,PAXIP1,protein_coding,PAXIP1-202,protein_coding,ENSP00000384048.1,"12,30,60",3,0.166505203,0.011988012
ENST00000263985.11,ENSG00000059691.12,GATB,protein_coding,GATB-201,protein_coding,ENSP00000263985.6,"12,30,60",3,0.1664908002,0.003996004
ENST00000392095.8,ENSG00000130023.16,ERMARD,protein_coding,ERMARD-204,protein_coding,ENSP00000375945.4,"12,30,60",3,0.1664522452,0.0174825175
ENST00000555147.2,ENSG00000258839.4,MC1R,protein_coding,MC1R-202,protein_coding,ENSP00000451605.1,"12,30,60",3,0.1661589646,0.024975025
ENST00000534141.5,ENSG00000137502.10,RAB30,protein_coding,RAB30-214,protein_coding,ENSP00000434974.1,"12,30,60",3,0.1657504215,0.0144855145
ENST00000502717.6,ENSG00000113716.13,HMGXB3,protein_coding,HMGXB3-201,protein_coding,ENSP00000421917.1,"12,30,60",3,0.1653773072,0.0024975025
ENST00000431781.2,ENSG00000142751.15,GPN2,protein_coding,GPN2-203,protein_coding,ENSP00000408257.2,"12,30,60",3,0.1653694491,0.0044955045
ENST00000515831.1,ENSG00000145331.14,TRMT10A,protein_coding,TRMT10A-207,retained_intron,,"12,30,60",3,0.1652070776,0.0294705295
ENST00000468151.1,ENSG00000100418.8,DESI1,protein_coding,DESI1-203,processed_transcript,,"12,30,60",3,0.1651148642,0.0054945055
ENST00000530971.1,ENSG00000153898.13,MCOLN2,protein_coding,MCOLN2-204,retained_intron,,"12,30,60",3,0.1648547799,0.012987013
ENST00000396049.5,ENSG00000114978.18,MOB1A,protein_coding,MOB1A-201,protein_coding,ENSP00000379364.3,"12,30,60",3,0.1646521903,0.007992008
ENST00000559798.2,ENSG00000138604.10,GLCE,protein_coding,GLCE-204,processed_transcript,,"12,30,60",3,0.1641835764,0.013986014
ENST00000310442.5,ENSG00000174165.8,ZDHHC24,protein_coding,ZDHHC24-201,protein_coding,ENSP00000309429.3,"12,30,60",3,0.1641727488,0.0104895105
ENST00000389082.10,ENSG00000170456.16,DENND5B,protein_coding,DENND5B-202,protein_coding,ENSP00000373734.5,"12,30,60",3,0.1636608672,0.0204795205
ENST00000625445.1,ENSG00000281649.2,EBLN3P,lncRNA,EBLN3P-202,lncRNA,,"12,30,60",3,0.1636330864,0.005994006
ENST00000309534.10,ENSG00000163320.12,CGGBP1,protein_coding,CGGBP1-201,protein_coding,ENSP00000381428.2,"12,30,60",3,0.1634812167,0.0054945055
ENST00000397942.4,ENSG00000170677.6,SOCS6,protein_coding,SOCS6-201,protein_coding,ENSP00000381034.3,"12,30,60",3,0.1634718703,0.026973027
ENST00000582322.1,ENSG00000170677.6,SOCS6,protein_coding,SOCS6-203,protein_coding,ENSP00000463395.1,"12,30,60",3,0.1634718703,0.026973027
ENST00000617560.1,ENSG00000025293.17,PHF20,protein_coding,PHF20-216,processed_transcript,,"12,30,60",3,0.1629408486,0.001998002
ENST00000548240.1,ENSG00000175548.9,ALG10B,protein_coding,ALG10B-202,nonsense_mediated_decay,ENSP00000449210.1,"12,30,60",3,0.1627098408,0.006993007
ENST00000314622.9,ENSG00000178694.10,NSUN3,protein_coding,NSUN3-201,protein_coding,ENSP00000318986.4,"12,30,60",3,0.1626484108,0.036963037
ENST00000572991.5,ENSG00000228696.10,ARL17B,protein_coding,ARL17B-205,nonsense_mediated_decay,ENSP00000458681.1,"12,30,60",3,0.1623572568,0.0124875125
ENST00000336905.3,ENSG00000204588.5,LINC01123,lncRNA,LINC01123-201,lncRNA,,"12,30,60",3,0.1621985691,0.027972028
ENST00000419296.1,ENSG00000204588.5,LINC01123,lncRNA,LINC01123-202,lncRNA,,"12,30,60",3,0.1621985691,0.027972028
ENST00000366513.9,ENSG00000162852.14,CNST,protein_coding,CNST-203,protein_coding,ENSP00000355470.4,"12,30,60",3,0.1621107506,0.018981019
ENST00000262640.11,ENSG00000124333.16,VAMP7,protein_coding,VAMP7-201,protein_coding,ENSP00000262640.6,"12,30,60",3,0.1619770653,0.0084915085
ENST00000535273.2,ENSG00000065600.13,PACC1,protein_coding,PACC1-205,protein_coding,ENSP00000438863.1,"12,30,60",3,0.161897074,0.0064935065
ENST00000259253.11,ENSG00000136731.13,UGGT1,protein_coding,UGGT1-201,protein_coding,ENSP00000259253.6,"12,30,60",3,0.1618307975,0.002997003
ENST00000652630.1,ENSG00000153879.9,CEBPG,protein_coding,CEBPG-203,nonsense_mediated_decay,ENSP00000499062.1,"12,30,60",3,0.161789348,0.007992008
ENST00000311412.10,ENSG00000173083.15,HPSE,protein_coding,HPSE-201,protein_coding,ENSP00000308107.5,"12,30,60",3,0.1615791668,0.023976024
ENST00000545237.1,ENSG00000033800.14,PIAS1,protein_coding,PIAS1-202,protein_coding,ENSP00000438574.1,"12,30,60",3,0.1615015122,0.006993007
ENST00000228811.8,ENSG00000111215.12,PRR4,protein_coding,PRR4-201,protein_coding,ENSP00000228811.4,"12,30,60",3,0.1614300591,0.0154845155
ENST00000262291.9,ENSG00000062716.13,VMP1,protein_coding,VMP1-201,protein_coding,ENSP00000262291.3,"12,30,60",3,0.1612095025,0.0
ENST00000624071.1,ENSG00000182648.13,LINC01006,lncRNA,LINC01006-210,lncRNA,,"12,30,60",3,0.1611086381,0.015984016
ENST00000284000.9,ENSG00000153879.9,CEBPG,protein_coding,CEBPG-201,protein_coding,ENSP00000284000.2,"12,30,60",3,0.1611040426,0.0084915085
ENST00000374135.9,ENSG00000142751.15,GPN2,protein_coding,GPN2-202,protein_coding,ENSP00000363250.3,"12,30,60",3,0.1610870115,0.0044955045
ENST00000511760.1,ENSG00000196455.8,PIK3R4,protein_coding,PIK3R4-205,retained_intron,,"12,30,60",3,0.1608578689,0.002997003
ENST00000413875.5,ENSG00000214765.8,SEPTIN7P2,transcribed_unprocessed_pseudogene,SEPTIN7P2-204,retained_intron,,"12,30,60",3,0.160469197,0.008991009
ENST00000164227.10,ENSG00000069399.15,BCL3,protein_coding,BCL3-201,protein_coding,ENSP00000164227.5,"12,30,60",3,0.1599691351,0.000999001
ENST00000352967.9,ENSG00000143498.18,TAF1A,protein_coding,TAF1A-202,protein_coding,ENSP00000327072.6,"12,30,60",3,0.1599619828,0.018981019
ENST00000328381.10,ENSG00000181481.14,RNF135,protein_coding,RNF135-202,protein_coding,ENSP00000328340.5,"12,30,60",3,0.1596990616,0.0174825175
ENST00000321250.13,ENSG00000104660.19,LEPROTL1,protein_coding,LEPROTL1-201,protein_coding,ENSP00000314625.8,"12,30,60",3,0.1591687653,0.0034965035
ENST00000509649.5,ENSG00000183666.17,GUSBP1,transcribed_unprocessed_pseudogene,GUSBP1-204,processed_transcript,,"12,30,60",3,0.1588695947,0.0074925075
ENST00000371327.2,ENSG00000119969.15,HELLS,protein_coding,HELLS-203,protein_coding,ENSP00000360378.1,"12,30,60",3,0.1588270365,0.0054945055
ENST00000487842.1,ENSG00000047634.15,SCML1,protein_coding,SCML1-207,retained_intron,,"12,30,60",3,0.1587694419,0.004995005
ENST00000581523.5,ENSG00000153944.12,MSI2,protein_coding,MSI2-213,processed_transcript,,"12,30,60",3,0.1587416007,0.0024975025
ENST00000497275.5,ENSG00000121769.8,FABP3,protein_coding,FABP3-203,processed_transcript,,"12,30,60",3,0.1586093529,0.005994006
ENST00000308108.8,ENSG00000175305.17,CCNE2,protein_coding,CCNE2-201,protein_coding,ENSP00000309181.4,"12,30,60",3,0.1581443588,0.011988012
ENST00000295797.5,ENSG00000163558.13,PRKCI,protein_coding,PRKCI-201,protein_coding,ENSP00000295797.4,"12,30,60",3,0.1579902882,0.00999001
ENST00000397786.7,ENSG00000108510.10,MED13,protein_coding,MED13-201,protein_coding,ENSP00000380888.2,"12,30,60",3,0.1576426151,0.027972028
ENST00000528088.1,ENSG00000186166.9,CCDC84,protein_coding,CCDC84-205,retained_intron,,"12,30,60",3,0.1574989214,0.0054945055
ENST00000467963.6,ENSG00000028310.18,BRD9,protein_coding,BRD9-202,protein_coding,ENSP00000419765.1,"12,30,60",3,0.1572441029,0.0014985015
ENST00000330317.6,ENSG00000160193.12,WDR4,protein_coding,WDR4-201,protein_coding,ENSP00000328671.2,"12,30,60",3,0.1571919786,0.000999001
ENST00000571064.5,ENSG00000103353.16,UBFD1,protein_coding,UBFD1-210,processed_transcript,,"12,30,60",3,0.1565029369,0.0034965035
ENST00000456283.7,ENSG00000160352.16,ZNF714,protein_coding,ZNF714-202,protein_coding,ENSP00000478345.1,"12,30,60",3,0.1562674014,0.01998002
ENST00000511455.7,ENSG00000172932.16,ANKRD13D,protein_coding,ANKRD13D-211,protein_coding,ENSP00000427130.2,"12,30,60",3,0.1562352989,0.0114885115
ENST00000546299.1,ENSG00000170456.16,DENND5B,protein_coding,DENND5B-207,protein_coding,ENSP00000442938.1,"12,30,60",3,0.1561718577,0.0204795205
ENST00000490164.1,ENSG00000180628.15,PCGF5,protein_coding,PCGF5-202,processed_transcript,,"12,30,60",3,0.1560314118,0.023976024
ENST00000658121.1,ENSG00000262879.6,AC005670.3,lncRNA,AC005670.3-226,lncRNA,,"12,30,60",3,0.1557652779,0.015984016
ENST00000651813.1,ENSG00000280441.3,FP236383.3,lncRNA,FP236383.3-202,lncRNA,,"12,30,60",3,0.1557245918,0.0264735265
ENST00000278927.10,ENSG00000149564.12,ESAM,protein_coding,ESAM-201,protein_coding,ENSP00000278927.5,"12,30,60",3,0.1556425466,0.021978022
ENST00000362003.9,ENSG00000185619.18,PCGF3,protein_coding,PCGF3-201,protein_coding,ENSP00000354724.5,"12,30,60",3,0.1556190738,0.007992008
ENST00000267622.8,ENSG00000100815.12,TRIP11,protein_coding,TRIP11-201,protein_coding,ENSP00000267622.4,"12,30,60",3,0.1556176928,0.0234765235
ENST00000398246.8,ENSG00000154359.13,LONRF1,protein_coding,LONRF1-201,protein_coding,ENSP00000381298.3,"12,30,60",3,0.155091529,0.0244755245
ENST00000370253.6,ENSG00000137942.16,FNBP1L,protein_coding,FNBP1L-203,protein_coding,ENSP00000359275.2,"12,30,60",3,0.1547868113,0.020979021
ENST00000429962.1,ENSG00000230513.2,THAP7-AS1,lncRNA,THAP7-AS1-201,lncRNA,,"12,30,60",3,0.1547226685,0.0194805195
ENST00000366528.3,ENSG00000203667.10,COX20,protein_coding,COX20-201,protein_coding,ENSP00000355486.3,"12,30,60",3,0.1546688527,0.002997003
ENST00000345496.7,ENSG00000184787.19,UBE2G2,protein_coding,UBE2G2-202,protein_coding,ENSP00000338348.3,"12,30,60",3,0.1539634306,0.0024975025
ENST00000539976.1,ENSG00000258839.4,MC1R,protein_coding,MC1R-201,retained_intron,,"12,30,60",3,0.1537178922,0.0294705295
ENST00000355621.8,ENSG00000186591.13,UBE2H,protein_coding,UBE2H-201,protein_coding,ENSP00000347836.3,"12,30,60",3,0.1536375844,0.002997003
ENST00000554790.5,ENSG00000131966.14,ACTR10,protein_coding,ACTR10-206,retained_intron,,"12,30,60",3,0.1534322269,0.0014985015
ENST00000264167.10,ENSG00000018510.16,AGPS,protein_coding,AGPS-201,protein_coding,ENSP00000264167.4,"12,30,60",3,0.1532699763,0.0104895105
ENST00000611270.1,ENSG00000033800.14,PIAS1,protein_coding,PIAS1-208,processed_transcript,,"12,30,60",3,0.1530754908,0.0154845155
ENST00000425834.7,ENSG00000123154.12,WDR83,protein_coding,WDR83-202,nonsense_mediated_decay,ENSP00000396530.3,"12,30,60",3,0.1529905815,0.0274725275
ENST00000588740.5,ENSG00000173581.8,CCDC106,protein_coding,CCDC106-205,protein_coding,ENSP00000468539.1,"12,30,60",3,0.1529728703,0.0194805195
ENST00000360647.9,ENSG00000163848.20,ZNF148,protein_coding,ZNF148-201,protein_coding,ENSP00000353863.4,"12,30,60",3,0.1529389085,0.0164835165
ENST00000612123.3,ENSG00000185630.19,PBX1,protein_coding,PBX1-221,protein_coding,ENSP00000483563.1,"12,30,60",3,0.1528534846,0.006993007
ENST00000356311.10,ENSG00000165698.16,SPACA9,protein_coding,SPACA9-202,protein_coding,ENSP00000348659.5,"12,30,60",3,0.1527423694,0.0374625375
ENST00000612402.4,ENSG00000134987.11,WDR36,protein_coding,WDR36-206,protein_coding,ENSP00000479950.1,"12,30,60",3,0.1526882168,0.007992008
ENST00000453291.1,ENSG00000119402.17,FBXW2,protein_coding,FBXW2-201,protein_coding,ENSP00000398662.1,"12,30,60",3,0.1525351266,0.0034965035
ENST00000299906.5,ENSG00000123575.9,FAM199X,protein_coding,FAM199X-201,processed_transcript,,"12,30,60",3,0.1524039906,0.015984016
ENST00000493442.2,ENSG00000123575.9,FAM199X,protein_coding,FAM199X-202,protein_coding,ENSP00000417581.1,"12,30,60",3,0.1524039906,0.015984016
ENST00000439541.6,ENSG00000094916.16,CBX5,protein_coding,CBX5-202,protein_coding,ENSP00000401009.2,"12,30,60",3,0.1523087566,0.001998002
ENST00000284878.12,ENSG00000154639.19,CXADR,protein_coding,CXADR-201,protein_coding,ENSP00000284878.7,"12,30,60",3,0.1523031228,0.018981019
ENST00000358399.8,ENSG00000119125.17,GDA,protein_coding,GDA-202,protein_coding,ENSP00000351170.4,"12,30,60",3,0.1519396346,0.0
ENST00000561878.2,ENSG00000166822.13,TMEM170A,protein_coding,TMEM170A-202,protein_coding,ENSP00000454404.1,"12,30,60",3,0.1516058077,0.0124875125
ENST00000555022.5,ENSG00000054654.19,SYNE2,protein_coding,SYNE2-217,processed_transcript,,"12,30,60",3,0.1511030536,0.0164835165
ENST00000272748.9,ENSG00000144320.14,LNPK,protein_coding,LNPK-201,protein_coding,ENSP00000272748.4,"12,30,60",3,0.1510141631,0.007992008
ENST00000222812.8,ENSG00000106089.12,STX1A,protein_coding,STX1A-201,protein_coding,ENSP00000222812.3,"12,30,60",3,0.1509186017,0.0224775225
ENST00000291775.3,ENSG00000160360.13,GPSM1,protein_coding,GPSM1-201,protein_coding,ENSP00000291775.3,"12,30,60",3,0.1506332213,0.0104895105
ENST00000265909.8,ENSG00000120451.10,SNX19,protein_coding,SNX19-201,protein_coding,ENSP00000265909.4,"12,30,60",3,0.1506173778,0.0194805195
ENST00000583958.1,ENSG00000108510.10,MED13,protein_coding,MED13-206,protein_coding,ENSP00000464131.1,"12,30,60",3,0.1501834262,0.022977023
ENST00000564238.1,ENSG00000167523.13,SPATA33,protein_coding,SPATA33-203,protein_coding,ENSP00000462233.1,"12,30,60",3,0.1499465163,0.0114885115
ENST00000326039.3,ENSG00000139835.14,GRTP1,protein_coding,GRTP1-201,protein_coding,ENSP00000321850.3,"12,30,60",3,0.1494236186,0.0124875125
ENST00000361060.5,ENSG00000198380.13,GFPT1,protein_coding,GFPT1-202,protein_coding,ENSP00000354347.4,"12,30,60",3,0.1494119348,0.005994006
ENST00000317025.13,ENSG00000147548.17,NSD3,protein_coding,NSD3-202,protein_coding,ENSP00000313983.7,"12,30,60",3,0.1494064168,0.0144855145
ENST00000249822.9,ENSG00000128989.11,ARPP19,protein_coding,ARPP19-201,protein_coding,ENSP00000249822.4,"12,30,60",3,0.1491579451,0.0014985015
ENST00000500949.6,ENSG00000247556.6,OIP5-AS1,lncRNA,OIP5-AS1-201,lncRNA,,"12,30,60",3,0.1490118798,0.002997003
ENST00000651376.1,ENSG00000136122.18,BORA,protein_coding,BORA-207,nonsense_mediated_decay,ENSP00000499159.1,"12,30,60",3,0.1486335199,0.0154845155
ENST00000622447.4,ENSG00000268350.7,FAM156A,protein_coding,FAM156A-221,protein_coding,ENSP00000482142.1,"12,30,60",3,0.1485146319,0.0034965035
ENST00000554912.1,ENSG00000197119.13,SLC25A29,protein_coding,SLC25A29-208,protein_coding,ENSP00000450913.1,"12,30,60",3,0.1484204955,0.0044955045
ENST00000460212.1,ENSG00000156239.12,N6AMT1,protein_coding,N6AMT1-203,nonsense_mediated_decay,ENSP00000436490.1,"12,30,60",3,0.147894969,0.021978022
ENST00000551165.5,ENSG00000084112.15,SSH1,protein_coding,SSH1-209,protein_coding,ENSP00000448824.1,"12,30,60",3,0.1472405901,0.030969031
ENST00000558945.5,ENSG00000247556.6,OIP5-AS1,lncRNA,OIP5-AS1-205,lncRNA,,"12,30,60",3,0.1470240925,0.0024975025
ENST00000617869.4,ENSG00000155100.11,OTUD6B,protein_coding,OTUD6B-206,protein_coding,ENSP00000483706.1,"12,30,60",3,0.1468558355,0.0224775225
ENST00000463262.1,ENSG00000174032.17,SLC25A30,protein_coding,SLC25A30-202,nonsense_mediated_decay,ENSP00000425603.1,"12,30,60",3,0.1467733068,0.042957043
ENST00000357484.10,ENSG00000242498.8,ARPIN,protein_coding,ARPIN-201,protein_coding,ENSP00000350075.5,"12,30,60",3,0.1467527681,0.0184815185
ENST00000518322.6,ENSG00000188343.13,CIBAR1,protein_coding,CIBAR1-206,protein_coding,ENSP00000429367.1,"12,30,60",3,0.14661223,0.0064935065
ENST00000493878.1,ENSG00000157259.8,GATAD1,protein_coding,GATAD1-203,retained_intron,,"12,30,60",3,0.146561768,0.022977023
ENST00000663186.1,ENSG00000188825.14,LINC00910,lncRNA,LINC00910-217,lncRNA,,"12,30,60",3,0.1463883509,0.010989011
ENST00000268797.12,ENSG00000141098.13,GFOD2,protein_coding,GFOD2-201,protein_coding,ENSP00000268797.7,"12,30,60",3,0.1456994251,0.0214785215
ENST00000308158.10,ENSG00000175309.15,PHYKPL,protein_coding,PHYKPL-201,protein_coding,ENSP00000310978.5,"12,30,60",3,0.1454383673,0.0094905095
ENST00000581897.6,ENSG00000266338.6,NBPF15,protein_coding,NBPF15-206,protein_coding,ENSP00000463178.1,"12,30,60",3,0.145290523,0.0084915085
ENST00000265465.8,ENSG00000014138.9,POLA2,protein_coding,POLA2-201,protein_coding,ENSP00000265465.3,"12,30,60",3,0.1442557757,0.0054945055
ENST00000630497.1,ENSG00000133247.14,KMT5C,protein_coding,KMT5C-212,protein_coding,ENSP00000486397.1,"12,30,60",3,0.1440907475,0.005994006
ENST00000471465.1,ENSG00000174842.17,GLMN,protein_coding,GLMN-203,retained_intron,,"12,30,60",3,0.1440698825,0.0224775225
ENST00000486442.6,ENSG00000119771.15,KLHL29,protein_coding,KLHL29-203,protein_coding,ENSP00000420659.1,"12,30,60",3,0.1439543504,0.006993007
ENST00000443894.1,ENSG00000114735.10,HEMK1,protein_coding,HEMK1-204,protein_coding,ENSP00000404168.1,"12,30,60",3,0.143908618,0.010989011
ENST00000477084.1,ENSG00000184083.12,FAM120C,protein_coding,FAM120C-203,protein_coding,ENSP00000420718.1,"12,30,60",3,0.143860547,0.022977023
ENST00000551659.5,ENSG00000133687.16,TMTC1,protein_coding,TMTC1-206,protein_coding,ENSP00000448112.1,"12,30,60",3,0.1435136405,0.012987013
ENST00000440481.5,ENSG00000122591.12,FAM126A,protein_coding,FAM126A-205,protein_coding,ENSP00000397168.1,"12,30,60",3,0.1430318329,0.0154845155
ENST00000366862.10,ENSG00000143756.12,FBXO28,protein_coding,FBXO28-201,protein_coding,ENSP00000355827.5,"12,30,60",3,0.1426350109,0.013986014
ENST00000591397.1,ENSG00000170653.19,ATF7,protein_coding,ATF7-212,protein_coding,ENSP00000465192.1,"12,30,60",3,0.1426080356,0.0054945055
ENST00000382464.6,ENSG00000129493.15,HEATR5A,protein_coding,HEATR5A-201,protein_coding,ENSP00000371903.2,"12,30,60",3,0.1423115426,0.0044955045
ENST00000647872.1,ENSG00000212719.13,LINC02693,lncRNA,LINC02693-208,lncRNA,,"12,30,60",3,0.1421921677,0.0234765235
ENST00000216807.12,ENSG00000100916.14,BRMS1L,protein_coding,BRMS1L-201,protein_coding,ENSP00000216807.6,"12,30,60",3,0.1415499471,0.0394605395
ENST00000641742.1,ENSG00000164073.11,MFSD8,protein_coding,MFSD8-244,nonsense_mediated_decay,ENSP00000493315.1,"12,30,60",3,0.14152552,0.0214785215
ENST00000374586.8,ENSG00000106771.13,TMEM245,protein_coding,TMEM245-201,protein_coding,ENSP00000363714.3,"12,30,60",3,0.141305312,0.005994006
ENST00000283875.6,ENSG00000153767.10,GTF2E1,protein_coding,GTF2E1-201,protein_coding,ENSP00000283875.5,"12,30,60",3,0.1413011945,0.00999001
ENST00000519583.5,ENSG00000113240.13,CLK4,protein_coding,CLK4-203,retained_intron,,"12,30,60",3,0.1413005605,0.0084915085
ENST00000299927.4,ENSG00000166716.10,ZNF592,protein_coding,ZNF592-201,protein_coding,ENSP00000299927.3,"12,30,60",3,0.1409819222,0.032967033
ENST00000357654.9,ENSG00000012048.23,BRCA1,protein_coding,BRCA1-203,protein_coding,ENSP00000350283.3,"12,30,60",3,0.1404930834,0.0174825175
ENST00000608872.6,ENSG00000119402.17,FBXW2,protein_coding,FBXW2-205,protein_coding,ENSP00000476369.1,"12,30,60",3,0.1403019905,0.004995005
ENST00000590654.1,ENSG00000141429.13,GALNT1,protein_coding,GALNT1-204,nonsense_mediated_decay,ENSP00000465452.1,"12,30,60",3,0.1400215761,0.0104895105
ENST00000287859.11,ENSG00000157181.16,ODR4,protein_coding,ODR4-201,protein_coding,ENSP00000287859.6,"12,30,60",3,0.1396086908,0.010989011
ENST00000360066.6,ENSG00000117266.15,CDK18,protein_coding,CDK18-201,protein_coding,ENSP00000353176.2,"12,30,60",3,0.1395375574,0.0174825175
ENST00000265056.12,ENSG00000073111.14,MCM2,protein_coding,MCM2-201,protein_coding,ENSP00000265056.7,"12,30,60",3,0.1394855732,0.001998002
ENST00000349556.4,ENSG00000213066.13,CEP43,protein_coding,CEP43-201,protein_coding,ENSP00000230248.6,"12,30,60",3,0.1393301845,0.0214785215
ENST00000260506.12,ENSG00000137942.16,FNBP1L,protein_coding,FNBP1L-201,protein_coding,ENSP00000260506.8,"12,30,60",3,0.13932108,0.0274725275
ENST00000659956.1,ENSG00000224660.2,SH3BP5-AS1,lncRNA,SH3BP5-AS1-205,lncRNA,,"12,30,60",3,0.1391032526,0.01998002
ENST00000400968.7,ENSG00000116747.13,RO60,protein_coding,RO60-206,protein_coding,ENSP00000383752.2,"12,30,60",3,0.1389126939,0.015984016
ENST00000409768.2,ENSG00000222019.7,URAHP,transcribed_unprocessed_pseudogene,URAHP-201,processed_transcript,,"12,30,60",3,0.1388086647,0.0324675325
ENST00000553027.1,ENSG00000134285.11,FKBP11,protein_coding,FKBP11-213,retained_intron,,"12,30,60",3,0.1387654433,0.0164835165
ENST00000545538.5,ENSG00000110931.19,CAMKK2,protein_coding,CAMKK2-216,protein_coding,ENSP00000441352.1,"12,30,60",3,0.1382103024,0.0264735265
ENST00000469430.5,ENSG00000102786.15,INTS6,protein_coding,INTS6-207,nonsense_mediated_decay,ENSP00000417442.1,"12,30,60",3,0.1380624206,0.013986014
ENST00000454759.6,ENSG00000122882.11,ECD,protein_coding,ECD-205,protein_coding,ENSP00000395786.1,"12,30,60",3,0.1380336649,0.0104895105
ENST00000485104.1,ENSG00000116141.16,MARK1,protein_coding,MARK1-204,processed_transcript,,"12,30,60",3,0.1379594723,0.0424575425
ENST00000300141.11,ENSG00000074603.19,DPP8,protein_coding,DPP8-201,protein_coding,ENSP00000300141.6,"12,30,60",3,0.1379290663,0.008991009
ENST00000447318.6,ENSG00000134287.10,ARF3,protein_coding,ARF3-202,protein_coding,ENSP00000395370.2,"12,30,60",3,0.1371995243,0.0034965035
ENST00000612790.1,ENSG00000060982.15,BCAT1,protein_coding,BCAT1-210,non_stop_decay,ENSP00000481749.1,"12,30,60",3,0.1366889666,0.002997003
ENST00000495601.1,ENSG00000115947.14,ORC4,protein_coding,ORC4-212,retained_intron,,"12,30,60",3,0.1366363557,0.0054945055
ENST00000611732.4,ENSG00000118707.11,TGIF2,protein_coding,TGIF2-208,protein_coding,ENSP00000481787.1,"12,30,60",3,0.1366017938,0.0214785215
ENST00000367666.5,ENSG00000143207.21,COP1,protein_coding,COP1-202,protein_coding,ENSP00000356638.1,"12,30,60",3,0.1364694177,0.0104895105
ENST00000379644.9,ENSG00000165102.15,HGSNAT,protein_coding,HGSNAT-201,protein_coding,ENSP00000368965.4,"12,30,60",3,0.1361390548,0.0214785215
ENST00000669516.2,ENSG00000162086.16,ZNF75A,protein_coding,ZNF75A-211,protein_coding,ENSP00000499415.1,"12,30,60",3,0.1358056016,0.0114885115
ENST00000472383.1,ENSG00000168827.15,GFM1,protein_coding,GFM1-204,protein_coding,ENSP00000420272.1,"12,30,60",3,0.1356418364,0.0074925075
ENST00000571301.1,ENSG00000175711.8,B3GNTL1,protein_coding,B3GNTL1-204,retained_intron,,"12,30,60",3,0.135638272,0.035964036
ENST00000541959.5,ENSG00000134287.10,ARF3,protein_coding,ARF3-208,protein_coding,ENSP00000438510.1,"12,30,60",3,0.1356007101,0.003996004
ENST00000366932.4,ENSG00000067533.6,RRP15,protein_coding,RRP15-201,protein_coding,ENSP00000355899.3,"12,30,60",3,0.1348593314,0.0114885115
ENST00000491428.1,ENSG00000067533.6,RRP15,protein_coding,RRP15-202,processed_transcript,,"12,30,60",3,0.1348593314,0.0114885115
ENST00000465438.1,ENSG00000198556.14,ZNF789,protein_coding,ZNF789-205,retained_intron,,"12,30,60",3,0.1347329118,0.0124875125
ENST00000577454.5,ENSG00000188895.12,MSL1,protein_coding,MSL1-203,protein_coding,ENSP00000463949.1,"12,30,60",3,0.1346396292,0.0044955045
ENST00000305476.10,ENSG00000168758.11,SEMA4C,protein_coding,SEMA4C-201,protein_coding,ENSP00000306844.5,"12,30,60",3,0.134244171,0.0204795205
ENST00000453876.1,ENSG00000233006.8,MIR3936HG,lncRNA,MIR3936HG-201,retained_intron,,"12,30,60",3,0.134204849,0.011988012
ENST00000300291.10,ENSG00000167005.14,NUDT21,protein_coding,NUDT21-201,protein_coding,ENSP00000300291.5,"12,30,60",3,0.13397398,0.002997003
ENST00000492347.1,ENSG00000188234.13,AGAP4,protein_coding,AGAP4-205,protein_coding,ENSP00000468160.1,"12,30,60",3,0.1337050715,0.0284715285
ENST00000491525.5,ENSG00000177707.11,NECTIN3,protein_coding,NECTIN3-210,protein_coding,ENSP00000418691.1,"12,30,60",3,0.13346836,0.0374625375
ENST00000295958.10,ENSG00000163683.12,SMIM14,protein_coding,SMIM14-201,protein_coding,ENSP00000295958.4,"12,30,60",3,0.1331379533,0.007992008
ENST00000471654.1,ENSG00000119771.15,KLHL29,protein_coding,KLHL29-202,retained_intron,,"12,30,60",3,0.1330928264,0.0104895105
ENST00000515319.6_PAR_Y,ENSG00000214717.12_PAR_Y,ZBED1,protein_coding,ZBED1-205,processed_transcript,,"12,30,60",3,0.1330835321,0.0094905095
ENST00000452918.7,ENSG00000064607.17,SUGP2,protein_coding,SUGP2-203,protein_coding,ENSP00000389380.1,"12,30,60",3,0.1328247042,0.003996004
ENST00000467779.1,ENSG00000105778.19,AVL9,protein_coding,AVL9-205,retained_intron,,"12,30,60",3,0.1328120391,0.0144855145
ENST00000538625.1,ENSG00000168014.16,C2CD3,protein_coding,C2CD3-212,processed_transcript,,"12,30,60",3,0.1325662237,0.023976024
ENST00000675328.1,ENSG00000106477.20,CEP41,protein_coding,CEP41-222,retained_intron,,"12,30,60",3,0.1323767574,0.0224775225
ENST00000462683.6,ENSG00000181704.12,YIPF6,protein_coding,YIPF6-204,protein_coding,ENSP00000417573.1,"12,30,60",3,0.1315826874,0.006993007
ENST00000504495.6,ENSG00000166532.16,RIMKLB,protein_coding,RIMKLB-203,processed_transcript,,"12,30,60",3,0.131577498,0.0014985015
ENST00000622829.4,ENSG00000277053.4,GTF2IP1,transcribed_unprocessed_pseudogene,GTF2IP1-210,processed_transcript,,"12,30,60",3,0.1309117042,0.008991009
ENST00000554660.1,ENSG00000184056.15,VPS33B,protein_coding,VPS33B-204,retained_intron,,"12,30,60",3,0.1308373671,0.016983017
ENST00000413872.6,ENSG00000070047.13,PHRF1,protein_coding,PHRF1-202,protein_coding,ENSP00000388589.2,"12,30,60",3,0.1307768336,0.025974026
ENST00000575101.1,ENSG00000141456.16,PELP1,protein_coding,PELP1-213,protein_coding,ENSP00000458985.1,"12,30,60",3,0.1301497106,0.0074925075
ENST00000367510.8,ENSG00000121481.11,RNF2,protein_coding,RNF2-202,protein_coding,ENSP00000356480.3,"12,30,60",3,0.1292714102,0.0164835165
ENST00000563945.1,ENSG00000128731.18,HERC2,protein_coding,HERC2-204,processed_transcript,,"12,30,60",3,0.1292481595,0.008991009
ENST00000458725.6,ENSG00000231607.12,DLEU2,lncRNA,DLEU2-207,lncRNA,,"12,30,60",3,0.1287405273,0.0274725275
ENST00000528896.7,ENSG00000007202.15,KIAA0100,protein_coding,KIAA0100-202,protein_coding,ENSP00000436773.2,"12,30,60",3,0.1283789493,0.005994006
ENST00000254616.11,ENSG00000132286.12,TIMM10B,protein_coding,TIMM10B-201,protein_coding,ENSP00000254616.6,"12,30,60",3,0.128267393,0.004995005
ENST00000281416.11,ENSG00000151690.15,MFSD6,protein_coding,MFSD6-201,protein_coding,ENSP00000281416.7,"12,30,60",3,0.1281348638,0.025974026
ENST00000304330.9,ENSG00000103932.12,RPAP1,protein_coding,RPAP1-201,protein_coding,ENSP00000306123.4,"12,30,60",3,0.1280256653,0.025974026
ENST00000288840.10,ENSG00000137834.15,SMAD6,protein_coding,SMAD6-201,protein_coding,ENSP00000288840.5,"12,30,60",3,0.1277866371,0.0164835165
ENST00000295694.9,ENSG00000163472.19,TMEM79,protein_coding,TMEM79-201,protein_coding,ENSP00000295694.5,"12,30,60",3,0.1266732454,0.0164835165
ENST00000563307.1,ENSG00000070770.9,CSNK2A2,protein_coding,CSNK2A2-203,protein_coding,ENSP00000457911.1,"12,30,60",3,0.1262852521,0.012987013
ENST00000578968.5,ENSG00000232956.9,SNHG15,lncRNA,SNHG15-203,lncRNA,,"12,30,60",3,0.1259642611,0.0014985015
ENST00000429094.7,ENSG00000184613.11,NELL2,protein_coding,NELL2-203,protein_coding,ENSP00000390680.2,"12,30,60",3,0.1258553314,0.0194805195
ENST00000548180.5,ENSG00000075089.9,ACTR6,protein_coding,ACTR6-204,nonsense_mediated_decay,ENSP00000450330.1,"12,30,60",3,0.1256572273,0.0084915085
ENST00000485837.5,ENSG00000163558.13,PRKCI,protein_coding,PRKCI-205,retained_intron,,"12,30,60",3,0.1256548186,0.0164835165
ENST00000369367.8,ENSG00000139218.18,SCAF11,protein_coding,SCAF11-202,protein_coding,ENSP00000358374.3,"12,30,60",3,0.125210983,0.0064935065
ENST00000662750.1,ENSG00000188825.14,LINC00910,lncRNA,LINC00910-215,lncRNA,,"12,30,60",3,0.1251052451,0.017982018
ENST00000499624.3,ENSG00000244879.8,GABPB1-AS1,lncRNA,GABPB1-AS1-202,lncRNA,,"12,30,60",3,0.1249838785,0.010989011
ENST00000570112.1,ENSG00000179455.9,MKRN3,protein_coding,MKRN3-205,processed_transcript,,"12,30,60",3,0.1249262943,0.017982018
ENST00000520077.5,ENSG00000104765.16,BNIP3L,protein_coding,BNIP3L-203,nonsense_mediated_decay,ENSP00000428919.1,"12,30,60",3,0.1246998384,0.0124875125
ENST00000527108.5,ENSG00000166352.16,IFTAP,protein_coding,IFTAP-205,protein_coding,ENSP00000435676.1,"12,30,60",3,0.1244679955,0.012987013
ENST00000249806.11,ENSG00000128973.13,CLN6,protein_coding,CLN6-201,protein_coding,ENSP00000249806.5,"12,30,60",3,0.1243935614,0.0064935065
ENST00000436587.7,ENSG00000106392.11,C1GALT1,protein_coding,C1GALT1-204,protein_coding,ENSP00000389176.2,"12,30,60",3,0.1239890011,0.011988012
ENST00000397802.8,ENSG00000168495.13,POLR3D,protein_coding,POLR3D-202,protein_coding,ENSP00000380904.3,"12,30,60",3,0.1236660997,0.0164835165
ENST00000481918.1,ENSG00000174606.14,ANGEL2,protein_coding,ANGEL2-206,processed_transcript,,"12,30,60",3,0.1236470277,0.0164835165
ENST00000674438.1,ENSG00000198380.13,GFPT1,protein_coding,GFPT1-204,protein_coding,ENSP00000501469.1,"12,30,60",3,0.1235059047,0.0094905095
ENST00000391881.7,ENSG00000105443.15,CYTH2,protein_coding,CYTH2-202,nonsense_mediated_decay,ENSP00000375753.3,"12,30,60",3,0.1228393022,0.008991009
ENST00000314565.9,ENSG00000165714.11,BORCS5,protein_coding,BORCS5-202,protein_coding,ENSP00000321546.4,"12,30,60",3,0.1224047134,0.0304695305
ENST00000389061.10,ENSG00000211456.13,SACM1L,protein_coding,SACM1L-201,protein_coding,ENSP00000373713.4,"12,30,60",3,0.1218372461,0.0114885115
ENST00000334527.12,ENSG00000166579.16,NDEL1,protein_coding,NDEL1-201,protein_coding,ENSP00000333982.7,"12,30,60",3,0.1217099237,0.0084915085
ENST00000539111.7,ENSG00000256525.8,POLG2,protein_coding,POLG2-201,protein_coding,ENSP00000442563.2,"12,30,60",3,0.1210820742,0.0114885115
ENST00000372358.10,ENSG00000130713.16,EXOSC2,protein_coding,EXOSC2-204,protein_coding,ENSP00000361433.5,"12,30,60",3,0.1205876933,0.003996004
ENST00000464757.1,ENSG00000203667.10,COX20,protein_coding,COX20-204,retained_intron,,"12,30,60",3,0.120551066,0.0054945055
ENST00000333229.6,ENSG00000185658.13,BRWD1,protein_coding,BRWD1-201,protein_coding,ENSP00000330753.2,"12,30,60",3,0.1201150838,0.0344655345
ENST00000474964.5,ENSG00000073111.14,MCM2,protein_coding,MCM2-206,nonsense_mediated_decay,ENSP00000420007.1,"12,30,60",3,0.1200675475,0.002997003
ENST00000420267.5,ENSG00000131368.8,MRPS25,protein_coding,MRPS25-202,nonsense_mediated_decay,ENSP00000396828.1,"12,30,60",3,0.1195994896,0.0024975025
ENST00000614189.4,ENSG00000180628.15,PCGF5,protein_coding,PCGF5-205,protein_coding,ENSP00000479492.1,"12,30,60",3,0.1192089996,0.0354645355
ENST00000242351.10,ENSG00000105939.13,ZC3HAV1,protein_coding,ZC3HAV1-201,protein_coding,ENSP00000242351.5,"12,30,60",3,0.1191412687,0.028971029
ENST00000398208.3,ENSG00000160193.12,WDR4,protein_coding,WDR4-202,protein_coding,ENSP00000381266.2,"12,30,60",3,0.1172594785,0.0094905095
ENST00000425884.5,ENSG00000231365.6,WARS2-AS1,lncRNA,WARS2-AS1-203,lncRNA,,"12,30,60",3,0.1172437098,0.023976024
ENST00000593367.1,ENSG00000105245.9,NUMBL,protein_coding,NUMBL-203,retained_intron,,"12,30,60",3,0.1172341973,0.02997003
ENST00000311916.8,ENSG00000107815.10,TWNK,protein_coding,TWNK-201,protein_coding,ENSP00000309595.2,"12,30,60",3,0.1167220436,0.015984016
ENST00000256366.6,ENSG00000213463.5,SYNJ2BP,protein_coding,SYNJ2BP-201,protein_coding,ENSP00000256366.4,"12,30,60",3,0.1166842211,0.027972028
ENST00000554216.1,ENSG00000213463.5,SYNJ2BP,protein_coding,SYNJ2BP-202,processed_transcript,,"12,30,60",3,0.1166842211,0.027972028
ENST00000395859.2,ENSG00000100483.14,VCPKMT,protein_coding,VCPKMT-201,protein_coding,ENSP00000379200.2,"12,30,60",3,0.1161525853,0.036963037
ENST00000367897.5,ENSG00000185630.19,PBX1,protein_coding,PBX1-202,protein_coding,ENSP00000356872.1,"12,30,60",3,0.1132041778,0.013986014
ENST00000537408.1,ENSG00000139182.15,CLSTN3,protein_coding,CLSTN3-207,retained_intron,,"12,30,60",3,0.113169937,0.025974026
ENST00000590577.2,ENSG00000180448.10,ARHGAP45,protein_coding,ARHGAP45-212,protein_coding,ENSP00000468607.1,"12,30,60",3,0.1116896667,0.020979021
ENST00000296666.13,ENSG00000164244.21,PRRC1,protein_coding,PRRC1-201,protein_coding,ENSP00000296666.9,"12,30,60",3,0.1112464128,0.012987013
ENST00000249344.7,ENSG00000128578.10,STRIP2,protein_coding,STRIP2-201,protein_coding,ENSP00000249344.2,"12,30,60",3,0.1082971788,0.041958042
ENST00000622353.4,ENSG00000213066.13,CEP43,protein_coding,CEP43-207,protein_coding,ENSP00000479115.1,"12,30,60",3,0.1054120205,0.0374625375
ENST00000264454.8,ENSG00000093183.14,SEC22C,protein_coding,SEC22C-201,protein_coding,ENSP00000264454.3,"12,30,60",3,0.101907266,0.012987013
ENST00000415669.3,ENSG00000228727.9,SAPCD1,protein_coding,SAPCD1-208,protein_coding,ENSP00000411948.2,"12,60",2,0.6319472013,0.0004995005
ENST00000494299.1,ENSG00000228727.9,SAPCD1,protein_coding,SAPCD1-210,retained_intron,,"12,60",2,0.6319472013,0.0004995005
ENST00000492937.1,ENSG00000243926.2,TIPARP-AS1,lncRNA,TIPARP-AS1-203,lncRNA,,"12,60",2,0.6277976668,0.0
ENST00000660511.1,ENSG00000232671.6,ZNF687-AS1,lncRNA,ZNF687-AS1-203,lncRNA,,"30,60",2,0.6012526728,0.0024975025
ENST00000660232.1,ENSG00000203288.4,TDRKH-AS1,lncRNA,TDRKH-AS1-203,lncRNA,,"12,60",2,0.5951376847,0.0054945055
ENST00000623690.1,ENSG00000217128.12,FNIP1,protein_coding,FNIP1-206,TEC,,"30,60",2,0.5886092592,0.0
ENST00000447795.3,ENSG00000232671.6,ZNF687-AS1,lncRNA,ZNF687-AS1-201,lncRNA,,"30,60",2,0.5814803898,0.0024975025
ENST00000486444.1,ENSG00000144802.11,NFKBIZ,protein_coding,NFKBIZ-208,retained_intron,,"30,60",2,0.564885534,0.0
ENST00000567594.1,ENSG00000260233.3,ZNRD2-AS1,lncRNA,ZNRD2-AS1-201,lncRNA,,"30,60",2,0.5305021263,0.0044955045
ENST00000623234.1,ENSG00000260233.3,ZNRD2-AS1,lncRNA,ZNRD2-AS1-202,TEC,,"30,60",2,0.5305021263,0.0044955045
ENST00000460041.5,ENSG00000233101.10,HOXB-AS3,lncRNA,HOXB-AS3-202,lncRNA,,"30,60",2,0.5262701919,0.0064935065
ENST00000606895.1,ENSG00000178607.16,ERN1,protein_coding,ERN1-208,protein_coding,ENSP00000475519.1,"30,60",2,0.5119188212,0.0054945055
ENST00000600121.1,ENSG00000104894.12,CD37,protein_coding,CD37-215,processed_transcript,,"12,60",2,0.4973623258,0.002997003
ENST00000652379.1,ENSG00000280441.3,FP236383.3,lncRNA,FP236383.3-204,lncRNA,,"12,30",2,0.4897264434,0.0
ENST00000452133.1,ENSG00000254806.5,SYS1-DBNDD2,protein_coding,SYS1-DBNDD2-202,nonsense_mediated_decay,ENSP00000457650.1,"12,30",2,0.4896749341,0.006993007
ENST00000494857.6,ENSG00000003989.18,SLC7A2,protein_coding,SLC7A2-204,protein_coding,ENSP00000419140.2,"12,30",2,0.4721456863,0.001998002
ENST00000510461.6,ENSG00000217128.12,FNIP1,protein_coding,FNIP1-203,protein_coding,ENSP00000421985.1,"30,60",2,0.4667743544,0.0004995005
ENST00000494138.4,ENSG00000232671.6,ZNF687-AS1,lncRNA,ZNF687-AS1-202,lncRNA,,"12,30",2,0.466712479,0.002997003
ENST00000469059.2,ENSG00000120616.16,EPC1,protein_coding,EPC1-205,protein_coding,ENSP00000499314.1,"30,60",2,0.4657189436,0.0
ENST00000320211.10,ENSG00000164053.21,ATRIP,protein_coding,ATRIP-201,protein_coding,ENSP00000323099.3,"30,60",2,0.4614431673,0.0
ENST00000665250.1,ENSG00000175772.11,LINC01106,lncRNA,LINC01106-204,lncRNA,,"12,30",2,0.443339909,0.003996004
ENST00000654118.1,ENSG00000175772.11,LINC01106,lncRNA,LINC01106-203,lncRNA,,"12,30",2,0.4422755048,0.003996004
ENST00000261458.8,ENSG00000054392.13,HHAT,protein_coding,HHAT-201,protein_coding,ENSP00000261458.3,"12,30",2,0.4394175153,0.0094905095
ENST00000004531.14,ENSG00000003989.18,SLC7A2,protein_coding,SLC7A2-201,protein_coding,ENSP00000004531.10,"12,30",2,0.4389234463,0.0034965035
ENST00000474037.6,ENSG00000203326.12,ZNF525,protein_coding,ZNF525-202,protein_coding,ENSP00000417696.1,"30,60",2,0.4305584668,0.012987013
ENST00000493358.1,ENSG00000162804.14,SNED1,protein_coding,SNED1-212,processed_transcript,,"12,60",2,0.430492142,0.008991009
ENST00000262858.7,ENSG00000013619.14,MAMLD1,protein_coding,MAMLD1-201,protein_coding,ENSP00000262858.5,"12,60",2,0.430282539,0.000999001
ENST00000379687.7,ENSG00000173681.16,BCLAF3,protein_coding,BCLAF3-203,protein_coding,ENSP00000369009.3,"30,60",2,0.4281007116,0.0084915085
ENST00000498492.2,ENSG00000261716.2,H2BC20P,transcribed_unprocessed_pseudogene,H2BC20P-201,transcribed_unprocessed_pseudogene,,"12,30",2,0.4253285459,0.0014985015
ENST00000564237.2,ENSG00000261716.2,H2BC20P,transcribed_unprocessed_pseudogene,H2BC20P-202,processed_transcript,,"12,30",2,0.4253285459,0.0014985015
ENST00000256186.2,ENSG00000133816.16,MICAL2,protein_coding,MICAL2-201,protein_coding,ENSP00000256186.2,"12,30",2,0.4161979941,0.013986014
ENST00000433197.4,ENSG00000178607.16,ERN1,protein_coding,ERN1-201,protein_coding,ENSP00000401445.2,"12,60",2,0.4161716784,0.006993007
ENST00000535342.7,ENSG00000154240.17,CEP112,protein_coding,CEP112-203,protein_coding,ENSP00000442784.2,"12,60",2,0.4153054056,0.0074925075
ENST00000449537.1,ENSG00000214870.9,AC004540.1,lncRNA,AC004540.1-204,lncRNA,,"30,60",2,0.4150726068,0.008991009
ENST00000438823.1,ENSG00000188542.10,DUSP28,protein_coding,DUSP28-203,nonsense_mediated_decay,ENSP00000403899.1,"30,60",2,0.4093224524,0.000999001
ENST00000502929.5,ENSG00000280987.4,MATR3,protein_coding,MATR3-231,protein_coding,ENSP00000422319.1,"30,60",2,0.4087859504,0.0
ENST00000624758.3,ENSG00000273590.4,SMIM11B,protein_coding,SMIM11B-207,protein_coding,ENSP00000485596.1,"30,60",2,0.4087286491,0.007992008
ENST00000319359.8,ENSG00000128886.12,ELL3,protein_coding,ELL3-201,protein_coding,ENSP00000320346.3,"30,60",2,0.4056075708,0.008991009
ENST00000352684.2,ENSG00000147364.17,FBXO25,protein_coding,FBXO25-203,protein_coding,ENSP00000341345.2,"30,60",2,0.4036381682,0.0134865135
ENST00000552893.1,ENSG00000258017.2,AC011603.3,lncRNA,AC011603.3-202,lncRNA,,"12,30",2,0.401204938,0.0
ENST00000508280.6,ENSG00000284968.1,AC093827.4,lncRNA,AC093827.4-201,lncRNA,,"30,60",2,0.4005037183,0.018981019
ENST00000535190.1,ENSG00000169246.16,NPIPB3,protein_coding,NPIPB3-207,processed_transcript,,"12,30",2,0.395538097,0.003996004
ENST00000599300.5,ENSG00000105499.14,PLA2G4C,protein_coding,PLA2G4C-221,protein_coding,ENSP00000470418.1,"30,60",2,0.394403973,0.0104895105
ENST00000530789.1,ENSG00000111087.10,GLI1,protein_coding,GLI1-205,retained_intron,,"30,60",2,0.3938575152,0.006993007
ENST00000487646.2,ENSG00000130045.16,NXNL2,protein_coding,NXNL2-204,processed_transcript,,"12,30",2,0.3906378667,0.00999001
ENST00000319778.11,ENSG00000120616.16,EPC1,protein_coding,EPC1-202,protein_coding,ENSP00000318559.6,"30,60",2,0.3904192436,0.0004995005
ENST00000520592.1,ENSG00000006837.12,CDKL3,protein_coding,CDKL3-204,nonsense_mediated_decay,ENSP00000428498.1,"12,30",2,0.3838779533,0.0044955045
ENST00000554109.1,ENSG00000233382.7,NKAPP1,transcribed_processed_pseudogene,NKAPP1-203,processed_transcript,,"12,60",2,0.3827381009,0.010989011
ENST00000431379.5,ENSG00000168038.11,ULK4,protein_coding,ULK4-204,nonsense_mediated_decay,ENSP00000391849.1,"30,60",2,0.3825302681,0.00999001
ENST00000329286.7,ENSG00000206418.4,RAB12,protein_coding,RAB12-201,protein_coding,ENSP00000331748.6,"30,60",2,0.3817524545,0.0
ENST00000618804.5,ENSG00000148541.13,FAM13C,protein_coding,FAM13C-217,protein_coding,ENSP00000481854.1,"12,60",2,0.3813873929,0.0114885115
ENST00000284881.9,ENSG00000154642.11,C21orf91,protein_coding,C21orf91-201,protein_coding,ENSP00000284881.4,"12,60",2,0.3797384028,0.0074925075
ENST00000656133.1,ENSG00000258017.2,AC011603.3,lncRNA,AC011603.3-204,lncRNA,,"12,30",2,0.3778518761,0.0
ENST00000651958.1,ENSG00000280441.3,FP236383.3,lncRNA,FP236383.3-203,lncRNA,,"12,30",2,0.3766332946,0.0
ENST00000642693.1,ENSG00000226124.7,FTCDNL1,protein_coding,FTCDNL1-205,processed_transcript,,"12,30",2,0.3762849357,0.0084915085
ENST00000444300.1,ENSG00000140543.15,DET1,protein_coding,DET1-202,protein_coding,ENSP00000408994.1,"12,60",2,0.3751430309,0.00999001
ENST00000311895.8,ENSG00000175595.15,ERCC4,protein_coding,ERCC4-201,protein_coding,ENSP00000310520.7,"12,30",2,0.3745735459,0.007992008
ENST00000543626.4,ENSG00000231887.7,PRH1,protein_coding,PRH1-208,protein_coding,ENSP00000479168.1,"30,60",2,0.3728639914,0.0094905095
ENST00000220931.11,ENSG00000104490.18,NCALD,protein_coding,NCALD-201,protein_coding,ENSP00000220931.6,"30,60",2,0.3699413425,0.0124875125
ENST00000424848.3,ENSG00000105810.10,CDK6,protein_coding,CDK6-202,protein_coding,ENSP00000397087.3,"12,30",2,0.369464017,0.0074925075
ENST00000658188.1,ENSG00000228889.7,UBAC2-AS1,lncRNA,UBAC2-AS1-203,lncRNA,,"30,60",2,0.3613789008,0.0064935065
ENST00000530649.5,ENSG00000149591.17,TAGLN,protein_coding,TAGLN-206,protein_coding,ENSP00000431941.1,"12,30",2,0.3608859965,0.0084915085
ENST00000580624.1,ENSG00000154240.17,CEP112,protein_coding,CEP112-209,retained_intron,,"12,60",2,0.3589138334,0.0114885115
ENST00000456375.1,ENSG00000223820.5,CFL1P1,transcribed_unprocessed_pseudogene,CFL1P1-204,processed_transcript,,"30,60",2,0.3577869542,0.0054945055
ENST00000320241.5,ENSG00000176678.6,FOXL1,protein_coding,FOXL1-201,protein_coding,ENSP00000326272.3,"12,60",2,0.3564685961,0.010989011
ENST00000593625.1,ENSG00000176678.6,FOXL1,protein_coding,FOXL1-202,protein_coding,ENSP00000472376.1,"12,60",2,0.3564685961,0.010989011
ENST00000627622.1,ENSG00000173575.22,CHD2,protein_coding,CHD2-212,protein_coding,ENSP00000486926.1,"30,60",2,0.3563385799,0.0
ENST00000331426.6,ENSG00000184898.7,RBM43,protein_coding,RBM43-201,protein_coding,ENSP00000331211.5,"12,30",2,0.3525178974,0.016983017
ENST00000409092.1,ENSG00000184898.7,RBM43,protein_coding,RBM43-202,protein_coding,ENSP00000386440.1,"12,30",2,0.3525178974,0.016983017
ENST00000452254.2,ENSG00000233382.7,NKAPP1,transcribed_processed_pseudogene,NKAPP1-201,processed_transcript,,"12,60",2,0.3524436892,0.015984016
ENST00000353739.8,ENSG00000137075.18,RNF38,protein_coding,RNF38-203,protein_coding,ENSP00000335239.5,"30,60",2,0.3518662938,0.004995005
ENST00000467325.2,ENSG00000136828.19,RALGPS1,protein_coding,RALGPS1-210,processed_transcript,,"12,60",2,0.3497795571,0.0054945055
ENST00000260743.10,ENSG00000138172.11,CALHM2,protein_coding,CALHM2-201,protein_coding,ENSP00000260743.5,"12,60",2,0.3488695747,0.0084915085
ENST00000458733.5,ENSG00000225177.6,AL590617.2,lncRNA,AL590617.2-203,lncRNA,,"30,60",2,0.3447084068,0.0084915085
ENST00000355125.3,ENSG00000011114.15,BTBD7,protein_coding,BTBD7-203,nonsense_mediated_decay,ENSP00000347246.3,"30,60",2,0.3439679497,0.008991009
ENST00000576348.1,ENSG00000175595.15,ERCC4,protein_coding,ERCC4-208,retained_intron,,"12,30",2,0.3426691027,0.0114885115
ENST00000625766.2,ENSG00000280670.3,CCDC163,protein_coding,CCDC163-201,nonsense_mediated_decay,ENSP00000486505.1,"30,60",2,0.3413767164,0.01998002
ENST00000519751.6,ENSG00000235531.11,MSC-AS1,lncRNA,MSC-AS1-206,lncRNA,,"12,60",2,0.3408516673,0.016983017
ENST00000637461.1,ENSG00000114786.16,ABHD14A-ACY1,protein_coding,ABHD14A-ACY1-223,nonsense_mediated_decay,ENSP00000490593.1,"12,60",2,0.338686261,0.0154845155
ENST00000409754.5,ENSG00000072163.20,LIMS2,protein_coding,LIMS2-206,protein_coding,ENSP00000386345.1,"12,30",2,0.3341028883,0.0084915085
ENST00000577521.1,ENSG00000265096.2,C1QTNF1-AS1,lncRNA,C1QTNF1-AS1-201,lncRNA,,"12,30",2,0.3337263742,0.007992008
ENST00000581579.2,ENSG00000265096.2,C1QTNF1-AS1,lncRNA,C1QTNF1-AS1-202,lncRNA,,"12,30",2,0.3337263742,0.007992008
ENST00000314073.9,ENSG00000112624.12,BICRAL,protein_coding,BICRAL-201,protein_coding,ENSP00000313933.4,"12,30",2,0.3333333333,0.0174825175
ENST00000389897.3,ENSG00000203288.4,TDRKH-AS1,lncRNA,TDRKH-AS1-201,lncRNA,,"12,60",2,0.3333333333,0.022977023
ENST00000394168.1,ENSG00000112624.12,BICRAL,protein_coding,BICRAL-202,protein_coding,ENSP00000377723.1,"12,30",2,0.3333333333,0.0174825175
ENST00000580372.1,ENSG00000264019.1,AC018521.2,lncRNA,AC018521.2-201,lncRNA,,"12,30",2,0.3333333333,0.003996004
ENST00000582142.1,ENSG00000264019.1,AC018521.2,lncRNA,AC018521.2-202,lncRNA,,"12,30",2,0.3333333333,0.003996004
ENST00000585940.1,ENSG00000267523.1,AC008735.2,lncRNA,AC008735.2-202,lncRNA,,"12,60",2,0.332858375,0.010989011
ENST00000589456.1,ENSG00000267523.1,AC008735.2,lncRNA,AC008735.2-201,lncRNA,,"12,60",2,0.332858375,0.010989011
ENST00000326172.9,ENSG00000144802.11,NFKBIZ,protein_coding,NFKBIZ-202,protein_coding,ENSP00000325663.5,"30,60",2,0.3327927177,0.002997003
ENST00000604912.1,ENSG00000150867.14,PIP4K2A,protein_coding,PIP4K2A-207,protein_coding,ENSP00000473858.1,"12,60",2,0.3321076852,0.0024975025
ENST00000532838.1,ENSG00000254788.7,CKLF-CMTM1,protein_coding,CKLF-CMTM1-204,protein_coding,ENSP00000433857.1,"12,30",2,0.3313779023,0.0054945055
ENST00000658811.1,ENSG00000267248.3,AC025048.2,lncRNA,AC025048.2-205,lncRNA,,"30,60",2,0.3305168737,0.013986014
ENST00000534941.2,ENSG00000174928.16,C3orf33,protein_coding,C3orf33-205,protein_coding,ENSP00000445446.1,"30,60",2,0.3295457407,0.0084915085
ENST00000513901.1,ENSG00000181381.13,DDX60L,protein_coding,DDX60L-213,processed_transcript,,"12,30",2,0.3294984927,0.027972028
ENST00000413962.5,ENSG00000224043.8,CCNT2-AS1,lncRNA,CCNT2-AS1-202,lncRNA,,"30,60",2,0.329268185,0.0194805195
ENST00000580466.1,ENSG00000170921.15,TANC2,protein_coding,TANC2-205,protein_coding,ENSP00000463959.1,"12,60",2,0.326683532,0.0044955045
ENST00000369209.8,ENSG00000165868.16,HSPA12A,protein_coding,HSPA12A-201,protein_coding,ENSP00000358211.3,"30,60",2,0.3266296587,0.006993007
ENST00000441322.6,ENSG00000237289.10,CKMT1B,protein_coding,CKMT1B-207,protein_coding,ENSP00000413255.2,"12,30",2,0.3248182551,0.016983017
ENST00000435298.6,ENSG00000164920.9,OSR2,protein_coding,OSR2-202,protein_coding,ENSP00000402862.2,"30,60",2,0.3241376689,0.015984016
ENST00000491895.7,ENSG00000131979.20,GCH1,protein_coding,GCH1-204,protein_coding,ENSP00000419045.2,"12,60",2,0.3229778966,0.003996004
ENST00000395074.7,ENSG00000110031.13,LPXN,protein_coding,LPXN-201,protein_coding,ENSP00000378512.2,"12,60",2,0.3225534404,0.0184815185
ENST00000323817.7,ENSG00000155111.15,CDK19,protein_coding,CDK19-201,protein_coding,ENSP00000317665.3,"12,60",2,0.3207225777,0.005994006
ENST00000472226.2,ENSG00000134884.15,ARGLU1,protein_coding,ARGLU1-204,retained_intron,,"30,60",2,0.3201772846,0.0
ENST00000340171.7,ENSG00000174928.16,C3orf33,protein_coding,C3orf33-201,protein_coding,ENSP00000342512.2,"30,60",2,0.3198471872,0.008991009
ENST00000401752.6,ENSG00000165905.18,LARGE2,protein_coding,LARGE2-202,protein_coding,ENSP00000385235.1,"12,60",2,0.3194601908,0.0134865135
ENST00000355526.8,ENSG00000011332.19,DPF1,protein_coding,DPF1-201,protein_coding,ENSP00000347716.4,"30,60",2,0.3189446328,0.0214785215
ENST00000643523.1,ENSG00000133816.16,MICAL2,protein_coding,MICAL2-232,retained_intron,,"12,30",2,0.3173331352,0.021978022
ENST00000565929.1,ENSG00000261386.2,AC027682.4,lncRNA,AC027682.4-202,lncRNA,,"12,30",2,0.3172802675,0.0184815185
ENST00000605277.1,ENSG00000261386.2,AC027682.4,lncRNA,AC027682.4-201,lncRNA,,"12,30",2,0.3172802675,0.0184815185
ENST00000537853.1,ENSG00000197837.3,H4-16,protein_coding,H4-16-203,processed_transcript,,"30,60",2,0.3163568107,0.018981019
ENST00000416239.1,ENSG00000077063.11,CTTNBP2,protein_coding,CTTNBP2-203,protein_coding,ENSP00000406142.1,"30,60",2,0.3154710629,0.01998002
ENST00000505637.1,ENSG00000251141.6,MRPS30-DT,lncRNA,MRPS30-DT-205,lncRNA,,"12,60",2,0.3150885651,0.003996004
ENST00000396852.9,ENSG00000140987.20,ZSCAN32,protein_coding,ZSCAN32-203,protein_coding,ENSP00000380061.4,"30,60",2,0.3136678059,0.0004995005
ENST00000451119.6,ENSG00000165804.16,ZNF219,protein_coding,ZNF219-203,protein_coding,ENSP00000388558.2,"30,60",2,0.3135653538,0.000999001
ENST00000391703.3,ENSG00000121417.14,ZNF211,protein_coding,ZNF211-205,protein_coding,ENSP00000375584.3,"12,30",2,0.3100989436,0.0054945055
ENST00000520819.6,ENSG00000247134.7,AC090204.1,lncRNA,AC090204.1-201,lncRNA,,"12,60",2,0.3100445774,0.008991009
ENST00000649141.1,ENSG00000206418.4,RAB12,protein_coding,RAB12-203,protein_coding,ENSP00000497886.1,"30,60",2,0.3096464413,0.0
ENST00000671800.1,ENSG00000156671.15,SAMD8,protein_coding,SAMD8-206,protein_coding,ENSP00000500411.1,"12,60",2,0.3084606006,0.0044955045
ENST00000527845.1,ENSG00000254788.7,CKLF-CMTM1,protein_coding,CKLF-CMTM1-202,nonsense_mediated_decay,ENSP00000435007.1,"12,30",2,0.3083350069,0.0064935065
ENST00000650831.1,ENSG00000181544.15,FANCB,protein_coding,FANCB-207,protein_coding,ENSP00000498215.1,"30,60",2,0.3073667335,0.0084915085
ENST00000320743.8,ENSG00000139263.12,LRIG3,protein_coding,LRIG3-201,protein_coding,ENSP00000326759.3,"30,60",2,0.3065092839,0.0054945055
ENST00000596473.1,ENSG00000268650.3,AC005759.1,lncRNA,AC005759.1-203,lncRNA,,"12,60",2,0.3063144612,0.0244755245
ENST00000599416.2,ENSG00000268650.3,AC005759.1,lncRNA,AC005759.1-202,lncRNA,,"12,60",2,0.3063144612,0.0244755245
ENST00000634384.2,ENSG00000164053.21,ATRIP,protein_coding,ATRIP-205,nonsense_mediated_decay,ENSP00000489041.2,"30,60",2,0.3040847557,0.001998002
ENST00000585807.6,ENSG00000108786.11,HSD17B1,protein_coding,HSD17B1-202,protein_coding,ENSP00000466799.1,"12,30",2,0.3033874139,0.012987013
ENST00000573780.5,ENSG00000181031.16,RPH3AL,protein_coding,RPH3AL-212,protein_coding,ENSP00000459992.1,"30,60",2,0.3024634832,0.014985015
ENST00000361483.4,ENSG00000198324.13,PHETA1,protein_coding,PHETA1-201,protein_coding,ENSP00000354461.3,"12,60",2,0.3012372313,0.0094905095
ENST00000520504.1,ENSG00000120137.7,PANK3,protein_coding,PANK3-202,processed_transcript,,"30,60",2,0.3004732237,0.0
ENST00000504533.2,ENSG00000248593.3,DSTNP2,transcribed_unprocessed_pseudogene,DSTNP2-201,transcribed_unprocessed_pseudogene,,"12,60",2,0.2996997985,0.003996004
ENST00000602547.1,ENSG00000248593.3,DSTNP2,transcribed_unprocessed_pseudogene,DSTNP2-202,processed_transcript,,"12,60",2,0.2996997985,0.003996004
ENST00000587522.3,ENSG00000178093.14,TSSK6,protein_coding,TSSK6-202,nonsense_mediated_decay,ENSP00000466056.1,"30,60",2,0.2995866911,0.0144855145
ENST00000370198.5,ENSG00000117569.19,PTBP2,protein_coding,PTBP2-202,protein_coding,ENSP00000359217.1,"12,60",2,0.2986723251,0.0034965035
ENST00000419890.3,ENSG00000175106.16,TVP23C,protein_coding,TVP23C-202,protein_coding,ENSP00000409988.2,"30,60",2,0.2985850802,0.008991009
ENST00000285420.8,ENSG00000155100.11,OTUD6B,protein_coding,OTUD6B-201,protein_coding,ENSP00000285420.4,"12,60",2,0.2981298253,0.001998002
ENST00000426821.6,ENSG00000147394.18,ZNF185,protein_coding,ZNF185-206,protein_coding,ENSP00000409121.2,"30,60",2,0.2976701554,0.0224775225
ENST00000425382.5,ENSG00000164181.14,ELOVL7,protein_coding,ELOVL7-201,protein_coding,ENSP00000402634.1,"30,60",2,0.2970929709,0.013986014
ENST00000428044.5,ENSG00000225177.6,AL590617.2,lncRNA,AL590617.2-202,lncRNA,,"30,60",2,0.296232486,0.014985015
ENST00000382754.4,ENSG00000150456.11,EEF1AKMT1,protein_coding,EEF1AKMT1-201,protein_coding,ENSP00000372202.4,"12,30",2,0.2951879317,0.0074925075
ENST00000382758.6,ENSG00000150456.11,EEF1AKMT1,protein_coding,EEF1AKMT1-202,protein_coding,ENSP00000372206.1,"12,30",2,0.2951879317,0.0074925075
ENST00000648566.1,ENSG00000142867.14,BCL10,protein_coding,BCL10-202,protein_coding,ENSP00000498104.1,"30,60",2,0.2950607242,0.0064935065
ENST00000587797.1,ENSG00000033627.17,ATP6V0A1,protein_coding,ATP6V0A1-214,processed_transcript,,"30,60",2,0.2941915746,0.0004995005
ENST00000533293.2,ENSG00000213906.10,LTB4R2,protein_coding,LTB4R2-204,protein_coding,ENSP00000433290.1,"12,30",2,0.2921303249,0.0134865135
ENST00000599798.1,ENSG00000213020.10,ZNF611,protein_coding,ZNF611-213,processed_transcript,,"30,60",2,0.2918658205,0.014985015
ENST00000379682.8,ENSG00000173681.16,BCLAF3,protein_coding,BCLAF3-202,protein_coding,ENSP00000369004.4,"30,60",2,0.2913723737,0.01998002
ENST00000555015.5,ENSG00000258704.6,SRP54-AS1,transcribed_unitary_pseudogene,SRP54-AS1-202,processed_transcript,,"12,30",2,0.2912446003,0.0154845155
ENST00000648436.1,ENSG00000285906.2,AC083855.2,lncRNA,AC083855.2-201,lncRNA,,"30,60",2,0.290653656,0.014985015
ENST00000658562.1,ENSG00000285906.2,AC083855.2,lncRNA,AC083855.2-202,lncRNA,,"30,60",2,0.290653656,0.014985015
ENST00000495056.2,ENSG00000071073.13,MGAT4A,protein_coding,MGAT4A-209,protein_coding,ENSP00000475198.1,"30,60",2,0.2903020413,0.0114885115
ENST00000443455.5,ENSG00000196912.12,ANKRD36B,protein_coding,ANKRD36B-205,nonsense_mediated_decay,ENSP00000482644.1,"30,60",2,0.2891281316,0.0114885115
ENST00000460804.5,ENSG00000189410.12,SH2D5,protein_coding,SH2D5-204,processed_transcript,,"12,30",2,0.2890933548,0.024975025
ENST00000673665.1,ENSG00000288558.2,DUS4L-BCAP29,protein_coding,DUS4L-BCAP29-202,protein_coding,ENSP00000501082.1,"30,60",2,0.2887174316,0.0124875125
ENST00000360905.9,ENSG00000082805.20,ERC1,protein_coding,ERC1-203,protein_coding,ENSP00000354158.3,"12,30",2,0.2879089484,0.0024975025
ENST00000467122.1,ENSG00000196748.10,CLPSL2,protein_coding,CLPSL2-203,processed_transcript,,"12,30",2,0.2877395889,0.0174825175
ENST00000537016.5,ENSG00000165275.10,TRMT10B,protein_coding,TRMT10B-206,nonsense_mediated_decay,ENSP00000444612.1,"30,60",2,0.2876879018,0.00999001
ENST00000525744.1,ENSG00000150773.10,PIH1D2,protein_coding,PIH1D2-205,non_stop_decay,ENSP00000433297.1,"12,30",2,0.2873051102,0.0204795205
ENST00000470318.1,ENSG00000117472.10,TSPAN1,protein_coding,TSPAN1-204,processed_transcript,,"12,60",2,0.2873019126,0.024975025
ENST00000566861.5,ENSG00000188659.9,SAXO2,protein_coding,SAXO2-207,protein_coding,ENSP00000455957.1,"12,60",2,0.2870097863,0.0234765235
ENST00000392741.6,ENSG00000105982.16,RNF32,protein_coding,RNF32-203,protein_coding,ENSP00000376497.2,"12,60",2,0.2867219524,0.026973027
ENST00000670459.1,ENSG00000171889.5,MIR31HG,lncRNA,MIR31HG-204,lncRNA,,"30,60",2,0.2862626936,0.024975025
ENST00000649060.1,ENSG00000142867.14,BCL10,protein_coding,BCL10-203,nonsense_mediated_decay,ENSP00000497490.1,"30,60",2,0.2853764814,0.006993007
ENST00000380861.9,ENSG00000047644.19,WWC3,protein_coding,WWC3-201,protein_coding,ENSP00000370242.5,"30,60",2,0.2847768633,0.0
ENST00000466248.1,ENSG00000047644.19,WWC3,protein_coding,WWC3-202,processed_transcript,,"30,60",2,0.2847768633,0.0
ENST00000400558.7,ENSG00000154642.11,C21orf91,protein_coding,C21orf91-202,protein_coding,ENSP00000383403.3,"12,60",2,0.2842057899,0.02997003
ENST00000310611.8,ENSG00000174151.15,CYB561D1,protein_coding,CYB561D1-201,protein_coding,ENSP00000309324.4,"12,60",2,0.2838563679,0.0154845155
ENST00000617601.4,ENSG00000188158.16,NHS,protein_coding,NHS-205,protein_coding,ENSP00000478433.1,"30,60",2,0.2835854886,0.0164835165
ENST00000532485.6,ENSG00000078124.12,ACER3,protein_coding,ACER3-212,protein_coding,ENSP00000434480.1,"30,60",2,0.2830830386,0.0094905095
ENST00000389534.8,ENSG00000197608.11,ZNF841,protein_coding,ZNF841-201,protein_coding,ENSP00000374185.4,"12,60",2,0.2819888133,0.018981019
ENST00000557470.5,ENSG00000184056.15,VPS33B,protein_coding,VPS33B-207,retained_intron,,"30,60",2,0.2810096379,0.0024975025
ENST00000428637.5,ENSG00000173166.18,RAPH1,protein_coding,RAPH1-208,protein_coding,ENSP00000414430.1,"12,60",2,0.280761093,0.00999001
ENST00000373036.5,ENSG00000188786.10,MTF1,protein_coding,MTF1-201,protein_coding,ENSP00000362127.3,"12,30",2,0.2803303619,0.021978022
ENST00000468190.1,ENSG00000188786.10,MTF1,protein_coding,MTF1-202,processed_transcript,,"12,30",2,0.2803303619,0.021978022
ENST00000528335.5,ENSG00000250305.9,TRMT9B,protein_coding,TRMT9B-205,processed_transcript,,"30,60",2,0.2799977159,0.011988012
ENST00000348335.7,ENSG00000004660.15,CAMKK1,protein_coding,CAMKK1-202,protein_coding,ENSP00000323118.3,"30,60",2,0.2798225232,0.001998002
ENST00000375847.8,ENSG00000116138.13,DNAJC16,protein_coding,DNAJC16-202,protein_coding,ENSP00000365007.3,"12,60",2,0.2794598065,0.0054945055
ENST00000625756.2,ENSG00000169598.17,DFFB,protein_coding,DFFB-211,protein_coding,ENSP00000486916.1,"30,60",2,0.279437161,0.0124875125
ENST00000569786.5,ENSG00000260630.7,SNAI3-AS1,lncRNA,SNAI3-AS1-206,lncRNA,,"30,60",2,0.2792995546,0.017982018
ENST00000593942.5,ENSG00000104883.8,PEX11G,protein_coding,PEX11G-203,protein_coding,ENSP00000472216.1,"30,60",2,0.2789980026,0.0194805195
ENST00000545021.2,ENSG00000183060.15,LYSMD4,protein_coding,LYSMD4-210,protein_coding,ENSP00000445357.2,"30,60",2,0.2784377975,0.0084915085
ENST00000375031.5,ENSG00000189410.12,SH2D5,protein_coding,SH2D5-201,protein_coding,ENSP00000364171.1,"12,60",2,0.2783866757,0.0384615385
ENST00000545174.5,ENSG00000119408.17,NEK6,protein_coding,NEK6-214,protein_coding,ENSP00000442636.1,"12,60",2,0.2781372493,0.0004995005
ENST00000556705.5,ENSG00000258704.6,SRP54-AS1,transcribed_unitary_pseudogene,SRP54-AS1-204,processed_transcript,,"12,60",2,0.2780594353,0.017982018
ENST00000621156.1,ENSG00000277147.6,LINC00869,transcribed_unprocessed_pseudogene,LINC00869-208,processed_transcript,,"12,30",2,0.2777303886,0.014985015
ENST00000286364.9,ENSG00000155903.13,RASA2,protein_coding,RASA2-201,protein_coding,ENSP00000286364.3,"12,60",2,0.2766180343,0.012987013
ENST00000568574.1,ENSG00000285077.2,ARHGAP11B,protein_coding,ARHGAP11B-205,retained_intron,,"30,60",2,0.2758792614,0.002997003
ENST00000432622.1,ENSG00000225828.1,FAM229A,protein_coding,FAM229A-204,protein_coding,ENSP00000455971.1,"30,60",2,0.275521725,0.0114885115
ENST00000486971.1,ENSG00000179021.10,C3orf38,protein_coding,C3orf38-204,protein_coding,ENSP00000418774.1,"12,30",2,0.2747900552,0.0074925075
ENST00000268896.10,ENSG00000141179.14,PCTP,protein_coding,PCTP-201,protein_coding,ENSP00000268896.4,"30,60",2,0.2744103345,0.0094905095
ENST00000368932.5,ENSG00000168438.15,CDC40,protein_coding,CDC40-203,protein_coding,ENSP00000357928.1,"30,60",2,0.2743077711,0.0044955045
ENST00000508190.1,ENSG00000180806.5,HOXC9,protein_coding,HOXC9-203,protein_coding,ENSP00000423861.1,"12,60",2,0.2725383517,0.0004995005
ENST00000374829.2,ENSG00000162551.14,ALPL,protein_coding,ALPL-201,processed_transcript,,"12,60",2,0.2725255518,0.023976024
ENST00000429154.7,ENSG00000159882.13,ZNF230,protein_coding,ZNF230-201,protein_coding,ENSP00000409318.1,"30,60",2,0.2724585125,0.026973027
ENST00000619554.1,ENSG00000142794.18,NBPF3,protein_coding,NBPF3-213,protein_coding,ENSP00000484028.1,"12,60",2,0.2723525655,0.00999001
ENST00000397374.8,ENSG00000184545.11,DUSP8,protein_coding,DUSP8-202,protein_coding,ENSP00000380530.3,"30,60",2,0.2722135507,0.00999001
ENST00000652922.1,ENSG00000244968.7,LIFR-AS1,lncRNA,LIFR-AS1-204,lncRNA,,"30,60",2,0.2714571908,0.015984016
ENST00000381769.6,ENSG00000004660.15,CAMKK1,protein_coding,CAMKK1-203,protein_coding,ENSP00000371188.2,"30,60",2,0.2709005005,0.001998002
ENST00000606557.1,ENSG00000089006.16,SNX5,protein_coding,SNX5-217,protein_coding,ENSP00000475510.1,"30,60",2,0.2704565076,0.0
ENST00000597551.6,ENSG00000090554.13,FLT3LG,protein_coding,FLT3LG-206,protein_coding,ENSP00000468977.1,"12,30",2,0.2704210483,0.0234765235
ENST00000648866.1,ENSG00000151617.17,EDNRA,protein_coding,EDNRA-208,protein_coding,ENSP00000496976.1,"30,60",2,0.2697144312,0.0024975025
ENST00000357260.6,ENSG00000197852.12,INKA2,protein_coding,INKA2-201,protein_coding,ENSP00000349805.5,"12,60",2,0.2695827775,0.0234765235
ENST00000389010.7,ENSG00000138756.17,BMP2K,protein_coding,BMP2K-202,nonsense_mediated_decay,ENSP00000373662.3,"12,60",2,0.2689771493,0.008991009
ENST00000416512.1,ENSG00000225828.1,FAM229A,protein_coding,FAM229A-202,retained_intron,,"30,60",2,0.2689069919,0.0124875125
ENST00000343483.7,ENSG00000078399.19,HOXA9,protein_coding,HOXA9-201,protein_coding,ENSP00000343619.6,"12,60",2,0.268866608,0.0054945055
ENST00000369788.7,ENSG00000138172.11,CALHM2,protein_coding,CALHM2-202,protein_coding,ENSP00000358803.3,"12,60",2,0.2685333968,0.0134865135
ENST00000404453.5,ENSG00000185133.14,INPP5J,protein_coding,INPP5J-206,protein_coding,ENSP00000385343.1,"12,60",2,0.2684477814,0.004995005
ENST00000372517.8,ENSG00000164010.15,ERMAP,protein_coding,ERMAP-203,protein_coding,ENSP00000361595.2,"12,30",2,0.2682234315,0.0114885115
ENST00000424789.6,ENSG00000170921.15,TANC2,protein_coding,TANC2-202,protein_coding,ENSP00000387593.2,"12,60",2,0.2681179524,0.0064935065
ENST00000617043.4,ENSG00000105963.15,ADAP1,protein_coding,ADAP1-218,protein_coding,ENSP00000478011.1,"12,60",2,0.2676696801,0.01998002
ENST00000648983.1,ENSG00000116205.14,TCEANC2,protein_coding,TCEANC2-205,nonsense_mediated_decay,ENSP00000498109.1,"12,30",2,0.2664071382,0.02997003
ENST00000399292.8,ENSG00000205670.12,SMIM11A,protein_coding,SMIM11A-201,protein_coding,ENSP00000382231.4,"12,30",2,0.2662080626,0.0004995005
ENST00000263033.9,ENSG00000102362.15,SYTL4,protein_coding,SYTL4-201,protein_coding,ENSP00000263033.5,"12,60",2,0.2661037242,0.020979021
ENST00000334888.9,ENSG00000187049.10,TMEM216,protein_coding,TMEM216-201,protein_coding,ENSP00000334844.5,"12,30",2,0.265280802,0.028971029
ENST00000369096.9,ENSG00000057657.17,PRDM1,protein_coding,PRDM1-203,protein_coding,ENSP00000358092.4,"12,30",2,0.2650487415,0.0234765235
ENST00000518148.1,ENSG00000135722.9,FBXL8,protein_coding,FBXL8-203,protein_coding,ENSP00000464169.1,"12,60",2,0.2649519036,0.0024975025
ENST00000495966.1,ENSG00000122482.21,ZNF644,protein_coding,ZNF644-210,processed_transcript,,"30,60",2,0.2646702855,0.000999001
ENST00000396509.6,ENSG00000156958.15,GALK2,protein_coding,GALK2-202,protein_coding,ENSP00000379766.2,"12,60",2,0.2644838341,0.002997003
ENST00000559454.5,ENSG00000156958.15,GALK2,protein_coding,GALK2-212,protein_coding,ENSP00000453133.1,"12,60",2,0.2635796972,0.002997003
ENST00000393664.6,ENSG00000175832.13,ETV4,protein_coding,ETV4-202,protein_coding,ENSP00000377273.1,"12,30",2,0.2634151565,0.0084915085
ENST00000342216.8,ENSG00000123143.13,PKN1,protein_coding,PKN1-202,protein_coding,ENSP00000343325.4,"30,60",2,0.2631012082,0.0
ENST00000490208.1,ENSG00000243660.11,ZNF487,protein_coding,ZNF487-205,processed_transcript,,"12,60",2,0.2629602001,0.0244755245
ENST00000317178.10,ENSG00000152443.13,ZNF776,protein_coding,ZNF776-201,protein_coding,ENSP00000321812.5,"12,60",2,0.2626675508,0.010989011
ENST00000318887.8,ENSG00000179021.10,C3orf38,protein_coding,C3orf38-201,protein_coding,ENSP00000322469.3,"12,30",2,0.2625987083,0.007992008
ENST00000542421.1,ENSG00000198538.11,ZNF28,protein_coding,ZNF28-206,processed_transcript,,"12,60",2,0.2621328873,0.001998002
ENST00000505725.1,ENSG00000138756.17,BMP2K,protein_coding,BMP2K-205,retained_intron,,"12,30",2,0.2619173988,0.0154845155
ENST00000533481.1,ENSG00000203288.4,TDRKH-AS1,lncRNA,TDRKH-AS1-202,lncRNA,,"12,60",2,0.2618043514,0.0224775225
ENST00000541662.5,ENSG00000170667.15,RASA4B,protein_coding,RASA4B-207,protein_coding,ENSP00000440982.1,"12,30",2,0.2617567736,0.0254745255
ENST00000440578.1,ENSG00000237499.7,WAKMAR2,lncRNA,WAKMAR2-202,lncRNA,,"30,60",2,0.2617099118,0.0154845155
ENST00000506375.1,ENSG00000109171.15,SLAIN2,protein_coding,SLAIN2-203,processed_transcript,,"12,60",2,0.2616860603,0.000999001
ENST00000494702.2,ENSG00000146856.14,AGBL3,protein_coding,AGBL3-207,processed_transcript,,"30,60",2,0.2609736358,0.0284715285
ENST00000481126.1,ENSG00000114796.16,KLHL24,protein_coding,KLHL24-212,retained_intron,,"30,60",2,0.260577262,0.006993007
ENST00000580168.5,ENSG00000198265.12,HELZ,protein_coding,HELZ-207,protein_coding,ENSP00000464512.1,"12,30",2,0.2590914067,0.017982018
ENST00000551021.5,ENSG00000257261.6,AC008014.1,lncRNA,AC008014.1-202,lncRNA,,"12,60",2,0.2590553749,0.0284715285
ENST00000295924.12,ENSG00000163659.13,TIPARP,protein_coding,TIPARP-201,protein_coding,ENSP00000295924.7,"30,60",2,0.2587038525,0.005994006
ENST00000403352.1,ENSG00000220201.7,ZGLP1,protein_coding,ZGLP1-201,protein_coding,ENSP00000385403.1,"30,60",2,0.2580207338,0.0174825175
ENST00000584306.5,ENSG00000176809.10,LRRC37A3,protein_coding,LRRC37A3-211,protein_coding,ENSP00000464535.1,"12,30",2,0.2578985079,0.015984016
ENST00000621467.4,ENSG00000155755.19,TMEM237,protein_coding,TMEM237-213,protein_coding,ENSP00000480508.1,"30,60",2,0.2578190855,0.001998002
ENST00000409887.3,ENSG00000181350.12,LRRC75A,protein_coding,LRRC75A-202,retained_intron,,"12,60",2,0.2575704814,0.0114885115
ENST00000470794.2,ENSG00000181350.12,LRRC75A,protein_coding,LRRC75A-203,protein_coding,ENSP00000419502.1,"12,60",2,0.2575704814,0.0114885115
ENST00000622516.5,ENSG00000257923.11,CUX1,protein_coding,CUX1-221,protein_coding,ENSP00000484760.2,"30,60",2,0.2570168249,0.0004995005
ENST00000520687.1,ENSG00000113140.11,SPARC,protein_coding,SPARC-202,retained_intron,,"30,60",2,0.2569808444,0.0204795205
ENST00000374979.8,ENSG00000120458.13,MSANTD2,protein_coding,MSANTD2-202,protein_coding,ENSP00000364118.3,"12,60",2,0.2567970558,0.0064935065
ENST00000335472.12,ENSG00000120519.15,SLC10A7,protein_coding,SLC10A7-201,protein_coding,ENSP00000334594.8,"12,30",2,0.2561905552,0.016983017
ENST00000380672.9,ENSG00000173068.18,BNC2,protein_coding,BNC2-203,protein_coding,ENSP00000370047.3,"12,60",2,0.2560635984,0.031968032
ENST00000596498.2,ENSG00000268750.7,AC010522.1,protein_coding,AC010522.1-203,protein_coding,ENSP00000472427.2,"30,60",2,0.2559939285,0.0104895105
ENST00000561292.1,ENSG00000166450.13,PRTG,protein_coding,PRTG-204,protein_coding,ENSP00000453335.1,"12,60",2,0.2556163542,0.012987013
ENST00000637552.1,ENSG00000175344.19,CHRNA7,protein_coding,CHRNA7-229,protein_coding,ENSP00000490773.1,"12,30",2,0.2555675743,0.033966034
ENST00000504251.6,ENSG00000113638.14,TTC33,protein_coding,TTC33-203,processed_transcript,,"12,30",2,0.2555665342,0.0024975025
ENST00000424284.5,ENSG00000267060.6,PTGES3L,protein_coding,PTGES3L-202,protein_coding,ENSP00000401675.1,"12,30",2,0.2553190422,0.024975025
ENST00000608760.3,ENSG00000272645.3,GTF2IP20,transcribed_unprocessed_pseudogene,GTF2IP20-202,retained_intron,,"30,60",2,0.2552237894,0.005994006
ENST00000634905.1,ENSG00000272645.3,GTF2IP20,transcribed_unprocessed_pseudogene,GTF2IP20-203,processed_transcript,,"30,60",2,0.2552237894,0.005994006
ENST00000415922.7,ENSG00000181315.11,ZNF322,protein_coding,ZNF322-201,protein_coding,ENSP00000418897.1,"30,60",2,0.2548882687,0.0044955045
ENST00000539745.1,ENSG00000197837.3,H4-16,protein_coding,H4-16-204,protein_coding,ENSP00000443017.1,"30,60",2,0.2545165169,0.028971029
ENST00000671923.1,ENSG00000196586.16,MYO6,protein_coding,MYO6-217,nonsense_mediated_decay,ENSP00000500835.1,"12,60",2,0.2543118284,0.0054945055
ENST00000297596.3,ENSG00000164949.8,GEM,protein_coding,GEM-201,protein_coding,ENSP00000297596.2,"12,60",2,0.2541706788,0.0204795205
ENST00000286196.9,ENSG00000155755.19,TMEM237,protein_coding,TMEM237-201,nonsense_mediated_decay,ENSP00000286196.5,"30,60",2,0.2536932831,0.001998002
ENST00000447016.6,ENSG00000141956.14,PRDM15,protein_coding,PRDM15-205,nonsense_mediated_decay,ENSP00000431410.1,"30,60",2,0.2533477818,0.0084915085
ENST00000553709.5,ENSG00000165801.10,ARHGEF40,protein_coding,ARHGEF40-202,nonsense_mediated_decay,ENSP00000452283.1,"12,60",2,0.2532743123,0.023976024
ENST00000592524.6,ENSG00000182963.11,GJC1,protein_coding,GJC1-208,protein_coding,ENSP00000467201.1,"30,60",2,0.2529931516,0.003996004
ENST00000451849.1,ENSG00000152443.13,ZNF776,protein_coding,ZNF776-203,protein_coding,ENSP00000416901.1,"12,60",2,0.252009539,0.0114885115
ENST00000484849.5,ENSG00000204305.14,AGER,protein_coding,AGER-212,retained_intron,,"12,60",2,0.2513648051,0.014985015
ENST00000667557.1,ENSG00000228649.9,SNHG26,lncRNA,SNHG26-212,lncRNA,,"30,60",2,0.2512756964,0.0024975025
ENST00000254299.8,ENSG00000131979.20,GCH1,protein_coding,GCH1-201,processed_transcript,,"12,60",2,0.2511705039,0.00999001
ENST00000457288.2,ENSG00000215126.10,CBWD6,protein_coding,CBWD6-204,processed_transcript,,"12,30",2,0.2510572395,0.003996004
ENST00000423823.6,ENSG00000089335.21,ZNF302,protein_coding,ZNF302-201,protein_coding,ENSP00000405219.2,"30,60",2,0.2508153296,0.0054945055
ENST00000466608.2,ENSG00000214595.12,EML6,protein_coding,EML6-202,processed_transcript,,"30,60",2,0.2505413911,0.0214785215
ENST00000492314.3,ENSG00000167081.18,PBX3,protein_coding,PBX3-210,retained_intron,,"30,60",2,0.2504339536,0.0054945055
ENST00000530778.1,ENSG00000245149.4,RNF139-AS1,lncRNA,RNF139-AS1-203,lncRNA,,"30,60",2,0.2502383836,0.0074925075
ENST00000286070.10,ENSG00000155636.15,RBM45,protein_coding,RBM45-201,protein_coding,ENSP00000286070.5,"30,60",2,0.2499759803,0.004995005
ENST00000646375.1,ENSG00000126895.15,AVPR2,protein_coding,AVPR2-205,protein_coding,ENSP00000496396.1,"12,30",2,0.2497159444,0.0314685315
ENST00000452898.2,ENSG00000155903.13,RASA2,protein_coding,RASA2-202,protein_coding,ENSP00000391677.2,"12,60",2,0.2496049595,0.017982018
ENST00000350119.9,ENSG00000149927.18,DOC2A,protein_coding,DOC2A-201,protein_coding,ENSP00000340017.4,"30,60",2,0.2493069622,0.013986014
ENST00000519861.1,ENSG00000245149.4,RNF139-AS1,lncRNA,RNF139-AS1-202,lncRNA,,"30,60",2,0.2487226494,0.007992008
ENST00000489144.5,ENSG00000168255.20,POLR2J3,protein_coding,POLR2J3-204,nonsense_mediated_decay,ENSP00000419145.1,"12,30",2,0.2486174721,0.007992008
ENST00000420578.7,ENSG00000174151.15,CYB561D1,protein_coding,CYB561D1-204,protein_coding,ENSP00000413530.2,"30,60",2,0.2484682312,0.026973027
ENST00000400762.7,ENSG00000159674.12,SPON2,protein_coding,SPON2-202,processed_transcript,,"30,60",2,0.2481585863,0.013986014
ENST00000276326.9,ENSG00000147364.17,FBXO25,protein_coding,FBXO25-201,protein_coding,ENSP00000276326.6,"30,60",2,0.2480424477,0.026973027
ENST00000567020.6,ENSG00000162065.14,TBC1D24,protein_coding,TBC1D24-204,protein_coding,ENSP00000454408.1,"30,60",2,0.2477175228,0.0184815185
ENST00000337474.5,ENSG00000126895.15,AVPR2,protein_coding,AVPR2-201,protein_coding,ENSP00000338072.5,"30,60",2,0.2474393066,0.0314685315
ENST00000466431.6,ENSG00000254485.5,AC026191.1,lncRNA,AC026191.1-203,lncRNA,,"30,60",2,0.2472604718,0.014985015
ENST00000440960.6,ENSG00000141391.14,PRELID3A,protein_coding,PRELID3A-202,protein_coding,ENSP00000404700.1,"12,30",2,0.2472340365,0.0084915085
ENST00000589028.5,ENSG00000082805.20,ERC1,protein_coding,ERC1-222,protein_coding,ENSP00000468263.1,"12,30",2,0.247003143,0.004995005
ENST00000620190.1,ENSG00000277147.6,LINC00869,transcribed_unprocessed_pseudogene,LINC00869-207,processed_transcript,,"12,30",2,0.2458139922,0.015984016
ENST00000328642.11,ENSG00000182253.15,SYNM,protein_coding,SYNM-201,protein_coding,ENSP00000330469.8,"12,30",2,0.245295595,0.0084915085
ENST00000313116.11,ENSG00000147124.12,ZNF41,protein_coding,ZNF41-201,protein_coding,ENSP00000315173.7,"12,60",2,0.2450138372,0.0134865135
ENST00000360737.4,ENSG00000197182.14,MIRLET7BHG,lncRNA,MIRLET7BHG-201,lncRNA,,"30,60",2,0.2448335605,0.0064935065
ENST00000673439.1,ENSG00000169126.16,ARMC4,protein_coding,ARMC4-212,protein_coding,ENSP00000500782.1,"12,30",2,0.2446206343,0.017982018
ENST00000444059.2,ENSG00000197852.12,INKA2,protein_coding,INKA2-202,processed_transcript,,"12,60",2,0.2445557167,0.0374625375
ENST00000330181.9,ENSG00000181625.17,SLX1B,protein_coding,SLX1B-201,protein_coding,ENSP00000328940.5,"30,60",2,0.2443594101,0.0084915085
ENST00000361360.4,ENSG00000198914.5,POU3F3,protein_coding,POU3F3-201,protein_coding,ENSP00000355001.2,"30,60",2,0.2436888933,0.0304695305
ENST00000674056.1,ENSG00000198914.5,POU3F3,protein_coding,POU3F3-202,protein_coding,ENSP00000501036.1,"30,60",2,0.2436888933,0.0304695305
ENST00000502653.5,ENSG00000018189.13,RUFY3,protein_coding,RUFY3-204,protein_coding,ENSP00000425400.1,"30,60",2,0.2436238104,0.011988012
ENST00000379270.4,ENSG00000130066.16,SAT1,protein_coding,SAT1-204,protein_coding,ENSP00000368572.4,"30,60",2,0.2436221775,0.0
ENST00000509769.5,ENSG00000145390.11,USP53,protein_coding,USP53-205,nonsense_mediated_decay,ENSP00000426628.1,"30,60",2,0.2430733821,0.0414585415
ENST00000370495.6,ENSG00000155287.11,SLC25A28,protein_coding,SLC25A28-201,protein_coding,ENSP00000359526.4,"30,60",2,0.2426101029,0.000999001
ENST00000331588.4,ENSG00000184545.11,DUSP8,protein_coding,DUSP8-201,protein_coding,ENSP00000329539.4,"30,60",2,0.2424750407,0.013986014
ENST00000605660.1,ENSG00000196422.11,PPP1R26,protein_coding,PPP1R26-206,protein_coding,ENSP00000474794.1,"30,60",2,0.2424562538,0.0014985015
ENST00000641049.1,ENSG00000237094.12,AL732372.2,transcribed_unprocessed_pseudogene,AL732372.2-224,processed_transcript,,"30,60",2,0.2416633538,0.0124875125
ENST00000416263.3,ENSG00000229980.5,TOB1-AS1,lncRNA,TOB1-AS1-201,lncRNA,,"30,60",2,0.2416572605,0.007992008
ENST00000614244.4,ENSG00000011332.19,DPF1,protein_coding,DPF1-217,protein_coding,ENSP00000483226.1,"30,60",2,0.2414151436,0.017982018
ENST00000608621.5,ENSG00000285437.1,POLR2J3,protein_coding,POLR2J3-219,nonsense_mediated_decay,ENSP00000477228.1,"12,60",2,0.2413183765,0.0004995005
ENST00000663816.1,ENSG00000260083.2,MIR762HG,lncRNA,MIR762HG-207,lncRNA,,"12,30",2,0.2409697179,0.0104895105
ENST00000590662.1,ENSG00000198796.7,ALPK2,protein_coding,ALPK2-206,retained_intron,,"30,60",2,0.240137221,0.000999001
ENST00000409261.6,ENSG00000176771.17,NCKAP5,protein_coding,NCKAP5-205,protein_coding,ENSP00000387128.1,"30,60",2,0.2399949459,0.018981019
ENST00000380958.8,ENSG00000152520.14,PAN3,protein_coding,PAN3-201,protein_coding,ENSP00000370345.3,"12,30",2,0.2399508229,0.0104895105
ENST00000442637.2,ENSG00000225377.6,NRSN2-AS1,lncRNA,NRSN2-AS1-202,lncRNA,,"12,60",2,0.239348834,0.0184815185
ENST00000460289.5,ENSG00000088179.9,PTPN4,protein_coding,PTPN4-208,processed_transcript,,"12,30",2,0.238539844,0.0154845155
ENST00000621332.5,ENSG00000275023.5,MLLT6,protein_coding,MLLT6-211,protein_coding,ENSP00000479910.1,"30,60",2,0.2384632887,0.0004995005
ENST00000444847.2,ENSG00000164849.10,GPR146,protein_coding,GPR146-203,protein_coding,ENSP00000410743.2,"12,30",2,0.2382114682,0.018981019
ENST00000658490.1,ENSG00000249673.7,NOP14-AS1,lncRNA,NOP14-AS1-208,lncRNA,,"12,60",2,0.2380103911,0.0164835165
ENST00000372088.8,ENSG00000107771.17,CCSER2,protein_coding,CCSER2-203,protein_coding,ENSP00000361160.2,"30,60",2,0.2378423973,0.0354645355
ENST00000509973.5,ENSG00000145287.11,PLAC8,protein_coding,PLAC8-205,protein_coding,ENSP00000423459.1,"12,60",2,0.237318869,0.013986014
ENST00000669734.1,ENSG00000237595.5,LINC01275,lncRNA,LINC01275-205,lncRNA,,"12,30",2,0.2371127768,0.022977023
ENST00000295900.10,ENSG00000163635.20,ATXN7,protein_coding,ATXN7-201,protein_coding,ENSP00000295900.6,"12,60",2,0.2367756054,0.035964036
ENST00000431504.1,ENSG00000146757.14,ZNF92,protein_coding,ZNF92-203,protein_coding,ENSP00000400495.1,"12,60",2,0.2363999553,0.024975025
ENST00000330847.1,ENSG00000119508.18,NR4A3,protein_coding,NR4A3-201,protein_coding,ENSP00000333122.1,"30,60",2,0.2353281883,0.0144855145
ENST00000651259.2,ENSG00000204152.13,TIMM23B,protein_coding,TIMM23B-203,protein_coding,ENSP00000502369.1,"12,60",2,0.2351836031,0.011988012
ENST00000430960.5,ENSG00000198157.11,HMGN5,protein_coding,HMGN5-203,protein_coding,ENSP00000399626.1,"12,60",2,0.2345520298,0.0274725275
ENST00000379724.3,ENSG00000198556.14,ZNF789,protein_coding,ZNF789-202,protein_coding,ENSP00000369047.3,"12,30",2,0.2343376335,0.0024975025
ENST00000355081.3,ENSG00000179454.14,KLHL28,protein_coding,KLHL28-201,protein_coding,ENSP00000347193.2,"12,30",2,0.233207066,0.045954046
ENST00000446213.2,ENSG00000233221.7,AC133785.1,lncRNA,AC133785.1-203,lncRNA,,"30,60",2,0.2326158426,0.0474525475
ENST00000497476.5,ENSG00000138101.18,DTNB,protein_coding,DTNB-229,processed_transcript,,"12,60",2,0.2325298345,0.0064935065
ENST00000585806.5,ENSG00000129991.13,TNNI3,protein_coding,TNNI3-202,retained_intron,,"12,30",2,0.2324196515,0.0354645355
ENST00000575779.2,ENSG00000180626.10,ZNF594,protein_coding,ZNF594-202,protein_coding,ENSP00000461032.1,"12,60",2,0.2318844073,0.016983017
ENST00000492622.6,ENSG00000102531.16,FNDC3A,protein_coding,FNDC3A-204,protein_coding,ENSP00000417257.1,"30,60",2,0.2318133491,0.001998002
ENST00000318948.7,ENSG00000180530.11,NRIP1,protein_coding,NRIP1-201,protein_coding,ENSP00000327213.4,"30,60",2,0.2315897245,0.0274725275
ENST00000223528.6,ENSG00000106692.15,FKTN,protein_coding,FKTN-201,protein_coding,ENSP00000223528.2,"12,60",2,0.2310227735,0.012987013
ENST00000448942.5,ENSG00000237499.7,WAKMAR2,lncRNA,WAKMAR2-203,lncRNA,,"30,60",2,0.2309898496,0.027972028
ENST00000666455.1,ENSG00000251026.2,LINC02163,lncRNA,LINC02163-205,lncRNA,,"30,60",2,0.230734952,0.021978022
ENST00000523304.1,ENSG00000185697.16,MYBL1,protein_coding,MYBL1-205,retained_intron,,"12,60",2,0.2305043552,0.0104895105
ENST00000478789.5,ENSG00000196456.13,ZNF775,protein_coding,ZNF775-202,protein_coding,ENSP00000419336.1,"12,30",2,0.2303898908,0.0284715285
ENST00000398911.5,ENSG00000157554.19,ERG,protein_coding,ERG-206,protein_coding,ENSP00000381882.1,"12,60",2,0.2290743942,0.031968032
ENST00000394199.6,ENSG00000119408.17,NEK6,protein_coding,NEK6-205,protein_coding,ENSP00000377749.2,"12,60",2,0.2290112064,0.000999001
ENST00000520802.5,ENSG00000178852.16,EFCAB13,protein_coding,EFCAB13-209,processed_transcript,,"30,60",2,0.2289559398,0.027972028
ENST00000262096.13,ENSG00000104219.13,ZDHHC2,protein_coding,ZDHHC2-201,protein_coding,ENSP00000262096.8,"30,60",2,0.2287389868,0.022977023
ENST00000264434.6,ENSG00000115998.7,C2orf42,protein_coding,C2orf42-201,protein_coding,ENSP00000264434.2,"12,60",2,0.2286976633,0.0144855145
ENST00000403510.8,ENSG00000133794.19,ARNTL,protein_coding,ARNTL-205,protein_coding,ENSP00000385581.4,"12,60",2,0.2286871992,0.008991009
ENST00000256649.9,ENSG00000134253.10,TRIM45,protein_coding,TRIM45-201,protein_coding,ENSP00000256649.4,"12,60",2,0.2285961284,0.0114885115
ENST00000356338.10,ENSG00000197535.14,MYO5A,protein_coding,MYO5A-201,protein_coding,ENSP00000348693.6,"12,60",2,0.2284242612,0.0164835165
ENST00000357137.9,ENSG00000196236.13,XPNPEP3,protein_coding,XPNPEP3-201,protein_coding,ENSP00000349658.4,"30,60",2,0.2282863368,0.024975025
ENST00000252029.8,ENSG00000025708.14,TYMP,protein_coding,TYMP-201,protein_coding,ENSP00000252029.3,"30,60",2,0.2281663272,0.002997003
ENST00000226796.7,ENSG00000109534.17,GAR1,protein_coding,GAR1-201,protein_coding,ENSP00000226796.6,"12,30",2,0.2281280013,0.001998002
ENST00000468913.2,ENSG00000164008.16,C1orf50,protein_coding,C1orf50-202,processed_transcript,,"12,60",2,0.2276527613,0.0184815185
ENST00000493285.2,ENSG00000196693.15,ZNF33B,protein_coding,ZNF33B-207,protein_coding,ENSP00000479296.1,"30,60",2,0.2276053773,0.0134865135
ENST00000523470.1,ENSG00000229980.5,TOB1-AS1,lncRNA,TOB1-AS1-204,lncRNA,,"30,60",2,0.2272980426,0.008991009
ENST00000517673.5,ENSG00000214050.8,FBXO16,protein_coding,FBXO16-204,protein_coding,ENSP00000429390.1,"30,60",2,0.2271104909,0.011988012
ENST00000307658.11,ENSG00000186272.12,ZNF17,protein_coding,ZNF17-201,protein_coding,ENSP00000302455.7,"12,30",2,0.226822305,0.027972028
ENST00000341776.7,ENSG00000008083.14,JARID2,protein_coding,JARID2-201,protein_coding,ENSP00000341280.2,"12,60",2,0.2266098579,0.0074925075
ENST00000380598.4,ENSG00000185710.9,SMG1P4,transcribed_unprocessed_pseudogene,SMG1P4-201,processed_transcript,,"12,30",2,0.2265143833,0.012987013
ENST00000590717.2,ENSG00000236144.8,TMEM147-AS1,lncRNA,TMEM147-AS1-205,lncRNA,,"30,60",2,0.2261015744,0.010989011
ENST00000314890.3,ENSG00000177721.4,ANXA2R,protein_coding,ANXA2R-201,protein_coding,ENSP00000315915.3,"12,30",2,0.2260597631,0.0404595405
ENST00000616064.1,ENSG00000177721.4,ANXA2R,protein_coding,ANXA2R-202,protein_coding,ENSP00000479862.1,"12,30",2,0.2260597631,0.0404595405
ENST00000591774.5,ENSG00000160469.17,BRSK1,protein_coding,BRSK1-207,protein_coding,ENSP00000466380.1,"30,60",2,0.226047728,0.0304695305
ENST00000486023.1,ENSG00000142156.15,COL6A1,protein_coding,COL6A1-204,processed_transcript,,"12,30",2,0.2260457115,0.01998002
ENST00000673822.2,ENSG00000100523.16,DDHD1,protein_coding,DDHD1-211,protein_coding,ENSP00000500986.2,"12,30",2,0.2259669163,0.031968032
ENST00000597700.5,ENSG00000183647.10,ZNF530,protein_coding,ZNF530-202,protein_coding,ENSP00000472024.1,"30,60",2,0.225869743,0.01998002
ENST00000625770.2,ENSG00000167515.10,TRAPPC2L,protein_coding,TRAPPC2L-215,protein_coding,ENSP00000487584.1,"12,60",2,0.2255173471,0.000999001
ENST00000658174.1,ENSG00000237595.5,LINC01275,lncRNA,LINC01275-204,lncRNA,,"30,60",2,0.2254836481,0.022977023
ENST00000546354.6,ENSG00000178752.16,ERFE,protein_coding,ERFE-207,protein_coding,ENSP00000442304.1,"12,30",2,0.2251739282,0.0184815185
ENST00000415212.1,ENSG00000223820.5,CFL1P1,transcribed_unprocessed_pseudogene,CFL1P1-201,processed_transcript,,"30,60",2,0.2248437129,0.018981019
ENST00000378380.4,ENSG00000132623.16,ANKEF1,protein_coding,ANKEF1-201,protein_coding,ENSP00000367631.3,"30,60",2,0.2246874635,0.025974026
ENST00000399613.1,ENSG00000152520.14,PAN3,protein_coding,PAN3-202,protein_coding,ENSP00000382522.1,"12,30",2,0.2243809571,0.013986014
ENST00000350199.8,ENSG00000137075.18,RNF38,protein_coding,RNF38-202,protein_coding,ENSP00000343947.4,"12,60",2,0.2243576188,0.033966034
ENST00000599519.1,ENSG00000104883.8,PEX11G,protein_coding,PEX11G-204,processed_transcript,,"30,60",2,0.2240293987,0.022977023
ENST00000498139.6,ENSG00000117407.17,ARTN,protein_coding,ARTN-211,protein_coding,ENSP00000436727.1,"30,60",2,0.2237270111,0.0324675325
ENST00000564438.1,ENSG00000261790.2,AC005606.2,lncRNA,AC005606.2-201,lncRNA,,"12,30",2,0.2234566108,0.0164835165
ENST00000527160.1,ENSG00000185507.21,IRF7,protein_coding,IRF7-208,retained_intron,,"12,30",2,0.2234169315,0.0284715285
ENST00000295488.8,ENSG00000163312.11,HELQ,protein_coding,HELQ-201,protein_coding,ENSP00000295488.3,"30,60",2,0.2233064788,0.014985015
ENST00000445726.5,ENSG00000164970.15,FAM219A,protein_coding,FAM219A-209,protein_coding,ENSP00000392452.1,"12,60",2,0.2232383519,0.0174825175
ENST00000568000.6,ENSG00000174943.11,KCTD13,protein_coding,KCTD13-208,protein_coding,ENSP00000455785.1,"12,60",2,0.2232165345,0.011988012
ENST00000317721.10,ENSG00000176771.17,NCKAP5,protein_coding,NCKAP5-201,protein_coding,ENSP00000380603.4,"30,60",2,0.2228738844,0.020979021
ENST00000511982.1,ENSG00000168685.15,IL7R,protein_coding,IL7R-208,protein_coding,ENSP00000425309.1,"12,60",2,0.2228334626,0.0224775225
ENST00000564376.1,ENSG00000102934.10,PLLP,protein_coding,PLLP-203,processed_transcript,,"12,30",2,0.2227979228,0.0034965035
ENST00000361999.7,ENSG00000198399.14,ITSN2,protein_coding,ITSN2-202,protein_coding,ENSP00000354561.2,"12,60",2,0.2227247589,0.0074925075
ENST00000559352.1,ENSG00000137871.20,ZNF280D,protein_coding,ZNF280D-207,protein_coding,ENSP00000453912.1,"12,60",2,0.2226940649,0.011988012
ENST00000429204.5,ENSG00000143772.9,ITPKB,protein_coding,ITPKB-203,protein_coding,ENSP00000411152.1,"30,60",2,0.2223308021,0.006993007
ENST00000594658.5,ENSG00000105662.16,CRTC1,protein_coding,CRTC1-203,protein_coding,ENSP00000468893.1,"12,60",2,0.2214940285,0.0114885115
ENST00000473970.3,ENSG00000269609.6,RPARP-AS1,lncRNA,RPARP-AS1-201,lncRNA,,"30,60",2,0.2214288542,0.002997003
ENST00000535337.1,ENSG00000256546.2,AC156455.1,lncRNA,AC156455.1-204,retained_intron,,"30,60",2,0.2213295643,0.006993007
ENST00000262233.11,ENSG00000066629.18,EML1,protein_coding,EML1-201,protein_coding,ENSP00000262233.7,"30,60",2,0.2212100397,0.0104895105
ENST00000412613.1,ENSG00000196074.13,SYCP2,protein_coding,SYCP2-203,protein_coding,ENSP00000404358.1,"30,60",2,0.2209414119,0.026973027
ENST00000487835.5,ENSG00000142583.18,SLC2A5,protein_coding,SLC2A5-210,protein_coding,ENSP00000465382.1,"12,60",2,0.2206828985,0.027972028
ENST00000527769.5,ENSG00000007372.23,PAX6,protein_coding,PAX6-221,retained_intron,,"12,60",2,0.2205908439,0.006993007
ENST00000548200.5,ENSG00000127720.8,METTL25,protein_coding,METTL25-204,protein_coding,ENSP00000446878.1,"30,60",2,0.2205672935,0.0294705295
ENST00000538478.5,ENSG00000184154.15,LRTOMT,protein_coding,LRTOMT-210,protein_coding,ENSP00000444583.1,"12,30",2,0.2203743946,0.0184815185
ENST00000265870.7,ENSG00000122912.15,SLC25A16,protein_coding,SLC25A16-201,processed_transcript,,"30,60",2,0.2203695793,0.0204795205
ENST00000565041.1,ENSG00000261790.2,AC005606.2,lncRNA,AC005606.2-202,lncRNA,,"12,30",2,0.2190498731,0.013986014
ENST00000338010.9,ENSG00000161642.18,ZNF385A,protein_coding,ZNF385A-201,protein_coding,ENSP00000338927.5,"30,60",2,0.2189353265,0.0064935065
ENST00000507721.5,ENSG00000152795.17,HNRNPDL,protein_coding,HNRNPDL-204,protein_coding,ENSP00000480156.1,"30,60",2,0.2187196656,0.0
ENST00000598472.1,ENSG00000090554.13,FLT3LG,protein_coding,FLT3LG-208,retained_intron,,"12,30",2,0.2184705927,0.0284715285
ENST00000083182.8,ENSG00000062725.10,APPBP2,protein_coding,APPBP2-201,protein_coding,ENSP00000083182.3,"12,60",2,0.2181711102,0.010989011
ENST00000394631.7,ENSG00000109534.17,GAR1,protein_coding,GAR1-202,protein_coding,ENSP00000378127.3,"12,30",2,0.2181685043,0.001998002
ENST00000372530.9,ENSG00000124574.15,ABCC10,protein_coding,ABCC10-204,protein_coding,ENSP00000361608.4,"30,60",2,0.2179276804,0.020979021
ENST00000470063.5,ENSG00000204406.14,MBD5,protein_coding,MBD5-204,processed_transcript,,"12,60",2,0.2178181177,0.0334665335
ENST00000339642.10,ENSG00000213096.11,ZNF254,protein_coding,ZNF254-201,protein_coding,ENSP00000341573.6,"30,60",2,0.2175651207,0.006993007
ENST00000554951.5,ENSG00000125375.16,DMAC2L,protein_coding,DMAC2L-208,protein_coding,ENSP00000494641.1,"30,60",2,0.2171954383,0.006993007
ENST00000395940.3,ENSG00000183625.15,CCR3,protein_coding,CCR3-202,protein_coding,ENSP00000379271.2,"30,60",2,0.2166807745,0.0184815185
ENST00000306897.9,ENSG00000169750.9,RAC3,protein_coding,RAC3-201,protein_coding,ENSP00000304283.4,"12,30",2,0.2163483826,0.013986014
ENST00000625662.2,ENSG00000173575.22,CHD2,protein_coding,CHD2-205,nonsense_mediated_decay,ENSP00000486007.1,"30,60",2,0.2160059559,0.000999001
ENST00000250092.11,ENSG00000129226.14,CD68,protein_coding,CD68-201,protein_coding,ENSP00000250092.6,"30,60",2,0.2158645014,0.045954046
ENST00000582392.2,ENSG00000177576.12,C18orf32,protein_coding,C18orf32-202,protein_coding,ENSP00000462538.1,"30,60",2,0.2158585369,0.005994006
ENST00000431981.2,ENSG00000227388.3,AL133410.1,lncRNA,AL133410.1-202,lncRNA,,"12,30",2,0.2156746455,0.0234765235
ENST00000443658.5,ENSG00000244627.5,TPTEP2,transcribed_unprocessed_pseudogene,TPTEP2-207,processed_transcript,,"12,30",2,0.2154278016,0.0144855145
ENST00000372989.5,ENSG00000102362.15,SYTL4,protein_coding,SYTL4-204,protein_coding,ENSP00000362080.1,"12,60",2,0.215015503,0.0414585415
ENST00000338523.9,ENSG00000086300.16,SNX10,protein_coding,SNX10-201,protein_coding,ENSP00000343709.5,"12,30",2,0.2147646407,0.0074925075
ENST00000282344.11,ENSG00000152484.14,USP12,protein_coding,USP12-201,protein_coding,ENSP00000282344.6,"30,60",2,0.2147586616,0.0034965035
ENST00000466599.1,ENSG00000205060.11,SLC35B4,protein_coding,SLC35B4-203,processed_transcript,,"30,60",2,0.214574886,0.001998002
ENST00000502283.1,ENSG00000123739.11,PLA2G12A,protein_coding,PLA2G12A-202,protein_coding,ENSP00000425274.1,"12,60",2,0.214283153,0.005994006
ENST00000564340.2,ENSG00000260565.7,ERVK13-1,lncRNA,ERVK13-1-203,lncRNA,,"30,60",2,0.2139633882,0.0174825175
ENST00000337174.7,ENSG00000110931.19,CAMKK2,protein_coding,CAMKK2-202,protein_coding,ENSP00000336634.3,"12,60",2,0.2139495828,0.00999001
ENST00000587686.1,ENSG00000105289.15,TJP3,protein_coding,TJP3-205,protein_coding,ENSP00000467864.1,"12,60",2,0.2137185198,0.032967033
ENST00000290510.10,ENSG00000110811.20,P3H3,protein_coding,P3H3-201,protein_coding,ENSP00000478600.1,"12,60",2,0.2136014319,0.0164835165
ENST00000398043.3,ENSG00000214293.9,APTR,lncRNA,APTR-201,lncRNA,,"30,60",2,0.2135219174,0.0194805195
ENST00000404953.7,ENSG00000239282.8,CASTOR1,protein_coding,CASTOR1-201,protein_coding,ENSP00000385868.3,"12,30",2,0.2132854189,0.03996004
ENST00000545101.1,ENSG00000198393.8,ZNF26,protein_coding,ZNF26-206,processed_transcript,,"12,30",2,0.2131531648,0.0234765235
ENST00000650909.1,ENSG00000196312.15,MFSD14C,transcribed_unprocessed_pseudogene,MFSD14C-209,transcribed_unprocessed_pseudogene,,"12,60",2,0.2131060254,0.006993007
ENST00000361687.8,ENSG00000145348.17,TBCK,protein_coding,TBCK-202,protein_coding,ENSP00000355338.4,"30,60",2,0.2124854657,0.01998002
ENST00000473040.6,ENSG00000164074.15,ABHD18,protein_coding,ABHD18-204,nonsense_mediated_decay,ENSP00000425434.2,"12,60",2,0.2123754739,0.027972028
ENST00000571471.5,ENSG00000072818.12,ACAP1,protein_coding,ACAP1-206,processed_transcript,,"12,30",2,0.2115417525,0.017982018
ENST00000454073.7,ENSG00000154957.14,ZNF18,protein_coding,ZNF18-202,protein_coding,ENSP00000391376.3,"12,60",2,0.2113922729,0.0294705295
ENST00000378209.8,ENSG00000169598.17,DFFB,protein_coding,DFFB-204,protein_coding,ENSP00000367454.4,"30,60",2,0.2110837232,0.015984016
ENST00000233154.9,ENSG00000071051.14,NCK2,protein_coding,NCK2-201,protein_coding,ENSP00000233154.4,"12,60",2,0.2108700852,0.0184815185
ENST00000470839.1,ENSG00000146856.14,AGBL3,protein_coding,AGBL3-205,retained_intron,,"30,60",2,0.2108165833,0.040959041
ENST00000620323.1,ENSG00000152484.14,USP12,protein_coding,USP12-203,protein_coding,ENSP00000478929.1,"30,60",2,0.2104833606,0.0034965035
ENST00000452668.1,ENSG00000254413.8,CHKB-CPT1B,protein_coding,CHKB-CPT1B-201,processed_transcript,,"12,60",2,0.2103978976,0.0384615385
ENST00000511633.5,ENSG00000137601.17,NEK1,protein_coding,NEK1-207,protein_coding,ENSP00000423332.1,"12,30",2,0.2103881607,0.0374625375
ENST00000437417.5,ENSG00000204623.9,ZNRD1ASP,transcribed_unitary_pseudogene,ZNRD1ASP-217,processed_transcript,,"12,60",2,0.2100866591,0.030969031
ENST00000518611.5,ENSG00000104765.16,BNIP3L,protein_coding,BNIP3L-202,protein_coding,ENSP00000429851.1,"12,30",2,0.2098938754,0.002997003
ENST00000547344.5,ENSG00000111012.10,CYP27B1,protein_coding,CYP27B1-205,retained_intron,,"12,30",2,0.2097273497,0.036963037
ENST00000651681.2,ENSG00000232677.9,LINC00665,lncRNA,LINC00665-209,lncRNA,,"12,30",2,0.2096591913,0.02997003
ENST00000377026.4,ENSG00000125814.17,NAPB,protein_coding,NAPB-201,protein_coding,ENSP00000366225.4,"30,60",2,0.2093313669,0.0264735265
ENST00000659123.1,ENSG00000204685.7,STARD7-AS1,lncRNA,STARD7-AS1-204,lncRNA,,"12,30",2,0.2089975618,0.0284715285
ENST00000412777.6,ENSG00000184154.15,LRTOMT,protein_coding,LRTOMT-203,retained_intron,,"30,60",2,0.208869185,0.023976024
ENST00000360947.8,ENSG00000165804.16,ZNF219,protein_coding,ZNF219-201,protein_coding,ENSP00000354206.3,"12,60",2,0.208859231,0.002997003
ENST00000570379.1,ENSG00000262879.6,AC005670.3,lncRNA,AC005670.3-229,retained_intron,,"12,30",2,0.208803526,0.0064935065
ENST00000475453.1,ENSG00000084731.15,KIF3C,protein_coding,KIF3C-205,retained_intron,,"12,30",2,0.2085164554,0.013986014
ENST00000515024.5,ENSG00000172765.17,TMCC1,protein_coding,TMCC1-214,processed_transcript,,"30,60",2,0.2082715874,0.0104895105
ENST00000480184.5,ENSG00000077157.22,PPP1R12B,protein_coding,PPP1R12B-212,protein_coding,ENSP00000417159.1,"12,60",2,0.2081147334,0.0384615385
ENST00000378302.7,ENSG00000136144.12,RCBTB1,protein_coding,RCBTB1-202,protein_coding,ENSP00000367552.2,"12,60",2,0.2080934386,0.0164835165
ENST00000467889.1,ENSG00000129007.14,CALML4,protein_coding,CALML4-206,protein_coding,ENSP00000419081.1,"30,60",2,0.2078382945,0.013986014
ENST00000323146.8,ENSG00000176087.15,SLC35A4,protein_coding,SLC35A4-201,protein_coding,ENSP00000327133.3,"30,60",2,0.207629948,0.0014985015
ENST00000424846.3,ENSG00000241015.2,TPM3P9,transcribed_processed_pseudogene,TPM3P9-201,processed_transcript,,"12,60",2,0.2076103115,0.011988012
ENST00000492121.1,ENSG00000241015.2,TPM3P9,transcribed_processed_pseudogene,TPM3P9-202,transcribed_processed_pseudogene,,"12,60",2,0.2076103115,0.011988012
ENST00000207870.8,ENSG00000093217.11,XYLB,protein_coding,XYLB-201,protein_coding,ENSP00000207870.3,"12,30",2,0.2075657317,0.024975025
ENST00000449416.5,ENSG00000130844.18,ZNF331,protein_coding,ZNF331-203,protein_coding,ENSP00000393817.1,"12,60",2,0.2073411759,0.0114885115
ENST00000534312.5,ENSG00000284969.1,AL049629.2,protein_coding,AL049629.2-201,protein_coding,ENSP00000432362.1,"12,30",2,0.2073202004,0.013986014
ENST00000431681.5,ENSG00000237296.9,SMG1P1,transcribed_unprocessed_pseudogene,SMG1P1-206,processed_transcript,,"12,30",2,0.2071934551,0.0164835165
ENST00000252530.9,ENSG00000130244.12,FAM98C,protein_coding,FAM98C-201,protein_coding,ENSP00000252530.4,"12,60",2,0.206856146,0.007992008
ENST00000534052.1,ENSG00000136874.11,STX17,protein_coding,STX17-212,protein_coding,ENSP00000433484.1,"12,30",2,0.206674356,0.006993007
ENST00000286353.9,ENSG00000155893.13,PXYLP1,protein_coding,PXYLP1-201,protein_coding,ENSP00000286353.4,"12,60",2,0.2066194879,0.0104895105
ENST00000572932.1,ENSG00000103226.18,NOMO3,protein_coding,NOMO3-209,processed_transcript,,"12,60",2,0.20660955,0.017982018
ENST00000457105.2,ENSG00000107829.15,FBXW4,protein_coding,FBXW4-202,processed_transcript,,"12,30",2,0.2064924438,0.017982018
ENST00000409487.7,ENSG00000169554.22,ZEB2,protein_coding,ZEB2-204,protein_coding,ENSP00000386854.2,"30,60",2,0.2062255355,0.0414585415
ENST00000549306.1,ENSG00000173064.13,HECTD4,protein_coding,HECTD4-210,processed_transcript,,"30,60",2,0.206049831,0.020979021
ENST00000672750.1,ENSG00000173214.7,MFSD4B,protein_coding,MFSD4B-214,nonsense_mediated_decay,ENSP00000500686.1,"12,60",2,0.2055533076,0.0244755245
ENST00000347631.8,ENSG00000126091.21,ST3GAL3,protein_coding,ST3GAL3-205,protein_coding,ENSP00000317192.6,"12,60",2,0.2053127718,0.013986014
ENST00000635755.1,ENSG00000105556.11,MIER2,protein_coding,MIER2-207,nonsense_mediated_decay,ENSP00000490045.1,"12,30",2,0.204801756,0.007992008
ENST00000259400.11,ENSG00000136874.11,STX17,protein_coding,STX17-201,protein_coding,ENSP00000259400.6,"12,30",2,0.2047139362,0.006993007
ENST00000314970.11,ENSG00000164306.11,PRIMPOL,protein_coding,PRIMPOL-201,protein_coding,ENSP00000313816.6,"12,30",2,0.2045705028,0.007992008
ENST00000619960.4,ENSG00000173727.12,AP000769.1,transcribed_unprocessed_pseudogene,AP000769.1-201,processed_transcript,,"12,60",2,0.2044741256,0.043956044
ENST00000302641.8,ENSG00000172382.10,PRSS27,protein_coding,PRSS27-201,protein_coding,ENSP00000306390.3,"30,60",2,0.2044453171,0.0234765235
ENST00000366504.6,ENSG00000197472.15,ZNF695,protein_coding,ZNF695-202,nonsense_mediated_decay,ENSP00000355460.2,"12,30",2,0.2041607613,0.00999001
ENST00000258646.3,ENSG00000136144.12,RCBTB1,protein_coding,RCBTB1-201,protein_coding,ENSP00000258646.3,"12,60",2,0.2041150984,0.0174825175
ENST00000554259.5,ENSG00000174373.16,RALGAPA1,protein_coding,RALGAPA1-206,protein_coding,ENSP00000451133.1,"12,60",2,0.2039391783,0.0214785215
ENST00000397311.4,ENSG00000008083.14,JARID2,protein_coding,JARID2-202,protein_coding,ENSP00000380478.3,"12,60",2,0.2038828041,0.0104895105
ENST00000525842.5,ENSG00000196323.14,ZBTB44,protein_coding,ZBTB44-205,protein_coding,ENSP00000433457.1,"30,60",2,0.2038609035,0.0204795205
ENST00000547235.5,ENSG00000169203.16,NPIPB12,protein_coding,NPIPB12-202,nonsense_mediated_decay,ENSP00000449585.1,"12,60",2,0.2034373484,0.0054945055
ENST00000511363.6,ENSG00000151883.19,PARP8,protein_coding,PARP8-216,processed_transcript,,"12,60",2,0.2033627771,0.006993007
ENST00000297994.4,ENSG00000165275.10,TRMT10B,protein_coding,TRMT10B-201,protein_coding,ENSP00000297994.3,"30,60",2,0.2028796522,0.013986014
ENST00000656958.1,ENSG00000224914.4,LINC00863,lncRNA,LINC00863-203,lncRNA,,"12,60",2,0.2026259125,0.0204795205
ENST00000375579.7,ENSG00000188312.14,CENPP,protein_coding,CENPP-202,protein_coding,ENSP00000364729.3,"12,30",2,0.2024947382,0.0064935065
ENST00000317402.11,ENSG00000178295.15,GEN1,protein_coding,GEN1-201,protein_coding,ENSP00000318977.7,"30,60",2,0.2021720138,0.0104895105
ENST00000455368.6,ENSG00000145331.14,TRMT10A,protein_coding,TRMT10A-204,protein_coding,ENSP00000397551.2,"12,30",2,0.2020763499,0.020979021
ENST00000451790.5,ENSG00000183671.12,GPR1,protein_coding,GPR1-207,protein_coding,ENSP00000391146.1,"12,60",2,0.2016662747,0.043956044
ENST00000370033.9,ENSG00000120029.13,ARMH3,protein_coding,ARMH3-202,protein_coding,ENSP00000359050.4,"12,60",2,0.2013924003,0.007992008
ENST00000663379.1,ENSG00000260565.7,ERVK13-1,lncRNA,ERVK13-1-228,lncRNA,,"12,30",2,0.2013239692,0.0254745255
ENST00000510985.1,ENSG00000163312.11,HELQ,protein_coding,HELQ-204,protein_coding,ENSP00000424539.1,"30,60",2,0.2012230321,0.0194805195
ENST00000258281.6,ENSG00000135801.9,TAF5L,protein_coding,TAF5L-201,protein_coding,ENSP00000258281.2,"30,60",2,0.2010812467,0.0104895105
ENST00000616024.4,ENSG00000081019.13,RSBN1,protein_coding,RSBN1-206,protein_coding,ENSP00000478459.1,"12,30",2,0.2007077505,0.0334665335
ENST00000426488.6,ENSG00000167394.13,ZNF668,protein_coding,ZNF668-205,protein_coding,ENSP00000403975.2,"12,60",2,0.2006583592,0.008991009
ENST00000377542.3,ENSG00000231527.7,FAM27C,lncRNA,FAM27C-201,lncRNA,,"30,60",2,0.2004884384,0.024975025
ENST00000395925.8,ENSG00000106571.14,GLI3,protein_coding,GLI3-201,protein_coding,ENSP00000379258.3,"30,60",2,0.2003100559,0.0314685315
ENST00000372187.9,ENSG00000122378.14,PRXL2A,protein_coding,PRXL2A-203,protein_coding,ENSP00000361261.5,"12,30",2,0.2000357211,0.0034965035
ENST00000661167.1,ENSG00000232671.6,ZNF687-AS1,lncRNA,ZNF687-AS1-204,lncRNA,,"12,30",2,0.199597051,0.0304695305
ENST00000634778.1,ENSG00000075151.20,EIF4G3,protein_coding,EIF4G3-213,processed_transcript,,"30,60",2,0.19953458,0.0
ENST00000360057.7,ENSG00000196511.14,TPK1,protein_coding,TPK1-201,protein_coding,ENSP00000353165.3,"12,30",2,0.1991503374,0.037962038
ENST00000432695.2,ENSG00000197444.10,OGDHL,protein_coding,OGDHL-203,protein_coding,ENSP00000390240.1,"30,60",2,0.1990084002,0.002997003
ENST00000322038.5,ENSG00000179981.11,TSHZ1,protein_coding,TSHZ1-201,protein_coding,ENSP00000323584.5,"12,60",2,0.1990063218,0.017982018
ENST00000580499.1,ENSG00000134758.14,RNF138,protein_coding,RNF138-206,protein_coding,ENSP00000463153.1,"30,60",2,0.198859048,0.003996004
ENST00000366624.8,ENSG00000143674.11,MAP3K21,protein_coding,MAP3K21-203,protein_coding,ENSP00000355583.3,"30,60",2,0.1987714263,0.0204795205
ENST00000666303.1,ENSG00000236830.7,CBR3-AS1,lncRNA,CBR3-AS1-224,lncRNA,,"30,60",2,0.1986747215,0.0364635365
ENST00000602623.1,ENSG00000178093.14,TSSK6,protein_coding,TSSK6-203,nonsense_mediated_decay,ENSP00000473413.1,"12,30",2,0.1985365509,0.035964036
ENST00000645220.1,ENSG00000105928.16,GSDME,protein_coding,GSDME-214,protein_coding,ENSP00000494186.1,"12,30",2,0.1983675573,0.021978022
ENST00000522184.1,ENSG00000104219.13,ZDHHC2,protein_coding,ZDHHC2-203,protein_coding,ENSP00000430317.1,"30,60",2,0.1982709862,0.0314685315
ENST00000523476.5,ENSG00000175305.17,CCNE2,protein_coding,CCNE2-207,processed_transcript,,"12,30",2,0.1980887137,0.007992008
ENST00000542817.1,ENSG00000169246.16,NPIPB3,protein_coding,NPIPB3-210,protein_coding,ENSP00000444096.1,"30,60",2,0.1979517391,0.0094905095
ENST00000545620.5,ENSG00000113658.18,SMAD5,protein_coding,SMAD5-212,protein_coding,ENSP00000446474.2,"30,60",2,0.1975389561,0.004995005
ENST00000451963.1,ENSG00000066923.17,STAG3,protein_coding,STAG3-209,nonsense_mediated_decay,ENSP00000393790.1,"12,30",2,0.197526843,0.0434565435
ENST00000434753.7,ENSG00000101966.13,XIAP,protein_coding,XIAP-205,protein_coding,ENSP00000395230.3,"12,30",2,0.1973503404,0.026973027
ENST00000329630.10,ENSG00000196456.13,ZNF775,protein_coding,ZNF775-201,protein_coding,ENSP00000330838.5,"12,30",2,0.197157584,0.0344655345
ENST00000509772.1,ENSG00000159788.19,RGS12,protein_coding,RGS12-216,processed_transcript,,"12,30",2,0.1969025619,0.012987013
ENST00000373970.4,ENSG00000107984.10,DKK1,protein_coding,DKK1-201,protein_coding,ENSP00000363081.3,"12,60",2,0.1968462637,0.011988012
ENST00000507238.5,ENSG00000251474.6,RPL32P3,transcribed_unprocessed_pseudogene,RPL32P3-204,processed_transcript,,"30,60",2,0.1965959162,0.002997003
ENST00000307731.2,ENSG00000168438.15,CDC40,protein_coding,CDC40-201,protein_coding,ENSP00000304370.1,"12,30",2,0.1965182849,0.011988012
ENST00000398225.7,ENSG00000160191.18,PDE9A,protein_coding,PDE9A-208,protein_coding,ENSP00000381281.3,"12,30",2,0.1965003293,0.046953047
ENST00000511565.1,ENSG00000246334.2,PRR7-AS1,lncRNA,PRR7-AS1-203,lncRNA,,"12,60",2,0.1964791407,0.020979021
ENST00000446231.7,ENSG00000157106.17,SMG1,protein_coding,SMG1-202,protein_coding,ENSP00000402515.3,"30,60",2,0.1962872351,0.0164835165
ENST00000618814.1,ENSG00000274253.5,AC138649.1,lncRNA,AC138649.1-203,lncRNA,,"12,60",2,0.1962861572,0.042957043
ENST00000261842.10,ENSG00000081014.11,AP4E1,protein_coding,AP4E1-201,protein_coding,ENSP00000261842.5,"12,30",2,0.196228059,0.0204795205
ENST00000520546.1,ENSG00000171428.15,NAT1,protein_coding,NAT1-207,protein_coding,ENSP00000429341.1,"12,60",2,0.1956686529,0.0344655345
ENST00000383794.7,ENSG00000154781.16,CCDC174,protein_coding,CCDC174-202,protein_coding,ENSP00000373304.3,"30,60",2,0.1955650227,0.00999001
ENST00000302450.11,ENSG00000169607.13,CKAP2L,protein_coding,CKAP2L-201,protein_coding,ENSP00000305204.6,"12,30",2,0.1955600044,0.007992008
ENST00000318312.12,ENSG00000174483.20,BBS1,protein_coding,BBS1-201,protein_coding,ENSP00000317469.7,"30,60",2,0.1953222605,0.0114885115
ENST00000622089.4,ENSG00000198399.14,ITSN2,protein_coding,ITSN2-213,protein_coding,ENSP00000479408.1,"12,60",2,0.1953206312,0.0124875125
ENST00000471278.5,ENSG00000181315.11,ZNF322,protein_coding,ZNF322-205,protein_coding,ENSP00000419728.1,"30,60",2,0.1951142599,0.0104895105
ENST00000477955.1,ENSG00000081026.19,MAGI3,protein_coding,MAGI3-205,processed_transcript,,"12,30",2,0.1950460822,0.026973027
ENST00000337393.10,ENSG00000122482.21,ZNF644,protein_coding,ZNF644-201,protein_coding,ENSP00000337008.5,"30,60",2,0.1949336538,0.003996004
ENST00000457177.5,ENSG00000251369.9,ZNF550,protein_coding,ZNF550-204,protein_coding,ENSP00000469679.1,"12,30",2,0.1948288058,0.0254745255
ENST00000366773.8,ENSG00000130023.16,ERMARD,protein_coding,ERMARD-203,protein_coding,ENSP00000355735.3,"12,30",2,0.1946298809,0.0044955045
ENST00000262031.10,ENSG00000076067.13,RBMS2,protein_coding,RBMS2-201,protein_coding,ENSP00000262031.5,"12,60",2,0.1943829302,0.0154845155
ENST00000494633.1,ENSG00000125875.14,TBC1D20,protein_coding,TBC1D20-204,processed_transcript,,"12,60",2,0.194270859,0.0124875125
ENST00000398838.8,ENSG00000090238.12,YPEL3,protein_coding,YPEL3-201,protein_coding,ENSP00000381818.4,"30,60",2,0.1941157354,0.0074925075
ENST00000543185.6,ENSG00000068024.17,HDAC4,protein_coding,HDAC4-215,protein_coding,ENSP00000440481.3,"30,60",2,0.1933832534,0.0194805195
ENST00000380756.7,ENSG00000119772.17,DNMT3A,protein_coding,DNMT3A-204,nonsense_mediated_decay,ENSP00000370132.3,"12,30",2,0.1932944173,0.0244755245
ENST00000517659.5,ENSG00000147509.14,RGS20,protein_coding,RGS20-205,nonsense_mediated_decay,ENSP00000428795.1,"12,60",2,0.1932343875,0.0274725275
ENST00000565877.5,ENSG00000170100.13,ZNF778,protein_coding,ZNF778-205,processed_transcript,,"12,60",2,0.1928097096,0.0184815185
ENST00000523189.6,ENSG00000204764.14,RANBP17,protein_coding,RANBP17-219,protein_coding,ENSP00000427975.1,"12,30",2,0.1924491092,0.0234765235
ENST00000314088.6,ENSG00000180573.9,H2AC6,protein_coding,H2AC6-201,nonsense_mediated_decay,ENSP00000321389.5,"30,60",2,0.1919817944,0.0014985015
ENST00000460979.2,ENSG00000164916.11,FOXK1,protein_coding,FOXK1-202,protein_coding,ENSP00000475486.1,"12,60",2,0.191934652,0.010989011
ENST00000312108.12,ENSG00000205560.13,CPT1B,protein_coding,CPT1B-201,protein_coding,ENSP00000312189.8,"12,30",2,0.1918052465,0.023976024
ENST00000219207.10,ENSG00000102934.10,PLLP,protein_coding,PLLP-201,protein_coding,ENSP00000219207.5,"12,30",2,0.1917427499,0.0054945055
ENST00000409959.8,ENSG00000121210.16,TMEM131L,protein_coding,TMEM131L-203,protein_coding,ENSP00000386787.3,"30,60",2,0.1916049037,0.010989011
ENST00000675367.1,ENSG00000129667.13,RHBDF2,protein_coding,RHBDF2-220,protein_coding,ENSP00000501790.1,"12,30",2,0.1915203722,0.0124875125
ENST00000464613.1,ENSG00000115325.13,DOK1,protein_coding,DOK1-205,retained_intron,,"12,60",2,0.1914397265,0.013986014
ENST00000649276.1,ENSG00000184058.14,TBX1,protein_coding,TBX1-206,protein_coding,ENSP00000497003.1,"30,60",2,0.1913525265,0.0034965035
ENST00000475113.1,ENSG00000120370.13,GORAB,protein_coding,GORAB-204,retained_intron,,"30,60",2,0.1911909337,0.010989011
ENST00000494279.2,ENSG00000116151.14,MORN1,protein_coding,MORN1-208,protein_coding,ENSP00000476189.1,"12,60",2,0.1910602023,0.0074925075
ENST00000671733.1,ENSG00000139163.16,ETNK1,protein_coding,ETNK1-207,protein_coding,ENSP00000500633.1,"12,30",2,0.1910021964,0.0074925075
ENST00000320750.10,ENSG00000151116.17,UEVLD,protein_coding,UEVLD-202,protein_coding,ENSP00000323353.6,"30,60",2,0.1909721044,0.015984016
ENST00000422064.1,ENSG00000127957.18,PMS2P3,transcribed_unprocessed_pseudogene,PMS2P3-203,processed_transcript,,"12,60",2,0.1909152923,0.011988012
ENST00000652769.1,ENSG00000269929.3,MIRLET7A1HG,lncRNA,MIRLET7A1HG-203,lncRNA,,"30,60",2,0.1908729618,0.0204795205
ENST00000647893.1,ENSG00000197594.13,ENPP1,protein_coding,ENPP1-204,protein_coding,ENSP00000498074.1,"12,30",2,0.1908164189,0.03996004
ENST00000380476.7,ENSG00000120915.14,EPHX2,protein_coding,EPHX2-201,protein_coding,ENSP00000369843.3,"12,60",2,0.190150445,0.020979021
ENST00000484725.1,ENSG00000163738.18,MTHFD2L,protein_coding,MTHFD2L-212,processed_transcript,,"30,60",2,0.1899002053,0.0064935065
ENST00000309295.9,ENSG00000173442.13,EHBP1L1,protein_coding,EHBP1L1-201,protein_coding,ENSP00000312671.4,"12,60",2,0.1898050757,0.004995005
ENST00000574035.5,ENSG00000256594.8,AC010186.2,transcribed_unprocessed_pseudogene,AC010186.2-203,processed_transcript,,"30,60",2,0.1897797316,0.021978022
ENST00000439880.6,ENSG00000101224.17,CDC25B,protein_coding,CDC25B-205,protein_coding,ENSP00000405972.2,"12,30",2,0.1896767468,0.0014985015
ENST00000286448.12,ENSG00000124333.16,VAMP7,protein_coding,VAMP7-202,protein_coding,ENSP00000286448.6,"12,60",2,0.1896459565,0.003996004
ENST00000418543.8,ENSG00000123154.12,WDR83,protein_coding,WDR83-201,protein_coding,ENSP00000402653.3,"30,60",2,0.1892365451,0.01998002
ENST00000612199.4,ENSG00000196369.11,SRGAP2B,protein_coding,SRGAP2B-204,protein_coding,ENSP00000477776.1,"12,30",2,0.1892305521,0.0094905095
ENST00000503258.5,ENSG00000113448.19,PDE4D,protein_coding,PDE4D-210,protein_coding,ENSP00000425605.1,"30,60",2,0.1891379918,0.0054945055
ENST00000507274.1,ENSG00000215158.9,AC138409.2,transcribed_unprocessed_pseudogene,AC138409.2-202,transcribed_unprocessed_pseudogene,,"12,60",2,0.1888531338,0.023976024
ENST00000279263.13,ENSG00000149809.16,TM7SF2,protein_coding,TM7SF2-201,protein_coding,ENSP00000279263.7,"12,60",2,0.188826959,0.023976024
ENST00000553984.1,ENSG00000129566.13,TEP1,protein_coding,TEP1-204,protein_coding,ENSP00000450508.1,"12,60",2,0.1886452634,0.0254745255
ENST00000375190.10,ENSG00000006638.13,TBXA2R,protein_coding,TBXA2R-201,protein_coding,ENSP00000364336.4,"12,60",2,0.1886258838,0.028971029
ENST00000401528.5,ENSG00000106404.14,CLDN15,protein_coding,CLDN15-202,protein_coding,ENSP00000385300.1,"30,60",2,0.1886185553,0.0174825175
ENST00000289316.2,ENSG00000158373.8,H2BC5,protein_coding,H2BC5-201,protein_coding,ENSP00000289316.2,"30,60",2,0.1880372301,0.0004995005
ENST00000377777.5,ENSG00000158373.8,H2BC5,protein_coding,H2BC5-202,protein_coding,ENSP00000367008.4,"30,60",2,0.1880372301,0.0004995005
ENST00000331222.6,ENSG00000182372.10,CLN8,protein_coding,CLN8-201,protein_coding,ENSP00000328182.4,"12,60",2,0.1879645077,0.0364635365
ENST00000496806.2,ENSG00000188994.13,ZNF292,protein_coding,ZNF292-207,protein_coding,ENSP00000428857.1,"12,30",2,0.1879549131,0.043956044
ENST00000481710.5,ENSG00000205670.12,SMIM11A,protein_coding,SMIM11A-205,processed_transcript,,"12,30",2,0.1879071493,0.003996004
ENST00000360264.7,ENSG00000257923.11,CUX1,protein_coding,CUX1-203,protein_coding,ENSP00000353401.3,"12,60",2,0.1878023741,0.0014985015
ENST00000488109.6,ENSG00000005238.20,FAM214B,protein_coding,FAM214B-205,protein_coding,ENSP00000475120.1,"12,60",2,0.1874461651,0.017982018
ENST00000534730.5,ENSG00000174483.20,BBS1,protein_coding,BBS1-224,retained_intron,,"30,60",2,0.1873733558,0.008991009
ENST00000487865.5,ENSG00000102471.14,NDFIP2,protein_coding,NDFIP2-203,protein_coding,ENSP00000419200.2,"12,30",2,0.1869916554,0.0064935065
ENST00000553551.1,ENSG00000187790.11,FANCM,protein_coding,FANCM-203,retained_intron,,"30,60",2,0.1869814111,0.0244755245
ENST00000263849.9,ENSG00000104427.12,ZC2HC1A,protein_coding,ZC2HC1A-201,protein_coding,ENSP00000263849.3,"12,30",2,0.1869062494,0.0294705295
ENST00000676321.1,ENSG00000203865.11,ATP1A1-AS1,lncRNA,ATP1A1-AS1-216,lncRNA,,"12,30",2,0.1865746947,0.014985015
ENST00000622766.1,ENSG00000162601.11,MYSM1,protein_coding,MYSM1-207,protein_coding,ENSP00000478391.1,"12,60",2,0.1865388861,0.0204795205
ENST00000502873.5,ENSG00000109680.11,TBC1D19,protein_coding,TBC1D19-202,retained_intron,,"12,30",2,0.1861590153,0.0284715285
ENST00000624519.1,ENSG00000280018.4,CU634019.5,lncRNA,CU634019.5-202,lncRNA,,"30,60",2,0.1859996706,0.0094905095
ENST00000252602.1,ENSG00000130312.6,MRPL34,protein_coding,MRPL34-201,protein_coding,ENSP00000252602.1,"12,60",2,0.1855085571,0.000999001
ENST00000540997.2,ENSG00000185495.10,AC138393.1,transcribed_unprocessed_pseudogene,AC138393.1-206,retained_intron,,"12,60",2,0.1853004582,0.0244755245
ENST00000426126.6,ENSG00000186908.14,ZDHHC17,protein_coding,ZDHHC17-201,protein_coding,ENSP00000403397.2,"30,60",2,0.1850307673,0.0054945055
ENST00000398701.2,ENSG00000166507.19,NDST2,protein_coding,NDST2-203,processed_transcript,,"30,60",2,0.1848113537,0.0134865135
ENST00000588797.6,ENSG00000167637.18,ZNF283,protein_coding,ZNF283-203,protein_coding,ENSP00000468708.2,"12,60",2,0.1846939507,0.033966034
ENST00000565764.1,ENSG00000261188.1,Z95115.1,lncRNA,Z95115.1-202,lncRNA,,"30,60",2,0.1845809681,0.0194805195
ENST00000566814.1,ENSG00000261188.1,Z95115.1,lncRNA,Z95115.1-201,lncRNA,,"30,60",2,0.1845809681,0.0194805195
ENST00000574499.1,ENSG00000072818.12,ACAP1,protein_coding,ACAP1-208,processed_transcript,,"12,60",2,0.1841696141,0.024975025
ENST00000474096.5,ENSG00000163577.8,EIF5A2,protein_coding,EIF5A2-203,protein_coding,ENSP00000418370.1,"12,60",2,0.1836414345,0.045954046
ENST00000454269.6,ENSG00000231074.9,HCG18,lncRNA,HCG18-240,lncRNA,,"12,60",2,0.1833459109,0.0054945055
ENST00000316509.11,ENSG00000220205.9,VAMP2,protein_coding,VAMP2-201,protein_coding,ENSP00000314214.6,"30,60",2,0.1831970496,0.002997003
ENST00000530609.5,ENSG00000186104.10,CYP2R1,protein_coding,CYP2R1-206,nonsense_mediated_decay,ENSP00000466060.1,"12,30",2,0.1831680509,0.021978022
ENST00000303406.4,ENSG00000198353.8,HOXC4,protein_coding,HOXC4-201,protein_coding,ENSP00000305973.4,"12,60",2,0.1830723928,0.034965035
ENST00000463331.5,ENSG00000106404.14,CLDN15,protein_coding,CLDN15-207,retained_intron,,"12,60",2,0.1828013423,0.018981019
ENST00000376954.6,ENSG00000197779.14,ZNF81,protein_coding,ZNF81-204,protein_coding,ENSP00000366153.1,"12,30",2,0.1825941152,0.0254745255
ENST00000425929.6,ENSG00000151470.13,C4orf33,protein_coding,C4orf33-202,protein_coding,ENSP00000401090.1,"12,30",2,0.1825015923,0.0314685315
ENST00000514483.5,ENSG00000113356.13,POLR3G,protein_coding,POLR3G-206,protein_coding,ENSP00000425617.1,"12,30",2,0.1820578486,0.0044955045
ENST00000549321.1,ENSG00000198324.13,PHETA1,protein_coding,PHETA1-205,protein_coding,ENSP00000447539.1,"12,30",2,0.1819962327,0.031968032
ENST00000370608.8,ENSG00000153898.13,MCOLN2,protein_coding,MCOLN2-202,protein_coding,ENSP00000359640.3,"12,30",2,0.1817632951,0.010989011
ENST00000331163.11,ENSG00000100311.17,PDGFB,protein_coding,PDGFB-201,protein_coding,ENSP00000330382.6,"30,60",2,0.1812412636,0.0194805195
ENST00000585014.1,ENSG00000169750.9,RAC3,protein_coding,RAC3-204,retained_intron,,"12,60",2,0.1810728886,0.021978022
ENST00000512453.5,ENSG00000152495.11,CAMK4,protein_coding,CAMK4-210,protein_coding,ENSP00000422634.1,"12,60",2,0.1810706268,0.048951049
ENST00000427814.5,ENSG00000153814.13,JAZF1,protein_coding,JAZF1-203,protein_coding,ENSP00000388302.1,"30,60",2,0.1809169769,0.0164835165
ENST00000540924.5,ENSG00000174718.12,RESF1,protein_coding,RESF1-206,protein_coding,ENSP00000445152.1,"12,30",2,0.1808560735,0.020979021
ENST00000272117.7,ENSG00000143772.9,ITPKB,protein_coding,ITPKB-201,protein_coding,ENSP00000272117.3,"30,60",2,0.180843303,0.013986014
ENST00000341983.8,ENSG00000105327.18,BBC3,protein_coding,BBC3-202,protein_coding,ENSP00000341155.4,"12,60",2,0.180702039,0.0274725275
ENST00000317287.5,ENSG00000135392.17,DNAJC14,protein_coding,DNAJC14-201,protein_coding,ENSP00000317500.5,"12,60",2,0.1806237943,0.001998002
ENST00000675407.1,ENSG00000116991.11,SIPA1L2,protein_coding,SIPA1L2-210,protein_coding,ENSP00000502580.1,"12,60",2,0.1802122848,0.033966034
ENST00000370401.6,ENSG00000013619.14,MAMLD1,protein_coding,MAMLD1-203,protein_coding,ENSP00000359428.2,"30,60",2,0.1801551857,0.025974026
ENST00000397265.7,ENSG00000171840.12,NINJ2,protein_coding,NINJ2-202,protein_coding,ENSP00000380435.3,"12,60",2,0.1796712768,0.0164835165
ENST00000562153.5,ENSG00000140830.9,TXNL4B,protein_coding,TXNL4B-204,protein_coding,ENSP00000454635.1,"12,30",2,0.1795296861,0.0054945055
ENST00000371113.9,ENSG00000122126.17,OCRL,protein_coding,OCRL-202,protein_coding,ENSP00000360154.4,"12,30",2,0.1793543578,0.008991009
ENST00000468078.1,ENSG00000146574.15,CCZ1B,protein_coding,CCZ1B-207,retained_intron,,"30,60",2,0.1791961828,0.004995005
ENST00000325333.10,ENSG00000213015.9,ZNF580,protein_coding,ZNF580-201,protein_coding,ENSP00000320050.4,"30,60",2,0.179169589,0.001998002
ENST00000443213.5,ENSG00000115875.19,SRSF7,protein_coding,SRSF7-208,nonsense_mediated_decay,ENSP00000402544.1,"30,60",2,0.1791449283,0.0
ENST00000220809.9,ENSG00000104368.18,PLAT,protein_coding,PLAT-201,protein_coding,ENSP00000220809.4,"30,60",2,0.1789941172,0.01998002
ENST00000303450.5,ENSG00000180806.5,HOXC9,protein_coding,HOXC9-201,protein_coding,ENSP00000302836.4,"12,60",2,0.1789850698,0.010989011
ENST00000622799.1,ENSG00000239665.8,AL157392.3,lncRNA,AL157392.3-238,lncRNA,,"12,60",2,0.1788866917,0.005994006
ENST00000377065.8,ENSG00000147124.12,ZNF41,protein_coding,ZNF41-202,protein_coding,ENSP00000366265.4,"12,60",2,0.1787343433,0.027972028
ENST00000514146.1,ENSG00000248275.2,TRIM52-AS1,lncRNA,TRIM52-AS1-204,lncRNA,,"12,60",2,0.1784979808,0.0094905095
ENST00000398804.7,ENSG00000236200.6,KDM4A-AS1,lncRNA,KDM4A-AS1-201,lncRNA,,"30,60",2,0.1784539359,0.035964036
ENST00000422506.5,ENSG00000228315.12,GUSBP11,lncRNA,GUSBP11-202,lncRNA,,"30,60",2,0.1783820792,0.0354645355
ENST00000551109.5,ENSG00000161642.18,ZNF385A,protein_coding,ZNF385A-212,protein_coding,ENSP00000449161.1,"30,60",2,0.1777488893,0.014985015
ENST00000580243.3,ENSG00000179981.11,TSHZ1,protein_coding,TSHZ1-204,protein_coding,ENSP00000464391.1,"12,60",2,0.1776453533,0.021978022
ENST00000372185.5,ENSG00000122378.14,PRXL2A,protein_coding,PRXL2A-202,protein_coding,ENSP00000361259.1,"12,30",2,0.1775737658,0.0044955045
ENST00000574911.5,ENSG00000074356.17,NCBP3,protein_coding,NCBP3-204,nonsense_mediated_decay,ENSP00000467742.1,"12,30",2,0.1775434635,0.0084915085
ENST00000366769.7,ENSG00000143776.18,CDC42BPA,protein_coding,CDC42BPA-205,protein_coding,ENSP00000355731.3,"12,60",2,0.177488101,0.012987013
ENST00000325006.7,ENSG00000158467.16,AHCYL2,protein_coding,AHCYL2-201,protein_coding,ENSP00000315931.3,"12,30",2,0.1774617687,0.0144855145
ENST00000666724.1,ENSG00000237310.2,GS1-124K5.4,lncRNA,GS1-124K5.4-204,lncRNA,,"30,60",2,0.1772027815,0.007992008
ENST00000458153.5,ENSG00000128585.18,MKLN1,protein_coding,MKLN1-206,nonsense_mediated_decay,ENSP00000407705.1,"12,30",2,0.17719724,0.007992008
ENST00000598725.5,ENSG00000196235.14,SUPT5H,protein_coding,SUPT5H-213,protein_coding,ENSP00000469090.1,"12,60",2,0.1771937681,0.0
ENST00000307719.9,ENSG00000171428.15,NAT1,protein_coding,NAT1-201,protein_coding,ENSP00000307218.4,"12,60",2,0.1770356737,0.038961039
ENST00000413010.5,ENSG00000198586.14,TLK1,protein_coding,TLK1-204,processed_transcript,,"12,60",2,0.1770337654,0.0124875125
ENST00000560508.1,ENSG00000081014.11,AP4E1,protein_coding,AP4E1-203,protein_coding,ENSP00000452976.1,"12,30",2,0.1768524738,0.0254745255
ENST00000432768.6,ENSG00000174306.21,ZHX3,protein_coding,ZHX3-205,protein_coding,ENSP00000415498.3,"12,60",2,0.1767166193,0.0184815185
ENST00000489797.1,ENSG00000083535.16,PIBF1,protein_coding,PIBF1-204,processed_transcript,,"30,60",2,0.1764658431,0.016983017
ENST00000513998.5,ENSG00000197594.13,ENPP1,protein_coding,ENPP1-203,nonsense_mediated_decay,ENSP00000422424.1,"12,30",2,0.1759747464,0.0424575425
ENST00000484501.1,ENSG00000174564.13,IL20RB,protein_coding,IL20RB-204,processed_transcript,,"30,60",2,0.1759555719,0.041958042
ENST00000411851.3,ENSG00000006638.13,TBXA2R,protein_coding,TBXA2R-202,protein_coding,ENSP00000393333.2,"12,60",2,0.1757761528,0.0294705295
ENST00000283928.10,ENSG00000153814.13,JAZF1,protein_coding,JAZF1-201,protein_coding,ENSP00000283928.5,"30,60",2,0.1755500648,0.017982018
ENST00000546406.1,ENSG00000139624.14,CERS5,protein_coding,CERS5-206,retained_intron,,"12,30",2,0.1752685233,0.0004995005
ENST00000424254.6,ENSG00000143756.12,FBXO28,protein_coding,FBXO28-202,protein_coding,ENSP00000416888.2,"30,60",2,0.1752282605,0.0044955045
ENST00000505302.1,ENSG00000251141.6,MRPS30-DT,lncRNA,MRPS30-DT-203,lncRNA,,"12,60",2,0.1748754642,0.023976024
ENST00000583931.6,ENSG00000143401.15,ANP32E,protein_coding,ANP32E-208,protein_coding,ENSP00000463154.1,"12,60",2,0.1748148382,0.0
ENST00000266483.7,ENSG00000139133.7,ALG10,protein_coding,ALG10-201,protein_coding,ENSP00000266483.2,"12,30",2,0.1747940282,0.0094905095
ENST00000487013.1,ENSG00000204396.11,VWA7,protein_coding,VWA7-204,processed_transcript,,"12,60",2,0.1746263977,0.032967033
ENST00000360564.5,ENSG00000198598.6,MMP17,protein_coding,MMP17-201,protein_coding,ENSP00000353767.1,"12,60",2,0.174400542,0.020979021
ENST00000452939.5,ENSG00000186017.14,ZNF566,protein_coding,ZNF566-205,protein_coding,ENSP00000411526.1,"30,60",2,0.174339532,0.0364635365
ENST00000624585.3,ENSG00000244306.11,DUXAP10,transcribed_processed_pseudogene,DUXAP10-210,processed_transcript,,"30,60",2,0.1743185316,0.0054945055
ENST00000366511.1,ENSG00000162852.14,CNST,protein_coding,CNST-201,protein_coding,ENSP00000355468.1,"12,60",2,0.1741158133,0.014985015
ENST00000617168.4,ENSG00000197062.11,ZSCAN26,protein_coding,ZSCAN26-205,protein_coding,ENSP00000481024.1,"12,60",2,0.1740557174,0.014985015
ENST00000361171.8,ENSG00000196814.15,MVB12B,protein_coding,MVB12B-201,protein_coding,ENSP00000354772.3,"12,60",2,0.1740417034,0.041958042
ENST00000559607.1,ENSG00000166716.10,ZNF592,protein_coding,ZNF592-202,nonsense_mediated_decay,ENSP00000453491.1,"30,60",2,0.1739948261,0.0224775225
ENST00000483201.1,ENSG00000114648.12,KLHL18,protein_coding,KLHL18-206,processed_transcript,,"12,60",2,0.1736823907,0.005994006
ENST00000519811.5,ENSG00000105339.10,DENND3,protein_coding,DENND3-211,protein_coding,ENSP00000428714.1,"12,60",2,0.1736271239,0.028971029
ENST00000652342.2,ENSG00000162775.16,RBM15,protein_coding,RBM15-207,protein_coding,ENSP00000498328.1,"12,60",2,0.1734939395,0.0254745255
ENST00000595962.6,ENSG00000198464.14,ZNF480,protein_coding,ZNF480-205,protein_coding,ENSP00000471754.1,"12,60",2,0.1734352699,0.0194805195
ENST00000528560.2,ENSG00000254469.7,AP002495.1,protein_coding,AP002495.1-203,processed_transcript,,"12,60",2,0.173345913,0.0244755245
ENST00000567379.5,ENSG00000075399.14,VPS9D1,protein_coding,VPS9D1-206,retained_intron,,"30,60",2,0.1731258723,0.011988012
ENST00000262971.3,ENSG00000105229.7,PIAS4,protein_coding,PIAS4-201,protein_coding,ENSP00000262971.1,"12,30",2,0.1729914285,0.0074925075
ENST00000481836.2,ENSG00000141034.10,GID4,protein_coding,GID4-204,protein_coding,ENSP00000466908.1,"30,60",2,0.1729738036,0.028971029
ENST00000332687.11,ENSG00000131263.13,RLIM,protein_coding,RLIM-201,protein_coding,ENSP00000328059.6,"30,60",2,0.1728389695,0.0054945055
ENST00000349225.2,ENSG00000131263.13,RLIM,protein_coding,RLIM-202,protein_coding,ENSP00000253571.3,"30,60",2,0.1728389695,0.0054945055
ENST00000587905.5,ENSG00000168675.18,LDLRAD4,protein_coding,LDLRAD4-212,protein_coding,ENSP00000465244.1,"12,30",2,0.172436069,0.017982018
ENST00000342607.10,ENSG00000188735.13,TMEM120B,protein_coding,TMEM120B-201,nonsense_mediated_decay,ENSP00000345152.6,"30,60",2,0.1723052939,0.00999001
ENST00000544223.6,ENSG00000111727.12,HCFC2,protein_coding,HCFC2-202,nonsense_mediated_decay,ENSP00000442942.2,"30,60",2,0.1720440728,0.042957043
ENST00000536226.2,ENSG00000101343.15,CRNKL1,protein_coding,CRNKL1-207,protein_coding,ENSP00000440733.1,"12,30",2,0.1714730011,0.013986014
ENST00000370003.2,ENSG00000258366.9,RTEL1,protein_coding,RTEL1-204,retained_intron,,"12,60",2,0.1713271581,0.005994006
ENST00000355485.7,ENSG00000173218.15,VANGL1,protein_coding,VANGL1-202,protein_coding,ENSP00000347672.2,"30,60",2,0.1712985744,0.0164835165
ENST00000455022.1,ENSG00000152818.18,UTRN,protein_coding,UTRN-209,protein_coding,ENSP00000387927.1,"12,60",2,0.171232809,0.0254745255
ENST00000471382.5,ENSG00000123685.9,BATF3,protein_coding,BATF3-202,processed_transcript,,"30,60",2,0.1711641503,0.0294705295
ENST00000431350.7,ENSG00000198586.14,TLK1,protein_coding,TLK1-205,protein_coding,ENSP00000411099.2,"12,60",2,0.1711441953,0.011988012
ENST00000509138.1,ENSG00000162458.13,FBLIM1,protein_coding,FBLIM1-212,processed_transcript,,"12,30",2,0.1710233239,0.021978022
ENST00000320393.9,ENSG00000083123.15,BCKDHB,protein_coding,BCKDHB-201,protein_coding,ENSP00000318351.5,"30,60",2,0.1708993403,0.01998002
ENST00000294964.6,ENSG00000162878.13,PKDCC,protein_coding,PKDCC-201,protein_coding,ENSP00000294964.5,"30,60",2,0.1708271389,0.002997003
ENST00000359359.6,ENSG00000198663.17,C6orf89,protein_coding,C6orf89-202,protein_coding,ENSP00000352316.2,"30,60",2,0.170667161,0.0034965035
ENST00000328834.9,ENSG00000182973.18,CNOT10,protein_coding,CNOT10-201,protein_coding,ENSP00000330060.5,"30,60",2,0.1705500084,0.0044955045
ENST00000604316.1,ENSG00000109670.16,FBXW7,protein_coding,FBXW7-209,retained_intron,,"30,60",2,0.1704596526,0.0244755245
ENST00000215917.11,ENSG00000100104.13,SRRD,protein_coding,SRRD-201,protein_coding,ENSP00000215917.6,"12,60",2,0.1703883647,0.0114885115
ENST00000341071.11,ENSG00000160058.19,BSDC1,protein_coding,BSDC1-201,protein_coding,ENSP00000344816.7,"30,60",2,0.170293393,0.008991009
ENST00000484866.5,ENSG00000121864.10,ZNF639,protein_coding,ZNF639-206,protein_coding,ENSP00000418766.1,"12,30",2,0.1702246782,0.0074925075
ENST00000667707.1,ENSG00000227619.3,AL391056.1,lncRNA,AL391056.1-205,lncRNA,,"12,30",2,0.1700543133,0.036963037
ENST00000330514.4,ENSG00000182963.11,GJC1,protein_coding,GJC1-201,protein_coding,ENSP00000333193.3,"30,60",2,0.1700023317,0.011988012
ENST00000453653.5,ENSG00000116095.11,PLEKHA3,protein_coding,PLEKHA3-203,nonsense_mediated_decay,ENSP00000416186.1,"30,60",2,0.1698653751,0.0254745255
ENST00000669523.1,ENSG00000243701.7,DUBR,lncRNA,DUBR-230,lncRNA,,"12,60",2,0.169480451,0.0464535465
ENST00000664125.1,ENSG00000227764.2,LINC01693,lncRNA,LINC01693-209,lncRNA,,"30,60",2,0.1693282684,0.018981019
ENST00000267938.9,ENSG00000140367.12,UBE2Q2,protein_coding,UBE2Q2-201,protein_coding,ENSP00000267938.4,"30,60",2,0.1691699838,0.022977023
ENST00000650044.1,ENSG00000099625.13,CBARP,protein_coding,CBARP-207,protein_coding,ENSP00000497208.1,"30,60",2,0.1691253477,0.032967033
ENST00000382247.6,ENSG00000163257.11,DCAF16,protein_coding,DCAF16-201,protein_coding,ENSP00000371682.1,"30,60",2,0.1686858018,0.003996004
ENST00000334095.4,ENSG00000160336.15,ZNF761,protein_coding,ZNF761-201,protein_coding,ENSP00000482214.1,"12,30",2,0.1686790152,0.0254745255
ENST00000675283.1,ENSG00000168944.17,CEP120,protein_coding,CEP120-213,retained_intron,,"12,30",2,0.168624988,0.02997003
ENST00000371941.4,ENSG00000124126.14,PREX1,protein_coding,PREX1-201,protein_coding,ENSP00000361009.3,"12,60",2,0.1683023566,0.023976024
ENST00000361565.9,ENSG00000198700.10,IPO9,protein_coding,IPO9-201,protein_coding,ENSP00000354742.4,"12,60",2,0.1682047973,0.0054945055
ENST00000393100.3,ENSG00000137760.15,ALKBH8,protein_coding,ALKBH8-203,nonsense_mediated_decay,ENSP00000376812.3,"12,30",2,0.1678967009,0.043956044
ENST00000651057.1,ENSG00000116127.19,ALMS1,protein_coding,ALMS1-209,protein_coding,ENSP00000498504.1,"12,30",2,0.1678499888,0.035964036
ENST00000668204.1,ENSG00000266401.2,AP002478.1,lncRNA,AP002478.1-203,lncRNA,,"12,30",2,0.1676832621,0.011988012
ENST00000621687.1,ENSG00000121864.10,ZNF639,protein_coding,ZNF639-210,protein_coding,ENSP00000477626.1,"12,30",2,0.1674526542,0.0084915085
ENST00000601877.1,ENSG00000008382.16,MPND,protein_coding,MPND-208,protein_coding,ENSP00000469230.1,"12,60",2,0.1674119618,0.0184815185
ENST00000450735.7,ENSG00000103942.13,HOMER2,protein_coding,HOMER2-202,protein_coding,ENSP00000407634.2,"12,30",2,0.1673846705,0.008991009
ENST00000275532.8,ENSG00000243335.9,KCTD7,protein_coding,KCTD7-201,protein_coding,ENSP00000275532.4,"30,60",2,0.1670798201,0.0374625375
ENST00000614999.4,ENSG00000270629.6,NBPF14,protein_coding,NBPF14-205,protein_coding,ENSP00000482693.1,"30,60",2,0.1670697741,0.032967033
ENST00000573635.1,ENSG00000103226.18,NOMO3,protein_coding,NOMO3-210,retained_intron,,"30,60",2,0.1669361397,0.027972028
ENST00000296092.7,ENSG00000169981.11,ZNF35,protein_coding,ZNF35-201,protein_coding,ENSP00000296092.3,"12,60",2,0.166919243,0.024975025
ENST00000496178.1,ENSG00000075340.23,ADD2,protein_coding,ADD2-213,processed_transcript,,"12,60",2,0.1668277512,0.0094905095
ENST00000367080.8,ENSG00000123836.15,PFKFB2,protein_coding,PFKFB2-202,protein_coding,ENSP00000356047.3,"12,60",2,0.1667510021,0.0214785215
ENST00000522677.7,ENSG00000185697.16,MYBL1,protein_coding,MYBL1-204,protein_coding,ENSP00000429633.2,"12,60",2,0.1667263356,0.022977023
ENST00000502041.2,ENSG00000247572.8,CKMT2-AS1,lncRNA,CKMT2-AS1-203,lncRNA,,"12,60",2,0.1666990247,0.0314685315
ENST00000644374.1,ENSG00000151491.14,EPS8,protein_coding,EPS8-221,protein_coding,ENSP00000495956.1,"12,60",2,0.1666763358,0.0384615385
ENST00000540709.1,ENSG00000135679.25,MDM2,protein_coding,MDM2-227,processed_transcript,,"30,60",2,0.1664527238,0.0044955045
ENST00000339486.8,ENSG00000101782.15,RIOK3,protein_coding,RIOK3-201,protein_coding,ENSP00000341874.3,"30,60",2,0.1662181352,0.0114885115
ENST00000646748.1,ENSG00000177946.6,CENPBD1,protein_coding,CENPBD1-204,processed_transcript,,"30,60",2,0.1660065978,0.0244755245
ENST00000379656.7,ENSG00000105643.10,ARRDC2,protein_coding,ARRDC2-202,protein_coding,ENSP00000368977.1,"12,30",2,0.16595574,0.006993007
ENST00000292510.6,ENSG00000160948.14,VPS28,protein_coding,VPS28-201,protein_coding,ENSP00000292510.3,"12,60",2,0.165919992,0.000999001
ENST00000511467.1,ENSG00000163629.13,PTPN13,protein_coding,PTPN13-209,protein_coding,ENSP00000426626.1,"30,60",2,0.165798842,0.0224775225
ENST00000469708.1,ENSG00000172766.19,NAA16,protein_coding,NAA16-205,processed_transcript,,"30,60",2,0.1656499745,0.0294705295
ENST00000473565.5,ENSG00000013441.16,CLK1,protein_coding,CLK1-210,retained_intron,,"12,30",2,0.1656465662,0.0024975025
ENST00000464769.1,ENSG00000213533.13,STIMATE,protein_coding,STIMATE-202,processed_transcript,,"30,60",2,0.165423554,0.013986014
ENST00000655968.1,ENSG00000223891.6,OSER1-DT,lncRNA,OSER1-DT-206,lncRNA,,"12,30",2,0.1654090605,0.031968032
ENST00000350259.8,ENSG00000119711.13,ALDH6A1,protein_coding,ALDH6A1-201,protein_coding,ENSP00000342564.4,"12,60",2,0.1648943553,0.027972028
ENST00000433271.6,ENSG00000106609.16,TMEM248,protein_coding,TMEM248-205,nonsense_mediated_decay,ENSP00000405558.2,"12,60",2,0.1647965081,0.0014985015
ENST00000491440.1,ENSG00000172878.14,METAP1D,protein_coding,METAP1D-205,processed_transcript,,"30,60",2,0.1647675265,0.0104895105
ENST00000570732.1,ENSG00000103226.18,NOMO3,protein_coding,NOMO3-205,retained_intron,,"12,30",2,0.1644019931,0.0284715285
ENST00000605830.6,ENSG00000271270.7,TMCC1-AS1,lncRNA,TMCC1-AS1-204,lncRNA,,"12,60",2,0.1643586321,0.02997003
ENST00000361143.9,ENSG00000114779.19,ABHD14B,protein_coding,ABHD14B-202,protein_coding,ENSP00000354841.5,"30,60",2,0.1642660126,0.0004995005
ENST00000264313.11,ENSG00000109171.15,SLAIN2,protein_coding,SLAIN2-201,protein_coding,ENSP00000264313.5,"12,60",2,0.1641099373,0.0094905095
ENST00000359052.8,ENSG00000163104.18,SMARCAD1,protein_coding,SMARCAD1-202,protein_coding,ENSP00000351947.4,"30,60",2,0.1640885544,0.016983017
ENST00000354678.3,ENSG00000129007.14,CALML4,protein_coding,CALML4-201,protein_coding,ENSP00000456532.1,"30,60",2,0.1639365552,0.0224775225
ENST00000284061.8,ENSG00000153933.10,DGKE,protein_coding,DGKE-201,protein_coding,ENSP00000284061.3,"12,30",2,0.1638691027,0.036963037
ENST00000585368.1,ENSG00000062725.10,APPBP2,protein_coding,APPBP2-202,protein_coding,ENSP00000464962.1,"12,30",2,0.1637147163,0.025974026
ENST00000664736.1,ENSG00000224914.4,LINC00863,lncRNA,LINC00863-204,lncRNA,,"12,60",2,0.1636933014,0.0314685315
ENST00000008527.10,ENSG00000008405.12,CRY1,protein_coding,CRY1-201,protein_coding,ENSP00000008527.5,"30,60",2,0.1635415062,0.0094905095
ENST00000471874.2,ENSG00000056586.16,RC3H2,protein_coding,RC3H2-207,protein_coding,ENSP00000474148.1,"12,60",2,0.1635221083,0.0054945055
ENST00000658756.1,ENSG00000272146.6,ARF4-AS1,lncRNA,ARF4-AS1-204,lncRNA,,"30,60",2,0.1635191267,0.0114885115
ENST00000465064.1,ENSG00000144681.10,STAC,protein_coding,STAC-205,processed_transcript,,"30,60",2,0.1634864146,0.032967033
ENST00000375180.7,ENSG00000184083.12,FAM120C,protein_coding,FAM120C-202,protein_coding,ENSP00000364324.2,"12,60",2,0.1634658688,0.015984016
ENST00000581639.1,ENSG00000141337.12,ARSG,protein_coding,ARSG-206,protein_coding,ENSP00000462306.1,"30,60",2,0.1634536594,0.010989011
ENST00000552810.6,ENSG00000198707.17,CEP290,protein_coding,CEP290-207,protein_coding,ENSP00000448012.1,"30,60",2,0.1634526752,0.025974026
ENST00000272928.4,ENSG00000144476.6,ACKR3,protein_coding,ACKR3-201,protein_coding,ENSP00000272928.3,"30,60",2,0.1634403205,0.022977023
ENST00000447924.1,ENSG00000144476.6,ACKR3,protein_coding,ACKR3-202,protein_coding,ENSP00000405945.1,"30,60",2,0.1634403205,0.022977023
ENST00000524614.1,ENSG00000064199.7,SPA17,protein_coding,SPA17-202,processed_transcript,,"30,60",2,0.1634152859,0.0414585415
ENST00000243440.2,ENSG00000123685.9,BATF3,protein_coding,BATF3-201,protein_coding,ENSP00000243440.1,"30,60",2,0.1633798786,0.027972028
ENST00000507405.5,ENSG00000170464.10,DNAJC18,protein_coding,DNAJC18-205,processed_transcript,,"12,60",2,0.163222656,0.006993007
ENST00000561433.5,ENSG00000183208.12,GDPGP1,protein_coding,GDPGP1-205,protein_coding,ENSP00000453037.1,"12,60",2,0.1630370763,0.0474525475
ENST00000541916.5,ENSG00000102531.16,FNDC3A,protein_coding,FNDC3A-206,protein_coding,ENSP00000441831.1,"12,60",2,0.1628965802,0.013986014
ENST00000292733.11,ENSG00000099917.17,MED15,protein_coding,MED15-202,protein_coding,ENSP00000292733.7,"30,60",2,0.162874265,0.0064935065
ENST00000367988.8,ENSG00000158882.15,TOMM40L,protein_coding,TOMM40L-202,protein_coding,ENSP00000356967.3,"12,30",2,0.1628686008,0.014985015
ENST00000375322.2,ENSG00000107968.10,MAP3K8,protein_coding,MAP3K8-203,protein_coding,ENSP00000364471.1,"30,60",2,0.1628121533,0.0064935065
ENST00000342951.11,ENSG00000204941.14,PSG5,protein_coding,PSG5-201,protein_coding,ENSP00000344413.6,"12,30",2,0.1627493729,0.0404595405
ENST00000604956.1,ENSG00000237298.10,TTN-AS1,lncRNA,TTN-AS1-252,lncRNA,,"30,60",2,0.1625843069,0.026973027
ENST00000497989.5,ENSG00000102786.15,INTS6,protein_coding,INTS6-220,protein_coding,ENSP00000419871.1,"30,60",2,0.1625227802,0.00999001
ENST00000510023.5,ENSG00000159217.10,IGF2BP1,protein_coding,IGF2BP1-205,processed_transcript,,"12,60",2,0.1624512126,0.017982018
ENST00000248139.8,ENSG00000197562.10,RAB40C,protein_coding,RAB40C-201,protein_coding,ENSP00000248139.3,"30,60",2,0.1623578387,0.0214785215
ENST00000508629.5,ENSG00000145723.17,GIN1,protein_coding,GIN1-203,protein_coding,ENSP00000427162.1,"30,60",2,0.1620137155,0.024975025
ENST00000300849.5,ENSG00000167394.13,ZNF668,protein_coding,ZNF668-201,protein_coding,ENSP00000300849.4,"12,60",2,0.1619905036,0.01998002
ENST00000634675.1,ENSG00000282851.2,BISPR,lncRNA,BISPR-204,lncRNA,,"12,60",2,0.1619545078,0.0184815185
ENST00000545981.5,ENSG00000151849.15,CENPJ,protein_coding,CENPJ-205,protein_coding,ENSP00000441090.2,"30,60",2,0.161895526,0.013986014
ENST00000553215.5,ENSG00000129521.15,EGLN3,protein_coding,EGLN3-209,protein_coding,ENSP00000447470.1,"12,60",2,0.1618782469,0.0224775225
ENST00000518896.1,ENSG00000164953.16,TMEM67,protein_coding,TMEM67-215,processed_transcript,,"12,30",2,0.1617170703,0.0204795205
ENST00000474844.5,ENSG00000117481.10,NSUN4,protein_coding,NSUN4-204,protein_coding,ENSP00000419740.1,"30,60",2,0.1613927194,0.0184815185
ENST00000536144.1,ENSG00000020922.13,MRE11,protein_coding,MRE11-206,processed_transcript,,"12,30",2,0.1613541415,0.0084915085
ENST00000559433.5,ENSG00000168904.15,LRRC28,protein_coding,LRRC28-214,nonsense_mediated_decay,ENSP00000453469.1,"12,60",2,0.161352568,0.035964036
ENST00000588419.1,ENSG00000108840.15,HDAC5,protein_coding,HDAC5-208,retained_intron,,"30,60",2,0.1611200339,0.014985015
ENST00000453526.6,ENSG00000134986.14,NREP,protein_coding,NREP-208,protein_coding,ENSP00000403383.2,"30,60",2,0.1611066692,0.0014985015
ENST00000456331.6,ENSG00000158528.12,PPP1R9A,protein_coding,PPP1R9A-208,protein_coding,ENSP00000402893.2,"30,60",2,0.1610667178,0.0424575425
ENST00000493057.1,ENSG00000002746.15,HECW1,protein_coding,HECW1-211,processed_transcript,,"12,30",2,0.1609607514,0.007992008
ENST00000367987.1,ENSG00000158882.15,TOMM40L,protein_coding,TOMM40L-201,protein_coding,ENSP00000356966.1,"12,30",2,0.160946665,0.0164835165
ENST00000527974.5,ENSG00000116977.19,LGALS8,protein_coding,LGALS8-222,protein_coding,ENSP00000431398.1,"12,60",2,0.1607432887,0.0064935065
ENST00000515845.5,ENSG00000145725.20,PPIP5K2,protein_coding,PPIP5K2-214,protein_coding,ENSP00000421513.1,"30,60",2,0.1606454342,0.006993007
ENST00000470500.1,ENSG00000105778.19,AVL9,protein_coding,AVL9-206,retained_intron,,"12,60",2,0.1604955118,0.0084915085
ENST00000587470.1,ENSG00000062716.13,VMP1,protein_coding,VMP1-205,retained_intron,,"30,60",2,0.1604777428,0.0
ENST00000429152.6,ENSG00000006695.12,COX10,protein_coding,COX10-202,protein_coding,ENSP00000397750.2,"12,60",2,0.1604671174,0.0044955045
ENST00000650049.1,ENSG00000253710.4,ALG11,protein_coding,ALG11-208,nonsense_mediated_decay,ENSP00000497398.1,"30,60",2,0.1604126446,0.0094905095
ENST00000415432.6,ENSG00000134215.16,VAV3,protein_coding,VAV3-203,protein_coding,ENSP00000394897.2,"30,60",2,0.160356478,0.0124875125
ENST00000558285.5,ENSG00000140455.17,USP3,protein_coding,USP3-208,protein_coding,ENSP00000453619.1,"30,60",2,0.1600943239,0.006993007
ENST00000593685.5,ENSG00000105204.14,DYRK1B,protein_coding,DYRK1B-204,protein_coding,ENSP00000469863.1,"30,60",2,0.159861885,0.027972028
ENST00000641863.1,ENSG00000196369.11,SRGAP2B,protein_coding,SRGAP2B-207,protein_coding,ENSP00000493121.1,"30,60",2,0.1598440524,0.0194805195
ENST00000452478.2,ENSG00000135976.20,ANKRD36,protein_coding,ANKRD36-203,retained_intron,,"12,60",2,0.1598374216,0.0254745255
ENST00000430718.5,ENSG00000214021.16,TTLL3,protein_coding,TTLL3-212,protein_coding,ENSP00000402197.1,"12,30",2,0.1595673536,0.0214785215
ENST00000494155.1,ENSG00000164008.16,C1orf50,protein_coding,C1orf50-203,retained_intron,,"12,60",2,0.1591482335,0.03996004
ENST00000593281.1,ENSG00000198003.12,CCDC151,protein_coding,CCDC151-205,retained_intron,,"12,30",2,0.1591320068,0.0284715285
ENST00000397174.6,ENSG00000010803.16,SCMH1,protein_coding,SCMH1-209,protein_coding,ENSP00000380359.3,"30,60",2,0.1590352131,0.0184815185
ENST00000262815.13,ENSG00000129933.21,MAU2,protein_coding,MAU2-201,protein_coding,ENSP00000262815.9,"30,60",2,0.1589555861,0.0044955045
ENST00000261584.9,ENSG00000083093.10,PALB2,protein_coding,PALB2-201,protein_coding,ENSP00000261584.4,"12,60",2,0.1587416407,0.01998002
ENST00000594682.6,ENSG00000167766.18,ZNF83,protein_coding,ZNF83-205,protein_coding,ENSP00000472147.1,"30,60",2,0.1587227838,0.022977023
ENST00000559149.5,ENSG00000140471.17,LINS1,protein_coding,LINS1-202,processed_transcript,,"30,60",2,0.1587209222,0.0144855145
ENST00000309859.8,ENSG00000103365.15,GGA2,protein_coding,GGA2-201,protein_coding,ENSP00000311962.4,"12,60",2,0.1587105076,0.0044955045
ENST00000355624.8,ENSG00000107560.12,RAB11FIP2,protein_coding,RAB11FIP2-201,protein_coding,ENSP00000347839.3,"12,30",2,0.1585863974,0.0384615385
ENST00000356716.8,ENSG00000085274.15,MYNN,protein_coding,MYNN-202,protein_coding,ENSP00000349150.3,"12,60",2,0.1585763701,0.026973027
ENST00000564996.6,ENSG00000135686.13,KLHL36,protein_coding,KLHL36-204,protein_coding,ENSP00000456743.1,"30,60",2,0.1585254629,0.017982018
ENST00000544916.6,ENSG00000111752.11,PHC1,protein_coding,PHC1-214,protein_coding,ENSP00000437659.1,"12,60",2,0.1583533828,0.0184815185
ENST00000373713.7,ENSG00000121769.8,FABP3,protein_coding,FABP3-201,protein_coding,ENSP00000362817.2,"30,60",2,0.1582675586,0.005994006
ENST00000498374.1,ENSG00000124788.19,ATXN1,protein_coding,ATXN1-210,processed_transcript,,"12,30",2,0.1579206399,0.040959041
ENST00000588785.6,ENSG00000267080.6,ASB16-AS1,lncRNA,ASB16-AS1-202,lncRNA,,"12,60",2,0.1576420652,0.035964036
ENST00000311048.11,ENSG00000196705.8,ZNF431,protein_coding,ZNF431-201,protein_coding,ENSP00000308578.6,"30,60",2,0.1575860696,0.0154845155
ENST00000366676.5,ENSG00000135801.9,TAF5L,protein_coding,TAF5L-204,protein_coding,ENSP00000355636.1,"30,60",2,0.1575442575,0.015984016
ENST00000538492.5,ENSG00000197562.10,RAB40C,protein_coding,RAB40C-204,protein_coding,ENSP00000438382.1,"12,30",2,0.1574271308,0.0194805195
ENST00000377791.3,ENSG00000180573.9,H2AC6,protein_coding,H2AC6-202,protein_coding,ENSP00000367022.2,"30,60",2,0.157349337,0.004995005
ENST00000559174.1,ENSG00000171914.16,TLN2,protein_coding,TLN2-206,retained_intron,,"12,60",2,0.157282604,0.025974026
ENST00000344096.4,ENSG00000127334.11,DYRK2,protein_coding,DYRK2-202,protein_coding,ENSP00000342105.4,"12,30",2,0.1571552182,0.0384615385
ENST00000497558.5,ENSG00000133114.18,GPALPP1,protein_coding,GPALPP1-206,nonsense_mediated_decay,ENSP00000432500.1,"12,60",2,0.1571266487,0.0224775225
ENST00000367182.8,ENSG00000198625.13,MDM4,protein_coding,MDM4-203,protein_coding,ENSP00000356150.3,"30,60",2,0.1570232573,0.0284715285
ENST00000651763.1,ENSG00000178440.7,TIMM23B-AGAP6,protein_coding,TIMM23B-AGAP6-204,nonsense_mediated_decay,ENSP00000502214.1,"12,60",2,0.1566571106,0.0364635365
ENST00000394221.3,ENSG00000178700.9,DHFR2,protein_coding,DHFR2-202,protein_coding,ENSP00000377768.2,"30,60",2,0.1564931531,0.035964036
ENST00000526601.5,ENSG00000005801.18,ZNF195,protein_coding,ZNF195-215,protein_coding,ENSP00000435828.1,"12,60",2,0.1563733909,0.014985015
ENST00000623914.3,ENSG00000274333.4,CU633967.1,lncRNA,CU633967.1-206,lncRNA,,"30,60",2,0.1563418465,0.0264735265
ENST00000661551.1,ENSG00000236088.10,COX10-AS1,lncRNA,COX10-AS1-216,lncRNA,,"30,60",2,0.1561724393,0.0344655345
ENST00000592339.5,ENSG00000170832.13,USP32,protein_coding,USP32-214,protein_coding,ENSP00000467885.1,"12,60",2,0.1559569622,0.006993007
ENST00000434701.5,ENSG00000155287.11,SLC25A28,protein_coding,SLC25A28-202,protein_coding,ENSP00000399102.1,"30,60",2,0.1557981414,0.007992008
ENST00000503868.5,ENSG00000049883.15,PTCD2,protein_coding,PTCD2-207,protein_coding,ENSP00000427349.1,"12,60",2,0.1555920538,0.0254745255
ENST00000599244.5,ENSG00000197841.15,ZNF181,protein_coding,ZNF181-207,protein_coding,ENSP00000472046.1,"30,60",2,0.1554238281,0.02997003
ENST00000546134.5,ENSG00000246695.8,RASSF8-AS1,lncRNA,RASSF8-AS1-209,lncRNA,,"12,60",2,0.15529975,0.013986014
ENST00000540574.5,ENSG00000111752.11,PHC1,protein_coding,PHC1-208,nonsense_mediated_decay,ENSP00000444308.1,"12,60",2,0.1552557604,0.0184815185
ENST00000374242.9,ENSG00000148153.14,INIP,protein_coding,INIP-203,protein_coding,ENSP00000363360.3,"30,60",2,0.1552320565,0.0104895105
ENST00000432763.7,ENSG00000196235.14,SUPT5H,protein_coding,SUPT5H-204,protein_coding,ENSP00000404029.4,"12,60",2,0.1551930181,0.0014985015
ENST00000531626.2,ENSG00000137812.20,KNL1,protein_coding,KNL1-207,processed_transcript,,"12,60",2,0.1549646589,0.017982018
ENST00000357869.7,ENSG00000174233.11,ADCY6,protein_coding,ADCY6-202,protein_coding,ENSP00000350536.3,"30,60",2,0.1549182051,0.006993007
ENST00000437398.5,ENSG00000100014.20,SPECC1L,protein_coding,SPECC1L-204,protein_coding,ENSP00000393363.1,"12,60",2,0.1548914994,0.021978022
ENST00000492366.5,ENSG00000164039.15,BDH2,protein_coding,BDH2-204,retained_intron,,"30,60",2,0.1547343381,0.0134865135
ENST00000321945.12,ENSG00000163322.14,ABRAXAS1,protein_coding,ABRAXAS1-201,protein_coding,ENSP00000369857.3,"12,30",2,0.1546059404,0.046953047
ENST00000545335.5,ENSG00000150867.14,PIP4K2A,protein_coding,PIP4K2A-206,protein_coding,ENSP00000442098.1,"12,60",2,0.1545900176,0.031968032
ENST00000585600.5,ENSG00000053747.16,LAMA3,protein_coding,LAMA3-204,non_stop_decay,ENSP00000468316.1,"12,30",2,0.1543496984,0.0404595405
ENST00000331581.10,ENSG00000182985.17,CADM1,protein_coding,CADM1-201,protein_coding,ENSP00000329797.6,"12,60",2,0.1542302052,0.000999001
ENST00000522586.5,ENSG00000071051.14,NCK2,protein_coding,NCK2-206,protein_coding,ENSP00000431109.1,"12,60",2,0.1541904536,0.0294705295
ENST00000651768.1,ENSG00000188660.4,LINC00319,lncRNA,LINC00319-203,lncRNA,,"30,60",2,0.1537487164,0.0194805195
ENST00000486652.5,ENSG00000162923.16,WDR26,protein_coding,WDR26-208,nonsense_mediated_decay,ENSP00000422758.1,"12,60",2,0.1537106905,0.001998002
ENST00000337673.7,ENSG00000160908.15,ZNF394,protein_coding,ZNF394-201,protein_coding,ENSP00000337363.6,"30,60",2,0.153650063,0.012987013
ENST00000479111.5,ENSG00000162623.16,TYW3,protein_coding,TYW3-205,protein_coding,ENSP00000477469.1,"12,60",2,0.1536308906,0.010989011
ENST00000366592.8,ENSG00000077585.14,GPR137B,protein_coding,GPR137B-202,protein_coding,ENSP00000355551.3,"12,60",2,0.1534245655,0.027972028
ENST00000313654.13,ENSG00000053747.16,LAMA3,protein_coding,LAMA3-202,protein_coding,ENSP00000324532.8,"12,60",2,0.153363904,0.0404595405
ENST00000325223.7,ENSG00000160226.16,CFAP410,protein_coding,CFAP410-201,protein_coding,ENSP00000317302.7,"12,30",2,0.1532893465,0.0214785215
ENST00000393580.2,ENSG00000054967.13,RELT,protein_coding,RELT-202,protein_coding,ENSP00000377207.2,"30,60",2,0.1531025641,0.020979021
ENST00000609143.6,ENSG00000235437.8,LINC01278,lncRNA,LINC01278-204,lncRNA,,"30,60",2,0.1528878583,0.0084915085
ENST00000652259.1,ENSG00000204267.16,TAP2,protein_coding,TAP2-205,protein_coding,ENSP00000498827.1,"12,30",2,0.1527667419,0.004995005
ENST00000263256.7,ENSG00000100418.8,DESI1,protein_coding,DESI1-201,protein_coding,ENSP00000263256.6,"30,60",2,0.1527500895,0.007992008
ENST00000264595.7,ENSG00000038002.9,AGA,protein_coding,AGA-201,protein_coding,ENSP00000264595.2,"12,60",2,0.1527499666,0.0164835165
ENST00000327773.7,ENSG00000183087.15,GAS6,protein_coding,GAS6-201,protein_coding,ENSP00000331831.6,"30,60",2,0.1526159574,0.0104895105
ENST00000265827.8,ENSG00000048405.10,ZNF800,protein_coding,ZNF800-201,protein_coding,ENSP00000265827.3,"30,60",2,0.1525335759,0.038961039
ENST00000331242.12,ENSG00000135164.19,DMTF1,protein_coding,DMTF1-201,protein_coding,ENSP00000332171.7,"12,60",2,0.152462664,0.0
ENST00000398316.7,ENSG00000102531.16,FNDC3A,protein_coding,FNDC3A-202,protein_coding,ENSP00000381362.3,"30,60",2,0.1524249695,0.0154845155
ENST00000203001.7,ENSG00000089195.15,TRMT6,protein_coding,TRMT6-201,protein_coding,ENSP00000203001.2,"30,60",2,0.1523608899,0.0134865135
ENST00000324266.10,ENSG00000171853.16,TRAPPC12,protein_coding,TRAPPC12-201,protein_coding,ENSP00000324318.5,"30,60",2,0.1523546953,0.0064935065
ENST00000337702.5,ENSG00000113638.14,TTC33,protein_coding,TTC33-201,protein_coding,ENSP00000338533.4,"12,30",2,0.1523065517,0.00999001
ENST00000569461.1,ENSG00000166451.13,CENPN,protein_coding,CENPN-209,processed_transcript,,"12,60",2,0.1517375258,0.0024975025
ENST00000396398.8,ENSG00000198951.12,NAGA,protein_coding,NAGA-201,protein_coding,ENSP00000379680.3,"12,60",2,0.1514079486,0.007992008
ENST00000409414.2,ENSG00000197191.6,CYSRT1,protein_coding,CYSRT1-201,protein_coding,ENSP00000386453.1,"12,60",2,0.1511295495,0.0404595405
ENST00000650725.2,ENSG00000197191.6,CYSRT1,protein_coding,CYSRT1-202,protein_coding,ENSP00000498316.1,"12,60",2,0.1511295495,0.0404595405
ENST00000578963.5,ENSG00000105655.19,ISYNA1,protein_coding,ISYNA1-206,protein_coding,ENSP00000475677.1,"12,60",2,0.151051654,0.028971029
ENST00000618193.1,ENSG00000270882.2,H4C14,protein_coding,H4C14-204,nonsense_mediated_decay,ENSP00000478786.1,"12,60",2,0.1510400221,0.0044955045
ENST00000274542.6,ENSG00000145860.12,RNF145,protein_coding,RNF145-201,protein_coding,ENSP00000274542.2,"12,60",2,0.1510045964,0.0024975025
ENST00000536444.5,ENSG00000171681.12,ATF7IP,protein_coding,ATF7IP-209,protein_coding,ENSP00000445955.1,"30,60",2,0.1508285665,0.025974026
ENST00000588743.2,ENSG00000079313.15,REXO1,protein_coding,REXO1-206,retained_intron,,"12,60",2,0.1508224757,0.014985015
ENST00000607927.1,ENSG00000225335.3,AC016027.1,lncRNA,AC016027.1-202,lncRNA,,"30,60",2,0.1506994998,0.0364635365
ENST00000328666.11,ENSG00000187531.14,SIRT7,protein_coding,SIRT7-201,protein_coding,ENSP00000329466.6,"30,60",2,0.1505393568,0.005994006
ENST00000641686.2,ENSG00000164073.11,MFSD8,protein_coding,MFSD8-241,protein_coding,ENSP00000493218.2,"30,60",2,0.1505308433,0.020979021
ENST00000389737.5,ENSG00000155275.19,TRMT44,protein_coding,TRMT44-201,protein_coding,ENSP00000374387.4,"30,60",2,0.150482841,0.02997003
ENST00000536398.5,ENSG00000151148.14,UBE3B,protein_coding,UBE3B-206,protein_coding,ENSP00000440585.1,"12,30",2,0.1504533964,0.010989011
ENST00000319466.9,ENSG00000180398.13,MCFD2,protein_coding,MCFD2-201,protein_coding,ENSP00000317271.4,"30,60",2,0.1503759284,0.0004995005
ENST00000437495.1,ENSG00000254996.5,ANKHD1-EIF4EBP3,protein_coding,ANKHD1-EIF4EBP3-201,protein_coding,ENSP00000396882.1,"12,60",2,0.1503482806,0.0134865135
ENST00000377524.8,ENSG00000136738.15,STAM,protein_coding,STAM-202,protein_coding,ENSP00000366746.3,"30,60",2,0.1503222838,0.0174825175
ENST00000465416.5,ENSG00000108100.18,CCNY,protein_coding,CCNY-205,processed_transcript,,"12,60",2,0.1502951622,0.016983017
ENST00000506465.1,ENSG00000246334.2,PRR7-AS1,lncRNA,PRR7-AS1-202,lncRNA,,"12,60",2,0.1502431976,0.038961039
ENST00000506571.1,ENSG00000033178.13,UBA6,protein_coding,UBA6-205,retained_intron,,"12,30",2,0.1499432094,0.00999001
ENST00000393094.7,ENSG00000166266.14,CUL5,protein_coding,CUL5-201,protein_coding,ENSP00000376808.2,"30,60",2,0.1499192945,0.0194805195
ENST00000460600.1,ENSG00000132424.16,PNISR,protein_coding,PNISR-203,processed_transcript,,"30,60",2,0.1497748614,0.001998002
ENST00000457889.1,ENSG00000163171.8,CDC42EP3,protein_coding,CDC42EP3-204,protein_coding,ENSP00000403298.1,"12,30",2,0.1496030816,0.0204795205
ENST00000570276.5,ENSG00000140474.14,ULK3,protein_coding,ULK3-222,retained_intron,,"12,30",2,0.1493453359,0.002997003
ENST00000482162.1,ENSG00000176142.13,TMEM39A,protein_coding,TMEM39A-207,processed_transcript,,"12,60",2,0.1492560673,0.001998002
ENST00000395542.6,ENSG00000106078.19,COBL,protein_coding,COBL-203,protein_coding,ENSP00000378912.3,"12,60",2,0.1492458182,0.0374625375
ENST00000330386.7,ENSG00000183495.14,EP400,protein_coding,EP400-201,protein_coding,ENSP00000330620.7,"12,60",2,0.1489800567,0.0194805195
ENST00000314636.3,ENSG00000178700.9,DHFR2,protein_coding,DHFR2-201,protein_coding,ENSP00000319170.2,"30,60",2,0.1486714227,0.038961039
ENST00000337435.9,ENSG00000170113.16,NIPA1,protein_coding,NIPA1-201,protein_coding,ENSP00000337452.4,"30,60",2,0.1483805724,0.0064935065
ENST00000641447.1,ENSG00000164073.11,MFSD8,protein_coding,MFSD8-231,protein_coding,ENSP00000493448.1,"12,60",2,0.1483544129,0.017982018
ENST00000623430.1,ENSG00000267757.4,EML2-AS1,lncRNA,EML2-AS1-203,lncRNA,,"12,60",2,0.1482755463,0.0064935065
ENST00000667843.1,ENSG00000233461.6,AL445524.1,lncRNA,AL445524.1-210,lncRNA,,"12,60",2,0.1482371698,0.0124875125
ENST00000355396.7,ENSG00000106868.17,SUSD1,protein_coding,SUSD1-201,protein_coding,ENSP00000347558.3,"12,60",2,0.1481289236,0.0344655345
ENST00000476752.1,ENSG00000107984.10,DKK1,protein_coding,DKK1-203,processed_transcript,,"12,60",2,0.1481211043,0.0314685315
ENST00000335765.9,ENSG00000109103.12,UNC119,protein_coding,UNC119-202,protein_coding,ENSP00000337040.3,"30,60",2,0.1479092233,0.00999001
ENST00000381006.8,ENSG00000018189.13,RUFY3,protein_coding,RUFY3-202,protein_coding,ENSP00000370394.3,"12,60",2,0.1477694211,0.0284715285
ENST00000513146.1,ENSG00000183718.5,TRIM52,protein_coding,TRIM52-203,processed_transcript,,"30,60",2,0.1477534979,0.0204795205
ENST00000372235.7,ENSG00000126106.14,TMEM53,protein_coding,TMEM53-201,protein_coding,ENSP00000361309.3,"12,60",2,0.1477141196,0.0374625375
ENST00000488010.5,ENSG00000144747.17,TMF1,protein_coding,TMF1-203,nonsense_mediated_decay,ENSP00000419330.1,"30,60",2,0.1476965833,0.0284715285
ENST00000400555.7,ENSG00000154845.15,PPP4R1,protein_coding,PPP4R1-202,protein_coding,ENSP00000383401.3,"30,60",2,0.1474972552,0.0044955045
ENST00000520736.1,ENSG00000147536.12,GINS4,protein_coding,GINS4-207,retained_intron,,"30,60",2,0.1474449794,0.0064935065
ENST00000471315.5,ENSG00000078403.17,MLLT10,protein_coding,MLLT10-211,retained_intron,,"30,60",2,0.1473137876,0.0014985015
ENST00000600566.5,ENSG00000105229.7,PIAS4,protein_coding,PIAS4-205,retained_intron,,"12,30",2,0.1473036471,0.0184815185
ENST00000425478.7,ENSG00000197885.11,NKIRAS1,protein_coding,NKIRAS1-206,protein_coding,ENSP00000400385.2,"12,30",2,0.1471478533,0.022977023
ENST00000250076.7,ENSG00000167840.13,ZNF232,protein_coding,ZNF232-201,protein_coding,ENSP00000250076.3,"30,60",2,0.1471152816,0.0224775225
ENST00000423670.1,ENSG00000000457.14,SCYL3,protein_coding,SCYL3-204,protein_coding,ENSP00000407993.1,"12,30",2,0.1470148767,0.041958042
ENST00000518658.1,ENSG00000145919.11,BOD1,protein_coding,BOD1-207,retained_intron,,"30,60",2,0.1468267937,0.0024975025
ENST00000620233.1,ENSG00000277161.2,PIGW,protein_coding,PIGW-206,protein_coding,ENSP00000480021.1,"12,60",2,0.1467894562,0.005994006
ENST00000390667.11,ENSG00000136122.18,BORA,protein_coding,BORA-202,protein_coding,ENSP00000375082.6,"12,30",2,0.146644675,0.015984016
ENST00000322343.11,ENSG00000143452.16,HORMAD1,protein_coding,HORMAD1-201,protein_coding,ENSP00000326489.7,"30,60",2,0.146581765,0.0364635365
ENST00000578107.5,ENSG00000134758.14,RNF138,protein_coding,RNF138-204,protein_coding,ENSP00000462498.1,"12,30",2,0.1464794865,0.008991009
ENST00000554996.5,ENSG00000205476.9,CCDC85C,protein_coding,CCDC85C-203,protein_coding,ENSP00000451294.1,"12,30",2,0.1462238478,0.006993007
ENST00000404970.3,ENSG00000220205.9,VAMP2,protein_coding,VAMP2-202,protein_coding,ENSP00000466995.1,"30,60",2,0.1462192207,0.004995005
ENST00000265428.4,ENSG00000123124.14,WWP1,protein_coding,WWP1-201,protein_coding,ENSP00000265428.4,"30,60",2,0.1462097806,0.0154845155
ENST00000446501.6,ENSG00000185024.17,BRF1,protein_coding,BRF1-206,protein_coding,ENSP00000389859.2,"12,30",2,0.1460628826,0.024975025
ENST00000401642.8,ENSG00000184178.16,SCFD2,protein_coding,SCFD2-202,protein_coding,ENSP00000384182.3,"30,60",2,0.1460497381,0.0204795205
ENST00000084798.9,ENSG00000063180.9,CA11,protein_coding,CA11-201,protein_coding,ENSP00000084798.3,"12,30",2,0.1459078627,0.0014985015
ENST00000394825.6,ENSG00000123358.20,NR4A1,protein_coding,NR4A1-204,protein_coding,ENSP00000378302.1,"30,60",2,0.1455880106,0.003996004
ENST00000542920.1,ENSG00000171840.12,NINJ2,protein_coding,NINJ2-205,protein_coding,ENSP00000438831.1,"12,30",2,0.1455224985,0.028971029
ENST00000466906.1,ENSG00000169855.20,ROBO1,protein_coding,ROBO1-203,processed_transcript,,"12,60",2,0.1453969532,0.0204795205
ENST00000556603.6,ENSG00000100605.17,ITPK1,protein_coding,ITPK1-210,protein_coding,ENSP00000451091.1,"30,60",2,0.1453952782,0.0134865135
ENST00000543039.2,ENSG00000213015.9,ZNF580,protein_coding,ZNF580-202,protein_coding,ENSP00000443957.1,"30,60",2,0.1452595889,0.002997003
ENST00000402064.5,ENSG00000184381.20,PLA2G6,protein_coding,PLA2G6-203,protein_coding,ENSP00000386100.1,"12,30",2,0.145249136,0.018981019
ENST00000557934.5,ENSG00000137869.15,CYP19A1,protein_coding,CYP19A1-211,non_stop_decay,ENSP00000454004.1,"30,60",2,0.1451768771,0.0154845155
ENST00000316308.9,ENSG00000113240.13,CLK4,protein_coding,CLK4-201,protein_coding,ENSP00000316948.4,"12,60",2,0.1451641311,0.0114885115
ENST00000375150.6,ENSG00000204314.12,PRRT1,protein_coding,PRRT1-202,protein_coding,ENSP00000364292.2,"30,60",2,0.1451276461,0.014985015
ENST00000484302.3,ENSG00000108511.10,HOXB6,protein_coding,HOXB6-203,protein_coding,ENSP00000420009.2,"12,60",2,0.1449737927,0.01998002
ENST00000229314.10,ENSG00000111711.10,GOLT1B,protein_coding,GOLT1B-201,protein_coding,ENSP00000229314.4,"12,60",2,0.1449525738,0.0034965035
ENST00000495698.1,ENSG00000183891.6,TTC32,protein_coding,TTC32-204,retained_intron,,"30,60",2,0.1447374803,0.002997003
ENST00000373379.5,ENSG00000094841.14,UPRT,protein_coding,UPRT-202,protein_coding,ENSP00000362477.1,"12,30",2,0.1444039737,0.026973027
ENST00000314520.6,ENSG00000179455.9,MKRN3,protein_coding,MKRN3-201,protein_coding,ENSP00000313881.3,"12,60",2,0.1443922184,0.0114885115
ENST00000530731.5,ENSG00000154144.13,TBRG1,protein_coding,TBRG1-208,nonsense_mediated_decay,ENSP00000436238.1,"12,30",2,0.1443525632,0.0154845155
ENST00000606427.5,ENSG00000124523.16,SIRT5,protein_coding,SIRT5-206,nonsense_mediated_decay,ENSP00000476211.1,"12,30",2,0.1440968546,0.026973027
ENST00000392920.8,ENSG00000196405.13,EVL,protein_coding,EVL-201,protein_coding,ENSP00000376652.3,"30,60",2,0.14403762,0.0184815185
ENST00000563290.6,ENSG00000140386.13,SCAPER,protein_coding,SCAPER-207,protein_coding,ENSP00000454973.1,"30,60",2,0.1437513071,0.0354645355
ENST00000361813.5,ENSG00000198952.8,SMG5,protein_coding,SMG5-201,protein_coding,ENSP00000355261.5,"30,60",2,0.143645799,0.0054945055
ENST00000463144.5,ENSG00000204410.16,MSH5,protein_coding,MSH5-211,nonsense_mediated_decay,ENSP00000419648.1,"30,60",2,0.1435294171,0.0114885115
ENST00000533133.6,ENSG00000042429.12,MED17,protein_coding,MED17-209,nonsense_mediated_decay,ENSP00000433090.2,"12,60",2,0.14349326,0.005994006
ENST00000312962.12,ENSG00000129347.21,KRI1,protein_coding,KRI1-201,protein_coding,ENSP00000320917.9,"12,60",2,0.1434390375,0.0094905095
ENST00000381271.7,ENSG00000087448.11,KLHL42,protein_coding,KLHL42-201,protein_coding,ENSP00000370671.2,"12,30",2,0.1431315744,0.028971029
ENST00000380445.8,ENSG00000215305.10,VPS16,protein_coding,VPS16-202,protein_coding,ENSP00000369810.3,"30,60",2,0.1430564631,0.007992008
ENST00000265732.10,ENSG00000127993.16,RBM48,protein_coding,RBM48-201,protein_coding,ENSP00000265732.5,"12,30",2,0.1429518012,0.0394605395
ENST00000349155.7,ENSG00000135111.16,TBX3,protein_coding,TBX3-202,protein_coding,ENSP00000257567.2,"30,60",2,0.1429092053,0.010989011
ENST00000360957.10,ENSG00000104881.16,PPP1R13L,protein_coding,PPP1R13L-201,protein_coding,ENSP00000354218.4,"12,30",2,0.1428895793,0.0064935065
ENST00000569423.5,ENSG00000140367.12,UBE2Q2,protein_coding,UBE2Q2-208,protein_coding,ENSP00000456324.1,"30,60",2,0.1427191128,0.032967033
ENST00000611650.1,ENSG00000133114.18,GPALPP1,protein_coding,GPALPP1-207,protein_coding,ENSP00000480028.1,"12,60",2,0.1426615432,0.0224775225
ENST00000331272.9,ENSG00000107829.15,FBXW4,protein_coding,FBXW4-201,protein_coding,ENSP00000359149.3,"12,30",2,0.1425921654,0.031968032
ENST00000591087.1,ENSG00000267757.4,EML2-AS1,lncRNA,EML2-AS1-202,lncRNA,,"12,60",2,0.1424043322,0.0094905095
ENST00000550919.5,ENSG00000139624.14,CERS5,protein_coding,CERS5-223,protein_coding,ENSP00000449311.1,"12,30",2,0.1423114569,0.0004995005
ENST00000369889.5,ENSG00000166272.18,WBP1L,protein_coding,WBP1L-202,protein_coding,ENSP00000358905.4,"30,60",2,0.1422786486,0.021978022
ENST00000370360.8,ENSG00000174842.17,GLMN,protein_coding,GLMN-201,protein_coding,ENSP00000359385.3,"30,60",2,0.1422403798,0.0234765235
ENST00000503802.5,ENSG00000172869.14,DMXL1,protein_coding,DMXL1-203,protein_coding,ENSP00000427692.1,"30,60",2,0.1420622879,0.025974026
ENST00000336378.8,ENSG00000172661.19,WASHC2C,protein_coding,WASHC2C-201,protein_coding,ENSP00000337541.5,"12,60",2,0.1420579972,0.0114885115
ENST00000478571.1,ENSG00000157181.16,ODR4,protein_coding,ODR4-205,processed_transcript,,"12,30",2,0.1419591914,0.007992008
ENST00000527535.5,ENSG00000149269.10,PAK1,protein_coding,PAK1-209,nonsense_mediated_decay,ENSP00000437261.1,"12,30",2,0.1419413111,0.025974026
ENST00000523522.5,ENSG00000250571.7,GLI4,protein_coding,GLI4-210,protein_coding,ENSP00000430987.1,"12,30",2,0.1418603406,0.0284715285
ENST00000336430.11,ENSG00000123130.17,ACOT9,protein_coding,ACOT9-201,protein_coding,ENSP00000336580.7,"12,60",2,0.1417769485,0.003996004
ENST00000669977.1,ENSG00000247572.8,CKMT2-AS1,lncRNA,CKMT2-AS1-213,lncRNA,,"12,60",2,0.1416633918,0.03996004
ENST00000649720.1,ENSG00000187498.16,COL4A1,protein_coding,COL4A1-213,retained_intron,,"12,60",2,0.1414637564,0.0044955045
ENST00000298428.14,ENSG00000065665.21,SEC61A2,protein_coding,SEC61A2-201,protein_coding,ENSP00000298428.9,"30,60",2,0.1413623565,0.016983017
ENST00000420781.5,ENSG00000187239.17,FNBP1,protein_coding,FNBP1-202,protein_coding,ENSP00000407548.2,"30,60",2,0.1413062484,0.0264735265
ENST00000517889.5,ENSG00000222019.7,URAHP,transcribed_unprocessed_pseudogene,URAHP-203,processed_transcript,,"12,30",2,0.1411415247,0.0304695305
ENST00000268483.8,ENSG00000140830.9,TXNL4B,protein_coding,TXNL4B-201,protein_coding,ENSP00000268483.3,"12,30",2,0.140986066,0.012987013
ENST00000496630.6,ENSG00000167393.18,PPP2R3B,protein_coding,PPP2R3B-210,retained_intron,,"30,60",2,0.1408534194,0.0234765235
ENST00000357179.10,ENSG00000100038.20,TOP3B,protein_coding,TOP3B-201,protein_coding,ENSP00000349705.5,"30,60",2,0.140734596,0.012987013
ENST00000296543.10,ENSG00000164134.13,NAA15,protein_coding,NAA15-201,protein_coding,ENSP00000296543.4,"12,60",2,0.1407307985,0.007992008
ENST00000518857.5,ENSG00000155097.12,ATP6V1C1,protein_coding,ATP6V1C1-203,protein_coding,ENSP00000428204.1,"30,60",2,0.1407269156,0.0074925075
ENST00000549651.1,ENSG00000257815.7,PRANCR,lncRNA,PRANCR-202,lncRNA,,"12,60",2,0.1407231821,0.0194805195
ENST00000568604.5,ENSG00000166912.17,MTMR10,protein_coding,MTMR10-209,nonsense_mediated_decay,ENSP00000457903.1,"12,60",2,0.1406564162,0.035964036
ENST00000219320.9,ENSG00000103042.9,SLC38A7,protein_coding,SLC38A7-201,protein_coding,ENSP00000219320.3,"12,30",2,0.1405903794,0.0194805195
ENST00000448940.5,ENSG00000143776.18,CDC42BPA,protein_coding,CDC42BPA-209,protein_coding,ENSP00000415388.1,"30,60",2,0.1405567688,0.0294705295
ENST00000648511.1,ENSG00000130844.18,ZNF331,protein_coding,ZNF331-225,protein_coding,ENSP00000497652.1,"30,60",2,0.1405126781,0.038961039
ENST00000448048.6,ENSG00000188234.13,AGAP4,protein_coding,AGAP4-203,protein_coding,ENSP00000392513.2,"12,60",2,0.1403513499,0.0244755245
ENST00000461474.1,ENSG00000116095.11,PLEKHA3,protein_coding,PLEKHA3-204,processed_transcript,,"30,60",2,0.1402931663,0.032967033
ENST00000361671.10,ENSG00000135040.16,NAA35,protein_coding,NAA35-201,protein_coding,ENSP00000354972.5,"30,60",2,0.1402677462,0.0194805195
ENST00000623598.1,ENSG00000236088.10,COX10-AS1,lncRNA,COX10-AS1-207,TEC,,"12,60",2,0.1400439432,0.040959041
ENST00000515586.5,ENSG00000159217.10,IGF2BP1,protein_coding,IGF2BP1-206,processed_transcript,,"30,60",2,0.1399860395,0.027972028
ENST00000464281.5,ENSG00000119862.13,LGALSL,protein_coding,LGALSL-205,protein_coding,ENSP00000475643.1,"30,60",2,0.1399605288,0.0414585415
ENST00000395878.8,ENSG00000103353.16,UBFD1,protein_coding,UBFD1-201,protein_coding,ENSP00000379217.3,"12,60",2,0.1398973241,0.002997003
ENST00000476320.6,ENSG00000186577.14,SMIM29,protein_coding,SMIM29-205,protein_coding,ENSP00000417604.2,"12,60",2,0.1398234521,0.015984016
ENST00000333610.4,ENSG00000183891.6,TTC32,protein_coding,TTC32-201,protein_coding,ENSP00000333018.3,"30,60",2,0.139816371,0.0034965035
ENST00000361138.7,ENSG00000198887.9,SMC5,protein_coding,SMC5-201,protein_coding,ENSP00000354957.5,"12,60",2,0.139501188,0.023976024
ENST00000291839.9,ENSG00000160408.14,ST6GALNAC6,protein_coding,ST6GALNAC6-201,protein_coding,ENSP00000291839.5,"12,60",2,0.1393650696,0.0154845155
ENST00000295324.4,ENSG00000163171.8,CDC42EP3,protein_coding,CDC42EP3-201,protein_coding,ENSP00000295324.3,"12,30",2,0.1393016984,0.0234765235
ENST00000650326.1,ENSG00000245849.8,RAD51-AS1,lncRNA,RAD51-AS1-204,lncRNA,,"30,60",2,0.1392762947,0.022977023
ENST00000671452.1,ENSG00000287737.1,AC132872.5,lncRNA,AC132872.5-206,lncRNA,,"30,60",2,0.1389902045,0.035964036
ENST00000360203.11,ENSG00000258366.9,RTEL1,protein_coding,RTEL1-203,protein_coding,ENSP00000353332.5,"12,60",2,0.1389654369,0.012987013
ENST00000354161.8,ENSG00000146828.18,SLC12A9,protein_coding,SLC12A9-201,protein_coding,ENSP00000275730.4,"30,60",2,0.138763463,0.0154845155
ENST00000399205.5,ENSG00000185917.14,SETD4,protein_coding,SETD4-203,protein_coding,ENSP00000382156.1,"12,30",2,0.1382756818,0.015984016
ENST00000552770.3,ENSG00000198707.17,CEP290,protein_coding,CEP290-206,protein_coding,ENSP00000447527.3,"30,60",2,0.1382632912,0.027972028
ENST00000464301.1,ENSG00000196950.14,SLC39A10,protein_coding,SLC39A10-208,processed_transcript,,"12,30",2,0.1382135068,0.0124875125
ENST00000522176.1,ENSG00000120137.7,PANK3,protein_coding,PANK3-203,protein_coding,ENSP00000428631.1,"12,60",2,0.1381914048,0.0144855145
ENST00000367663.8,ENSG00000135597.19,REPS1,protein_coding,REPS1-202,protein_coding,ENSP00000356635.4,"12,60",2,0.1378861026,0.0174825175
ENST00000585931.5,ENSG00000168675.18,LDLRAD4,protein_coding,LDLRAD4-205,protein_coding,ENSP00000466772.1,"30,60",2,0.1378833399,0.0364635365
ENST00000480277.2,ENSG00000164134.13,NAA15,protein_coding,NAA15-204,processed_transcript,,"12,60",2,0.1377189635,0.0084915085
ENST00000373146.5,ENSG00000160408.14,ST6GALNAC6,protein_coding,ST6GALNAC6-205,protein_coding,ENSP00000362239.1,"12,60",2,0.1373345504,0.015984016
ENST00000399668.7,ENSG00000137812.20,KNL1,protein_coding,KNL1-202,protein_coding,ENSP00000382576.3,"12,60",2,0.1372346131,0.0254745255
ENST00000372542.5,ENSG00000124104.19,SNX21,protein_coding,SNX21-204,protein_coding,ENSP00000361620.1,"30,60",2,0.1371930547,0.032967033
ENST00000503885.1,ENSG00000170522.10,ELOVL6,protein_coding,ELOVL6-203,protein_coding,ENSP00000426086.1,"30,60",2,0.1371715107,0.020979021
ENST00000508973.5,ENSG00000183666.17,GUSBP1,transcribed_unprocessed_pseudogene,GUSBP1-203,processed_transcript,,"12,30",2,0.1367282658,0.0104895105
ENST00000611185.4,ENSG00000145860.12,RNF145,protein_coding,RNF145-212,protein_coding,ENSP00000482720.1,"12,60",2,0.1366592817,0.0044955045
ENST00000542728.5,ENSG00000165714.11,BORCS5,protein_coding,BORCS5-203,protein_coding,ENSP00000443023.1,"30,60",2,0.1365392643,0.0284715285
ENST00000307471.8,ENSG00000169193.12,CCDC126,protein_coding,CCDC126-201,protein_coding,ENSP00000304355.3,"12,60",2,0.1365195335,0.014985015
ENST00000394884.7,ENSG00000094880.11,CDC23,protein_coding,CDC23-201,protein_coding,ENSP00000378348.3,"30,60",2,0.136390812,0.004995005
ENST00000470495.1,ENSG00000120093.11,HOXB3,protein_coding,HOXB3-205,protein_coding,ENSP00000417207.1,"12,60",2,0.1363206477,0.042957043
ENST00000595146.1,ENSG00000171606.18,ZNF274,protein_coding,ZNF274-206,retained_intron,,"30,60",2,0.1362315052,0.00999001
ENST00000263967.4,ENSG00000121879.6,PIK3CA,protein_coding,PIK3CA-201,protein_coding,ENSP00000263967.3,"12,60",2,0.1361747283,0.0444555445
ENST00000393965.8,ENSG00000135637.14,CCDC142,protein_coding,CCDC142-202,protein_coding,ENSP00000377537.3,"30,60",2,0.1359919224,0.02997003
ENST00000231498.8,ENSG00000113569.16,NUP155,protein_coding,NUP155-201,protein_coding,ENSP00000231498.3,"12,60",2,0.1358978371,0.0024975025
ENST00000552637.1,ENSG00000177425.11,PAWR,protein_coding,PAWR-211,protein_coding,ENSP00000449928.1,"30,60",2,0.1358178062,0.006993007
ENST00000660450.1,ENSG00000237523.2,LINC00857,lncRNA,LINC00857-203,lncRNA,,"30,60",2,0.1357993585,0.014985015
ENST00000306801.8,ENSG00000141564.15,RPTOR,protein_coding,RPTOR-201,protein_coding,ENSP00000307272.3,"12,60",2,0.1356385131,0.010989011
ENST00000426216.6,ENSG00000166377.20,ATP9B,protein_coding,ATP9B-202,protein_coding,ENSP00000398076.2,"12,60",2,0.1356319484,0.026973027
ENST00000621345.4,ENSG00000165806.21,CASP7,protein_coding,CASP7-211,protein_coding,ENSP00000480584.1,"12,60",2,0.1356285812,0.0104895105
ENST00000266022.9,ENSG00000004534.15,RBM6,protein_coding,RBM6-201,protein_coding,ENSP00000266022.4,"30,60",2,0.1356020133,0.005994006
ENST00000393405.6,ENSG00000002919.15,SNX11,protein_coding,SNX11-202,protein_coding,ENSP00000377059.2,"30,60",2,0.1355221822,0.0224775225
ENST00000424478.5,ENSG00000185246.18,PRPF39,protein_coding,PRPF39-202,nonsense_mediated_decay,ENSP00000390867.1,"30,60",2,0.1354275307,0.00999001
ENST00000311208.13,ENSG00000128422.17,KRT17,protein_coding,KRT17-201,protein_coding,ENSP00000308452.8,"30,60",2,0.1353914833,0.0044955045
ENST00000481546.1,ENSG00000184787.19,UBE2G2,protein_coding,UBE2G2-206,retained_intron,,"30,60",2,0.1352883337,0.0024975025
ENST00000415611.8,ENSG00000228649.9,SNHG26,lncRNA,SNHG26-201,lncRNA,,"30,60",2,0.1350905447,0.015984016
ENST00000398654.7,ENSG00000078043.16,PIAS2,protein_coding,PIAS2-202,nonsense_mediated_decay,ENSP00000381648.3,"12,30",2,0.1349681673,0.0334665335
ENST00000370558.8,ENSG00000097033.14,SH3GLB1,protein_coding,SH3GLB1-201,protein_coding,ENSP00000473267.1,"12,30",2,0.134943232,0.0194805195
ENST00000438710.5,ENSG00000144362.12,PHOSPHO2,protein_coding,PHOSPHO2-202,protein_coding,ENSP00000411844.1,"12,30",2,0.1349054408,0.044955045
ENST00000317020.10,ENSG00000164542.13,KIAA0895,protein_coding,KIAA0895-202,protein_coding,ENSP00000319251.6,"12,60",2,0.1347889885,0.0174825175
ENST00000370867.8,ENSG00000162623.16,TYW3,protein_coding,TYW3-201,protein_coding,ENSP00000359904.3,"30,60",2,0.1347083394,0.0154845155
ENST00000369044.1,ENSG00000130348.11,QRSL1,protein_coding,QRSL1-201,protein_coding,ENSP00000358040.1,"12,60",2,0.1345724267,0.0334665335
ENST00000372281.8,ENSG00000133678.14,TMEM254,protein_coding,TMEM254-205,protein_coding,ENSP00000361355.3,"12,30",2,0.1345690685,0.017982018
ENST00000611026.1,ENSG00000274333.4,CU633967.1,lncRNA,CU633967.1-213,lncRNA,,"30,60",2,0.1344527281,0.0354645355
ENST00000597451.5,ENSG00000221983.8,UBA52,protein_coding,UBA52-209,protein_coding,ENSP00000473048.1,"12,60",2,0.1343834432,0.0034965035
ENST00000462012.1,ENSG00000198625.13,MDM4,protein_coding,MDM4-208,processed_transcript,,"30,60",2,0.134330173,0.0424575425
ENST00000622488.6,ENSG00000185829.18,ARL17A,protein_coding,ARL17A-206,protein_coding,ENSP00000481578.1,"12,60",2,0.133961226,0.022977023
ENST00000433058.1,ENSG00000234476.3,LINC02765,lncRNA,LINC02765-202,lncRNA,,"12,60",2,0.1338027119,0.0394605395
ENST00000353617.7,ENSG00000164144.16,ARFIP1,protein_coding,ARFIP1-201,protein_coding,ENSP00000296557.4,"12,30",2,0.1336867997,0.013986014
ENST00000324862.7,ENSG00000117360.13,PRPF3,protein_coding,PRPF3-201,protein_coding,ENSP00000315379.6,"12,60",2,0.1336661397,0.0084915085
ENST00000329613.7,ENSG00000182463.16,TSHZ2,protein_coding,TSHZ2-201,protein_coding,ENSP00000333114.5,"30,60",2,0.1336449773,0.016983017
ENST00000223145.10,ENSG00000106415.13,GLCCI1,protein_coding,GLCCI1-201,protein_coding,ENSP00000223145.5,"12,30",2,0.1336147755,0.0284715285
ENST00000578186.2,ENSG00000270882.2,H4C14,protein_coding,H4C14-201,protein_coding,ENSP00000462667.1,"12,60",2,0.1336063318,0.0074925075
ENST00000264221.6,ENSG00000128050.9,PAICS,protein_coding,PAICS-201,protein_coding,ENSP00000264221.2,"30,60",2,0.1335507183,0.0014985015
ENST00000459929.5,ENSG00000116679.16,IVNS1ABP,protein_coding,IVNS1ABP-204,processed_transcript,,"30,60",2,0.1335212695,0.0064935065
ENST00000351429.7,ENSG00000156239.12,N6AMT1,protein_coding,N6AMT1-202,protein_coding,ENSP00000286764.4,"30,60",2,0.133391341,0.0334665335
ENST00000341491.9,ENSG00000162772.17,ATF3,protein_coding,ATF3-202,protein_coding,ENSP00000344352.4,"12,60",2,0.1332875619,0.003996004
ENST00000647855.1,ENSG00000106610.15,STAG3L4,transcribed_unprocessed_pseudogene,STAG3L4-205,processed_transcript,,"30,60",2,0.1332488598,0.0114885115
ENST00000325747.9,ENSG00000103995.14,CEP152,protein_coding,CEP152-201,protein_coding,ENSP00000321000.5,"30,60",2,0.1332437665,0.026973027
ENST00000336783.8,ENSG00000168488.18,ATXN2L,protein_coding,ATXN2L-202,protein_coding,ENSP00000338718.4,"30,60",2,0.1331970392,0.006993007
ENST00000479630.1,ENSG00000135341.18,MAP3K7,protein_coding,MAP3K7-206,processed_transcript,,"12,60",2,0.1331566058,0.0224775225
ENST00000471035.1,ENSG00000023041.11,ZDHHC6,protein_coding,ZDHHC6-203,processed_transcript,,"30,60",2,0.1331406682,0.006993007
ENST00000492646.1,ENSG00000120685.20,PROSER1,protein_coding,PROSER1-206,retained_intron,,"12,60",2,0.1331169365,0.0224775225
ENST00000256658.8,ENSG00000134262.13,AP4B1,protein_coding,AP4B1-201,protein_coding,ENSP00000256658.4,"12,30",2,0.1330293538,0.012987013
ENST00000356392.9,ENSG00000198003.12,CCDC151,protein_coding,CCDC151-201,protein_coding,ENSP00000348757.3,"12,30",2,0.1329392084,0.041958042
ENST00000407008.8,ENSG00000087095.13,NLK,protein_coding,NLK-201,protein_coding,ENSP00000384625.3,"30,60",2,0.1329102273,0.0234765235
ENST00000453195.5,ENSG00000234127.9,TRIM26,protein_coding,TRIM26-267,protein_coding,ENSP00000391879.1,"30,60",2,0.132907118,0.0094905095
ENST00000368896.1,ENSG00000213185.7,FAM24B,protein_coding,FAM24B-201,protein_coding,ENSP00000357892.1,"30,60",2,0.132896851,0.012987013
ENST00000445570.5,ENSG00000135597.19,REPS1,protein_coding,REPS1-207,nonsense_mediated_decay,ENSP00000401729.1,"12,60",2,0.1328948123,0.017982018
ENST00000653003.1,ENSG00000268362.6,AC092279.1,lncRNA,AC092279.1-228,lncRNA,,"12,60",2,0.1328943568,0.037962038
ENST00000352251.8,ENSG00000120685.20,PROSER1,protein_coding,PROSER1-201,protein_coding,ENSP00000332034.4,"12,60",2,0.1327752574,0.0224775225
ENST00000368192.9,ENSG00000117036.12,ETV3,protein_coding,ETV3-202,protein_coding,ENSP00000357175.4,"30,60",2,0.1327190966,0.0474525475
ENST00000502250.5,ENSG00000066427.24,ATXN3,protein_coding,ATXN3-206,protein_coding,ENSP00000425322.1,"30,60",2,0.132707273,0.020979021
ENST00000339255.2,ENSG00000001461.17,NIPAL3,protein_coding,NIPAL3-202,protein_coding,ENSP00000343549.2,"12,30",2,0.1325722502,0.0284715285
ENST00000448841.7,ENSG00000166272.18,WBP1L,protein_coding,WBP1L-203,protein_coding,ENSP00000414721.1,"30,60",2,0.132451023,0.022977023
ENST00000544685.2,ENSG00000250988.7,SNHG21,lncRNA,SNHG21-201,lncRNA,,"30,60",2,0.1324296064,0.0054945055
ENST00000464794.5,ENSG00000198176.13,TFDP1,protein_coding,TFDP1-204,processed_transcript,,"12,30",2,0.1323673944,0.000999001
ENST00000540377.1,ENSG00000188735.13,TMEM120B,protein_coding,TMEM120B-206,protein_coding,ENSP00000446159.1,"12,60",2,0.1323448595,0.0224775225
ENST00000261427.10,ENSG00000078140.14,UBE2K,protein_coding,UBE2K-201,protein_coding,ENSP00000261427.5,"12,30",2,0.1323327202,0.001998002
ENST00000563277.5,ENSG00000128989.11,ARPP19,protein_coding,ARPP19-204,protein_coding,ENSP00000455986.1,"30,60",2,0.1323247135,0.0044955045
ENST00000007969.12,ENSG00000010626.15,LRRC23,protein_coding,LRRC23-201,protein_coding,ENSP00000007969.8,"12,60",2,0.1321702616,0.0374625375
ENST00000424852.1,ENSG00000229891.2,LINC01315,lncRNA,LINC01315-202,lncRNA,,"12,30",2,0.1321430338,0.028971029
ENST00000291688.6,ENSG00000160294.11,MCM3AP,protein_coding,MCM3AP-201,protein_coding,ENSP00000291688.1,"12,30",2,0.1320391651,0.008991009
ENST00000444377.5,ENSG00000160058.19,BSDC1,protein_coding,BSDC1-204,nonsense_mediated_decay,ENSP00000414103.1,"30,60",2,0.1320155922,0.015984016
ENST00000430157.6,ENSG00000221983.8,UBA52,protein_coding,UBA52-201,protein_coding,ENSP00000396910.1,"12,60",2,0.1319375921,0.0034965035
ENST00000314485.12,ENSG00000162729.14,IGSF8,protein_coding,IGSF8-201,protein_coding,ENSP00000316664.7,"12,60",2,0.1319016053,0.0054945055
ENST00000649500.1,ENSG00000131389.17,SLC6A6,protein_coding,SLC6A6-212,nonsense_mediated_decay,ENSP00000497250.1,"12,60",2,0.1318542912,0.0054945055
ENST00000577038.1,ENSG00000108960.9,MMD,protein_coding,MMD-203,processed_transcript,,"12,60",2,0.1317228425,0.0164835165
ENST00000521310.5,ENSG00000189376.12,C8orf76,protein_coding,C8orf76-205,processed_transcript,,"30,60",2,0.1316970928,0.0164835165
ENST00000407877.8,ENSG00000064547.14,LPAR2,protein_coding,LPAR2-201,protein_coding,ENSP00000384665.2,"30,60",2,0.1316735789,0.024975025
ENST00000537368.5,ENSG00000111358.14,GTF2H3,protein_coding,GTF2H3-203,retained_intron,,"12,60",2,0.1315740176,0.004995005
ENST00000618171.4,ENSG00000188234.13,AGAP4,protein_coding,AGAP4-208,protein_coding,ENSP00000478047.1,"12,60",2,0.1315324305,0.0284715285
ENST00000412500.2,ENSG00000228705.2,LINC00659,lncRNA,LINC00659-201,lncRNA,,"12,30",2,0.1315097827,0.0304695305
ENST00000547790.1,ENSG00000136044.12,APPL2,protein_coding,APPL2-206,retained_intron,,"12,60",2,0.131446622,0.021978022
ENST00000545609.2,ENSG00000134297.6,PLEKHA8P1,transcribed_processed_pseudogene,PLEKHA8P1-203,processed_transcript,,"12,60",2,0.1313792534,0.026973027
ENST00000506409.1,ENSG00000118579.13,MED28,protein_coding,MED28-204,retained_intron,,"12,60",2,0.1309470275,0.005994006
ENST00000504131.6,ENSG00000109572.14,CLCN3,protein_coding,CLCN3-204,protein_coding,ENSP00000424540.3,"30,60",2,0.1308286188,0.020979021
ENST00000621287.1,ENSG00000128408.9,RIBC2,protein_coding,RIBC2-203,retained_intron,,"12,60",2,0.130812281,0.038961039
ENST00000341446.9,ENSG00000184992.13,BRI3BP,protein_coding,BRI3BP-201,protein_coding,ENSP00000340761.7,"12,30",2,0.130780068,0.0164835165
ENST00000644593.1,ENSG00000165475.15,CRYL1,protein_coding,CRYL1-209,protein_coding,ENSP00000493784.1,"30,60",2,0.1304469586,0.0324675325
ENST00000377658.8,ENSG00000162413.16,KLHL21,protein_coding,KLHL21-201,protein_coding,ENSP00000366886.4,"30,60",2,0.1304198163,0.011988012
ENST00000482108.1,ENSG00000242265.5,PEG10,protein_coding,PEG10-202,protein_coding,ENSP00000417587.1,"12,30",2,0.1303769671,0.008991009
ENST00000400169.1,ENSG00000154639.19,CXADR,protein_coding,CXADR-205,protein_coding,ENSP00000383033.1,"30,60",2,0.1303333423,0.0244755245
ENST00000599439.2,ENSG00000233937.7,CTC-338M12.4,lncRNA,CTC-338M12.4-205,retained_intron,,"30,60",2,0.1302277907,0.011988012
ENST00000657608.1,ENSG00000228649.9,SNHG26,lncRNA,SNHG26-206,lncRNA,,"30,60",2,0.1300542973,0.017982018
ENST00000643696.1,ENSG00000139719.11,VPS33A,protein_coding,VPS33A-209,protein_coding,ENSP00000494935.1,"12,60",2,0.1300259126,0.0154845155
ENST00000597188.6,ENSG00000142303.14,ADAMTS10,protein_coding,ADAMTS10-211,protein_coding,ENSP00000471851.1,"12,60",2,0.1298123127,0.008991009
ENST00000393590.2,ENSG00000171631.15,P2RY6,protein_coding,P2RY6-202,protein_coding,ENSP00000377215.2,"12,60",2,0.1296866642,0.0064935065
ENST00000660087.1,ENSG00000225470.8,JPX,lncRNA,JPX-242,lncRNA,,"12,30",2,0.129678292,0.0064935065
ENST00000633719.1,ENSG00000282458.1,WASH5P,transcribed_processed_pseudogene,WASH5P-208,retained_intron,,"12,60",2,0.1294942314,0.0244755245
ENST00000654148.1,ENSG00000233901.6,LINC01503,lncRNA,LINC01503-205,lncRNA,,"12,30",2,0.1294571246,0.025974026
ENST00000515277.5,ENSG00000170464.10,DNAJC18,protein_coding,DNAJC18-210,protein_coding,ENSP00000425523.1,"30,60",2,0.1293377424,0.0104895105
ENST00000186436.10,ENSG00000075568.17,TMEM131,protein_coding,TMEM131-201,protein_coding,ENSP00000186436.5,"30,60",2,0.1292889331,0.024975025
ENST00000369115.3,ENSG00000143401.15,ANP32E,protein_coding,ANP32E-202,protein_coding,ENSP00000358111.2,"12,60",2,0.1292613271,0.001998002
ENST00000495038.5,ENSG00000105948.13,TTC26,protein_coding,TTC26-210,protein_coding,ENSP00000418788.1,"12,30",2,0.1292118857,0.040959041
ENST00000572192.1,ENSG00000108509.21,CAMTA2,protein_coding,CAMTA2-206,retained_intron,,"30,60",2,0.1289900188,0.013986014
ENST00000622317.5,ENSG00000151131.11,C12orf45,protein_coding,C12orf45-205,protein_coding,ENSP00000477543.2,"12,30",2,0.1288544959,0.0144855145
ENST00000574676.1,ENSG00000101574.15,METTL4,protein_coding,METTL4-204,protein_coding,ENSP00000461097.1,"12,60",2,0.1288278615,0.0384615385
ENST00000366401.8,ENSG00000132359.15,RAP1GAP2,protein_coding,RAP1GAP2-202,protein_coding,ENSP00000389824.2,"12,30",2,0.1287045789,0.025974026
ENST00000324907.14,ENSG00000134317.18,GRHL1,protein_coding,GRHL1-201,protein_coding,ENSP00000324693.9,"30,60",2,0.128584794,0.036963037
ENST00000411938.1,ENSG00000128534.8,LSM8,protein_coding,LSM8-202,protein_coding,ENSP00000408267.1,"12,30",2,0.128466824,0.0054945055
ENST00000473868.5,ENSG00000162627.17,SNX7,protein_coding,SNX7-203,processed_transcript,,"12,60",2,0.1283279341,0.042957043
ENST00000585828.5,ENSG00000033627.17,ATP6V0A1,protein_coding,ATP6V0A1-207,retained_intron,,"30,60",2,0.1282935368,0.0134865135
ENST00000561781.1,ENSG00000197562.10,RAB40C,protein_coding,RAB40C-206,retained_intron,,"12,60",2,0.1282687193,0.035964036
ENST00000641990.1,ENSG00000262454.4,MIR193BHG,lncRNA,MIR193BHG-216,lncRNA,,"30,60",2,0.1281950086,0.0464535465
ENST00000515321.5,ENSG00000164253.14,WDR41,protein_coding,WDR41-228,processed_transcript,,"12,60",2,0.1280582674,0.0064935065
ENST00000380639.10,ENSG00000049883.15,PTCD2,protein_coding,PTCD2-202,protein_coding,ENSP00000370013.4,"12,30",2,0.128035172,0.0324675325
ENST00000375820.10,ENSG00000187498.16,COL4A1,protein_coding,COL4A1-201,protein_coding,ENSP00000364979.4,"12,60",2,0.1280246163,0.0074925075
ENST00000419445.6,ENSG00000164219.10,PGGT1B,protein_coding,PGGT1B-203,protein_coding,ENSP00000404676.1,"12,60",2,0.1279865713,0.0284715285
ENST00000547302.3,ENSG00000161939.19,RNASEK-C17orf49,protein_coding,RNASEK-C17orf49-201,protein_coding,ENSP00000450085.1,"12,60",2,0.1279517002,0.0294705295
ENST00000335263.9,ENSG00000140153.18,WDR20,protein_coding,WDR20-203,protein_coding,ENSP00000335434.5,"30,60",2,0.1278205671,0.0234765235
ENST00000602290.2,ENSG00000231074.9,HCG18,lncRNA,HCG18-241,lncRNA,,"12,30",2,0.1277811457,0.013986014
ENST00000261438.10,ENSG00000109787.13,KLF3,protein_coding,KLF3-201,protein_coding,ENSP00000261438.5,"30,60",2,0.1276036518,0.040959041
ENST00000514033.1,ENSG00000109787.13,KLF3,protein_coding,KLF3-203,protein_coding,ENSP00000421252.1,"30,60",2,0.1276036518,0.040959041
ENST00000370441.8,ENSG00000010404.18,IDS,protein_coding,IDS-202,protein_coding,ENSP00000359470.4,"12,60",2,0.1274426629,0.0114885115
ENST00000676281.1,ENSG00000181222.18,POLR2A,protein_coding,POLR2A-211,protein_coding,ENSP00000502655.1,"12,60",2,0.1273214304,0.0034965035
ENST00000474018.1,ENSG00000184465.16,WDR27,protein_coding,WDR27-205,protein_coding,ENSP00000449696.1,"30,60",2,0.1271069873,0.017982018
ENST00000527921.1,ENSG00000171316.12,CHD7,protein_coding,CHD7-207,processed_transcript,,"12,60",2,0.1270672054,0.0324675325
ENST00000607564.1,ENSG00000161939.19,RNASEK-C17orf49,protein_coding,RNASEK-C17orf49-204,retained_intron,,"12,60",2,0.1270632772,0.028971029
ENST00000252595.12,ENSG00000130304.17,SLC27A1,protein_coding,SLC27A1-201,protein_coding,ENSP00000252595.6,"30,60",2,0.1270411866,0.030969031
ENST00000313143.9,ENSG00000161202.20,DVL3,protein_coding,DVL3-201,protein_coding,ENSP00000316054.3,"12,30",2,0.1270363207,0.015984016
ENST00000436233.9,ENSG00000129657.16,SEC14L1,protein_coding,SEC14L1-204,protein_coding,ENSP00000390392.3,"12,60",2,0.1270208401,0.014985015
ENST00000294623.8,ENSG00000162613.17,FUBP1,protein_coding,FUBP1-201,nonsense_mediated_decay,ENSP00000294623.4,"12,30",2,0.1270105118,0.0024975025
ENST00000564250.1,ENSG00000155330.10,C16orf87,protein_coding,C16orf87-203,processed_transcript,,"12,30",2,0.1268743268,0.034965035
ENST00000471696.6,ENSG00000198843.13,SELENOT,protein_coding,SELENOT-202,protein_coding,ENSP00000418910.1,"12,30",2,0.1268400563,0.0054945055
ENST00000432735.5,ENSG00000215424.10,MCM3AP-AS1,lncRNA,MCM3AP-AS1-204,lncRNA,,"12,30",2,0.1268399125,0.0384615385
ENST00000378727.8,ENSG00000138050.15,THUMPD2,protein_coding,THUMPD2-201,nonsense_mediated_decay,ENSP00000368001.4,"12,30",2,0.1267930859,0.01998002
ENST00000403094.3,ENSG00000118246.14,FASTKD2,protein_coding,FASTKD2-203,protein_coding,ENSP00000384929.3,"30,60",2,0.1267251182,0.015984016
ENST00000256190.12,ENSG00000133812.16,SBF2,protein_coding,SBF2-201,protein_coding,ENSP00000256190.8,"30,60",2,0.1266197805,0.0284715285
ENST00000463227.5,ENSG00000158796.17,DEDD,protein_coding,DEDD-204,processed_transcript,,"30,60",2,0.126584977,0.0124875125
ENST00000588062.5,ENSG00000007255.10,TRAPPC6A,protein_coding,TRAPPC6A-204,protein_coding,ENSP00000468363.1,"30,60",2,0.126468675,0.011988012
ENST00000619420.4,ENSG00000086300.16,SNX10,protein_coding,SNX10-209,protein_coding,ENSP00000478710.1,"12,30",2,0.1264269675,0.0324675325
ENST00000262848.6,ENSG00000183943.6,PRKX,protein_coding,PRKX-201,protein_coding,ENSP00000262848.5,"12,30",2,0.126399828,0.0264735265
ENST00000496648.1,ENSG00000183943.6,PRKX,protein_coding,PRKX-204,processed_transcript,,"12,30",2,0.126399828,0.0264735265
ENST00000359238.7,ENSG00000002919.15,SNX11,protein_coding,SNX11-201,protein_coding,ENSP00000352175.2,"30,60",2,0.1263233195,0.027972028
ENST00000671775.2,ENSG00000184992.13,BRI3BP,protein_coding,BRI3BP-202,protein_coding,ENSP00000500775.2,"12,30",2,0.126281101,0.015984016
ENST00000372625.8,ENSG00000172465.14,TCEAL1,protein_coding,TCEAL1-202,protein_coding,ENSP00000361708.3,"12,60",2,0.1262066028,0.0154845155
ENST00000547327.2,ENSG00000129521.15,EGLN3,protein_coding,EGLN3-205,protein_coding,ENSP00000446572.2,"30,60",2,0.1261255105,0.027972028
ENST00000367435.5,ENSG00000134371.14,CDC73,protein_coding,CDC73-201,protein_coding,ENSP00000356405.4,"12,30",2,0.125997952,0.0154845155
ENST00000331710.10,ENSG00000183735.10,TBK1,protein_coding,TBK1-201,protein_coding,ENSP00000329967.5,"12,60",2,0.125955429,0.017982018
ENST00000554785.1,ENSG00000185246.18,PRPF39,protein_coding,PRPF39-208,retained_intron,,"30,60",2,0.125931119,0.011988012
ENST00000344079.9,ENSG00000148814.18,LRRC27,protein_coding,LRRC27-201,protein_coding,ENSP00000342641.5,"12,30",2,0.1258836786,0.043956044
ENST00000343213.2,ENSG00000105971.15,CAV2,protein_coding,CAV2-202,protein_coding,ENSP00000345679.2,"12,60",2,0.1257922904,0.0114885115
ENST00000553409.5,ENSG00000119720.18,NRDE2,protein_coding,NRDE2-202,nonsense_mediated_decay,ENSP00000451025.1,"12,60",2,0.1255278505,0.0344655345
ENST00000638077.1,ENSG00000243989.9,ACY1,protein_coding,ACY1-227,retained_intron,,"12,60",2,0.1255178473,0.006993007
ENST00000262134.10,ENSG00000087253.13,LPCAT2,protein_coding,LPCAT2-201,protein_coding,ENSP00000262134.5,"12,30",2,0.1254974419,0.021978022
ENST00000520764.1,ENSG00000120314.18,WDR55,protein_coding,WDR55-205,processed_transcript,,"12,60",2,0.1254040883,0.010989011
ENST00000267229.11,ENSG00000139746.16,RBM26,protein_coding,RBM26-201,protein_coding,ENSP00000267229.7,"12,60",2,0.1253890107,0.0124875125
ENST00000302586.8,ENSG00000171097.14,KYAT1,protein_coding,KYAT1-201,protein_coding,ENSP00000302227.3,"12,30",2,0.1252946823,0.011988012
ENST00000335539.7,ENSG00000184381.20,PLA2G6,protein_coding,PLA2G6-202,protein_coding,ENSP00000335149.3,"12,30",2,0.1252464642,0.0254745255
ENST00000368633.2,ENSG00000160741.17,CRTC2,protein_coding,CRTC2-203,protein_coding,ENSP00000357622.1,"30,60",2,0.1252227669,0.0114885115
ENST00000614167.2,ENSG00000128408.9,RIBC2,protein_coding,RIBC2-202,protein_coding,ENSP00000483356.1,"12,60",2,0.125199236,0.0404595405
ENST00000379068.8,ENSG00000101868.12,POLA1,protein_coding,POLA1-202,protein_coding,ENSP00000368358.3,"12,30",2,0.1250612536,0.0134865135
ENST00000420808.2,ENSG00000010322.16,NISCH,protein_coding,NISCH-202,protein_coding,ENSP00000392484.2,"30,60",2,0.1249732736,0.00999001
ENST00000592512.1,ENSG00000095066.11,HOOK2,protein_coding,HOOK2-222,retained_intron,,"12,60",2,0.1249215177,0.047952048
ENST00000442628.7,ENSG00000185189.18,NRBP2,protein_coding,NRBP2-202,protein_coding,ENSP00000414055.2,"30,60",2,0.1248034464,0.032967033
ENST00000311085.8,ENSG00000172869.14,DMXL1,protein_coding,DMXL1-201,protein_coding,ENSP00000309690.8,"12,60",2,0.1247923421,0.033966034
ENST00000268150.13,ENSG00000140545.15,MFGE8,protein_coding,MFGE8-201,protein_coding,ENSP00000268150.8,"12,60",2,0.1246982087,0.0184815185
ENST00000263063.9,ENSG00000107951.15,MTPAP,protein_coding,MTPAP-201,protein_coding,ENSP00000263063.3,"30,60",2,0.1246673619,0.022977023
ENST00000409586.7,ENSG00000241852.10,C8orf58,protein_coding,C8orf58-202,protein_coding,ENSP00000386265.3,"12,30",2,0.12454847,0.0294705295
ENST00000485407.1,ENSG00000188811.14,NHLRC3,protein_coding,NHLRC3-205,retained_intron,,"30,60",2,0.1245358124,0.026973027
ENST00000312561.9,ENSG00000174718.12,RESF1,protein_coding,RESF1-201,protein_coding,ENSP00000310338.4,"12,30",2,0.1243777732,0.047952048
ENST00000504763.1,ENSG00000164291.17,ARSK,protein_coding,ARSK-202,protein_coding,ENSP00000422126.1,"12,60",2,0.1243192857,0.027972028
ENST00000342679.9,ENSG00000034152.19,MAP2K3,protein_coding,MAP2K3-202,protein_coding,ENSP00000345083.4,"30,60",2,0.1242876502,0.0194805195
ENST00000256001.13,ENSG00000133627.18,ACTR3B,protein_coding,ACTR3B-201,protein_coding,ENSP00000256001.8,"30,60",2,0.1242827315,0.013986014
ENST00000357244.7,ENSG00000056586.16,RC3H2,protein_coding,RC3H2-202,protein_coding,ENSP00000349783.2,"12,30",2,0.1242080851,0.0124875125
ENST00000478278.1,ENSG00000068885.15,IFT80,protein_coding,IFT80-214,retained_intron,,"12,60",2,0.1241917675,0.0204795205
ENST00000262506.8,ENSG00000070770.9,CSNK2A2,protein_coding,CSNK2A2-201,protein_coding,ENSP00000262506.3,"30,60",2,0.1241063263,0.0084915085
ENST00000366835.8,ENSG00000196187.12,TMEM63A,protein_coding,TMEM63A-201,protein_coding,ENSP00000355800.3,"30,60",2,0.1240984419,0.0124875125
ENST00000523174.1,ENSG00000183137.14,CEP57L1,protein_coding,CEP57L1-221,protein_coding,ENSP00000428682.1,"12,60",2,0.1240832942,0.0324675325
ENST00000557179.5,ENSG00000013523.11,ANGEL1,protein_coding,ANGEL1-205,protein_coding,ENSP00000451534.1,"30,60",2,0.1239510248,0.0384615385
ENST00000556200.1,ENSG00000258725.2,PRC1-AS1,lncRNA,PRC1-AS1-202,lncRNA,,"30,60",2,0.1238141541,0.0114885115
ENST00000554598.5,ENSG00000070367.16,EXOC5,protein_coding,EXOC5-204,retained_intron,,"30,60",2,0.1237884197,0.0134865135
ENST00000518856.1,ENSG00000164620.9,RELL2,protein_coding,RELL2-205,protein_coding,ENSP00000427992.1,"12,60",2,0.1237221942,0.017982018
ENST00000495523.1,ENSG00000116138.13,DNAJC16,protein_coding,DNAJC16-209,processed_transcript,,"30,60",2,0.1236447427,0.0404595405
ENST00000302759.11,ENSG00000169679.15,BUB1,protein_coding,BUB1-201,protein_coding,ENSP00000302530.6,"12,30",2,0.123544126,0.0094905095
ENST00000371882.5,ENSG00000003096.14,KLHL13,protein_coding,KLHL13-204,protein_coding,ENSP00000360949.1,"30,60",2,0.1235260216,0.0374625375
ENST00000440944.6,ENSG00000160360.13,GPSM1,protein_coding,GPSM1-205,protein_coding,ENSP00000392828.1,"30,60",2,0.1234339699,0.0154845155
ENST00000617539.1,ENSG00000049759.19,NEDD4L,protein_coding,NEDD4L-237,protein_coding,ENSP00000479462.1,"12,30",2,0.1234064087,0.0234765235
ENST00000531253.5,ENSG00000196535.16,MYO18A,protein_coding,MYO18A-209,protein_coding,ENSP00000434228.1,"12,30",2,0.1232737223,0.0264735265
ENST00000506882.5,ENSG00000145241.11,CENPC,protein_coding,CENPC-203,nonsense_mediated_decay,ENSP00000426078.1,"12,60",2,0.1232188893,0.0364635365
ENST00000626257.2,ENSG00000146574.15,CCZ1B,protein_coding,CCZ1B-215,protein_coding,ENSP00000487253.1,"30,60",2,0.1230527356,0.0084915085
ENST00000222747.8,ENSG00000106025.9,TSPAN12,protein_coding,TSPAN12-201,protein_coding,ENSP00000222747.3,"12,30",2,0.123014839,0.0184815185
ENST00000517439.1,ENSG00000175606.11,TMEM70,protein_coding,TMEM70-203,protein_coding,ENSP00000429467.1,"12,60",2,0.1228498547,0.006993007
ENST00000611875.5,ENSG00000103148.17,NPRL3,protein_coding,NPRL3-211,protein_coding,ENSP00000478273.1,"12,30",2,0.122734232,0.0034965035
ENST00000586299.1,ENSG00000108669.16,CYTH1,protein_coding,CYTH1-206,retained_intron,,"12,30",2,0.1225372767,0.003996004
ENST00000313367.7,ENSG00000070882.13,OSBPL3,protein_coding,OSBPL3-201,protein_coding,ENSP00000315410.2,"12,30",2,0.1225103861,0.0164835165
ENST00000375370.10,ENSG00000198176.13,TFDP1,protein_coding,TFDP1-201,protein_coding,ENSP00000364519.4,"12,30",2,0.1224743821,0.000999001
ENST00000263578.10,ENSG00000110074.11,FOXRED1,protein_coding,FOXRED1-201,protein_coding,ENSP00000263578.5,"12,30",2,0.1223662079,0.003996004
ENST00000423008.2,ENSG00000229043.3,AC091729.3,lncRNA,AC091729.3-201,lncRNA,,"30,60",2,0.1222531079,0.030969031
ENST00000575898.5,ENSG00000167840.13,ZNF232,protein_coding,ZNF232-208,protein_coding,ENSP00000461305.1,"30,60",2,0.1220692514,0.0364635365
ENST00000507118.5,ENSG00000113658.18,SMAD5,protein_coding,SMAD5-202,protein_coding,ENSP00000425749.1,"30,60",2,0.1220272428,0.0174825175
ENST00000276602.10,ENSG00000147601.14,TERF1,protein_coding,TERF1-201,protein_coding,ENSP00000276602.6,"12,60",2,0.1220153785,0.0154845155
ENST00000674200.1,ENSG00000108963.18,DPH1,protein_coding,DPH1-218,protein_coding,ENSP00000501368.1,"12,30",2,0.1220094822,0.0144855145
ENST00000451320.6,ENSG00000164144.16,ARFIP1,protein_coding,ARFIP1-205,protein_coding,ENSP00000395083.2,"12,30",2,0.1219905738,0.0134865135
ENST00000451940.6,ENSG00000223482.8,NUTM2A-AS1,lncRNA,NUTM2A-AS1-210,lncRNA,,"12,60",2,0.1218985744,0.010989011
ENST00000566742.5,ENSG00000206053.13,JPT2,protein_coding,JPT2-209,protein_coding,ENSP00000454567.1,"30,60",2,0.121842393,0.0034965035
ENST00000460006.6,ENSG00000101290.14,CDS2,protein_coding,CDS2-203,protein_coding,ENSP00000419879.1,"12,30",2,0.1214355746,0.0224775225
ENST00000494435.5,ENSG00000160305.18,DIP2A,protein_coding,DIP2A-212,retained_intron,,"30,60",2,0.1214215023,0.02997003
ENST00000612191.4,ENSG00000140299.13,BNIP2,protein_coding,BNIP2-213,protein_coding,ENSP00000479818.1,"30,60",2,0.1213810809,0.004995005
ENST00000562124.5,ENSG00000075131.10,TIPIN,protein_coding,TIPIN-203,protein_coding,ENSP00000457406.1,"12,60",2,0.1213036367,0.00999001
ENST00000526869.1,ENSG00000166002.7,SMCO4,protein_coding,SMCO4-203,protein_coding,ENSP00000435827.1,"12,30",2,0.1210076794,0.0174825175
ENST00000379059.7,ENSG00000101868.12,POLA1,protein_coding,POLA1-201,protein_coding,ENSP00000368349.3,"12,30",2,0.1208949734,0.0164835165
ENST00000594468.1,ENSG00000083838.16,ZNF446,protein_coding,ZNF446-204,retained_intron,,"12,30",2,0.1208905952,0.0444555445
ENST00000490303.5,ENSG00000058063.16,ATP11B,protein_coding,ATP11B-207,retained_intron,,"12,60",2,0.1208013683,0.0284715285
ENST00000594051.6,ENSG00000119574.13,ZBTB45,protein_coding,ZBTB45-202,protein_coding,ENSP00000469089.1,"12,30",2,0.1206711361,0.0224775225
ENST00000495806.1,ENSG00000029639.11,TFB1M,protein_coding,TFB1M-209,processed_transcript,,"12,60",2,0.1206578668,0.0274725275
ENST00000491268.2,ENSG00000155906.19,RMND1,protein_coding,RMND1-203,protein_coding,ENSP00000494948.1,"12,60",2,0.1206447787,0.0204795205
ENST00000556141.1,ENSG00000213903.9,LTB4R,protein_coding,LTB4R-205,protein_coding,ENSP00000451929.1,"30,60",2,0.120579255,0.028971029
ENST00000479918.5,ENSG00000117500.13,TMED5,protein_coding,TMED5-204,protein_coding,ENSP00000418992.1,"30,60",2,0.1205669421,0.010989011
ENST00000299638.8,ENSG00000255529.9,POLR2M,protein_coding,POLR2M-201,protein_coding,ENSP00000299638.3,"12,30",2,0.1205213861,0.003996004
ENST00000490317.1,ENSG00000134897.14,BIVM,protein_coding,BIVM-205,retained_intron,,"30,60",2,0.1205132106,0.026973027
ENST00000418581.6,ENSG00000058600.16,POLR3E,protein_coding,POLR3E-203,protein_coding,ENSP00000399254.2,"30,60",2,0.1202111806,0.00999001
ENST00000482155.1,ENSG00000213533.13,STIMATE,protein_coding,STIMATE-205,protein_coding,ENSP00000418967.1,"30,60",2,0.1201218134,0.0304695305
ENST00000233630.11,ENSG00000115289.14,PCGF1,protein_coding,PCGF1-201,protein_coding,ENSP00000233630.6,"30,60",2,0.1201094663,0.008991009
ENST00000284073.7,ENSG00000153944.12,MSI2,protein_coding,MSI2-201,protein_coding,ENSP00000284073.2,"12,60",2,0.1200233971,0.0044955045
ENST00000404789.8,ENSG00000155100.11,OTUD6B,protein_coding,OTUD6B-202,protein_coding,ENSP00000384190.4,"12,60",2,0.1200174213,0.025974026
ENST00000284274.5,ENSG00000154124.5,OTULIN,protein_coding,OTULIN-201,protein_coding,ENSP00000284274.4,"12,30",2,0.119882175,0.011988012
ENST00000486925.1,ENSG00000006634.8,DBF4,protein_coding,DBF4-205,retained_intron,,"12,60",2,0.1198234915,0.015984016
ENST00000396870.8,ENSG00000010539.12,ZNF200,protein_coding,ZNF200-202,protein_coding,ENSP00000380079.4,"12,60",2,0.1193719653,0.0344655345
ENST00000556937.5,ENSG00000100479.13,POLE2,protein_coding,POLE2-211,processed_transcript,,"30,60",2,0.1192560419,0.0134865135
ENST00000315691.8,ENSG00000181744.9,DIPK2A,protein_coding,DIPK2A-201,protein_coding,ENSP00000320081.4,"12,30",2,0.1190719346,0.045954046
ENST00000354393.6,ENSG00000138347.16,MYPN,protein_coding,MYPN-201,protein_coding,ENSP00000346369.2,"12,60",2,0.1190204567,0.0134865135
ENST00000465242.5,ENSG00000115350.12,POLE4,protein_coding,POLE4-203,processed_transcript,,"12,30",2,0.1190124483,0.0034965035
ENST00000005082.13,ENSG00000005801.18,ZNF195,protein_coding,ZNF195-201,protein_coding,ENSP00000005082.9,"12,60",2,0.1186655662,0.022977023
ENST00000316804.10,ENSG00000177885.15,GRB2,protein_coding,GRB2-202,protein_coding,ENSP00000339007.4,"30,60",2,0.1185979785,0.007992008
ENST00000496713.1,ENSG00000113966.10,ARL6,protein_coding,ARL6-208,processed_transcript,,"12,60",2,0.1183467019,0.037962038
ENST00000284551.11,ENSG00000154370.16,TRIM11,protein_coding,TRIM11-201,protein_coding,ENSP00000284551.6,"30,60",2,0.1183050364,0.0114885115
ENST00000556394.1,ENSG00000009830.12,POMT2,protein_coding,POMT2-215,protein_coding,ENSP00000451967.1,"30,60",2,0.11827264,0.011988012
ENST00000411772.5,ENSG00000067369.14,TP53BP1,protein_coding,TP53BP1-204,nonsense_mediated_decay,ENSP00000413010.1,"12,60",2,0.1182045238,0.011988012
ENST00000307149.10,ENSG00000168434.13,COG7,protein_coding,COG7-201,protein_coding,ENSP00000305442.5,"30,60",2,0.1181778313,0.0374625375
ENST00000260056.6,ENSG00000137502.10,RAB30,protein_coding,RAB30-201,protein_coding,ENSP00000260056.2,"12,60",2,0.1181093371,0.026973027
ENST00000651718.1,ENSG00000083828.16,ZNF586,protein_coding,ZNF586-207,nonsense_mediated_decay,ENSP00000498256.1,"12,30",2,0.1180684039,0.0344655345
ENST00000264601.8,ENSG00000124839.13,RAB17,protein_coding,RAB17-201,protein_coding,ENSP00000264601.3,"12,60",2,0.1180429868,0.0194805195
ENST00000295030.6,ENSG00000162928.9,PEX13,protein_coding,PEX13-201,protein_coding,ENSP00000295030.4,"30,60",2,0.1180310552,0.017982018
ENST00000526635.2,ENSG00000245849.8,RAD51-AS1,lncRNA,RAD51-AS1-202,lncRNA,,"30,60",2,0.1180253,0.024975025
ENST00000622815.1,ENSG00000225210.10,DUXAP9,transcribed_processed_pseudogene,DUXAP9-208,transcribed_processed_pseudogene,,"12,60",2,0.1179783849,0.025974026
ENST00000451672.2,ENSG00000235453.10,SMIM27,protein_coding,SMIM27-203,protein_coding,ENSP00000414891.2,"12,60",2,0.117917149,0.0194805195
ENST00000457145.6,ENSG00000177189.14,RPS6KA3,protein_coding,RPS6KA3-203,protein_coding,ENSP00000407655.2,"12,30",2,0.1178866575,0.017982018
ENST00000574876.5,ENSG00000141456.16,PELP1,protein_coding,PELP1-212,protein_coding,ENSP00000461625.1,"12,60",2,0.1178285843,0.0094905095
ENST00000372479.7,ENSG00000089682.16,RBM41,protein_coding,RBM41-201,protein_coding,ENSP00000361557.3,"12,30",2,0.1176792749,0.0404595405
ENST00000337273.9,ENSG00000083312.17,TNPO1,protein_coding,TNPO1-201,protein_coding,ENSP00000336712.5,"12,30",2,0.1175233877,0.008991009
ENST00000647176.1,ENSG00000196312.15,MFSD14C,transcribed_unprocessed_pseudogene,MFSD14C-208,processed_transcript,,"12,60",2,0.1174118043,0.033966034
ENST00000395609.5,ENSG00000196502.11,SULT1A1,protein_coding,SULT1A1-204,protein_coding,ENSP00000378972.1,"12,60",2,0.1173413022,0.008991009
ENST00000588683.1,ENSG00000131941.8,RHPN2,protein_coding,RHPN2-205,processed_transcript,,"30,60",2,0.117026342,0.025974026
ENST00000465750.5,ENSG00000243649.9,CFB,protein_coding,CFB-275,retained_intron,,"12,30",2,0.1170023815,0.0204795205
ENST00000587764.5,ENSG00000134444.15,RELCH,protein_coding,RELCH-207,processed_transcript,,"12,60",2,0.1169323273,0.041958042
ENST00000469809.5,ENSG00000163608.15,NEPRO,protein_coding,NEPRO-208,nonsense_mediated_decay,ENSP00000420577.1,"12,60",2,0.1166929105,0.0094905095
ENST00000467026.5,ENSG00000160294.11,MCM3AP,protein_coding,MCM3AP-204,processed_transcript,,"12,60",2,0.1164692385,0.0114885115
ENST00000663593.1,ENSG00000268621.6,IGFL2-AS1,lncRNA,IGFL2-AS1-207,lncRNA,,"12,60",2,0.1164325153,0.012987013
ENST00000605286.5,ENSG00000196422.11,PPP1R26,protein_coding,PPP1R26-205,protein_coding,ENSP00000474807.1,"30,60",2,0.1163850164,0.024975025
ENST00000370128.9,ENSG00000137996.13,RTCA,protein_coding,RTCA-203,protein_coding,ENSP00000359146.4,"12,60",2,0.1163520128,0.043956044
ENST00000215730.12,ENSG00000099940.12,SNAP29,protein_coding,SNAP29-201,protein_coding,ENSP00000215730.6,"12,60",2,0.1162391566,0.0174825175
ENST00000593703.1,ENSG00000196214.11,ZNF766,protein_coding,ZNF766-203,protein_coding,ENSP00000469186.1,"12,30",2,0.1162325023,0.048951049
ENST00000505447.5,ENSG00000196526.10,AFAP1,protein_coding,AFAP1-205,retained_intron,,"30,60",2,0.1159049354,0.0164835165
ENST00000392456.4,ENSG00000152492.15,CCDC50,protein_coding,CCDC50-202,protein_coding,ENSP00000376250.4,"12,30",2,0.1158894988,0.0184815185
ENST00000647465.1,ENSG00000198860.13,TSEN15,protein_coding,TSEN15-220,protein_coding,ENSP00000495344.1,"12,60",2,0.1157013935,0.011988012
ENST00000443786.2,ENSG00000214367.8,HAUS3,protein_coding,HAUS3-202,protein_coding,ENSP00000392903.2,"30,60",2,0.1156302264,0.020979021
ENST00000480736.1,ENSG00000134317.18,GRHL1,protein_coding,GRHL1-206,protein_coding,ENSP00000419831.1,"30,60",2,0.1154552526,0.0374625375
ENST00000389386.8,ENSG00000075399.14,VPS9D1,protein_coding,VPS9D1-201,protein_coding,ENSP00000374037.3,"30,60",2,0.1148605015,0.0264735265
ENST00000225577.9,ENSG00000108443.14,RPS6KB1,protein_coding,RPS6KB1-201,protein_coding,ENSP00000225577.4,"12,60",2,0.1146143133,0.02997003
ENST00000528916.1,ENSG00000197702.14,PARVA,protein_coding,PARVA-203,protein_coding,ENSP00000435860.1,"12,60",2,0.1145456955,0.0184815185
ENST00000534221.1,ENSG00000178105.11,DDX10,protein_coding,DDX10-206,processed_transcript,,"12,30",2,0.1142987533,0.01998002
ENST00000530712.5,ENSG00000166483.11,WEE1,protein_coding,WEE1-207,protein_coding,ENSP00000434148.1,"12,30",2,0.1142493766,0.0144855145
ENST00000378357.9,ENSG00000107159.13,CA9,protein_coding,CA9-201,protein_coding,ENSP00000367608.4,"12,30",2,0.1141659023,0.036963037
ENST00000476199.1,ENSG00000162869.16,PPP1R21,protein_coding,PPP1R21-209,processed_transcript,,"12,60",2,0.1140557892,0.0394605395
ENST00000314250.11,ENSG00000111077.18,TNS2,protein_coding,TNS2-201,protein_coding,ENSP00000319684.7,"30,60",2,0.1138302978,0.020979021
ENST00000449987.6,ENSG00000139746.16,RBM26,protein_coding,RBM26-204,protein_coding,ENSP00000401474.2,"12,60",2,0.1137523056,0.0224775225
ENST00000401507.7,ENSG00000068796.19,KIF2A,protein_coding,KIF2A-202,protein_coding,ENSP00000385622.3,"12,60",2,0.1136450964,0.0214785215
ENST00000371335.4,ENSG00000005893.16,LAMP2,protein_coding,LAMP2-202,protein_coding,ENSP00000360386.4,"12,30",2,0.1136026526,0.014985015
ENST00000436616.3,ENSG00000223960.7,CHROMR,lncRNA,CHROMR-203,lncRNA,,"12,60",2,0.1135852442,0.0404595405
ENST00000469480.1,ENSG00000149016.16,TUT1,protein_coding,TUT1-204,retained_intron,,"30,60",2,0.1135070317,0.0164835165
ENST00000559526.5,ENSG00000074603.19,DPP8,protein_coding,DPP8-211,protein_coding,ENSP00000455592.1,"30,60",2,0.1130893461,0.0164835165
ENST00000377060.7,ENSG00000168763.16,CNNM3,protein_coding,CNNM3-202,protein_coding,ENSP00000366260.3,"12,30",2,0.1130509662,0.0264735265
ENST00000359634.10,ENSG00000196950.14,SLC39A10,protein_coding,SLC39A10-201,protein_coding,ENSP00000352655.5,"12,30",2,0.1129429633,0.0214785215
ENST00000427812.1,ENSG00000164659.15,ELAPOR2,protein_coding,ELAPOR2-206,nonsense_mediated_decay,ENSP00000387496.1,"30,60",2,0.1127227899,0.038961039
ENST00000216410.8,ENSG00000100522.10,GNPNAT1,protein_coding,GNPNAT1-201,protein_coding,ENSP00000216410.3,"30,60",2,0.1123740611,0.006993007
ENST00000425053.5,ENSG00000156976.17,EIF4A2,protein_coding,EIF4A2-202,nonsense_mediated_decay,ENSP00000413529.1,"30,60",2,0.1122030286,0.005994006
ENST00000544884.5,ENSG00000007202.15,KIAA0100,protein_coding,KIAA0100-203,protein_coding,ENSP00000446443.1,"12,60",2,0.1121738067,0.007992008
ENST00000340434.5,ENSG00000188647.13,PTAR1,protein_coding,PTAR1-201,protein_coding,ENSP00000344299.4,"30,60",2,0.1120850168,0.0324675325
ENST00000360301.8,ENSG00000168781.22,PPIP5K1,protein_coding,PPIP5K1-204,protein_coding,ENSP00000353446.4,"12,60",2,0.1120349493,0.027972028
ENST00000357370.6,ENSG00000243716.10,NPIPB5,protein_coding,NPIPB5-202,protein_coding,ENSP00000349936.6,"12,30",2,0.1119016567,0.0114885115
ENST00000358461.6,ENSG00000196526.10,AFAP1,protein_coding,AFAP1-201,protein_coding,ENSP00000351245.2,"30,60",2,0.111876342,0.021978022
ENST00000618846.4,ENSG00000169855.20,ROBO1,protein_coding,ROBO1-213,protein_coding,ENSP00000482448.1,"12,30",2,0.1118161764,0.038961039
ENST00000318240.8,ENSG00000177576.12,C18orf32,protein_coding,C18orf32-201,protein_coding,ENSP00000323199.3,"30,60",2,0.1115928037,0.033966034
ENST00000502282.1,ENSG00000109775.11,UFSP2,protein_coding,UFSP2-202,processed_transcript,,"30,60",2,0.1111748072,0.0264735265
ENST00000270139.8,ENSG00000142166.13,IFNAR1,protein_coding,IFNAR1-201,protein_coding,ENSP00000270139.3,"12,30",2,0.1110277423,0.0174825175
ENST00000263663.10,ENSG00000115750.17,TAF1B,protein_coding,TAF1B-201,protein_coding,ENSP00000263663.4,"12,60",2,0.110891014,0.0244755245
ENST00000584717.1,ENSG00000176155.19,CCDC57,protein_coding,CCDC57-219,processed_transcript,,"12,60",2,0.1104810652,0.014985015
ENST00000491948.5,ENSG00000133460.19,SLC2A11,protein_coding,SLC2A11-221,retained_intron,,"30,60",2,0.1103249122,0.0254745255
ENST00000278353.10,ENSG00000149084.13,HSD17B12,protein_coding,HSD17B12-201,protein_coding,ENSP00000278353.4,"12,30",2,0.1100150919,0.0364635365
ENST00000541875.1,ENSG00000139133.7,ALG10,protein_coding,ALG10-204,nonsense_mediated_decay,ENSP00000443142.1,"12,60",2,0.1098528298,0.0264735265
ENST00000330333.11,ENSG00000182240.16,BACE2,protein_coding,BACE2-202,protein_coding,ENSP00000332979.6,"12,60",2,0.1098133931,0.003996004
ENST00000486197.5,ENSG00000160766.14,GBAP1,transcribed_unprocessed_pseudogene,GBAP1-206,retained_intron,,"30,60",2,0.1097918938,0.024975025
ENST00000452463.5,ENSG00000182158.15,CREB3L2,protein_coding,CREB3L2-203,protein_coding,ENSP00000410314.1,"30,60",2,0.1095685726,0.0264735265
ENST00000536620.1,ENSG00000243716.10,NPIPB5,protein_coding,NPIPB5-212,protein_coding,ENSP00000444299.1,"30,60",2,0.1090131357,0.012987013
ENST00000373062.8,ENSG00000134697.13,GNL2,protein_coding,GNL2-201,protein_coding,ENSP00000362153.3,"30,60",2,0.1089763574,0.0094905095
ENST00000373981.5,ENSG00000147130.14,ZMYM3,protein_coding,ZMYM3-203,protein_coding,ENSP00000363093.1,"12,60",2,0.1089288546,0.0204795205
ENST00000261396.6,ENSG00000069248.12,NUP133,protein_coding,NUP133-201,protein_coding,ENSP00000261396.3,"12,60",2,0.1088886664,0.0144855145
ENST00000582969.5,ENSG00000072134.15,EPN2,protein_coding,EPN2-221,processed_transcript,,"12,60",2,0.1083544267,0.0334665335
ENST00000649217.2,ENSG00000172175.15,MALT1,protein_coding,MALT1-208,protein_coding,ENSP00000497997.1,"12,60",2,0.108329919,0.025974026
ENST00000448276.7,ENSG00000108604.16,SMARCD2,protein_coding,SMARCD2-203,protein_coding,ENSP00000392617.2,"12,60",2,0.1081288692,0.011988012
ENST00000529587.1,ENSG00000133812.16,SBF2,protein_coding,SBF2-209,retained_intron,,"12,60",2,0.1079266604,0.041958042
ENST00000319715.10,ENSG00000122257.20,RBBP6,protein_coding,RBBP6-201,protein_coding,ENSP00000317872.4,"12,60",2,0.10759568,0.0144855145
ENST00000674096.1,ENSG00000175782.11,SLC35E3,protein_coding,SLC35E3-207,nonsense_mediated_decay,ENSP00000501130.1,"12,60",2,0.1075225508,0.0274725275
ENST00000287912.7,ENSG00000184863.11,RBM33,protein_coding,RBM33-201,protein_coding,ENSP00000287912.3,"30,60",2,0.107512639,0.0254745255
ENST00000429644.7,ENSG00000114480.13,GBE1,protein_coding,GBE1-201,protein_coding,ENSP00000410833.2,"12,60",2,0.107229159,0.025974026
ENST00000468732.5,ENSG00000007392.17,LUC7L,protein_coding,LUC7L-215,retained_intron,,"12,30",2,0.1070497511,0.0054945055
ENST00000601597.1,ENSG00000123810.9,B9D2,protein_coding,B9D2-203,processed_transcript,,"30,60",2,0.1069056895,0.036963037
ENST00000409341.5,ENSG00000067066.17,SP100,protein_coding,SP100-204,protein_coding,ENSP00000386404.1,"12,30",2,0.1068663723,0.030969031
ENST00000458050.6,ENSG00000158796.17,DEDD,protein_coding,DEDD-203,protein_coding,ENSP00000414821.2,"30,60",2,0.1067657359,0.01998002
ENST00000320936.9,ENSG00000099622.14,CIRBP,protein_coding,CIRBP-201,protein_coding,ENSP00000322887.4,"30,60",2,0.10665404,0.001998002
ENST00000669338.1,ENSG00000174365.20,SNHG11,lncRNA,SNHG11-236,lncRNA,,"30,60",2,0.1065832158,0.017982018
ENST00000534746.5,ENSG00000133818.14,RRAS2,protein_coding,RRAS2-210,protein_coding,ENSP00000437083.1,"12,60",2,0.1063382547,0.0194805195
ENST00000590474.7,ENSG00000108984.15,MAP2K6,protein_coding,MAP2K6-206,protein_coding,ENSP00000468348.1,"12,30",2,0.1057199114,0.021978022
ENST00000264896.8,ENSG00000138760.10,SCARB2,protein_coding,SCARB2-201,protein_coding,ENSP00000264896.2,"12,30",2,0.1056091239,0.0064935065
ENST00000262502.5,ENSG00000070915.10,SLC12A3,protein_coding,SLC12A3-201,protein_coding,ENSP00000262502.5,"30,60",2,0.1055641768,0.012987013
ENST00000369294.5,ENSG00000186141.9,POLR3C,protein_coding,POLR3C-202,protein_coding,ENSP00000358300.1,"12,60",2,0.1053829516,0.0194805195
ENST00000479689.1,ENSG00000106266.11,SNX8,protein_coding,SNX8-207,retained_intron,,"12,60",2,0.1052044554,0.0204795205
ENST00000263776.9,ENSG00000110455.14,ACCS,protein_coding,ACCS-201,protein_coding,ENSP00000263776.8,"30,60",2,0.1051891548,0.0404595405
ENST00000562973.1,ENSG00000067365.15,METTL22,protein_coding,METTL22-206,protein_coding,ENSP00000460481.1,"12,60",2,0.1051530554,0.022977023
ENST00000655766.1,ENSG00000255284.2,AP006621.3,lncRNA,AP006621.3-202,lncRNA,,"12,60",2,0.1050250345,0.0424575425
ENST00000664987.1,ENSG00000215417.13,MIR17HG,lncRNA,MIR17HG-205,lncRNA,,"30,60",2,0.1049072888,0.0454545455
ENST00000296464.9,ENSG00000164070.12,HSPA4L,protein_coding,HSPA4L-201,protein_coding,ENSP00000296464.3,"12,60",2,0.1048488099,0.030969031
ENST00000555749.5,ENSG00000070367.16,EXOC5,protein_coding,EXOC5-207,retained_intron,,"12,30",2,0.1047287333,0.0174825175
ENST00000440081.2,ENSG00000182095.14,TNRC18,protein_coding,TNRC18-207,protein_coding,ENSP00000395990.2,"12,60",2,0.1047029946,0.0194805195
ENST00000526415.5,ENSG00000087884.14,AAMDC,protein_coding,AAMDC-206,protein_coding,ENSP00000431808.1,"30,60",2,0.1046572787,0.017982018
ENST00000538426.5,ENSG00000167770.11,OTUB1,protein_coding,OTUB1-209,protein_coding,ENSP00000444357.1,"12,30",2,0.1042078007,0.0044955045
ENST00000645749.1,ENSG00000112855.17,HARS2,protein_coding,HARS2-218,protein_coding,ENSP00000494296.1,"12,60",2,0.1041740485,0.0074925075
ENST00000597810.5,ENSG00000172687.13,ZNF738,protein_coding,ZNF738-205,protein_coding,ENSP00000471336.1,"30,60",2,0.104051592,0.035964036
ENST00000389863.8,ENSG00000197381.16,ADARB1,protein_coding,ADARB1-204,protein_coding,ENSP00000374513.4,"30,60",2,0.1038848207,0.0214785215
ENST00000477591.1,ENSG00000213533.13,STIMATE,protein_coding,STIMATE-204,processed_transcript,,"30,60",2,0.1034879864,0.0344655345
ENST00000674871.1,ENSG00000109099.16,PMP22,protein_coding,PMP22-218,processed_transcript,,"12,30",2,0.1025903554,0.005994006
ENST00000533461.5,ENSG00000143442.22,POGZ,protein_coding,POGZ-220,protein_coding,ENSP00000433934.1,"12,60",2,0.1013766299,0.0184815185
ENST00000452080.5,ENSG00000154144.13,TBRG1,protein_coding,TBRG1-204,processed_transcript,,"12,60",2,0.1005097278,0.0274725275
