gene_id	lr	df	pvalue	adj_pvalue
ENSG00000004059.11	13.7351657777035	9	0.132062670685916	0.366650369946999
ENSG00000003056.8	36.812857354671	18	0.00554258963791659	0.0422153011215553
ENSG00000173153.16	17.0896957155419	15	0.313530732709602	0.604771990361403
ENSG00000004478.8	1.45565361561603	9	0.997462577083724	0.99999999971812
ENSG00000003137.8		9	1	
ENSG00000003509.16	32.056088726742	24	0.12560784833916	0.356109390427182
ENSG00000001036.14	8.24982071921113	6	0.220366218336658	0.494325887580191
ENSG00000003249.14	24.1587087225926	9	0.00405732327031342	0.0340741869721149
ENSG00000001617.12		15	1	
ENSG00000001630.17	0.777381662555854	3	0.854869036470728	0.974309138958333
ENSG00000048028.11	41.7711411944329	30	0.0748644704338165	0.257667788717197
ENSG00000001460.18	14.1242836670249	12	0.292842281083343	0.584009729149945
ENSG00000001461.17		15	1	
ENSG00000003989.18		3	1	
ENSG00000005801.18	99.613599204702	63	0.00225050120393615	0.0224808367334598
ENSG00000004799.8	25.0803003148722	9	0.00288362522716756	0.0268394926739736
ENSG00000006611.16	31.8214300999225	24	0.131483001891859	0.366169242132271
ENSG00000006451.8	28.1883730076952	9	0.000887123618742213	0.0111478961868724
ENSG00000075790.11	56.6393367001802	27	0.000714499014748639	0.00954126686927392
ENSG00000006453.14	32.6490147625809	9	0.000153702748595912	0.00291152854701405
ENSG00000006118.15	44.4765942133818	33	0.0875823194398486	0.286432704258431
ENSG00000004975.12	67.0900145938213	33	0.000412793892887999	0.00624625551827121
ENSG00000006625.18	28.7769467894104	18	0.0511741717312991	0.20019728173971
ENSG00000005175.10	29.5276330355919	18	0.0422999003513862	0.176318533290273
ENSG00000006652.15		24	1	
ENSG00000007038.11	13.692827614519	21	0.882428453472056	0.98323818829488
ENSG00000005073.6	1.8954309103483	3	0.59439141411179	0.840131238765994
ENSG00000186654.21	50.8348538012615	30	0.0101403862105877	0.0645062254652375
ENSG00000007255.10	21.3200751265504	12	0.0458853723510325	0.185637832979233
ENSG00000006282.21	80.4483141272795	48	0.00230811129137763	0.0228554408514054
ENSG00000007312.13		3	1	
ENSG00000005486.17	4.75338754119002	6	0.575809560456865	0.826351225194638
ENSG00000007376.8	31.3983535645311	24	0.142625812662225	0.384741285223289
ENSG00000007520.4	3.50682506429439	3	0.319878011095722	0.611366251027306
ENSG00000006025.12	23.9279129431038	21	0.296564468324927	0.587372040287994
ENSG00000004777.18		18	1	
ENSG00000006047.13		6	1	
ENSG00000005882.12	17.3752477988455	24	0.832222617318751	0.967827448941947
ENSG00000005884.18	20.444469389291	24	0.671240015949089	0.886980251019665
ENSG00000010626.15	38.8564842195738	18	0.00297879997413237	0.0274753335756538
ENSG00000008517.18		6	1	
ENSG00000010072.16	11.0546663289615	12	0.524239675245465	0.791622031013562
ENSG00000008405.12	28.2974691681902	12	0.00500346893398602	0.0393920970976151
ENSG00000010270.13	28.1842883874488	18	0.0593055470854109	0.220403243381446
ENSG00000010278.14	6.07660766103072	15	0.978431985702336	0.99999999971812
ENSG00000008988.10	0.883301790803671	6	0.989651949289027	0.99999999971812
ENSG00000010219.13	24.6533866725004	24	0.424787129666339	0.711502791772881
ENSG00000009780.16	14.6435882735841	12	0.261508487220346	0.546656478551319
ENSG00000008394.13	10.72480665904	15	0.771847242340701	0.942312039953253
ENSG00000008282.8	9.14361626873142	9	0.424124248353705	0.710781637167859
ENSG00000010017.13	0.165995078477863	3	0.982882622798344	0.99999999971812
ENSG00000008324.12	1.01284843325629	3	0.798143054693354	0.954044262309124
ENSG00000048707.15		30	1	
ENSG00000011105.14		12	1	
ENSG00000011478.12		9	1	
ENSG00000010818.10	4.31856389220241	3	0.22905623143621	0.503692517164282
ENSG00000011485.15	45.6694860096832	30	0.0334036394301148	0.148882713608124
ENSG00000239672.8	0.301604597363621	3	0.959726416889296	0.99999999971812
ENSG00000012963.15		9	1	
ENSG00000012983.11		15	1	
ENSG00000012061.16	55.4353230999259	39	0.0424710470501185	0.176815767307962
ENSG00000011198.10		30	1	
ENSG00000013588.9	39.8544244631485	15	0.0004770181238245	0.00694085119288878
ENSG00000013583.10	3.98216173548281	3	0.263396793954098	0.548678279408546
ENSG00000013563.14	39.2205271001258	21	0.00923664543841701	0.0602177477307633
ENSG00000014919.13	14.9426637952274	6	0.020707380105034	0.107278882479985
ENSG00000015568.13		12	1	
ENSG00000015532.10	18.7291905356906	12	0.0952768335699873	0.301916583205514
ENSG00000068438.15	15.7799391520966	15	0.396825949586354	0.68759552409901
ENSG00000017797.13	19.3002297132261	9	0.0227577309600841	0.114617838498621
ENSG00000019549.13	10.9218411413344	6	0.0908222717334067	0.293159046248349
ENSG00000078668.14	18.2064121154544	15	0.251969425150349	0.53318064746854
ENSG00000022277.13	28.8168402099982	15	0.0169805894998801	0.093635822099339
ENSG00000022567.10	17.097086561319	12	0.145981592451898	0.389861591928555
ENSG00000023287.13	12.8431431881363	18	0.800805908491933	0.955668860211808
ENSG00000023734.11	1.53029332097503	6	0.957456941020598	0.99999999971812
ENSG00000007541.17	69.7897010887755	42	0.00450871109429088	0.0367194313562909
ENSG00000026297.16		15	1	
ENSG00000027847.14	25.464566980143	15	0.0440417358325351	0.180779661248396
ENSG00000029364.12	25.8549486420288	27	0.526661647585992	0.793723592407032
ENSG00000031003.10		18	1	
ENSG00000031823.14	70.9411504262098	42	0.00345665741661869	0.0305106367931991
ENSG00000033100.16	10.386611453454	6	0.109286965279952	0.328530752281438
ENSG00000034713.8	31.7504904612724	9	0.000219898806897515	0.00381244897585539
ENSG00000035141.8	4.67940593438107	9	0.861312276648744	0.975574659361612
ENSG00000035681.9	39.7325523097879	30	0.110149042061261	0.330126590311268
ENSG00000052841.15	73.5007956596382	27	3.50338662930844e-06	0.000117005068613938
ENSG00000037757.14	8.27161859155604	15	0.912431907279068	0.992321831041652
ENSG00000038219.13	11.0267132379558	12	0.526630753458667	0.793723592407032
ENSG00000059588.10	28.7895951276842	21	0.119145256607798	0.344821244595448
ENSG00000039523.20	42.2699019340944	39	0.331621881972909	0.621844221943334
ENSG00000040608.14	6.28051651487067	6	0.392511217175743	0.683985901276094
ENSG00000041357.16	5.35051586467307	9	0.802745418918347	0.955922682384113
ENSG00000042317.17	22.8260241459489	15	0.0879041874600447	0.286726843171971
ENSG00000040531.16	52.0608354730794	30	0.00750237937191966	0.0523120917487159
ENSG00000047932.14	5.11731934746877	6	0.528856620169257	0.795306434535626
ENSG00000030582.18	22.806663423602	21	0.354372756971367	0.64683778213064
ENSG00000041988.15	35.2356367551802	18	0.00882722534195947	0.0582534400169118
ENSG00000049245.13	3.07984619867057	3	0.379477549491968	0.670063154454228
ENSG00000049449.10	10.8327530336101	6	0.093684989980191	0.298444024449509
ENSG00000049541.11	20.9251611366708	21	0.463522803518064	0.747497202772549
ENSG00000049769.14	15.4703887487794	12	0.216714247493594	0.490309328399967
ENSG00000050327.15	5.99237719312873	6	0.424044537046839	0.710781637167859
ENSG00000050344.9		6	1	
ENSG00000052723.12	30.995100227854	24	0.153924009536535	0.401125311822278
ENSG00000054965.10		6	1	
ENSG00000054967.13	9.44704330722379	9	0.397071927215439	0.687643961769866
ENSG00000004897.12	35.7742415735993	27	0.120317251020611	0.34674132352953
ENSG00000057294.15	63.5798521205688	18	5.33311932410792e-07	2.38220426053711e-05
ENSG00000196083.10	12.1174786424247	9	0.206767172163697	0.476433208418232
ENSG00000058799.15	28.2689718130077	12	0.00505193812599283	0.0395986782304832
ENSG00000133597.11		6	1	
ENSG00000040933.16	9.88151956993079	15	0.827125707771254	0.966408314447266
ENSG00000059804.16	28.732051961546	27	0.374010818903642	0.664564648059478
ENSG00000060069.17	11.7373350774105	12	0.466998585574265	0.750019320651848
ENSG00000088256.9	11.83614350682	9	0.222705190664777	0.496307493531591
ENSG00000060642.11	14.2334618210771	21	0.859363703104856	0.975149824658327
ENSG00000061273.18		39	1	
ENSG00000061794.13	21.1055078783247	9	0.0121901008966517	0.073286941500542
ENSG00000026950.17		21	1	
ENSG00000062725.10	7.2376354951507	9	0.612393200182796	0.850442559104635
ENSG00000063177.13	4.88004821538925	6	0.559287496682202	0.815813408877708
ENSG00000063180.9	11.7689245418333	9	0.226651940795958	0.500487923945794
ENSG00000063241.8	16.8966520092799	15	0.325080026590263	0.615504204760282
ENSG00000063245.15	10.2018900367257	9	0.334389788715747	0.625200721764462
ENSG00000012124.17	10.0581159046476	6	0.122225871180137	0.35030777144904
ENSG00000069998.12	7.97843954333075	9	0.536320452250971	0.799876964381687
ENSG00000053918.18	21.9775853743404	12	0.0377717976063653	0.162612675806191
ENSG00000071575.11	2.73800647702421	6	0.840937810222447	0.969561864378428
ENSG00000068308.13	41.480189383823	18	0.00130642225931682	0.0149145014403479
ENSG00000021776.11		12	1	
ENSG00000071655.18	56.5747665464005	24	0.00019128982203808	0.00340889127112808
ENSG00000071282.12	6.50563985123426	12	0.888482569190697	0.984860013031171
ENSG00000013275.8	19.8832109457871	15	0.176458787596187	0.435568759247441
ENSG00000004660.15	20.5551303994926	9	0.0147790914665635	0.084597272865964
ENSG00000071859.15	21.4096587135864	18	0.259251146840616	0.543306695560881
ENSG00000072818.12	7.40051525195031	12	0.830051486662899	0.967293941988659
ENSG00000072849.11	34.717071945197	27	0.146178671588363	0.389861591928555
ENSG00000074855.11	5.3684392665873	6	0.497497988351568	0.775790060275656
ENSG00000127663.15	2.69598851810315	3	0.440909434196227	0.72720449829631
ENSG00000073150.14	0.6078595576098	3	0.894630773677357	0.98681493825701
ENSG00000076662.10	2.40993608029203	9	0.983208277795866	0.99999999971812
ENSG00000076826.10	6.48143603176095	9	0.690933163133338	0.896897883970929
ENSG00000077063.11		9	1	
ENSG00000079432.7	7.5368205167033	18	0.984764322977551	0.99999999971812
ENSG00000079616.13	28.0121894858748	18	0.0618699412041072	0.226347506644068
ENSG00000047188.16	8.8076017099047	15	0.887360474787035	0.984685680347382
ENSG00000064545.15	33.7894142017758	36	0.5741598940263	0.824755168655388
ENSG00000050820.17	68.5097978220729	39	0.00242397900258129	0.0236141725880038
ENSG00000065970.9	9.86213710746688	6	0.130579073963226	0.36488966630854
ENSG00000067182.8		21	1	
ENSG00000066455.13		6	1	
ENSG00000067365.15		42	1	
ENSG00000008300.17	11.6289435386148	9	0.235044914751494	0.510244998512953
ENSG00000068971.14	8.86031577020367	6	0.181587555512274	0.442266502211874
ENSG00000069399.15	42.8540163511498	21	0.0032810347924703	0.0293636199475036
ENSG00000069424.15	54.0731414079128	57	0.585584767611042	0.833441851661799
ENSG00000069943.10	19.6942223329424	21	0.540696633684386	0.80354291238669
ENSG00000067840.12	13.0428144335956	12	0.365936442736968	0.656498417341355
ENSG00000185864.16		33	1	
ENSG00000068615.19	4.88825382737241	6	0.558223380245341	0.815141606927851
ENSG00000070404.10	5.10500545708055	12	0.954379354245335	0.99999999971812
ENSG00000071539.14	36.8866894791718	12	0.000233055125458096	0.00398648976306164
ENSG00000072682.18	40.3187177794607	27	0.0478229285405948	0.191662808786507
ENSG00000071246.11	2.29947156604294	6	0.89020043322537	0.985797338910489
ENSG00000071994.11	26.5764190383634	33	0.77791116873243	0.946157574789429
ENSG00000073350.14	79.1806847687294	39	0.000150258092648601	0.00286877575631796
ENSG00000074964.17	28.2173248723848	18	0.0588240773795406	0.21959949152651
ENSG00000072506.13	0.0807644598535262	3	0.994041308670421	0.99999999971812
ENSG00000073849.15		9	1	
ENSG00000075336.12	19.1445370341244	12	0.0850995438224133	0.281345582986253
ENSG00000079313.15	22.6270546585783	18	0.205330796907665	0.474543317118958
ENSG00000075975.16	0.0163948612389504	3	0.999444421582767	0.99999999971812
ENSG00000076650.7	9.80093042759927	6	0.133289487250052	0.368292319038568
ENSG00000077238.14		15	1	
ENSG00000079999.14	13.4482298730109	18	0.7642872188175	0.938522684427877
ENSG00000079308.19	28.1989164570214	24	0.251739291728675	0.532885097142565
ENSG00000065320.9	4.44529914750819	3	0.217221683478939	0.490583400226351
ENSG00000066583.12	4.18610546246055	3	0.242056678661006	0.519839967672356
ENSG00000067082.15	18.5774571456768	15	0.233523738746696	0.508345248699713
ENSG00000070444.15	22.7413564357303	15	0.0897878597528456	0.29051918338298
ENSG00000070718.12	22.0439920233248	24	0.576640940946541	0.826462124834267
ENSG00000070669.17	29.60993588157	33	0.636681243294404	0.864659112806487
ENSG00000072135.13		33	1	
ENSG00000072210.19	110.920531653741	54	8.22363887358904e-06	0.000249613062427128
ENSG00000072786.13		9	1	
ENSG00000074071.15	5.54858162661549	6	0.475604511709296	0.756956363820506
ENSG00000137764.20	17.2980335559805	12	0.138726024832375	0.378205977437373
ENSG00000078237.7	2.86034924940941	6	0.826159359695053	0.96602470168275
ENSG00000065809.13	16.0304399875167	15	0.380031484208981	0.670231388271323
ENSG00000065883.16	43.1289818733385	33	0.11154090282988	0.332786763594585
ENSG00000064763.11		6	1	
ENSG00000066405.13		3	1	
ENSG00000065518.8	1.24451546079945	6	0.974628889985634	0.99999999971812
ENSG00000068097.15	46.1477030538627	24	0.00424956469151158	0.0352544989695636
ENSG00000068912.14	6.155711886051	6	0.405975280370225	0.69606455630356
ENSG00000075568.17		18	1	
ENSG00000072954.7	0.595678796060383	3	0.8974208979497	0.987703719079781
ENSG00000073008.15	12.5980435482197	15	0.633313682361612	0.86249043494567
ENSG00000159885.14	6.73800274631367	6	0.34575760263444	0.638288128017991
ENSG00000075089.9	28.1833948941203	18	0.0593186165831578	0.220403243381446
ENSG00000075415.13	15.8959153902251	12	0.196049979366768	0.461540906546069
ENSG00000077150.20	55.5620037556473	24	0.000262812221584708	0.00440705936818029
ENSG00000079156.17		15	1	
ENSG00000064205.10	10.7351397494203	12	0.551743289771476	0.810546708620006
ENSG00000064601.19	31.3601172577473	18	0.0261440135642152	0.125552636032093
ENSG00000134461.16	9.51236537273689	9	0.391382492475391	0.682833279128564
ENSG00000081087.15	8.66444777176002	9	0.468807064318569	0.751634398262482
ENSG00000072110.14	52.5176458045971	27	0.002300221770873	0.0227993880758332
ENSG00000249437.8	25.6914558385943	9	0.00229434620456474	0.0227798589345192
ENSG00000081791.9	21.5613222719403	18	0.252044428872434	0.533189913029637
ENSG00000081870.11	20.0532022949483	12	0.0660862235551355	0.236197058261873
ENSG00000082146.13	43.1758824647714	24	0.00949710907659078	0.0613682430476608
ENSG00000082269.16	41.0169307007754	30	0.0866228544047659	0.284535824836925
ENSG00000082458.12	9.4485272875736	15	0.852922938424633	0.973613295072601
ENSG00000083444.17	20.7333005054534	6	0.00204835133633613	0.0208276200987895
ENSG00000083544.15	48.3610488568302	21	0.000613920007037604	0.00855605754177638
ENSG00000083720.13	22.9690358618827	9	0.00626623410097756	0.0462621517702886
ENSG00000083812.12	8.32301813957929	9	0.50194995322906	0.779481717258244
ENSG00000084444.14	8.29461567069188	3	0.0402995786310117	0.170411074748499
ENSG00000085514.16		3	1	
ENSG00000085721.13		12	1	
ENSG00000085872.15	21.1211099890752	15	0.133004241251851	0.367729998883798
ENSG00000086189.10	13.9036109298322	12	0.30690584875802	0.598311402124221
ENSG00000086232.13	16.1957089396601	15	0.369165332603251	0.659827395980894
ENSG00000086289.12	3.85625030656229	6	0.696122296111688	0.899040807313846
ENSG00000086504.17		15	1	
ENSG00000086589.12	11.5664954506283	15	0.711501022970883	0.909162351571651
ENSG00000086827.9	3.74757554892676	6	0.710791572849029	0.90883587483409
ENSG00000087074.8	10.6453238202594	3	0.0138068028683827	0.0804463226847034
ENSG00000087077.14	13.0261818851868	12	0.367140546072561	0.657680114598682
ENSG00000073670.14		6	1	
ENSG00000005893.16	13.9918811775133	9	0.122614323516622	0.351029802286784
ENSG00000197208.6	5.2755274062074	6	0.508991045733227	0.781986994113124
ENSG00000087237.12		3	1	
ENSG00000087510.7		3	1	
ENSG00000088002.12		3	1	
ENSG00000131037.15	31.6716219925083	30	0.38295360498044	0.674106423222324
ENSG00000182389.19		9	1	
ENSG00000197183.14	62.711487683855	24	2.62006920654836e-05	0.000681951346406696
ENSG00000088305.18	2.79512072959142	6	0.834087003917855	0.968488080098508
ENSG00000088367.23	43.2711473290328	42	0.416850020020629	0.705486243347288
ENSG00000088808.18		15	1	
ENSG00000188559.15	3.53658718457166	3	0.316047796299856	0.607793364984249
ENSG00000089009.15	10.2663491596468	15	0.80265971797489	0.955922682384113
ENSG00000089048.14		3	1	
ENSG00000089060.11	39.2448503611522	30	0.12033744242153	0.34674132352953
ENSG00000089063.15	13.156855718189	18	0.782171592598875	0.947966021409228
ENSG00000089127.14	10.1691201979742	12	0.60112662281044	0.843358143564393
ENSG00000089163.4	3.0992516275503	6	0.796290610230838	0.953205387003068
ENSG00000089195.15	26.5130455229755	9	0.00168299877144946	0.0181405631540111
ENSG00000249115.9		24	1	
ENSG00000010256.11	13.3229414692614	15	0.577369391250164	0.827390235794049
ENSG00000089639.11	19.4991639710297	18	0.361709768693259	0.653357303914562
ENSG00000089692.9	9.99250685324296	9	0.351092167393682	0.643952264706828
ENSG00000089693.10	9.4955645481823	12	0.66012054109933	0.87967339954469
ENSG00000089723.10	2.87156311527724	3	0.411854434315986	0.70167538451336
ENSG00000090006.18	116.219344299403	66	0.000134626235360177	0.00264825338749855
ENSG00000090447.12	25.0326296851126	15	0.0495069339376084	0.196053591656135
ENSG00000090470.15		6	1	
ENSG00000090487.11	11.1542293974053	12	0.515749535204188	0.786439540181306
ENSG00000090539.15	40.3422018517304	27	0.0475794270720899	0.19100861833611
ENSG00000090554.13	15.5601268033197	12	0.212223521411965	0.484251823387577
ENSG00000090581.10		21	1	
ENSG00000090615.15		21	1	
ENSG00000090863.12	40.5274488845171	24	0.0187578482548367	0.100510230381731
ENSG00000090924.15	24.7590646834487	24	0.418946661863629	0.707162607954301
ENSG00000090932.11	0.524605761839666	3	0.913453317383108	0.992583880724482
ENSG00000090971.5	12.9351232624977	6	0.0440778411239928	0.180829394169761
ENSG00000157426.14	40.1703543068124	18	0.00197859340701709	0.020381703887591
ENSG00000091140.14	44.7100561427942	21	0.00189022356598705	0.0197777054580264
ENSG00000091640.8	25.5722158827994	15	0.0427668817663013	0.177541572072847
ENSG00000091947.10	17.909995721282	6	0.00646110094473664	0.0472413163428957
ENSG00000091986.16		15	1	
ENSG00000092010.15	15.1838794210344	12	0.231534332299079	0.506131759122886
ENSG00000092036.18	24.0291005958861	27	0.628701361794591	0.859297999705622
ENSG00000092094.11	34.4523135729542	33	0.398167713820842	0.689043889610363
ENSG00000092140.16	30.9419987996353	24	0.155462112639077	0.403814614064276
ENSG00000092295.12	12.0594719344344	12	0.440915270156781	0.72720449829631
ENSG00000092929.12	28.8844807816568	27	0.366523050861181	0.656941350492207
ENSG00000093010.14	31.8582930687699	18	0.0228518088367789	0.114872514811187
ENSG00000093217.11	14.6731203855597	9	0.100315070057401	0.311433213296021
ENSG00000094804.12	21.1847704595566	15	0.131028996401748	0.365302699425859
ENSG00000094914.14	38.8064316928358	36	0.344323527900882	0.63704853409686
ENSG00000094916.16	113.214289862051	12	1.38160416501037e-18	4.41638406371597e-16
ENSG00000076321.11	13.6766999440615	9	0.134299331131353	0.370082935922038
ENSG00000095059.16	55.6912367570403	45	0.131912364811156	0.366650369946999
ENSG00000167964.13		18	1	
ENSG00000119314.16		12	1	
ENSG00000095261.14		18	1	
ENSG00000095380.11	8.07135639587068	6	0.232922042972613	0.508111884273202
ENSG00000095539.15		6	1	
ENSG00000156711.17	1.06443278273537	3	0.785666334776538	0.948828918350556
ENSG00000204463.12	37.4864229265368	39	0.538964681690169	0.802040154573009
ENSG00000204314.12	22.5402542384718	12	0.031892498976992	0.143966624905407
ENSG00000096654.15	1.32442652716782	3	0.723341089904102	0.917769289088199
ENSG00000035403.18	9.68140142583434	6	0.138726056050936	0.378205977437373
ENSG00000096717.12	10.7806633757464	6	0.0953964845709624	0.302108557484946
ENSG00000069702.11		6	1	
ENSG00000099203.7	3.37401538626	6	0.76064889075673	0.937092316457978
ENSG00000099219.14	3.07125878406441	9	0.961402591500117	0.99999999971812
ENSG00000099326.9	52.0885868759724	18	3.6260880722879e-05	0.000893765178106818
ENSG00000099330.9	32.9607836601208	36	0.613919025557095	0.851040259447018
ENSG00000099341.11	12.0536898343416	6	0.0607817123585543	0.223578631882859
ENSG00000099365.11	7.19847332146119	3	0.0658337217150091	0.235654393408836
ENSG00000099385.11	1.30845941705047	3	0.727125290830849	0.920201054400557
ENSG00000099624.8	20.6128231903422	12	0.056345729896316	0.212365685744074
ENSG00000099625.13	18.817277275065	15	0.222133733348851	0.495573818631494
ENSG00000070388.11		3	1	
ENSG00000099785.10	13.7279303155583	18	0.746647032512424	0.930023156575925
ENSG00000099797.15	43.5756096220575	21	0.0026524485107453	0.0253332360564086
ENSG00000099800.8	7.76288663758896	3	0.051174929930132	0.20019728173971
ENSG00000099804.9	14.2865869611996	15	0.503914180561281	0.779863925361675
ENSG00000099817.12	13.3027920523309	18	0.773280148420381	0.942887428560267
ENSG00000099860.9	32.3341197030968	18	0.0200662587704848	0.105113106765555
ENSG00000188130.14	27.4605906097677	24	0.283445859676001	0.572771177128767
ENSG00000099940.12	16.2312123384563	6	0.0125653173838177	0.0749449746466891
ENSG00000184436.12	24.2632438914297	15	0.0607558770480547	0.223578631882859
ENSG00000240972.2	6.20416759839281	6	0.400712251974087	0.691239548065531
ENSG00000099992.16	13.4029566462127	9	0.145204368104797	0.388719047721532
ENSG00000099995.19	27.8305531793158	15	0.0226540987824787	0.114264682665668
ENSG00000099999.15		15	1	
ENSG00000100028.12	2.55686139340105	6	0.86205048099055	0.975574659361612
ENSG00000100030.15		6	1	
ENSG00000133422.14	40.493943735848	30	0.0956464389229403	0.302377217947711
ENSG00000100075.10	18.7501869758125	12	0.0947381609198875	0.300955480760723
ENSG00000241360.2	1.90209681244232	3	0.592973359113696	0.838706373115873
ENSG00000100100.13		6	1	
ENSG00000100104.13	9.8183135455256	6	0.13251470394364	0.367043841494582
ENSG00000100105.18	18.3437440339367	12	0.105644915002836	0.321811148172726
ENSG00000100124.15	42.2115958697832	27	0.0313678749867466	0.142505026004542
ENSG00000100138.15	9.72142396587878	9	0.373504721827625	0.664217628576977
ENSG00000100139.13	8.38230464552953	12	0.754586632588812	0.933220489028045
ENSG00000100162.15	13.0415299451997	15	0.59909007157472	0.842462693028601
ENSG00000100196.11	0.097631137650751	3	0.992120173307758	0.99999999971812
ENSG00000100201.22	27.1826186736143	12	0.00727264023175805	0.0510582271315395
ENSG00000100209.11	11.0613072593769	15	0.748236411723012	0.930655429902078
ENSG00000100211.10		21	1	
ENSG00000100216.6	0.342225338979915	3	0.951900873143641	0.99999999971812
ENSG00000100218.12	2.55383519020916	3	0.46564037137931	0.749258354387126
ENSG00000100219.16	12.5691044352716	12	0.401121485155637	0.691453595021442
ENSG00000100220.12	4.9600918298238	6	0.548941768117305	0.809603820471184
ENSG00000100221.10	52.0569308078266	15	5.52737373619709e-06	0.000174504647986296
ENSG00000100226.16		21	1	
ENSG00000100239.16	32.957454804342	24	0.104974357368771	0.320436497023323
ENSG00000100246.13		9	1	
ENSG00000100258.18	22.9499471287636	12	0.0281538930892724	0.132346586585555
ENSG00000183741.12	2.18871610179122	6	0.901549868251031	0.988895481506616
ENSG00000100263.14	15.354614635391	18	0.637491356510109	0.865070189140609
ENSG00000100276.10	4.57404767063258	3	0.205779740718862	0.474937041474106
ENSG00000100281.14	18.9171604509611	18	0.396941341711468	0.687605924532871
ENSG00000100292.17	2.87483985142899	6	0.824383899589691	0.965162287845135
ENSG00000184117.12	8.24153090650361	6	0.220936844317512	0.494846284327531
ENSG00000100297.16	9.47399403454619	9	0.394718678920131	0.685306479787239
ENSG00000100299.18	10.5600813450255	15	0.783110706634551	0.948198438007496
ENSG00000100304.13	11.0658360894158	6	0.0863628759793943	0.284151803603386
ENSG00000100307.13	5.28937335914293	12	0.94760872648942	0.99999999971812
ENSG00000100316.16	10.7763642105274	15	0.768280423055627	0.94075001154235
ENSG00000100321.15	15.699336089554	12	0.205398316380233	0.474592134233884
ENSG00000100324.14	14.9432008740032	9	0.0925080134102507	0.296634629834939
ENSG00000100344.11	2.57800809406535	9	0.978711441582617	0.99999999971812
ENSG00000100345.22	15.2617582275852	15	0.432731832554413	0.719040597010898
ENSG00000100348.10	6.52474370283017	9	0.68646556645491	0.893845827279915
ENSG00000100350.14	23.8020193277589	12	0.0216392792591599	0.110369158912274
ENSG00000100353.18	49.4861730518751	21	0.000429886661949691	0.00642269353925554
ENSG00000239900.13	54.0262231655652	30	0.00456658816274651	0.0369261899737028
ENSG00000100376.12		18	1	
ENSG00000100380.14	2.6704893039423	6	0.84892050406729	0.972641129508573
ENSG00000100387.9	6.93643611755397	6	0.326765606545362	0.617378165746677
ENSG00000100395.15	17.8986398122452	18	0.462348544157364	0.74633349523857
ENSG00000100410.8	3.64524482164416	6	0.724555859346848	0.918399242287349
ENSG00000100412.16	11.4261451761995	12	0.492793452233549	0.771706096585575
ENSG00000100417.12	11.9885410747665	15	0.679896205057701	0.891051669639363
ENSG00000100422.14	3.89327877676624	3	0.273221084336334	0.560454874592858
ENSG00000100425.18	31.8669880618581	15	0.00671192081394475	0.0483154384277557
ENSG00000100429.18	58.223787519044	48	0.148153538447007	0.393320151771201
ENSG00000090060.18	69.1268591648404	42	0.00524286402633851	0.0406898756642008
ENSG00000080824.19	1.87133057182655	6	0.931143629852662	0.998183629193343
ENSG00000075413.18	75.4666573075811	39	0.000410932795946521	0.00622730602923995
ENSG00000092201.10	95.2395498479163	12	4.74012866472602e-15	1.15444705027339e-12
ENSG00000100439.10	26.396440529541	12	0.0094290550562346	0.0609670064287128
ENSG00000100442.11	23.8394602582557	3	2.69838682795169e-05	0.000700553270637509
ENSG00000100462.16	31.3674546182447	39	0.802664901052995	0.955922682384113
ENSG00000100478.15		15	1	
ENSG00000100479.13	58.7273707426284	21	1.98615939738561e-05	0.000541771319356197
ENSG00000100485.12		9	1	
ENSG00000100490.9		18	1	
ENSG00000100504.17	7.11465612699976	12	0.849944447448136	0.972890596639728
ENSG00000100522.10	9.0455078127452	9	0.433084069836907	0.719392164722592
ENSG00000100526.20	36.4040761948709	18	0.00626062632042254	0.0462621517702886
ENSG00000100528.12	15.1333932865236	18	0.652788334148496	0.874719459294931
ENSG00000100532.12	12.8079068899751	24	0.969181894864412	0.99999999971812
ENSG00000100554.12	9.54290424547798	15	0.847465816264108	0.972593720920629
ENSG00000100558.9		9	1	
ENSG00000100564.9		27	1	
ENSG00000100567.13	4.11686414014548	18	0.999707738305462	0.99999999971812
ENSG00000100568.11	11.3922715327353	15	0.724323724372128	0.918220742858447
ENSG00000100575.14	21.8710221203437	21	0.406974838317636	0.697157075992201
ENSG00000100577.19	39.781183168252	33	0.19368421753702	0.459113162578079
ENSG00000100583.4		3	1	
ENSG00000100591.8	18.2329904660874	21	0.63421598607793	0.863110990440741
ENSG00000100596.7	29.1356923305357	12	0.00376122214222753	0.0324915628731905
ENSG00000100601.10	10.5777733563555	9	0.30576347420404	0.59722256590283
ENSG00000100612.14	16.9693273580051	21	0.712963857357319	0.909907335858767
ENSG00000100625.9	7.83771020837548	6	0.250235865687838	0.530720022832448
ENSG00000100629.17		12	1	
ENSG00000100632.11	1.6705734989373	3	0.643495673112598	0.869175542084924
ENSG00000100664.11	21.4853734408243	24	0.609953170737834	0.849334465488334
ENSG00000100678.19	7.00029665829641	3	0.0718883175888457	0.24994751890425
ENSG00000100711.14	40.5946701920766	33	0.170509503098218	0.427171615770678
ENSG00000100739.11		3	1	
ENSG00000100749.8	11.0180713580648	12	0.527370604342149	0.794059833752237
ENSG00000100767.17	18.4781168659151	15	0.238363940150623	0.514284906939618
ENSG00000100823.12	46.417015972489	27	0.0114690989364228	0.0698733847651392
ENSG00000100836.10	23.7737335367274	15	0.0690368558349152	0.243425714696776
ENSG00000100852.13	21.6830925881659	12	0.0412289355189733	0.172998661289475
ENSG00000100865.15	12.8882400969815	18	0.798169147772037	0.954044262309124
ENSG00000100883.12	22.3123146896396	27	0.721342975223211	0.916274294810249
ENSG00000100889.12	18.6060081715623	24	0.77266166433701	0.94269434852284
ENSG00000100906.11	17.25216566155	18	0.505836807762512	0.780998078830288
ENSG00000100908.14	31.8555557155923	18	0.0228688119277575	0.114894438707776
ENSG00000100911.16	26.6739934986981	24	0.319876913344756	0.611366251027306
ENSG00000100916.14		9	1	
ENSG00000100941.9	4.42539224767825	9	0.881254122432517	0.983237561469545
ENSG00000100949.14	61.1048881916286	39	0.0133598045753577	0.0784035806089121
ENSG00000019186.10		6	1	
ENSG00000132670.20	9.39871454324202	12	0.668550208285047	0.885020129721443
ENSG00000088833.17	18.67343408733	27	0.881592950700113	0.983237561469545
ENSG00000020256.20	3.81736446124796	9	0.923016558169706	0.994649938993855
ENSG00000100994.12	10.004595632141	6	0.124458620809498	0.353930284198041
ENSG00000101057.16	4.71788555875537	3	0.193659491819864	0.459113162578079
ENSG00000101104.13	18.9704899443132	39	0.997132226139897	0.99999999971812
ENSG00000101115.13	10.7570739762393	12	0.549844271853378	0.8101926039741
ENSG00000101138.12	24.9913528750767	15	0.0500596838120604	0.197534613900732
ENSG00000101150.18	34.1636505410716	12	0.000635596189067504	0.00877197872738871
ENSG00000101160.14	6.75210826518014	6	0.34438175628162	0.63704853409686
ENSG00000101187.16	24.4999029761821	18	0.139322654204928	0.3794279632221
ENSG00000101190.13	2.86864362506822	3	0.41232425359838	0.702141341508041
ENSG00000101197.13	4.33600753378755	3	0.227392828287269	0.501293370808291
ENSG00000185019.17	1.63949283486659	3	0.650468603244211	0.872723418492266
ENSG00000101210.13	6.28314073523507	12	0.901141593465108	0.988895481506616
ENSG00000101213.7		3	1	
ENSG00000101220.18	9.62850140984665	6	0.141193760822278	0.382226285700226
ENSG00000101255.11	1.25429783722575	3	0.740013030852698	0.927129608895429
ENSG00000101266.19	52.4697745786252	42	0.129104323319193	0.362306755344862
ENSG00000172264.17		6	1	
ENSG00000101311.16	10.1769111508113	6	0.117396897155479	0.342611372611526
ENSG00000101337.16	24.4443283610308	12	0.0176869811988533	0.0965937697186709
ENSG00000101417.12	6.97938740542304	6	0.322757651619039	0.613666032899492
ENSG00000101444.13	5.4187116738176	6	0.491335433390408	0.769894324165209
ENSG00000101464.11	14.4884777164116	9	0.105979271892545	0.322421378584538
ENSG00000101473.17	55.2656225747123	27	0.00106215128416349	0.0126628735264665
ENSG00000101474.12	5.88640223749098	3	0.117269716571349	0.342611372611526
ENSG00000091164.13	1.3117657276016	6	0.971004965164252	0.99999999971812
ENSG00000101608.13	250.232348159072	18	7.31426959124896e-43	1.24696106081476e-39
ENSG00000101751.10	80.8753640309187	39	9.37834089374116e-05	0.00198127817806886
ENSG00000273841.5	8.7519249983452	15	0.890127105442525	0.985797338910489
ENSG00000067829.19	12.481435381982	15	0.642283148759294	0.86897085676309
ENSG00000077713.19	5.08280736485676	9	0.827030787476932	0.966408314447266
ENSG00000101843.19	9.2339788975296	9	0.415962391980299	0.704566866627998
ENSG00000101846.8	1.58370596250893	3	0.663090000891232	0.881219646500768
ENSG00000101856.10	1.84540408555768	3	0.60510468935662	0.846501075961279
ENSG00000101888.11	1.47558766155998	3	0.687916037565074	0.894798213155282
ENSG00000101940.18	41.2781350245496	24	0.0155235951774148	0.0877297541821966
ENSG00000101972.19		27	1	
ENSG00000101986.12	0.872613050953078	3	0.832031368502527	0.967827448941947
ENSG00000085185.15	4.21933230211812	9	0.896392494330402	0.987676453505619
ENSG00000102057.10		3	1	
ENSG00000102078.16	38.6568728401071	24	0.0296598335474902	0.136970852080035
ENSG00000102081.15	63.194775926524	36	0.00337910835333436	0.0299782301355223
ENSG00000102103.17	71.8593051926	33	0.000105129890670094	0.00216372968141729
ENSG00000086758.16	41.9189223792273	24	0.0131771243084817	0.0775093758202756
ENSG00000102226.10	31.1025671604075	27	0.266948128684539	0.553204812500623
ENSG00000102241.12	16.008970730094	9	0.0666944916416471	0.237706604530456
ENSG00000102265.12	2.55986482475419	6	0.861708595580172	0.975574659361612
ENSG00000102309.15	12.1083120915573	12	0.437020650579844	0.723393965650908
ENSG00000102316.17	49.6225408320897	24	0.00158108079625402	0.0173157124891674
ENSG00000102393.13	21.1097598055203	18	0.273911750500246	0.560986793823956
ENSG00000102471.14	41.2433599149354	12	4.46177582187392e-05	0.00106884086374586
ENSG00000102575.13		12	1	
ENSG00000102606.18	16.8076375874734	24	0.856749455931467	0.974650312585731
ENSG00000102796.11		21	1	
ENSG00000065057.9	31.8745258019117	24	0.130134832917959	0.364199509143037
ENSG00000006194.10	34.3996823667512	21	0.0328233664109666	0.147216903142841
ENSG00000177200.17		33	1	
ENSG00000122386.11	9.04885881418795	12	0.698751669463852	0.900514517964849
ENSG00000091651.9		15	1	
ENSG00000125149.12	32.4868824945052	24	0.115371435402559	0.339587701409735
ENSG00000102879.16		3	1	
ENSG00000102897.10	26.1048335196429	24	0.347867075654759	0.640448581150564
ENSG00000102898.12	28.3368630677287	15	0.019553046747458	0.103309976849043
ENSG00000102931.8		3	1	
ENSG00000102934.10	73.952460397948	9	2.54346081097619e-12	3.71672294792507e-10
ENSG00000102967.12	26.3792417202276	18	0.0913975824350696	0.294469280930854
ENSG00000102977.17	36.8053103383099	33	0.297037742491996	0.587925516244316
ENSG00000102978.13	8.83861986998818	18	0.963364558141455	0.99999999971812
ENSG00000102981.9		6	1	
ENSG00000103005.12	62.6041531839001	30	0.000440468623745675	0.00653926495253195
ENSG00000103021.9	6.58688661375913	6	0.360744939741389	0.652502337364717
ENSG00000103024.7	33.083483570601	24	0.10232420415773	0.315493066031223
ENSG00000103035.11	3.89524996385444	6	0.690849508917875	0.896897883970929
ENSG00000103037.12	70.6338036014204	33	0.000150323961813122	0.00286877575631796
ENSG00000103042.9	44.1210945799103	33	0.0934493827960113	0.297971863036284
ENSG00000103044.11	8.03314820474634	6	0.235684832050144	0.510947226451035
ENSG00000103056.12	0.973080142937874	3	0.807765375489986	0.957639305232384
ENSG00000103064.15	83.4125429990527	33	3.00757647311879e-06	0.00010254833247844
ENSG00000103066.13	23.7383169337772	24	0.476639978166056	0.757297350238962
ENSG00000103089.9	8.15523832666622	6	0.226949388388865	0.500855511074368
ENSG00000103121.9	31.5814518685802	39	0.794810932571311	0.952897448344109
ENSG00000103152.12	12.1949778199487	6	0.0577577873551566	0.216716037865178
ENSG00000103160.12	15.3439693917262	12	0.223162535039159	0.496893681087408
ENSG00000103175.11	0.835739387985086	3	0.840900914554835	0.969561864378428
ENSG00000103194.16	31.5611906289196	27	0.248725652181583	0.528394721060744
ENSG00000103197.18		75	1	
ENSG00000103199.14		12	1	
ENSG00000103202.13	13.2210941980593	18	0.778274497436529	0.946157574789429
ENSG00000242612.7		36	1	
ENSG00000103254.10	68.5879829120459	21	5.9071431173158e-07	2.60448995461308e-05
ENSG00000103260.9	21.5038419507619	12	0.0434717080383681	0.179375595612936
ENSG00000103266.11	27.9664416775049	21	0.141105664292485	0.382226285700226
ENSG00000103269.13	7.60794574796364	9	0.574086247661516	0.824755168655388
ENSG00000103326.12	27.7296617585816	18	0.0662900988323442	0.236760272680185
ENSG00000103404.14	1.33705766818036	3	0.720352737217102	0.915470217453697
ENSG00000103415.12	21.797157967645	21	0.41127863371831	0.701161524050766
ENSG00000103485.19	18.8741255635687	9	0.0262847054640607	0.126048176865607
ENSG00000103495.14		21	1	
ENSG00000103502.14	18.8342083647585	21	0.595774660949624	0.841453227769027
ENSG00000103507.14	18.852655189974	12	0.092146892899115	0.295940523536907
ENSG00000103510.20	53.1779905771255	21	0.000129680339058415	0.00257572852083209
ENSG00000103550.14	11.9035667186618	12	0.453455130835076	0.738950539001433
ENSG00000174197.16	26.2463129678126	15	0.0355120406115584	0.154827235229702
ENSG00000103653.16	40.0488417230481	30	0.103921759061718	0.318554292311153
ENSG00000103707.10	25.3987728861484	12	0.0130422350671842	0.0769815478951111
ENSG00000103811.17	5.87139012250007	3	0.118037810622308	0.343646885069424
ENSG00000103888.17	3.19861666695084	3	0.362004390190792	0.653652763859066
ENSG00000104064.17	30.4998124559606	24	0.168734038645068	0.424597088577637
ENSG00000104129.10	34.6367082264551	18	0.0104980377534305	0.0660827250337481
ENSG00000104142.11	8.05392320676219	6	0.234179321698586	0.509230502052474
ENSG00000104147.9	0.596230840201315	3	0.897294691779872	0.987703719079781
ENSG00000104164.12	44.7543996659515	39	0.242992703933725	0.520865961554499
ENSG00000012232.9		6	1	
ENSG00000079459.13		21	1	
ENSG00000123908.12		21	1	
ENSG00000104221.13		6	1	
ENSG00000104231.11	125.307400341932	48	7.94178410357562e-09	5.84435320830755e-07
ENSG00000104312.8	2.64594500748899	6	0.85178986120107	0.97324297283525
ENSG00000104325.7	20.4189804152629	27	0.812721398769879	0.959836766633093
ENSG00000104368.18		15	1	
ENSG00000104381.14		18	1	
ENSG00000129292.21		39	1	
ENSG00000104408.10	16.2648489252897	15	0.36467137645202	0.655114771641678
ENSG00000104412.8	14.35602823714	12	0.278553042908448	0.566249086238261
ENSG00000104447.13	26.5058195450461	15	0.0330304353680116	0.147622805037954
ENSG00000104472.10	12.2995111937107	12	0.421935232730097	0.709281100344479
ENSG00000104490.18	32.9980912371261	9	0.000133654293048846	0.00263419992985866
ENSG00000104517.13	57.4488079555304	24	0.000145059070522305	0.00280785666446335
ENSG00000104524.14	4.0606508779083	6	0.668468836718145	0.885020129721443
ENSG00000104643.10		6	1	
ENSG00000104671.8	16.9025134422263	9	0.0502646724124777	0.19805752469462
ENSG00000104687.14	2.34488360683463	3	0.503976971088293	0.779863925361675
ENSG00000104689.10		3	1	
ENSG00000104695.13	9.6132453685168	12	0.649848980680656	0.872301214566729
ENSG00000104756.16	31.5007495114805	21	0.0657184832324054	0.235478374681333
ENSG00000051128.19	25.9860340366795	21	0.206982068577424	0.476636555488174
ENSG00000088038.19	12.2862600571461	27	0.993099639716204	0.99999999971812
ENSG00000077348.9	3.54246009419148	6	0.738312264372551	0.926928044008344
ENSG00000032444.17	34.1512740029575	36	0.556740638679857	0.814487985276924
ENSG00000011422.12	23.6214748322163	27	0.651219888648465	0.873387733182792
ENSG00000006712.15		18	1	
ENSG00000076944.16	31.681078359783	42	0.876906725732625	0.980957884680558
ENSG00000256087.7	24.2233924504049	12	0.0189634160773961	0.10145229239314
ENSG00000167384.10	28.8455551125053	15	0.0168371254813406	0.0929449306792408
ENSG00000128000.17		12	1	
ENSG00000104774.13	18.7724027149779	24	0.764015939919216	0.938522684427877
ENSG00000104808.8	4.04675360452927	3	0.256459641296552	0.539643479560457
ENSG00000183207.14	2.15566899848636	9	0.98875975548809	0.99999999971812
ENSG00000104823.9	11.298901502043	18	0.881244784953518	0.983237561469545
ENSG00000104824.17	37.8770463299006	33	0.256465894053408	0.539643479560457
ENSG00000104835.15	16.2457175127056	27	0.948100850868905	0.99999999971812
ENSG00000104852.15	24.9052148935734	18	0.127549436521763	0.359369500421092
ENSG00000104856.14	13.1076402604799	9	0.157795840678958	0.407533059525211
ENSG00000104859.15	78.9938616010914	36	4.66697092445959e-05	0.00111019640898365
ENSG00000104863.12	28.2140255001864	18	0.0588720074858735	0.219621358341721
ENSG00000104866.11	9.82246608479636	15	0.830756142582962	0.967749069864607
ENSG00000104883.8		9	1	
ENSG00000104889.7	13.9837990082451	12	0.301744041502957	0.592779234089168
ENSG00000104897.10	36.3812362021927	12	0.000281290853291638	0.00467098074402624
ENSG00000104899.8	7.27165215083642	6	0.296454001449274	0.587338365451215
ENSG00000104901.7		3	1	
ENSG00000104907.12		30	1	
ENSG00000104946.13	19.0586141592285	21	0.581379929044037	0.830461568802047
ENSG00000104957.14	40.8846262163861	30	0.0888361695883711	0.288936463821764
ENSG00000104964.15	4.58991855912609	12	0.970294569675977	0.99999999971812
ENSG00000104969.10	3.77184200137708	6	0.707519802320025	0.906329099992417
ENSG00000104976.12	15.8441512552581	9	0.0702083104964055	0.246621156616666
ENSG00000104979.9	15.2087512765429	9	0.0853592315783771	0.281839761076572
ENSG00000179943.8	14.0633453699493	12	0.296681462552844	0.587372040287994
ENSG00000105072.9		15	1	
ENSG00000105136.21	48.1748483563861	33	0.0427583207614337	0.177541572072847
ENSG00000105171.10	25.2863871007139	24	0.390334186223177	0.682167843990583
ENSG00000105185.12	14.6854743594886	9	0.0999457294088273	0.310740314342754
ENSG00000105202.9	11.1230435753241	12	0.518404332011265	0.788279755038386
ENSG00000105246.6		3	1	
ENSG00000105254.12	40.4339970816509	24	0.0192009798826827	0.102241969401333
ENSG00000105255.11		15	1	
ENSG00000105258.9	14.0702893079433	15	0.520205038078396	0.788789999185282
ENSG00000105290.13	15.1008227758721	18	0.65503296465403	0.876296388978577
ENSG00000105298.14	22.8944178158672	15	0.0864074354296014	0.284151803603386
ENSG00000105321.14	24.1822451254084	18	0.149147344779075	0.394544942146461
ENSG00000105329.10	5.84164920232433	6	0.441160573924724	0.727374518161831
ENSG00000105341.19	31.0313222319819	24	0.152881601151179	0.399750996466107
ENSG00000105355.9	4.2614632085315	9	0.893376356867595	0.986479350588987
ENSG00000105372.8	16.5248463731259	15	0.348052681887445	0.640559712671226
ENSG00000105376.5	1.46272452903941	9	0.997413966630568	0.99999999971812
ENSG00000105401.9	19.4595403161657	15	0.193659649302755	0.459113162578079
ENSG00000105404.11	48.6083105244034	18	0.000122195124073381	0.00246049985068231
ENSG00000105516.11	4.18617363464728	9	0.898737092427727	0.988514163273464
ENSG00000187266.14	10.2047257473496	12	0.598005518655251	0.842461975581467
ENSG00000105538.10	2.13512609454483	3	0.544839265938167	0.80676908675181
ENSG00000105550.10	1.32027091102282	3	0.724325268757925	0.918220742858447
ENSG00000105583.11	0.543627691105939	3	0.909207214498815	0.990927457228769
ENSG00000105607.13	35.7072922785228	27	0.121838666252026	0.349884255219531
ENSG00000105612.9	11.7800044417381	9	0.22599766894463	0.50015797395816
ENSG00000105643.10	16.7943912776682	18	0.537281505177195	0.800568938645144
ENSG00000105647.19	5.56495201079088	9	0.782545529121578	0.947971339875318
ENSG00000105649.10	14.0623077860701	9	0.120126017789421	0.346560791208378
ENSG00000205155.8	1.7139424081106	6	0.944039821165287	0.99999999971812
ENSG00000105677.12	25.9534191740677	18	0.100827757311702	0.312630230233828
ENSG00000105698.16	32.5691766880627	30	0.341540120628063	0.63381964693477
ENSG00000105700.11	56.4584849124076	36	0.0162089953022594	0.0905671186069014
ENSG00000105701.16	27.6316323984938	21	0.150911175515742	0.396626519617298
ENSG00000105722.10		15	1	
ENSG00000105723.12	9.07280938420809	9	0.430580589201696	0.717461195463718
ENSG00000105738.11	8.60987935987441	15	0.897016782646712	0.987703719079781
ENSG00000105767.3	2.09708206003234	3	0.552503308003141	0.81119065452318
ENSG00000091136.14	45.5999712141202	27	0.0140431842354053	0.0815716817398981
ENSG00000078967.13		18	1	
ENSG00000128510.12		12	1	
ENSG00000105793.16	19.7329697858877	15	0.182417346379918	0.443737712010999
ENSG00000105829.13	22.0545302705796	15	0.106382020610618	0.322998423516181
ENSG00000105835.12	18.6335969967913	12	0.0977628679904748	0.306189949992213
ENSG00000105849.6	4.99486777157654	3	0.172173337252049	0.429342044551732
ENSG00000105854.13	45.0344213060453	24	0.00577072159804869	0.0435314979546018
ENSG00000105855.10	17.3963244673928	9	0.0428594310884277	0.17785359862212
ENSG00000105856.14	21.8017844112728	21	0.411008463613587	0.70108201490535
ENSG00000105866.15	13.9177506762207	9	0.125281223370702	0.355577589860964
ENSG00000105879.12		12	1	
ENSG00000105926.15	15.5343496361529	15	0.413654893927078	0.703103341638432
ENSG00000105953.15	8.50159806758165	9	0.484490825757524	0.764438787085256
ENSG00000105968.19	104.548234389105	18	3.22750696901423e-14	6.34887861270126e-12
ENSG00000105971.15	18.7570568565206	9	0.0273396810492749	0.129591101692786
ENSG00000106003.13		9	1	
ENSG00000106006.6	1.24312197441799	3	0.742681531380246	0.928108778366696
ENSG00000106025.9	12.7512187105403	12	0.387379554350342	0.679092624070205
ENSG00000106069.23	11.2125342706554	12	0.510797695188874	0.782955413648155
ENSG00000106077.18	35.3362952084717	36	0.499965665224962	0.777817306400934
ENSG00000106080.11	24.5921870374732	9	0.00345701711245652	0.0305106367931991
ENSG00000106089.12		33	1	
ENSG00000106100.11	14.2671215053169	12	0.28397668868275	0.573164250945663
ENSG00000106245.11	15.8351210540277	12	0.198905075004362	0.465264123535243
ENSG00000106258.15		3	1	
ENSG00000106266.11	30.7590874744346	18	0.0306886122492024	0.140428575610682
ENSG00000106305.10	8.13656652209465	6	0.228267902249478	0.502464465700432
ENSG00000106327.13	35.7165276295818	27	0.121627883298767	0.349741947581228
ENSG00000106330.12	21.7166906098537	15	0.11545064307435	0.339587701409735
ENSG00000106333.13	6.1518370192498	12	0.908235228531719	0.990927457228769
ENSG00000106344.8		18	1	
ENSG00000106355.10	52.7335246386938	21	0.000150145765142595	0.00286877575631796
ENSG00000106392.11	17.8763435201599	12	0.119497068671039	0.345373693837534
ENSG00000106397.12	24.8166737715947	18	0.130049855032376	0.364061293685324
ENSG00000106399.11	1.26698097612825	9	0.998534649205204	0.99999999971812
ENSG00000214253.9	2.77830108540365	9	0.972439879196863	0.99999999971812
ENSG00000106415.13		15	1	
ENSG00000106459.15	16.6863813440796	18	0.544757386492045	0.80676908675181
ENSG00000106477.20	52.3947378261582	39	0.0742527873063798	0.255993178751924
ENSG00000106479.11	15.8774937817875	12	0.196911729673716	0.462717685006303
ENSG00000106538.10	5.72241599010158	9	0.767346418811681	0.940472863410579
ENSG00000241127.8	21.1897579241631	12	0.0476698421682712	0.191296514530893
ENSG00000106588.11	2.33208180317888	3	0.506402761154951	0.781414066051289
ENSG00000106591.4	5.86034943221603	3	0.118605767562893	0.344077820873747
ENSG00000106603.19	47.4643011068984	21	0.000812967202857336	0.0105263816683895
ENSG00000106628.10	22.709032921528	27	0.700540865035893	0.901702844904008
ENSG00000106631.8		3	1	
ENSG00000106635.8	16.3815696211641	21	0.747843535828525	0.930655429902078
ENSG00000106636.8	23.9705545047909	18	0.155994833616437	0.404637866814975
ENSG00000106665.16	8.82215906898591	12	0.71804069246934	0.91410556854622
ENSG00000095303.17	50.1487369599054	21	0.000347812366834972	0.00550738808104479
ENSG00000081386.12	0.768259164374285	6	0.992897843887578	0.99999999971812
ENSG00000229809.8	13.4481940372507	9	0.143352294484236	0.386288361506653
ENSG00000086065.14	3.66202650842024	6	0.722302717944178	0.917020541374084
ENSG00000106692.15	39.9185373225882	18	0.00214121926712061	0.0215364128646772
ENSG00000106804.8	12.3457904046591	9	0.194509721087101	0.460270103444447
ENSG00000106948.17	25.6683657775075	18	0.107585960898266	0.32549446732575
ENSG00000106992.19	21.7472875032399	12	0.0404516714146766	0.170842339760829
ENSG00000107020.10	8.64524722854185	6	0.194533882378351	0.460270103444447
ENSG00000107021.16	7.71419864960899	3	0.0523028181817135	0.203038150732732
ENSG00000107223.13	11.7183884449769	6	0.0685542729830257	0.242225097873358
ENSG00000107290.14	22.8379737862324	12	0.0291334136211098	0.135395587428592
ENSG00000026025.16	2.00809553265572	3	0.570728147783029	0.821825349944908
ENSG00000107669.17	28.6672914840256	18	0.0525999455511728	0.203727695207477
ENSG00000107771.17		6	1	
ENSG00000107796.13	8.05725533661735	6	0.233938582069659	0.509130451235786
ENSG00000107819.13	13.0210683676814	15	0.600670557134187	0.84315610427759
ENSG00000107872.12	9.51658358797067	12	0.658288060318738	0.878819362935342
ENSG00000107959.16	24.8305206132427	24	0.415016904613895	0.70404656358786
ENSG00000107960.11	1.03750181895612	6	0.984150633420497	0.99999999971812
ENSG00000108176.15	2.60719671871084	6	0.856283023997757	0.974503338818654
ENSG00000108179.14	15.9310563001054	9	0.0683353456455783	0.241785628020969
ENSG00000005100.13	10.5507120384864	9	0.307765675836333	0.598960254590915
ENSG00000011260.14	30.3779065187409	9	0.000378257804947092	0.00588024177325806
ENSG00000013306.16	35.4719411668775	27	0.127309382059462	0.359032180364816
ENSG00000083454.22		21	1	
ENSG00000108256.9	16.0449771208823	3	0.00111015914810521	0.0131129537251364
ENSG00000108262.16		21	1	
ENSG00000108298.11	1.00362674426287	3	0.800374391924431	0.955668860211808
ENSG00000108342.13		9	1	
ENSG00000213246.7	4.72263623119216	18	0.999229595336617	0.99999999971812
ENSG00000213977.8	0.461549356848991	3	0.927253899232084	0.996676833631703
ENSG00000108433.17		48	1	
ENSG00000108439.11	31.7753668345267	33	0.527989063634575	0.79458586610535
ENSG00000175106.16	54.755299207382	21	7.67365518415264e-05	0.00169167713100641
ENSG00000108443.14	30.1180892430011	24	0.180868646634131	0.441236676942648
ENSG00000108468.15	4.72279692535813	9	0.857772430008035	0.974898172411733
ENSG00000108474.17	56.8058486264017	33	0.00614864668668964	0.0457082172660961
ENSG00000108479.12	15.0660500407903	15	0.446670039242382	0.732726315426698
ENSG00000108511.10	6.09937271562467	6	0.412150933123855	0.702063596157187
ENSG00000108518.8	1.56822135811672	6	0.954834745042663	0.99999999971812
ENSG00000108528.14	17.9359079442802	12	0.117650479839345	0.343156040961735
ENSG00000108559.12	15.945071798662	21	0.772729348116946	0.94269434852284
ENSG00000108561.8	3.99256535130553	3	0.262268057606727	0.547668733490995
ENSG00000108582.12		9	1	
ENSG00000108587.16	46.8024778037507	30	0.0260105780257063	0.125029230556837
ENSG00000108588.14	9.23373688245192	12	0.682847162031715	0.893316743883159
ENSG00000108590.11	24.5106006598617	9	0.00356302842416556	0.0311772606935753
ENSG00000108591.10	59.1821166216469	39	0.0200912319057795	0.105113106765555
ENSG00000108599.15	11.1911917997222	18	0.886067811818532	0.984685680347382
ENSG00000108602.18		24	1	
ENSG00000108604.16	28.5881335829909	18	0.053650872631739	0.206313825620322
ENSG00000108639.7	18.9246943349426	12	0.0903620703420236	0.291949973950903
ENSG00000108654.15	57.2248980685836	27	0.000602216503017117	0.0084153997395657
ENSG00000108666.10	33.3821954677551	27	0.18474826008304	0.446490535544649
ENSG00000108691.9		3	1	
ENSG00000108733.11		3	1	
ENSG00000108773.11	18.9759276298646	12	0.0891110423816514	0.289462322172725
ENSG00000108784.10	18.5581815842634	9	0.0292229418171543	0.135688366703437
ENSG00000108786.11	21.362315557275	9	0.0111352933110211	0.068698983883254
ENSG00000108821.14	17.9364444853891	15	0.266021612962514	0.552514736851484
ENSG00000108826.16	12.9940009932907	6	0.0431313105583679	0.178436248276357
ENSG00000108840.15	41.660628079786	27	0.035539578484636	0.154827235229702
ENSG00000108861.9	9.49210226024661	9	0.393142169246839	0.684502340293773
ENSG00000108961.14	23.7051647645276	15	0.070272448219016	0.246698319121356
ENSG00000109072.14	1.48950351503345	3	0.684695024006193	0.893433455012014
ENSG00000109079.10	2.39762464521846	6	0.879744556280691	0.982754288628881
ENSG00000109107.14	5.88009254676581	12	0.92200534745382	0.99446974872662
ENSG00000002549.12	31.9584966084512	18	0.0222373083958837	0.112662420793212
ENSG00000077684.16	17.6376472185621	15	0.282194286780162	0.570805884808044
ENSG00000018189.13		24	1	
ENSG00000109270.13	1.65900365541529	6	0.948242168438502	0.99999999971812
ENSG00000109320.13		9	1	
ENSG00000109466.14		18	1	
ENSG00000109501.14	38.530065838946	18	0.00329363686092866	0.0294241148038771
ENSG00000109534.17	17.0666180221378	6	0.00904150632351547	0.0592476413729915
ENSG00000109536.12	16.9110183093835	9	0.0501277915543054	0.197670462532378
ENSG00000109794.13		15	1	
ENSG00000064199.7		6	1	
ENSG00000085117.12	17.7538905678666	18	0.471972993076857	0.753760487794988
ENSG00000134333.14	19.8878898865078	18	0.339166669591171	0.630744946782154
ENSG00000021300.14		6	1	
ENSG00000109846.9		12	1	
ENSG00000109861.16	26.4056924792822	15	0.0339686246769118	0.150548120372674
ENSG00000109917.11	23.5690558557872	21	0.314403742285646	0.605715648046284
ENSG00000109944.11	0.462373266241116	3	0.927076570677785	0.996676833631703
ENSG00000109971.14	13.6042355578393	21	0.885991461395251	0.984685680347382
ENSG00000110042.8		3	1	
ENSG00000110057.8	23.2050643649691	18	0.182832450541999	0.444015464528515
ENSG00000110060.9	2.8922215054663	9	0.96841499471491	0.99999999971812
ENSG00000110080.19	26.3008777703435	30	0.659689287267734	0.879213253350052
ENSG00000168066.20	67.0977459342394	39	0.00340892735625498	0.0302165666612931
ENSG00000110092.4	17.0460004140841	9	0.0480004686288509	0.192020646697112
ENSG00000110107.9	2.4711707316892	6	0.871680064813313	0.978213426546942
ENSG00000110108.10	3.20063521496195	6	0.783276408040704	0.948198438007496
ENSG00000110200.8	24.6355785654159	30	0.742541221648748	0.928085796217625
ENSG00000110330.8	34.4742679607261	18	0.0109997350739958	0.0684206556655648
ENSG00000110435.12	4.90110894297686	6	0.556557905409382	0.814453621521111
ENSG00000062282.15		6	1	
ENSG00000110696.10	15.3346810701914	15	0.427588989269978	0.71409106469267
ENSG00000110700.7	0.965205911081284	3	0.809670243421568	0.95854541197619
ENSG00000060138.13	20.3895495913748	18	0.311320567678446	0.602682189886016
ENSG00000013573.17	123.24985925974	60	2.87519081994009e-06	9.90246696874314e-05
ENSG00000075856.12		36	1	
ENSG00000090612.22		24	1	
ENSG00000089157.16	13.3713558381423	15	0.573638232882146	0.824237320431447
ENSG00000089159.16	64.4104644548352	39	0.00639624014238297	0.0468675790948678
ENSG00000002016.18		42	1	
ENSG00000013503.10		3	1	
ENSG00000110841.14	65.8271685547516	36	0.00174754680295472	0.0186793535109454
ENSG00000110851.12	19.7154672693514	15	0.183121523463514	0.444611930574005
ENSG00000110881.12	15.4473497155177	12	0.217878751388646	0.490790959690478
ENSG00000110906.13	15.995523251393	24	0.888237519862293	0.984860013031171
ENSG00000110917.8	11.297068296255	9	0.255894755601457	0.539033660429841
ENSG00000110921.14		33	1	
ENSG00000110925.7	7.64452434742452	9	0.5703277336223	0.821740368906415
ENSG00000110944.9	11.8555169142514	6	0.0652707602852874	0.234594029149053
ENSG00000111012.10		12	1	
ENSG00000111087.10	20.0637856536659	9	0.0175228146880401	0.095850733392493
ENSG00000111110.12	2.06851162105568	3	0.558309296115607	0.815150697968391
ENSG00000111144.10	6.12870761090017	9	0.726970777405776	0.920201054400557
ENSG00000111145.8	1.39387305628247	6	0.966230067670713	0.99999999971812
ENSG00000111203.13	52.0840607366772	30	0.0074592049688276	0.0520465263479792
ENSG00000111215.12	24.109356471472	9	0.00413172774651888	0.0345854690009342
ENSG00000111229.16	3.40986236918252	9	0.945810269211981	0.99999999971812
ENSG00000111231.9	33.2083734377011	15	0.00439201322329955	0.0360271878597684
ENSG00000111247.14	31.146339715604	33	0.55962645741912	0.81609523104101
ENSG00000111254.8		3	1	
ENSG00000111266.9	7.73190477318349	9	0.561373226802596	0.816741570448413
ENSG00000111269.3	2.69906562099459	3	0.440386105638542	0.726886971670561
ENSG00000111291.8		3	1	
ENSG00000111319.13		12	1	
ENSG00000111321.11	32.5574022715737	27	0.212069312064814	0.48410109196853
ENSG00000111325.16		51	1	
ENSG00000111331.13	5.10922714355957	9	0.824684556802544	0.965403791660931
ENSG00000111341.10		6	1	
ENSG00000111358.14	28.9553333892545	30	0.519944121830843	0.788511256072304
ENSG00000111424.12	9.16501407792384	12	0.688775152402648	0.895477199925922
ENSG00000111581.10	9.20171965591726	24	0.997133138883503	0.99999999971812
ENSG00000111596.13	70.6490189394754	69	0.422325217796593	0.709470299366291
ENSG00000111602.12	29.8406928337572	12	0.00295078544530358	0.0272907633996477
ENSG00000111615.14	31.0452769684489	12	0.00193893741084837	0.0201150007865801
ENSG00000111639.8	40.2846079204464	15	0.000410724597196408	0.00622730602923995
ENSG00000111640.15	3.4245795737952	6	0.753975513455293	0.933028735438446
ENSG00000111652.10	48.4615804876667	39	0.142455732864838	0.38458160239494
ENSG00000111664.11	3.4682197220551	3	0.324907367710537	0.615458789687237
ENSG00000111665.11	82.0732963643386	27	1.82491946457155e-07	9.14623424951995e-06
ENSG00000111666.11	19.2771869041462	12	0.0820550984985849	0.274304938856925
ENSG00000111667.13	12.0687310278008	15	0.673819355136625	0.888664209903143
ENSG00000111669.15	10.3553749411367	6	0.110462274199383	0.330966198824105
ENSG00000111674.9		24	1	
ENSG00000111678.11	368.112094222801	9	8.61881164157249e-74	8.8161824281645e-70
ENSG00000111711.10	33.0638407808547	18	0.0163959499626831	0.0913475883269527
ENSG00000111725.11		18	1	
ENSG00000111726.13	4.13558215295416	6	0.6583342751729	0.878819362935342
ENSG00000111727.12	13.8117940924581	9	0.129179341544715	0.362417850976657
ENSG00000111737.12	14.1774371097126	9	0.116151960549297	0.340727962276672
ENSG00000111775.3	1.76116960030049	3	0.623421095254943	0.856349477837726
ENSG00000257218.6	4.68112459863187	6	0.585311832856458	0.833285280207197
ENSG00000111786.9	21.3644294903497	9	0.0111269822024522	0.068698983883254
ENSG00000111790.14	8.64259182667593	12	0.733116530849143	0.923414480243306
ENSG00000065029.15	63.1688338391086	24	2.25020423575009e-05	0.000601672019672133
ENSG00000232774.8		6	1	
ENSG00000010810.17	84.3906027154299	45	0.000340458021540136	0.00540767873033238
ENSG00000111843.14	2.67012622684706	6	0.84896307876203	0.972641129508573
ENSG00000111850.11	7.68199946748609	12	0.809461291227366	0.958441896974734
ENSG00000111863.13	5.71062193393175	6	0.45637421888777	0.741109999206699
ENSG00000111875.8	2.24570823911563	3	0.523001474308554	0.790569244968553
ENSG00000111912.20	23.783764658001	18	0.162240417871515	0.414889308601932
ENSG00000112029.10	5.89251760745174	6	0.435337528821118	0.721611988707052
ENSG00000112062.11		21	1	
ENSG00000112118.20	5.93891426519258	9	0.746016120882239	0.92954176449768
ENSG00000112130.17	7.03342136734136	18	0.98984147115318	0.99999999971812
ENSG00000112167.10	11.7586895245347	6	0.0675737987071766	0.239920995132145
ENSG00000112186.12	7.2780845068155	12	0.838702708603304	0.969000887152263
ENSG00000112234.9	4.33540570173091	3	0.227450032576973	0.501311437886201
ENSG00000112293.15	1.46054276031379	3	0.691406515722071	0.897056982410079
ENSG00000112304.11	1.83059356095328	3	0.608300171299245	0.848365979763974
ENSG00000112306.8	0.685100400820375	3	0.876702763628068	0.9809442757768
ENSG00000112312.10		15	1	
ENSG00000112335.15	10.3924810521712	9	0.319655546888931	0.611366251027306
ENSG00000112367.12	27.0409117905356	36	0.859579495696699	0.975149824658327
ENSG00000112414.15		3	1	
ENSG00000112561.18		21	1	
ENSG00000112578.10	10.6190440462051	12	0.561817437869057	0.816989775359521
ENSG00000112592.14	3.69012533003661	9	0.930599448329026	0.997836563441924
ENSG00000112640.16	30.904689916486	18	0.0295262577192486	0.136724350479943
ENSG00000112651.12	40.9667122254032	24	0.0167975765743716	0.0927766796864185
ENSG00000112655.16		30	1	
ENSG00000112667.13	12.6714888284332	6	0.0485596889824467	0.193453661681666
ENSG00000112685.14	1.98140200597663	6	0.921401080490057	0.99446974872662
ENSG00000112697.17	0.430277543033299	3	0.933919232531795	0.998542890098018
ENSG00000112715.24	8.05751067367964	33	0.999997401815665	0.99999999971812
ENSG00000112742.10	17.0127843939663	15	0.318100727181518	0.610021060806102
ENSG00000112769.20		3	1	
ENSG00000112812.16	17.0204828451242	24	0.847787136688967	0.972635107805232
ENSG00000039123.16	31.8935292227507	12	0.00143710316813241	0.0160657139965316
ENSG00000112855.17	43.4198792956449	27	0.0237151515896129	0.117644173428783
ENSG00000112874.10	6.23818149838189	9	0.715863666086686	0.912242362078076
ENSG00000112941.14	14.1990873262002	15	0.510486653426768	0.782955413648155
ENSG00000112977.16	1.79464089540124	3	0.616101830908674	0.852442260025001
ENSG00000112983.18		42	1	
ENSG00000112996.11	19.9848701323936	3	0.000170972355529555	0.00315112833281409
ENSG00000113083.14	13.1838487386376	12	0.355820657735984	0.648208712602751
ENSG00000113140.11		15	1	
ENSG00000113272.14	6.56568296588739	6	0.362884032725767	0.654082468359796
ENSG00000113312.11	1.02293379500043	3	0.795702890374018	0.953184743334089
ENSG00000082196.20	5.31705976911906	6	0.503837175706321	0.779863925361675
ENSG00000113441.16	155.532791604781	6	5.22643281297925e-31	4.11239855722806e-28
ENSG00000113494.17		6	1	
ENSG00000113569.16	46.4752689938468	21	0.00110435248364126	0.0130745619851463
ENSG00000113575.10	5.76336538570467	9	0.763348173259796	0.938270663815724
ENSG00000113580.15		21	1	
ENSG00000113583.8	0.577350343446597	3	0.901597346811096	0.988895481506616
ENSG00000113595.15		9	1	
ENSG00000113597.18	37.863024620794	21	0.0133730867446681	0.078436527701382
ENSG00000113643.9	52.0451243990392	12	6.08659995442618e-07	2.67209574823285e-05
ENSG00000113734.18	14.5274450629186	12	0.268301106744405	0.554522679276962
ENSG00000004838.14		9	1	
ENSG00000076242.16	93.5139907881458	66	0.0145792718854847	0.083640702252733
ENSG00000113790.11	4.37894171707899	6	0.625538402389812	0.857739513284177
ENSG00000113851.14	49.3608946073146	30	0.0144374570398453	0.0831067800003248
ENSG00000113916.18		24	1	
ENSG00000114023.15	3.67794308793964	6	0.720164113098105	0.915470217453697
ENSG00000114113.6		3	1	
ENSG00000114268.12	27.6635422510662	21	0.149954157933727	0.395432091132789
ENSG00000114315.4	3.76985304998357	3	0.287412253886436	0.576911292190807
ENSG00000114346.13	39.1518632873049	36	0.330241225813344	0.620918316901566
ENSG00000114383.10	10.4635954463593	6	0.106438132512134	0.323072895390687
ENSG00000114388.14		48	1	
ENSG00000114395.11	9.18834615581727	12	0.686764537810504	0.893845827279915
ENSG00000114450.11	23.710798934314	24	0.478230567483403	0.758539382041825
ENSG00000114491.14	48.7478931364531	18	0.000116461450840517	0.00235897857553989
ENSG00000114626.18	32.7745000606074	24	0.108921602982622	0.32779025504832
ENSG00000114648.12	16.3037401056135	12	0.177716908493507	0.436775900204409
ENSG00000114735.10	43.6472540096111	15	0.000124850807836391	0.00250441283724731
ENSG00000114784.4	7.39575256167154	9	0.595988346682958	0.841458219216007
ENSG00000114853.14	6.25587088667044	3	0.099803883393943	0.310606320355659
ENSG00000114854.8	1.335389943888	6	0.969670448754982	0.99999999971812
ENSG00000114857.18		39	1	
ENSG00000114902.14	0.840655990643427	3	0.839719952933418	0.969104162568138
ENSG00000114904.13	12.8869195604011	15	0.611031907544653	0.850034596899187
ENSG00000011638.10		18	1	
ENSG00000085449.15	6.47135669739873	12	0.890484642832429	0.985797338910489
ENSG00000055332.18	35.7910879239753	21	0.0230761549102499	0.11548238188696
ENSG00000021826.17	54.9665436521173	15	1.80911464576067e-06	6.75380792389996e-05
ENSG00000071626.17	32.0590809949645	24	0.125534311059698	0.355999575223081
ENSG00000079785.15	9.84989052874153	9	0.362773664032953	0.654082468359796
ENSG00000079150.18	14.8682628838997	21	0.829503500285387	0.967293941988659
ENSG00000008869.12	6.61657189999778	6	0.357765124953365	0.65003832532736
ENSG00000014641.21	9.63344734394923	12	0.648083025418843	0.870907962489935
ENSG00000084764.12	9.65893803728613	9	0.378794863055546	0.669204258064797
ENSG00000095002.15	1.76144671825023	9	0.994703071048287	0.99999999971812
ENSG00000071051.14		6	1	
ENSG00000023228.14	39.983974452407	18	0.00209777036247842	0.0212246221936614
ENSG00000018280.17	2.03795620739584	3	0.564566243112146	0.81840892563379
ENSG00000114993.17	25.5088911439434	21	0.225796680103357	0.499821302916519
ENSG00000115274.15	7.94704254726821	15	0.925888260484164	0.996099181372793
ENSG00000114999.8	2.32814905953273	9	0.985153724185386	0.99999999971812
ENSG00000115042.10	21.1060260188424	15	0.133475821431782	0.368608039261797
ENSG00000115128.7	0.84453899791697	3	0.83878686958188	0.969000887152263
ENSG00000115163.15	10.8610650705159	9	0.285352619470707	0.574945083266488
ENSG00000115194.11	12.2881732073779	12	0.422822468228574	0.709860702010422
ENSG00000115204.15	32.2446659150301	36	0.64787814273311	0.870907962489935
ENSG00000115216.14	14.3037252921567	15	0.502629826556996	0.779508325676634
ENSG00000115234.11	40.5425325224642	18	0.00175972195711891	0.0187502040618431
ENSG00000115255.11	0.211143987788091	3	0.975770539097544	0.99999999971812
ENSG00000115266.12	0.831630053454035	3	0.841887534590769	0.970000855071973
ENSG00000115268.10	5.71720678545535	9	0.76785374450342	0.940482710003616
ENSG00000115271.11		9	1	
ENSG00000239779.7	31.5860798805079	24	0.137593072879292	0.376099056060689
ENSG00000115282.21	68.0004547727222	30	8.94680250878633e-05	0.00192248436023078
ENSG00000115286.20	3.57620051520644	6	0.733805496695956	0.923871179509739
ENSG00000115289.14	42.2627684202598	18	0.0010161439809045	0.0122862136887377
ENSG00000115325.13		9	1	
ENSG00000115350.12	13.4295615604206	6	0.0366995890299849	0.159000464289587
ENSG00000115363.14	28.1192669050063	6	8.92253608769264e-05	0.00192144466612648
ENSG00000115365.12	13.2896044620138	12	0.348347154219538	0.640640604191237
ENSG00000115392.12	39.5417788313935	27	0.0565160566283562	0.212772448749156
ENSG00000115486.12	15.5576560624686	18	0.623388094554513	0.856349477837726
ENSG00000115540.15	10.2199951295297	6	0.115688059032549	0.339854438783442
ENSG00000115541.11	7.03268721071072	12	0.855445898187256	0.974503338818654
ENSG00000172232.10	1.60365575172932	3	0.658561186871689	0.878839130789621
ENSG00000115685.15	44.2337217855675	36	0.163004733193156	0.415804343100448
ENSG00000115687.14	23.9437204993756	18	0.156880251502646	0.406260276612801
ENSG00000115738.10	8.89530338495024	9	0.446994293815228	0.732976055055461
ENSG00000115758.13	17.4000716870651	6	0.00792009641312501	0.0538303429965819
ENSG00000115762.16	10.4433684255782	18	0.916469637315601	0.993779968944554
ENSG00000196208.14		12	1	
ENSG00000115806.13	22.9507798523264	18	0.192488642177923	0.458298966805169
ENSG00000115816.15	2.28955963680346	3	0.514523953550534	0.78529825426126
ENSG00000115825.11	27.7510735417072	24	0.270679189319559	0.557318320748157
ENSG00000115844.11	2.05408084157625	3	0.561258230283691	0.816741570448413
ENSG00000115902.11	4.66849909415396	9	0.862196126816917	0.975574659361612
ENSG00000115942.9		15	1	
ENSG00000115944.15	9.14825640931667	9	0.423703002477734	0.710617808221797
ENSG00000196415.10	4.42631905262272	3	0.218957372727998	0.492245047392241
ENSG00000116035.4		3	1	
ENSG00000116039.13		9	1	
ENSG00000116062.17		15	1	
ENSG00000116095.11	5.80215343130976	6	0.445714117642564	0.732004667793796
ENSG00000116096.6	5.04888343328639	3	0.168252455638566	0.423800632535554
ENSG00000074800.16	0.885694495402277	3	0.828878612331081	0.967293941988659
ENSG00000097046.13	7.22122412857425	9	0.614098805771616	0.851167572389954
ENSG00000097096.9	1.84307170226896	3	0.605607202329428	0.846972391663621
ENSG00000031698.13	40.3769759598217	12	6.22484158240379e-05	0.00141183823827957
ENSG00000116128.11	9.06817233646962	6	0.169780252155641	0.426075122497559
ENSG00000116205.14	10.0430823285117	6	0.122849414515771	0.351472032031229
ENSG00000116209.12	3.49273693643045	15	0.998982558507531	0.99999999971812
ENSG00000116251.11	5.77228170784656	6	0.449176707160921	0.735054196309553
ENSG00000116455.14	19.7669816800553	9	0.019406176467567	0.103012858892965
ENSG00000116514.16	1.09774078666351	6	0.981634291749099	0.99999999971812
ENSG00000231607.12	72.2909486274148	36	0.000314194876198138	0.0050692419379034
ENSG00000116667.15	5.15087174913833	9	0.820962990725234	0.963141464861615
ENSG00000116670.15	18.3267404814396	15	0.24587762785096	0.524300949299237
ENSG00000116688.18	78.864078398401	45	0.0013407381376466	0.0151665701172286
ENSG00000116691.11	24.226041736827	18	0.147760891223747	0.392481473987978
ENSG00000116731.22	18.4679283433788	21	0.619230600327903	0.855273807559186
ENSG00000116741.8	9.44996219357199	6	0.149808825098466	0.395432091132789
ENSG00000213047.13	16.8847349861671	15	0.325801551142515	0.616467640887307
ENSG00000116874.12	14.5356919843453	9	0.104504953767988	0.319862708585504
ENSG00000116885.18	9.4327152001074	15	0.853827899990184	0.973720026384765
ENSG00000117139.18	71.586969963857	48	0.0152518280239133	0.0866059755560133
ENSG00000053371.12	15.0905629594927	9	0.0884782167849759	0.288414174472122
ENSG00000117280.13	13.4692058630662	18	0.762979730656173	0.938091361541809
ENSG00000117305.15	17.8899663678149	15	0.268494555641423	0.554522679276962
ENSG00000117362.13	32.6584693919576	15	0.00523173474869733	0.0406721391454974
ENSG00000117385.16	62.8777587041041	27	0.000109316395102212	0.00223193094910285
ENSG00000117395.13	19.034962764883	9	0.024897250163911	0.12163029368946
ENSG00000117410.14	8.58424277516315	9	0.476502025577996	0.757297350238962
ENSG00000117479.15	4.23269611157593	6	0.645218914838944	0.869175542084924
ENSG00000117533.15	13.6938850626057	9	0.133638577887073	0.368825505500155
ENSG00000117614.10	6.26079411644605	6	0.394618922903465	0.685306479787239
ENSG00000117682.17	66.4906813605048	54	0.118386463119503	0.343929318730302
ENSG00000117751.18	10.7484951251063	12	0.550586837884567	0.810546708620006
ENSG00000117984.14	23.8523912346573	12	0.0213018488029924	0.109248119291197
ENSG00000118004.18		6	1	
ENSG00000118007.13		21	1	
ENSG00000118200.14	7.9820602966438	6	0.239420563553528	0.515803063308559
ENSG00000114942.14	7.93023505946621	12	0.790558240951645	0.95103142969474
ENSG00000138363.15		24	1	
ENSG00000118246.14	18.9110761628526	15	0.217791801674862	0.490703158443207
ENSG00000118276.11	8.37795476028214	9	0.496551287406179	0.775098904147383
ENSG00000083097.14	2.7945695995802	9	0.971885669801522	0.99999999971812
ENSG00000118412.13	28.5819720452901	12	0.00454332884108238	0.036842096334407
ENSG00000118420.17		9	1	
ENSG00000028839.10	6.84587071014903	12	0.867628655933547	0.976922358376452
ENSG00000189007.16	3.50923155046576	6	0.742741075345564	0.928108778366696
ENSG00000118503.15	11.7777155805779	12	0.4636927973124	0.747653471580791
ENSG00000118515.11	85.4618688219926	33	1.55267853534508e-06	5.94844522024149e-05
ENSG00000118557.16		9	1	
ENSG00000118579.13	6.26825663662021	6	0.393820528541561	0.684867423742201
ENSG00000239305.7	10.4389211816597	6	0.107343865824128	0.325050445090292
ENSG00000118690.13	4.9025888337826	6	0.556366300530886	0.814289725015085
ENSG00000118705.17	2.54837349662557	9	0.979554129368902	0.99999999971812
ENSG00000149639.15	1.79332515565238	3	0.616388532932058	0.852723600671087
ENSG00000118762.8	20.1456027078166	12	0.0643812938811339	0.232623191490681
ENSG00000118777.12	13.0951879111469	6	0.0415490137811413	0.173826119414026
ENSG00000118816.11	15.6931140136003	12	0.205699726770049	0.474937041474106
ENSG00000118873.16	16.9113405378939	12	0.152962930782099	0.399759279246319
ENSG00000118961.15	57.886479556666	33	0.00471386328940592	0.037670396552604
ENSG00000118985.16	36.758580646363	21	0.0179403920498494	0.0975524479613979
ENSG00000173221.14	8.10977716369962	6	0.230170599543239	0.504385651633066
ENSG00000119013.9	2.31831334205344	6	0.888221468340235	0.984860013031171
ENSG00000107372.13	13.403580171238	15	0.571156165095156	0.821825349944908
ENSG00000119125.17	18.1727308478294	12	0.110545589686331	0.331111458696892
ENSG00000134308.14	1.69409824372269	6	0.945575984477544	0.99999999971812
ENSG00000119185.13	98.7888411780878	33	1.75097001705689e-08	1.17063217676307e-06
ENSG00000119203.14	9.85139730963419	9	0.362648966777899	0.654082468359796
ENSG00000119227.8	1.73955275674189	3	0.628176408053298	0.859269529045203
ENSG00000111364.16		33	1	
ENSG00000119242.8	14.6131175666178	15	0.479626977830956	0.759811732419521
ENSG00000116977.19		51	1	
ENSG00000119321.9	9.58310170906407	9	0.385276609386772	0.676797945632371
ENSG00000119397.16	24.2781902138722	15	0.0605174286309005	0.223087483864846
ENSG00000119431.9	10.9942549765001	6	0.0885541516201929	0.288424078139809
ENSG00000119523.10	3.97796795432441	6	0.67965809908855	0.890979376938066
ENSG00000119541.10	10.716632223689	6	0.0975391078152472	0.305897104727236
ENSG00000063761.16	36.0197162810673	18	0.00701508638364539	0.0499007778986848
ENSG00000119630.14	3.21434587932333	3	0.359743116412896	0.651542594980245
ENSG00000119632.4	4.13804422321846	6	0.658001451126781	0.878795775372221
ENSG00000119638.13	16.8131733702685	18	0.535983385530138	0.799791984039063
ENSG00000119640.9	16.0666767320072	12	0.188201199928663	0.451585755118531
ENSG00000119650.12	24.7742880253354	18	0.13126084339417	0.365849364326695
ENSG00000119655.11	1.0740675276611	3	0.783337683296391	0.948198438007496
ENSG00000119673.14	11.6560450668585	9	0.233401525898715	0.508228308031134
ENSG00000119686.10		9	1	
ENSG00000119689.15		18	1	
ENSG00000119699.8	10.7577723306507	6	0.0961575268640943	0.302988784522049
ENSG00000119703.15	28.2371805313323	15	0.0201306653782112	0.105113106765555
ENSG00000119705.10	1.66262374538928	3	0.645275106715507	0.869175542084924
ENSG00000115421.13	9.21648729805611	12	0.684336755399487	0.893433455012014
ENSG00000115129.14	17.3532008509974	12	0.136787123923089	0.374617266562055
ENSG00000119729.12	23.9417926980623	12	0.020714992116951	0.107278882479985
ENSG00000119777.20	18.7896876337036	24	0.763110589440747	0.938091361541809
ENSG00000119778.15	14.0362890456399	9	0.121040199295468	0.348373719356596
ENSG00000119812.19	24.2230500423248	21	0.28237709935531	0.570949861495447
ENSG00000119820.11	18.8476466425564	9	0.026519939481008	0.126881412979996
ENSG00000119844.15	16.5742722142468	12	0.166325515243374	0.420808533270483
ENSG00000119862.13	12.1656142522193	9	0.204133001938257	0.472781302514855
ENSG00000119878.6	1.07754395385018	3	0.782497640010801	0.947971339875318
ENSG00000138111.14	7.49228279292947	12	0.823443256914203	0.964481476334809
ENSG00000119906.13	21.5401784762944	6	0.00146643506704549	0.0162868233450688
ENSG00000119950.21		36	1	
ENSG00000119969.15	22.2308519475846	27	0.725555995389009	0.91886991170412
ENSG00000120137.7	18.7836515654353	6	0.00454505053345559	0.036842096334407
ENSG00000120149.9	1.07237919097133	3	0.783745689408289	0.948198438007496
ENSG00000120256.11	9.46486163394002	6	0.149072713052687	0.394544942146461
ENSG00000120318.16	12.4396016026658	12	0.411051085261375	0.70108201490535
ENSG00000120327.6	3.23949404372218	3	0.35615311598784	0.648583612138743
ENSG00000120328.6		3	1	
ENSG00000120458.13	46.4813089753716	21	0.00110230071617431	0.0130653928455932
ENSG00000120509.10	8.57300241483608	9	0.477585049751349	0.758103270314486
ENSG00000120526.11	2.97511231917815	6	0.811963959960469	0.959457117962298
ENSG00000120647.10	38.4490702547555	24	0.0311703676774193	0.141896613694848
ENSG00000120662.16	22.1820789848352	21	0.389083238127278	0.680949310375445
ENSG00000242715.8		21	1	
ENSG00000120686.12	19.1767852564899	9	0.023730990449858	0.117665681682791
ENSG00000120690.16		6	1	
ENSG00000120697.9	5.71100374904199	9	0.768457472988492	0.940820046822176
ENSG00000120699.13	42.4280805144517	21	0.00371595190276474	0.0322122644181191
ENSG00000120709.11	23.6556752194883	18	0.166635137692747	0.421282951917723
ENSG00000120729.10		3	1	
ENSG00000070087.14	14.8556025335274	18	0.671857019802913	0.88727800686747
ENSG00000120742.11	17.5303051396768	12	0.130714079216785	0.36488966630854
ENSG00000120832.10	32.6628986618962	18	0.0183277749919589	0.0987229122657964
ENSG00000120837.8	6.36291684177559	9	0.703117960361079	0.90308809850998
ENSG00000120860.11	14.6681157750681	18	0.684615218310488	0.893433455012014
ENSG00000104290.11	2.3193531348054	3	0.508823502292531	0.781964483916811
ENSG00000104635.14	9.25782685348531	15	0.863655118209287	0.975837921777794
ENSG00000120896.13	24.7597165626648	33	0.848413964836237	0.972641129508573
ENSG00000120910.15		12	1	
ENSG00000120925.16	34.113761405195	18	0.0121941904813689	0.073286941500542
ENSG00000120948.18	36.1057937698206	24	0.0536036014949998	0.206313825620322
ENSG00000121039.10	5.51785828244829	12	0.938413816074961	0.999691202315224
ENSG00000108848.16	64.2226395286853	33	0.000909142393622087	0.0113786919927783
ENSG00000108813.11	17.0098331607642	15	0.318276917568915	0.610244534172902
ENSG00000121073.15	27.5174073257076	45	0.981398574890695	0.99999999971812
ENSG00000121104.8	9.7449012204147	3	0.0208638031884857	0.107568469160796
ENSG00000121152.10	13.7031960824097	18	0.748224353311582	0.930655429902078
ENSG00000121210.16		15	1	
ENSG00000121211.8	10.1457051512189	12	0.603179649891302	0.845542639267935
ENSG00000121350.16	28.5911013473733	18	0.0536111398342929	0.206313825620322
ENSG00000121417.14	38.5726535835847	21	0.011034108375407	0.0685293834681471
ENSG00000114354.15	33.5814462233684	21	0.0401543724648719	0.170007895671844
ENSG00000160145.15		18	1	
ENSG00000121579.13	19.1761451931961	15	0.205862546523863	0.475020976402571
ENSG00000007372.23		48	1	
ENSG00000121680.16	24.6337690183282	21	0.26337398053979	0.548678279408546
ENSG00000121690.11	14.095072369455	9	0.118983282957804	0.344757241393005
ENSG00000121691.7	44.2138369011736	15	0.000101799695315905	0.00210365471391189
ENSG00000106336.13	6.17769198117799	6	0.40358233381446	0.693868532844358
ENSG00000121858.11	6.81277069322493	6	0.338509790074133	0.630024862203113
ENSG00000213366.13	4.01047593622457	9	0.910721672924107	0.991567002910132
ENSG00000121964.14		27	1	
ENSG00000121966.7	7.0628152496065	3	0.0699223593508655	0.245954543947732
ENSG00000121989.15		9	1	
ENSG00000122008.15	24.3861859916633	24	0.439700685750971	0.726372466819554
ENSG00000122035.7	11.0153062551581	6	0.0879045244097469	0.286726843171971
ENSG00000122068.13	14.3089615553345	18	0.708739720816781	0.907119444974331
ENSG00000122085.17	44.9572363171246	36	0.145463891477433	0.389210082637368
ENSG00000122140.11	10.3929676142725	9	0.319618507777669	0.611366251027306
ENSG00000122218.16	38.1586692920828	36	0.371541241338423	0.662800027494023
ENSG00000106546.14		6	1	
ENSG00000136193.17	0.720529344545867	3	0.868364944847125	0.977008562063921
ENSG00000122507.21	44.2590883901512	36	0.162364121267957	0.414998150037465
ENSG00000122547.11	27.1146324765405	12	0.00743881206249444	0.0519751424776336
ENSG00000122592.8		3	1	
ENSG00000122642.11	32.8334930643468	30	0.329813635517706	0.620865193006802
ENSG00000122678.17	54.5738853837684	36	0.0242927297778112	0.119351744907412
ENSG00000122687.19	20.922164994663	12	0.0515319069399438	0.201037328790498
ENSG00000122691.13	1.20577274711053	3	0.751620104023689	0.93253550206012
ENSG00000122696.14	5.36152139908336	6	0.498349122083047	0.776246866116566
ENSG00000122705.17	0.528970827523153	3	0.912482074765645	0.992321831041652
ENSG00000122741.16	13.1747962999434	9	0.154855118115579	0.402851730214714
ENSG00000105939.13		9	1	
ENSG00000122862.5	7.75769653290627	3	0.0512940265360588	0.200338525176535
ENSG00000122877.16	42.1581129711317	6	1.71120911887204e-07	8.69309056390735e-06
ENSG00000138286.15	23.6025188250123	21	0.312713290819502	0.603933320816852
ENSG00000076248.11	6.79444043028343	6	0.340276408623995	0.632333665300094
ENSG00000088986.11	49.9808609818574	15	1.21282033989204e-05	0.00034946307765509
ENSG00000122970.16	14.8616651030898	15	0.461426941840083	0.745410010752086
ENSG00000122971.9	0.505112294626088	3	0.917766835853472	0.993846944710836
ENSG00000123091.5	6.93433084962453	3	0.0740205881521979	0.255278690562654
ENSG00000123095.6		3	1	
ENSG00000123096.12		6	1	
ENSG00000123104.12		9	1	
ENSG00000104915.15	16.7315830958396	24	0.859881917285628	0.975149824658327
ENSG00000123136.15	130.123831913108	27	1.85439148630032e-15	4.6264806130161e-13
ENSG00000123143.13		15	1	
ENSG00000123144.11	13.1638731817366	3	0.00429529487208066	0.0354899606191544
ENSG00000123146.20	20.3330709182919	18	0.314383497009267	0.605715648046284
ENSG00000114796.16	26.7940522162971	21	0.1777744744089	0.436775900204409
ENSG00000123179.14	11.8656189587782	12	0.456531505019556	0.741247740451594
ENSG00000123191.16	18.2816208497209	18	0.43725035228395	0.723610071754171
ENSG00000123200.16	9.37440237751071	12	0.670662376519763	0.886445981318084
ENSG00000123219.13		45	1	
ENSG00000123349.14	78.4270423981361	24	1.08128873643575e-07	5.73083030310947e-06
ENSG00000123353.10	11.0015926104679	12	0.528782204206526	0.795306434535626
ENSG00000123358.20	225.749021447919	30	6.7929856788924e-32	5.79045420911586e-29
ENSG00000123384.14	20.4359040852014	15	0.155840798930943	0.404637866814975
ENSG00000123388.4	1.92248490220663	3	0.588650069862583	0.836275287523998
ENSG00000197757.8	8.97353546961858	6	0.175071897160729	0.433994141469144
ENSG00000123415.15	33.442092953861	48	0.945190162695041	0.99999999971812
ENSG00000117616.18	62.7629389524373	33	0.00134507402515943	0.0151862717476333
ENSG00000058262.10	2.30342956061941	3	0.511864212618217	0.783107841889283
ENSG00000123595.8	5.21356123476289	6	0.516728672868296	0.787018700829334
ENSG00000080345.18		27	1	
ENSG00000123607.15	22.882224319751	15	0.0866726670976067	0.284535824836925
ENSG00000123609.11	13.4877533302179	6	0.0359121052440449	0.156102991940419
ENSG00000123643.13		6	1	
ENSG00000123685.9	12.8252548582009	3	0.00503015277352443	0.0394884364699781
ENSG00000123737.13	48.2473134320026	24	0.00235200870854147	0.0231556276031479
ENSG00000123739.11	41.94039797402	9	3.37002874187949e-06	0.000114145774836706
ENSG00000077312.9	20.7123514994164	18	0.294172858524208	0.584688956337318
ENSG00000123810.9	9.56122184583728	9	0.387159095494682	0.679041160216101
ENSG00000123815.12	20.2236592826957	27	0.821240212874962	0.96325819704038
ENSG00000123843.13	36.9279865742683	18	0.00535486237912927	0.0412772323105601
ENSG00000204604.12	4.69696940216545	9	0.859883971745675	0.975149824658327
ENSG00000256683.7		9	1	
ENSG00000214367.8	38.2332345338455	18	0.00360722944981419	0.031462414092022
ENSG00000123989.14	6.84956955361122	6	0.334983363494755	0.625683187312498
ENSG00000123999.5	4.96604208790086	3	0.174300664196115	0.432992271529609
ENSG00000185404.16	6.95005280668238	9	0.64231974269095	0.86897085676309
ENSG00000124074.12	27.139933449258	15	0.0276166901379894	0.130480888416394
ENSG00000175063.17	7.25974113825942	15	0.950037152640576	0.99999999971812
ENSG00000080189.15	34.8530442475458	27	0.14262772055594	0.384741285223289
ENSG00000204070.10		18	1	
ENSG00000124116.19		12	1	
ENSG00000124140.14	11.0987959544273	9	0.26899774472261	0.555313406814849
ENSG00000124172.10	0.873355694813654	3	0.831852461334483	0.967827448941947
ENSG00000124181.14	30.2254832302933	33	0.605968115947848	0.846985507354501
ENSG00000124193.16	33.6708896122582	15	0.00378669458179224	0.0325770385846534
ENSG00000124209.4		3	1	
ENSG00000124226.11	29.5979785855743	12	0.00320875536939359	0.0289694251310919
ENSG00000124224.17		27	1	
ENSG00000124299.15	4.435626161041	6	0.617941254866762	0.853947729807093
ENSG00000124357.13	42.9016195247095	45	0.561235073489108	0.816741570448413
ENSG00000124370.11	16.11658144994	9	0.0644866152983557	0.232921464649322
ENSG00000124380.11		9	1	
ENSG00000124383.9	14.3231716691844	12	0.280548955696718	0.568615285871552
ENSG00000079435.10		6	1	
ENSG00000183668.18		3	1	
ENSG00000243137.8	20.1262826540933	27	0.825415010386337	0.965896841542211
ENSG00000231924.9		9	1	
ENSG00000234465.11		3	1	
ENSG00000124466.9	5.79618613712228	9	0.760130858403231	0.936813819486315
ENSG00000151914.20	52.6110052495933	60	0.739833610363443	0.927129608895429
ENSG00000112146.16	35.0373336407938	30	0.241284531119207	0.518617244971291
ENSG00000124541.7	5.26084202769562	6	0.510819630719297	0.782955413648155
ENSG00000111801.16		30	1	
ENSG00000124562.10	3.28907764423639	6	0.77178706858098	0.942312039953253
ENSG00000124574.15	37.5007110185861	18	0.0045070627051827	0.0367194313562909
ENSG00000124608.5	3.72092891797638	3	0.293218356822281	0.584209305012682
ENSG00000124613.8		3	1	
ENSG00000124702.18	2.65697231220838	3	0.447588989911539	0.733715990032874
ENSG00000124733.5	9.81920301460195	9	0.365319191229799	0.655817832062059
ENSG00000124762.14	23.6776672868728	9	0.00484108068318854	0.0385665220469903
ENSG00000124783.14	11.8282591298339	21	0.944138520413219	0.99999999971812
ENSG00000124788.19	25.538873924409	21	0.224579727385441	0.498646304740758
ENSG00000124795.17	46.8767637161363	18	0.000220712770286777	0.00381668773869548
ENSG00000188428.20	4.21370515820036	6	0.647781351388647	0.870907962489935
ENSG00000124831.19	26.2033090986624	15	0.0359392458715112	0.156102991940419
ENSG00000125037.12	9.77407618961297	12	0.6357732591377	0.864114359250536
ENSG00000125089.17	86.0515791877188	45	0.000221813217360215	0.00382618448630293
ENSG00000167216.17	28.0201135134121	21	0.139581810708948	0.379663630247887
ENSG00000125124.13	55.5510827637918	39	0.0415402459017012	0.173826119414026
ENSG00000125166.13	19.6716812873783	9	0.0200502794394345	0.105113106765555
ENSG00000063176.16	35.2783772425737	24	0.0643784307606905	0.232623191490681
ENSG00000125249.7		3	1	
ENSG00000125319.14	7.8509208922269	12	0.796669198738266	0.953226018703208
ENSG00000197375.13	31.7931082830874	21	0.0614338043752006	0.225147119501042
ENSG00000125347.14	13.031725675075	24	0.96559473838546	0.99999999971812
ENSG00000100503.25		18	1	
ENSG00000125375.16	25.3310338406409	18	0.116066123184465	0.34067155639997
ENSG00000125378.16		12	1	
ENSG00000125445.11	10.1276246894267	15	0.811636064982091	0.959351202761937
ENSG00000125449.7	6.93869127571907	9	0.643502570848282	0.869175542084924
ENSG00000125450.11	60.5681976944907	48	0.105281766073434	0.320991709438199
ENSG00000125457.14	58.0605749626993	39	0.0253042488280711	0.122785869210216
ENSG00000125458.7	68.2598851004732	33	0.00029693942842699	0.00488326915334353
ENSG00000125459.17	55.8504858276574	42	0.0746250176277282	0.257016601115836
ENSG00000125505.17	29.6574026992166	24	0.196367253068756	0.461849640765076
ENSG00000130584.12	1.73752692523567	6	0.942187509157223	0.99999999971812
ENSG00000115084.15	59.5006783954159	24	7.51081627232888e-05	0.00166272793809964
ENSG00000125629.15	36.0003538719811	18	0.0070552726798348	0.0500821542276406
ENSG00000125637.16	1.59987835631313	3	0.659417401918052	0.879213253350052
ENSG00000125652.8	8.11782547787152	6	0.229597613364997	0.503981542298403
ENSG00000125656.11	7.96451257278386	15	0.925197547360335	0.995775011779132
ENSG00000125676.20	57.7980828886211	42	0.053034447703697	0.204720550405489
ENSG00000125691.14	1.36385832680389	9	0.998036364554816	0.99999999971812
ENSG00000266173.7	148.770979670317	63	6.76699756174131e-09	5.24391045901908e-07
ENSG00000125730.17	47.9827330173321	30	0.0199041188445039	0.104624476701146
ENSG00000125731.13	7.54474181337901	12	0.819619491160293	0.962117027206637
ENSG00000125744.12	37.5917377120386	33	0.26690488075011	0.553204812500623
ENSG00000125746.17	28.9408810904133	45	0.969791513118602	0.99999999971812
ENSG00000125753.14	14.8802670086152	12	0.248049740162646	0.527536511502452
ENSG00000125755.19	24.9824760862248	33	0.840502685546233	0.969497290308121
ENSG00000101224.17		18	1	
ENSG00000125818.18	65.0416045592865	15	3.36004643218264e-08	2.05587794372339e-06
ENSG00000125827.9		6	1	
ENSG00000125843.11	8.16554475886642	9	0.51755335274907	0.787733171167712
ENSG00000125844.16	43.0342924140859	21	0.00311190774519941	0.0283705029640328
ENSG00000125868.16	2.13346201431705	6	0.907023827663763	0.990927457228769
ENSG00000125870.11	0.970841109316098	6	0.986693549831569	0.99999999971812
ENSG00000125898.13	10.8097488233566	3	0.012800400980605	0.0759045226844104
ENSG00000104953.20	18.2583460303486	21	0.632601840408919	0.86186524048253
ENSG00000125912.11	17.4173642345268	6	0.00786576909513671	0.0536744773561328
ENSG00000125931.11		6	1	
ENSG00000131503.21	74.3808982258197	54	0.034376958372211	0.151504483924751
ENSG00000057757.10	3.95070518333523	3	0.266836514212391	0.553204812500623
ENSG00000125952.20	24.863491622953	27	0.582112009108094	0.831159092848506
ENSG00000257365.8		15	1	
ENSG00000125962.14	5.54446854395019	15	0.986426719270032	0.99999999971812
ENSG00000125967.17	116.449505276192	42	6.40632211884469e-09	5.04078991951248e-07
ENSG00000125970.12	16.8273173213238	15	0.329291799775724	0.620467460048206
ENSG00000126070.20	22.892858370129	18	0.194740974722063	0.46036960885249
ENSG00000126088.14	77.8711809680826	45	0.00169892672337364	0.0182737344409979
ENSG00000215790.7	32.2367411869273	12	0.00127200096301476	0.0146120058226282
ENSG00000126214.21	107.583547244518	66	0.000932796586859559	0.0115515451416301
ENSG00000126226.22	72.1499116278719	24	1.02826755412656e-06	4.19049753432694e-05
ENSG00000126243.9	4.71992324912253	6	0.5802034780192	0.829476083390412
ENSG00000126246.10	13.543091094989	18	0.758353865738912	0.935812448188564
ENSG00000126247.11	8.59045893384609	6	0.197953876731787	0.463994089158901
ENSG00000126249.8		9	1	
ENSG00000126261.13	27.9849994308024	21	0.140577285278923	0.381321944077991
ENSG00000126264.10	5.90240962437616	3	0.116455954815518	0.341111596371171
ENSG00000126353.3		3	1	
ENSG00000213465.8	7.46269679105899	12	0.825585096598927	0.965905290302004
ENSG00000126453.9	21.4384132414998	21	0.432465128463545	0.718947797668389
ENSG00000126458.4	9.31790864623326	3	0.0253495316681514	0.122832950939612
ENSG00000126467.11		3	1	
ENSG00000105373.19	46.4670868736866	6	2.38969805223447e-08	1.53737241360417e-06
ENSG00000126524.10	1.94556145173556	3	0.583782151881268	0.83214989291994
ENSG00000068079.8	27.263886717803	21	0.162288323434558	0.414908088081004
ENSG00000108788.11	108.350581174323	27	1.05277535090626e-11	1.36314418536964e-09
ENSG00000213918.10	40.3600763757368	27	0.0473948172032563	0.190416961968621
ENSG00000126602.11	11.4555625643698	18	0.874035040977423	0.979781307852938
ENSG00000105705.16	48.2462641581733	30	0.0187320480525872	0.100477251982126
ENSG00000105671.12	37.9532535175167	30	0.150953467495981	0.396635761370764
ENSG00000132581.10	12.6172045752828	18	0.813793306832078	0.960202088446985
ENSG00000126653.18	47.8103386884213	30	0.0207064274493096	0.107278882479985
ENSG00000126705.15	25.4193149465118	30	0.704408906120848	0.904020891476764
ENSG00000102100.16	40.0500039315812	27	0.050687621605074	0.199236148266015
ENSG00000126767.18	8.5092237900044	9	0.483751205574813	0.763860926493479
ENSG00000126775.9	4.84510015710384	3	0.18349746877798	0.444989483084615
ENSG00000126787.13		12	1	
ENSG00000126790.12	39.430745190446	24	0.0245968082998056	0.12038313497546
ENSG00000126822.17	41.1532706963735	18	0.00144997626647949	0.0161390720672674
ENSG00000126878.13		15	1	
ENSG00000126882.13	2.06092060691572	6	0.914011283634213	0.992823767685501
ENSG00000127022.15	9.41044943081215	18	0.949462937588085	0.99999999971812
ENSG00000127184.13	1.99673348944634	3	0.573084957733117	0.823789493065212
ENSG00000054148.18	24.5661824838026	15	0.0560815680007469	0.211921679320744
ENSG00000127191.18	15.3873262461275	12	0.220934904270264	0.494846284327531
ENSG00000127220.6		3	1	
ENSG00000127311.10		6	1	
ENSG00000127328.22		33	1	
ENSG00000127337.7	10.6557723532169	12	0.558626385601848	0.815441297365667
ENSG00000090266.13	10.6982123116031	12	0.554943590472306	0.81302176839605
ENSG00000127415.13	19.5574141152829	24	0.721646308716578	0.916414660690487
ENSG00000130803.15	22.5186760958168	15	0.0949077347929926	0.301213533725573
ENSG00000127445.14	16.2009320327197	15	0.368824764248015	0.659574209367661
ENSG00000127452.9		27	1	
ENSG00000171903.16	6.19109366037361	6	0.402127848089611	0.692602417597008
ENSG00000127511.9	107.262449100697	27	1.60352042235982e-11	2.00029395125836e-09
ENSG00000127527.14	79.3735662173604	30	2.42997359017304e-06	8.78310948900356e-05
ENSG00000127528.6	7.33591436693041	3	0.061927839768046	0.226478324271484
ENSG00000103145.11	28.4681787051813	18	0.0552787311233504	0.210281197716903
ENSG00000206053.13		21	1	
ENSG00000059145.19		27	1	
ENSG00000127554.13	11.090611559106	9	0.269549095572974	0.556227092720587
ENSG00000127561.15	5.16996484805713	6	0.522206156891611	0.790282648374243
ENSG00000197562.10	20.1897968149024	18	0.322236233660226	0.613580497786756
ENSG00000127580.17	8.01234041849784	6	0.237200608846626	0.512639980539221
ENSG00000256223.6	20.1211634092879	12	0.0648283924378469	0.233660897197581
ENSG00000103111.15	4.48985617713697	15	0.995635348859239	0.99999999971812
ENSG00000127720.8		18	1	
ENSG00000178982.10	5.98279613268096	15	0.980035279087882	0.99999999971812
ENSG00000127774.7	10.6421875351807	3	0.0138267376234101	0.0804972675867172
ENSG00000127824.14	36.2118429198163	15	0.00164752463365817	0.0178360990973334
ENSG00000127837.10	33.2078069678246	24	0.0997641559190933	0.310606320355659
ENSG00000127838.14	7.76012394722784	3	0.0512382914844619	0.20019728173971
ENSG00000127863.15	3.45277258335591	3	0.326939212225166	0.61747806533442
ENSG00000006576.16	24.6233347608377	27	0.595561820888756	0.841453227769027
ENSG00000106211.10	3.23705515917391	9	0.954150207941447	0.99999999971812
ENSG00000127922.9	1.55642825487303	3	0.669309265225985	0.885458416192007
ENSG00000127947.16	26.2017319732749	24	0.343008884170662	0.635737973578856
ENSG00000127952.17		24	1	
ENSG00000127980.16	39.7796830580701	27	0.0537191309281419	0.206498681046209
ENSG00000128159.12	17.9189841671468	15	0.266948768648263	0.553204812500623
ENSG00000128185.10	17.1613577838216	6	0.00870817031976811	0.0577664553832088
ENSG00000100116.17	7.24103224643113	15	0.950612773646985	0.99999999971812
ENSG00000100359.21	29.8657949355693	33	0.623957211444883	0.856475887797867
ENSG00000128228.5	0.200672656239476	3	0.977480635048312	0.99999999971812
ENSG00000128245.15	2.20932232191262	3	0.530114499486068	0.795794131969913
ENSG00000128274.17	34.0909773889434	18	0.0122736016166572	0.0736344111066194
ENSG00000128283.7	2.64793549337628	3	0.449147740231678	0.735054196309553
ENSG00000128311.14		9	1	
ENSG00000159873.10		9	1	
ENSG00000128335.14	32.2941107756942	15	0.00586987673207838	0.0442142629546611
ENSG00000128342.5		3	1	
ENSG00000128346.11	5.83972705259274	3	0.119673616308362	0.345705004580128
ENSG00000128463.13	15.1553010037751	12	0.233053170965791	0.508111884273202
ENSG00000105819.14	15.7817591005878	12	0.201437619870072	0.469042889517633
ENSG00000105821.15	51.3333176298329	21	0.000237292850128289	0.00403871641258281
ENSG00000128534.8	10.3825354302389	9	0.320413293115312	0.611703541484981
ENSG00000128564.7		3	1	
ENSG00000128578.10	6.70297333810413	6	0.349191433762586	0.641847111582657
ENSG00000128590.5	8.73332149736143	6	0.189140645937358	0.453177466404056
ENSG00000128595.17	15.1681095597451	9	0.0864205944872552	0.284151803603386
ENSG00000128604.20		18	1	
ENSG00000068903.20	38.7719992240909	30	0.130919142299348	0.365195502203445
ENSG00000128652.11	0.873170288396352	3	0.831897127709278	0.967827448941947
ENSG00000128654.14	5.06084208506218	9	0.828972561631562	0.967293941988659
ENSG00000128710.6		3	1	
ENSG00000128805.15		18	1	
ENSG00000033800.14	22.0572596328311	15	0.106311268871567	0.322998423516181
ENSG00000092531.10	40.776876722739	42	0.524628462714825	0.791975287058728
ENSG00000128872.10	12.6877351439243	9	0.177252386076103	0.436579498476393
ENSG00000137776.17	62.8952676976187	48	0.07311475565121	0.253179023546455
ENSG00000128944.13	22.3201686240645	24	0.560163572592279	0.81609523104101
ENSG00000140264.20	15.4442297623027	15	0.419916821011185	0.708044592607266
ENSG00000128973.13		36	1	
ENSG00000128989.11	57.2263374584873	21	3.32622080117224e-05	0.00083391942586252
ENSG00000129003.19	14.2727675469059	15	0.504950536122546	0.780488326780949
ENSG00000114019.14		12	1	
ENSG00000129071.9	63.1545501521469	18	6.26478655893012e-07	2.72220985318279e-05
ENSG00000129083.13	9.27475596849399	15	0.862718601823648	0.975837921777794
ENSG00000129173.13		6	1	
ENSG00000129194.8		3	1	
ENSG00000129195.16	19.7093407352731	21	0.539732873509956	0.802577055259972
ENSG00000167840.13	16.0508065865488	12	0.18892009560966	0.452991949833851
ENSG00000129226.14	5.25371648716748	6	0.511708046340194	0.783103506632755
ENSG00000129235.11	38.2125270133838	12	0.000141744626280166	0.00275647487114034
ENSG00000129245.12	16.5567858727954	12	0.167043649221227	0.421586352796431
ENSG00000129255.16	49.2001692541089	27	0.00562139589210454	0.0426567200150871
ENSG00000213339.9	29.1105126549301	27	0.355560753598535	0.64796560637082
ENSG00000129351.17	86.7695303228102	36	4.45110462395358e-06	0.000142839846557449
ENSG00000129354.12	6.55143223279447	9	0.683708836180518	0.893433455012014
ENSG00000104626.15		15	1	
ENSG00000100968.14	6.02715461800631	6	0.420155089988604	0.708087791265382
ENSG00000100890.16	41.8451592994134	24	0.0134295100911098	0.0787223259151645
ENSG00000092208.17	49.9427540475117	33	0.0295765300606342	0.136833254631491
ENSG00000100867.15	18.6972045232615	18	0.410687849490723	0.70108201490535
ENSG00000129473.10	8.02402418491602	6	0.236348512605243	0.511826135635356
ENSG00000129484.13		21	1	
ENSG00000129514.8		3	1	
ENSG00000129518.9	7.83882190981967	9	0.550467299500679	0.810546708620006
ENSG00000129521.15	34.96679450374	12	0.000474045010623497	0.00691964449358311
ENSG00000165782.11	10.6325449186224	15	0.7781811981064	0.946157574789429
ENSG00000129559.13	6.12019198702183	9	0.727831304448588	0.920494996708523
ENSG00000129562.11	0.723090099170804	3	0.867759951921835	0.976922358376452
ENSG00000127314.18	33.179097067914	27	0.191223670567575	0.456056639364822
ENSG00000129749.3	0.656717255609294	3	0.883334099410613	0.98323818829488
ENSG00000138834.14	52.2630109587699	39	0.0759921020903621	0.260710357389451
ENSG00000099875.14		33	1	
ENSG00000129911.9	5.92424035817203	3	0.115354837905548	0.339587701409735
ENSG00000129925.11		18	1	
ENSG00000129968.16	13.9736895175301	9	0.123264225738385	0.352001609457827
ENSG00000100722.20	88.8434465557512	42	3.31766595097066e-05	0.00083381830497491
ENSG00000074695.6	7.67189182192669	6	0.263140122151466	0.548423045942817
ENSG00000075188.9	39.0109565118764	18	0.00284001176638498	0.0264817505545597
ENSG00000104093.14	61.0902829847655	27	0.000189481022618775	0.00338846395169135
ENSG00000013523.11	22.2575561662716	12	0.0347325849099765	0.152480519761438
ENSG00000020577.14	44.4803583511175	24	0.00670599902748182	0.0483068056705011
ENSG00000070729.14	3.46093508164813	9	0.943193044163735	0.99999999971812
ENSG00000102543.14	5.32982187080233	12	0.946045991175991	0.99999999971812
ENSG00000102452.18	0.759103224658531	3	0.859221865212198	0.975149824658327
ENSG00000103544.15		24	1	
ENSG00000116641.18	35.1588569808891	27	0.134887345237137	0.371003671532852
ENSG00000262246.6		24	1	
ENSG00000099814.16	9.29154164540614	9	0.410809282356803	0.70108201490535
ENSG00000092853.14	13.0983414181792	12	0.3619335308949	0.65364019906849
ENSG00000105717.14	7.98648860320373	12	0.786185364802062	0.949297268120766
ENSG00000108406.10	22.8895639732109	18	0.194869672860819	0.46036960885249
ENSG00000104047.15	33.0484542594677	27	0.19547565510902	0.460691566505915
ENSG00000105429.13	18.4563759742687	6	0.00518737802431722	0.0404742103819533
ENSG00000159905.15	1.62978916913022	3	0.652654346010031	0.874719459294931
ENSG00000065268.11	11.1661569239586	15	0.740729289767584	0.927129608895429
ENSG00000132207.18	6.98518417511514	9	0.638662023484573	0.865854716795719
ENSG00000108506.12	15.40097698927	18	0.634275619820417	0.863110990440741
ENSG00000100441.10	12.7829072365366	12	0.385015469950262	0.676571592874288
ENSG00000090661.12	28.1041370369312	27	0.405619296739091	0.695804089609955
ENSG00000037042.9	9.20801041937739	6	0.162213236494336	0.414889308601932
ENSG00000131462.8	6.91422442361363	6	0.328852625255934	0.620056861592987
ENSG00000105193.9	2.49515286274254	6	0.869009742482945	0.977008562063921
ENSG00000105613.10	8.10484428248401	12	0.776884402355936	0.945865590772367
ENSG00000105520.10	25.6330203447869	18	0.108449653	0.326850766215968
ENSG00000109805.10	16.5733041335407	12	0.166365207600531	0.420808533270483
ENSG00000152061.23	13.6553269851593	12	0.323257731221367	0.614034580189443
ENSG00000117868.17		12	1	
ENSG00000132879.14	11.0500009237549	24	0.988650793582702	0.99999999971812
ENSG00000103245.14		45	1	
ENSG00000072756.17	31.3725515842234	33	0.548233252775594	0.809060021111357
ENSG00000104213.13		3	1	
ENSG00000067248.10	5.89764613703665	9	0.750117017573787	0.931417341576067
ENSG00000108771.13		3	1	
ENSG00000114054.14	25.9536541456619	18	0.100822336574205	0.312630230233828
ENSG00000085982.13	50.7889487674765	39	0.0978615513508055	0.306405206234279
ENSG00000004766.17		27	1	
ENSG00000114520.11	15.1381050695018	9	0.0872116527137529	0.28555953764692
ENSG00000104450.13		15	1	
ENSG00000048392.12		6	1	
ENSG00000008853.17	23.0346421023896	18	0.189262416571464	0.453281493586866
ENSG00000132155.12	46.2074398087716	24	0.00417971897136942	0.0348446172437961
ENSG00000042429.12	82.5344800516468	42	0.00018858000191938	0.00337825716223001
ENSG00000107036.12	11.9466224420703	15	0.683064767023888	0.893372906519288
ENSG00000102098.19		9	1	
ENSG00000101901.12	60.0971778089297	39	0.0165773677889706	0.0920236994252475
ENSG00000074319.13	43.1196978840017	24	0.00963876186285462	0.0619314667683039
ENSG00000100065.15	23.3712742752941	15	0.0765688540334302	0.261597464231115
ENSG00000100364.18	29.4869925333405	24	0.202340085245847	0.470265802498867
ENSG00000101452.15	19.8108751002328	21	0.533267366672092	0.798301169865188
ENSG00000100991.12	1.77875142379344	3	0.619569744257852	0.855273807559186
ENSG00000025708.14		36	1	
ENSG00000112659.14	67.1117088105202	45	0.0179108240156431	0.097519406954542
ENSG00000106526.10	32.0396558469347	15	0.00635859452356287	0.0466251350405194
ENSG00000113119.13		27	1	
ENSG00000131495.9	2.41310242866166	6	0.878063310714799	0.98171489838252
ENSG00000110344.10	1.315581071015	3	0.725436564122712	0.91886991170412
ENSG00000100227.18	13.5527606144606	12	0.330174471941111	0.620918316901566
ENSG00000243156.9		27	1	
ENSG00000099899.15	114.132089611463	42	1.37892198546167e-08	9.40332865952494e-07
ENSG00000100056.12	6.35333674115827	9	0.704099918902023	0.903895340166767
ENSG00000137185.13	20.0385229701988	18	0.330655036977181	0.62094187134929
ENSG00000189298.14	6.29575355606403	6	0.390888013076487	0.682669196817379
ENSG00000204516.10	15.4074737134688	9	0.0803344061032821	0.270220532729521
ENSG00000133884.10		27	1	
ENSG00000130005.13	4.299643463135	6	0.636197101081054	0.864345882183304
ENSG00000157778.9	5.28151954160421	6	0.508245851124825	0.781765098065445
ENSG00000130052.13		6	1	
ENSG00000130159.14	21.4293689884253	24	0.61328465867848	0.850730780257956
ENSG00000130164.14	29.5853634300802	24	0.198876313148574	0.465264123535243
ENSG00000130165.10	9.25997312832624	9	0.413630861229965	0.703103341638432
ENSG00000130177.16	103.510760007841	30	5.1392308690762e-10	5.09076015983732e-08
ENSG00000130202.10	16.8664502283791	15	0.326910538795265	0.61747806533442
ENSG00000130203.10		6	1	
ENSG00000130204.13	17.975155484397	12	0.116446970851773	0.341111596371171
ENSG00000130227.17	8.38606997862735	9	0.495755844329878	0.774272775133549
ENSG00000203485.14	70.0177271922148	51	0.0397318842341785	0.168721556375259
ENSG00000130244.12		24	1	
ENSG00000130254.12	30.81314265939	15	0.0093045797071824	0.0604295529046151
ENSG00000130305.17	44.96236785152	12	1.04591119928638e-05	0.000307431771767253
ENSG00000130304.17	24.1864878142337	18	0.149012585099772	0.394544942146461
ENSG00000130309.11	3.87700363506156	9	0.919319613574612	0.994260977717774
ENSG00000130312.6		9	1	
ENSG00000130313.7	18.8728639849433	12	0.0916431494072715	0.294785463926723
ENSG00000130332.15	14.433050496853	12	0.27391313567827	0.560986793823956
ENSG00000130363.12	2.5636716710161	3	0.463893995136696	0.74785999625741
ENSG00000130382.9	5.80933980127884	3	0.121263822026448	0.348919166106479
ENSG00000130402.12	11.1734381420829	12	0.514116450847967	0.78502719446542
ENSG00000130414.12	17.6925821493205	18	0.476070506794264	0.757224034628802
ENSG00000197343.11	102.013826296796	57	0.000232998370242118	0.00398648976306164
ENSG00000130433.7		3	1	
ENSG00000130475.14	18.8551165274967	18	0.40079594873171	0.691239548065531
ENSG00000284194.3	7.33814918583812	6	0.290703933219001	0.581010264340986
ENSG00000169951.10	2.32918404346401	6	0.88707352680461	0.984685680347382
ENSG00000169955.7	10.5691087881578	6	0.102642042684843	0.316147381699264
ENSG00000130508.11	6.42312614011462	6	0.377495734616569	0.667947391349747
ENSG00000130513.6	12.1168707441902	9	0.206800610555963	0.476433208418232
ENSG00000130517.14		18	1	
ENSG00000130520.11	3.04845257091802	6	0.802741420551272	0.955922682384113
ENSG00000130522.6	2.34068515097897	3	0.504771549296198	0.780436683470993
ENSG00000130529.16		18	1	
ENSG00000130544.12	1.6598021451918	3	0.645907358943107	0.869569146437094
ENSG00000130558.20	23.6489774995425	18	0.166867459512725	0.421385310404522
ENSG00000105245.9	41.1911326929912	15	0.000299023213131686	0.00490964437740613
ENSG00000130638.17		24	1	
ENSG00000130640.13	24.2296530732638	21	0.282064748634982	0.570656707631969
ENSG00000130643.9		3	1	
ENSG00000130675.15	8.32591217431263	6	0.215185165482297	0.488535610984937
ENSG00000130684.14	3.88474427809228	6	0.692270203020971	0.897722453911504
ENSG00000239382.10		39	1	
ENSG00000130695.15	13.2334505969266	15	0.584271725645591	0.832499718850641
ENSG00000130699.18	12.8304760819583	9	0.170428270130029	0.427093713039898
ENSG00000130702.15	64.7328297118656	27	6.11840636276277e-05	0.00139387925801114
ENSG00000130706.13	8.97161795891589	12	0.705352712003572	0.904822283807943
ENSG00000130725.8	11.9973563542881	9	0.213458382232343	0.486295276582324
ENSG00000130726.12	16.6277102007298	33	0.992093619320859	0.99999999971812
ENSG00000130733.11	27.6617129460356	27	0.428569232884502	0.71502767626416
ENSG00000130741.11	9.91461408243049	3	0.0193060670011416	0.102534662177922
ENSG00000130749.10	12.6615736510812	12	0.394111108970272	0.68488371001649
ENSG00000130755.13		3	1	
ENSG00000130758.8	9.79817686052138	15	0.832239385347088	0.967827448941947
ENSG00000130787.14	15.8199448753003	21	0.779680868055694	0.946517398450236
ENSG00000105364.14	15.4001505639899	15	0.422996025065533	0.709860702010422
ENSG00000130810.20	10.9728368675133	15	0.754517532831627	0.933220489028045
ENSG00000130811.12	29.4610001675319	24	0.203262576969351	0.471147269390322
ENSG00000130813.18		18	1	
ENSG00000130818.12	13.6932554200439	9	0.133662738184483	0.368825505500155
ENSG00000130821.17	31.9014590732695	21	0.0599086101327203	0.221629357340903
ENSG00000130844.18	32.5896458464104	36	0.631584081632495	0.860822594406234
ENSG00000130856.16		9	1	
ENSG00000130881.14	6.54888728099286	6	0.364584739554856	0.655114771641678
ENSG00000130921.8	27.7114625086324	21	0.148525924294437	0.394051623959841
ENSG00000105447.13	3.39998283652676	6	0.757225472583898	0.935127291930544
ENSG00000130935.10	38.7698215113487	24	0.0288667006934085	0.134584084499943
ENSG00000130939.20	7.36489617976622	12	0.832588154527156	0.968079343145764
ENSG00000130958.13	0.248236573337636	9	0.999998556628498	0.99999999971812
ENSG00000131013.4	5.86873246471441	3	0.118174288684661	0.343898947071237
ENSG00000131016.17	4.54759134649294	6	0.602999396975358	0.845405815743001
ENSG00000131023.13	3.40063001703902	6	0.757140049666184	0.935127291930544
ENSG00000131051.24	175.79211906821	63	1.35513513950183e-12	2.10025414272185e-10
ENSG00000131069.20	44.4019233783693	30	0.0438356490222717	0.180078254557758
ENSG00000131089.17	96.9229957572679	57	0.000767172510297426	0.0100350480918573
ENSG00000131100.13	12.3970291334554	12	0.414343218259293	0.703412757318153
ENSG00000131143.10	2.41819722484797	6	0.877508016709478	0.98130857143558
ENSG00000131148.9	25.3598737713401	15	0.0453142247439202	0.184314797475476
ENSG00000131149.19	38.0368936906016	30	0.14880457713578	0.394378139071289
ENSG00000260456.7	12.0863035065968	9	0.208487548910724	0.47880986479744
ENSG00000131187.10	33.0224607899781	15	0.00466041177876489	0.0375069646616727
ENSG00000131196.17	1.9676818114707	6	0.922646758558812	0.994649938993855
ENSG00000131269.19	65.2981740126197	36	0.00199903972785665	0.0204808253661411
ENSG00000131351.15	23.9075492108932	15	0.0666801828172197	0.237706604530456
ENSG00000131368.8	38.2385399779305	12	0.00014036096782746	0.00273476636172778
ENSG00000131374.14	55.373261766289	27	0.00102990684867415	0.0123791672520696
ENSG00000131375.10		18	1	
ENSG00000131381.12	4.52642079982525	6	0.605817466481504	0.846985507354501
ENSG00000131408.15	20.8685943941382	24	0.64646463601433	0.869861452484949
ENSG00000131459.13		6	1	
ENSG00000131469.15	3.24920513480902	6	0.77698141533077	0.945865590772367
ENSG00000131470.15	17.2594311114881	15	0.303593650618413	0.594975192576508
ENSG00000131475.7	6.28567569961888	6	0.391961104679785	0.683609571998214
ENSG00000131480.9	4.47312529883862	3	0.214700012595104	0.487830868493076
ENSG00000131504.17	15.0162005823659	15	0.450250878769341	0.735920979219364
ENSG00000131507.11	3.18949461994635	3	0.363321413143634	0.654082468359796
ENSG00000131508.16	9.91754452185705	12	0.62319436622463	0.856349477837726
ENSG00000131558.15	16.1349322563146	15	0.373141105066817	0.663917266259954
ENSG00000131626.18	48.8631820685314	33	0.0371125248697349	0.160206406325675
ENSG00000059122.17		27	1	
ENSG00000131652.14	17.4774743121525	18	0.490539888870798	0.769708931317594
ENSG00000131725.14	7.08914974738127	12	0.851666323778206	0.97324297283525
ENSG00000131732.12	33.7912767115013	21	0.038146843780108	0.16368642431747
ENSG00000171346.16		6	1	
ENSG00000131746.13	8.72673192181583	6	0.189539732795811	0.453414856587547
ENSG00000131759.18	16.1950427997672	18	0.578937347773569	0.828617538835374
ENSG00000131791.8	8.0902344093106	6	0.231566783917793	0.506131759122886
ENSG00000089280.19	40.264757537283	21	0.0069042480550985	0.0493181238516778
ENSG00000131797.12	11.2342917999613	12	0.508953785710455	0.781986994113124
ENSG00000131849.12	0.203865152902353	3	0.976962931182864	0.99999999971812
ENSG00000131873.7		6	1	
ENSG00000131876.17	39.4240969318198	21	0.00873088286853291	0.057879585782387
ENSG00000121281.13	61.1655846523318	27	0.000185175669353851	0.00334067358345774
ENSG00000131931.8		6	1	
ENSG00000131941.8		6	1	
ENSG00000131944.10		12	1	
ENSG00000131966.14	92.499280181044	36	7.26145379770739e-07	3.0566835759979e-05
ENSG00000131979.20		12	1	
ENSG00000131981.16	8.81963289399573	6	0.183978773209321	0.445741087436795
ENSG00000132000.13	3.23846502583223	3	0.356299401603876	0.648583612138743
ENSG00000196757.8	22.4272968029295	6	0.00101283065552887	0.0122606447046211
ENSG00000132002.8	28.41865558055	6	7.83485167556298e-05	0.00171980038174536
ENSG00000132003.9	0.543364716643282	3	0.909266153557666	0.990927457228769
ENSG00000132005.9	4.86883020124469	9	0.845589420336905	0.971706675971169
ENSG00000132017.10	21.4039238601799	12	0.0447694007512971	0.182709239920383
ENSG00000115884.11		9	1	
ENSG00000091157.13		9	1	
ENSG00000173473.11	20.9239441115751	12	0.0515053250938118	0.2010102901124
ENSG00000132196.15		12	1	
ENSG00000179532.13	34.7030561552433	27	0.146548565308973	0.390263469675533
ENSG00000132254.12	52.2270610098422	24	0.000730768353992949	0.00968268069040657
ENSG00000132275.11	6.84842531325921	9	0.652896966635722	0.874719459294931
ENSG00000132286.12	42.848252924181	9	2.29833641331454e-06	8.36643529245354e-05
ENSG00000132294.15	1.5928479552922	6	0.953090203269221	0.99999999971812
ENSG00000132300.19	105.940674959391	42	1.94289701730447e-07	9.64752116019776e-06
ENSG00000132305.20	48.5952735977626	27	0.00658324046984526	0.0476911945935178
ENSG00000132313.15	26.720580014844	9	0.00155559222269888	0.0171098417698784
ENSG00000132323.9	32.3596502090586	24	0.118321881863403	0.343929318730302
ENSG00000132330.18	44.8401306537417	39	0.240233765628866	0.517119357874089
ENSG00000132359.15	8.62953120843667	9	0.472149851855253	0.753803782523393
ENSG00000132382.15	47.9383820449366	27	0.00780073640731604	0.0533737342544721
ENSG00000132383.12	18.7948424936476	9	0.0269949258486356	0.128612527482857
ENSG00000132386.11	8.149422401518	3	0.0430224542070211	0.178294029696604
ENSG00000132394.11	1.26184870211	3	0.738211787969741	0.926928044008344
ENSG00000132406.12	1.87061947332768	3	0.599689211754398	0.842729293834454
ENSG00000132423.12	9.32679227262997	6	0.15601639913171	0.404637866814975
ENSG00000132429.10	34.925769182134	6	4.45458119579882e-06	0.000142839846557449
ENSG00000132434.9		9	1	
ENSG00000132463.14	15.2253833134309	15	0.435307607684895	0.721611988707052
ENSG00000132471.12	39.5826341042266	24	0.0237001306315905	0.117626703653828
ENSG00000132475.10	27.4835549442796	21	0.155414972683948	0.403814614064276
ENSG00000132481.7	27.8809598390508	12	0.00575816411530827	0.0434688271110614
ENSG00000132485.14	40.382257066929	12	6.21225660443936e-05	0.00141183823827957
ENSG00000132510.10	6.96438087789011	6	0.324153811522921	0.614600433376823
ENSG00000132541.11	20.7872157673191	15	0.143766720264668	0.387017138702004
ENSG00000132561.14	21.7219939987112	18	0.24456192691687	0.52269618688522
ENSG00000132563.16		18	1	
ENSG00000132570.15	11.6845543583322	9	0.231682347080251	0.506276164982673
ENSG00000132591.12	7.45622518426535	15	0.943732593614202	0.99999999971812
ENSG00000132603.15	7.24362938940976	15	0.950533121908309	0.99999999971812
ENSG00000132604.11		27	1	
ENSG00000132612.16	12.3838880742696	9	0.192522305246047	0.458298966805169
ENSG00000101384.12	0.840197616023488	3	0.839830077499913	0.969104162568138
ENSG00000132639.13	10.9161728823765	6	0.0910020196197459	0.293553976250514
ENSG00000132640.15	41.4028751318001	24	0.0150386853502284	0.085556569770571
ENSG00000132669.13		3	1	
ENSG00000132740.10	47.4680875067861	36	0.0956586838673178	0.302377217947711
ENSG00000132749.11	21.8854021637981	18	0.237112684754653	0.51262899808922
ENSG00000132768.14	43.3163283865797	36	0.18745168834698	0.450315481470469
ENSG00000132823.11	1.73055563520757	3	0.630162081216127	0.860371773406783
ENSG00000132824.14	6.14299078317708	3	0.104856910393232	0.32042064269071
ENSG00000132842.14	14.126574942009	15	0.515951868752802	0.786439540181306
ENSG00000132846.6	1.29148097114239	6	0.972125372046325	0.99999999971812
ENSG00000132938.21	0.435110169586267	3	0.932897765293573	0.998326481219489
ENSG00000132952.12		6	1	
ENSG00000132953.16	2.11815369784381	3	0.548248886268846	0.809060021111357
ENSG00000132967.9	0.644898455881048	3	0.886081271720183	0.984685680347382
ENSG00000133027.18	1.75279273379419	9	0.994801288666262	0.99999999971812
ENSG00000133028.12	18.490291341579	9	0.0298930418125719	0.137736903018377
ENSG00000133101.10	2.03393075546592	3	0.565394200609988	0.81840892563379
ENSG00000133111.4	1.16439540816236	3	0.761555807564176	0.937195381779962
ENSG00000133121.21	20.0144905468756	12	0.0668123464834371	0.237854635910953
ENSG00000133131.15	5.51266723035133	6	0.47992702172294	0.759970016621903
ENSG00000141219.15		21	1	
ENSG00000133195.11	36.1966115203104	39	0.598445968399166	0.842462693028601
ENSG00000133243.10	35.2615767124407	27	0.132362849924962	0.366921298613126
ENSG00000133247.14		33	1	
ENSG00000133250.14	17.6734833955998	15	0.280220332459539	0.568523488281397
ENSG00000133265.11	4.95123146301194	12	0.95958802729196	0.99999999971812
ENSG00000133275.16	20.0109082372146	18	0.332205885348825	0.622711013603285
ENSG00000176225.14	27.754127623999	24	0.270546966942331	0.557274451239046
ENSG00000133315.12	11.0913198025155	18	0.890441324669113	0.985797338910489
ENSG00000133321.11		3	1	
ENSG00000133393.13		18	1	
ENSG00000133398.4	10.5419911278586	6	0.103605841656665	0.317871671957417
ENSG00000133460.19	45.0267720347729	33	0.0791048039924514	0.267934781469796
ENSG00000133488.15		6	1	
ENSG00000241973.11		33	1	
ENSG00000133606.11	21.6804145499264	24	0.598335077092748	0.842462693028601
ENSG00000133627.18	15.9517764081029	9	0.0678954771338046	0.240679989028652
ENSG00000133639.6	1.04422178119421	3	0.790553286434134	0.95103142969474
ENSG00000133687.16	11.6017037973234	15	0.708892249185482	0.90720115312377
ENSG00000133703.13	4.66709969460862	6	0.587161984423754	0.834873497174114
ENSG00000133704.10		9	1	
ENSG00000133731.10		30	1	
ENSG00000133740.11	14.2099751085589	12	0.287501164773943	0.576934761362274
ENSG00000133773.12	10.2304033190158	12	0.595755359904507	0.841453227769027
ENSG00000133816.16	22.2577286426335	12	0.0347307836411698	0.152480519761438
ENSG00000133812.16		27	1	
ENSG00000133818.14	17.9064233660392	15	0.26761713224606	0.554010263526774
ENSG00000133872.14	10.7686974322714	12	0.548838529681391	0.809603820471184
ENSG00000133943.20	0.324232698988396	6	0.99937086990363	0.99999999971812
ENSG00000213463.5	4.23062590207064	3	0.237613482908406	0.513315378388613
ENSG00000133997.12	43.6199350589741	30	0.0516092755301199	0.201262401600304
ENSG00000134001.14	27.8911626643676	15	0.0222603287028879	0.112723218961307
ENSG00000134014.17	42.8761285342516	27	0.0269221643914945	0.128505282109472
ENSG00000134030.14	16.7128237502839	18	0.542925550479789	0.805451117600835
ENSG00000134042.14		9	1	
ENSG00000134046.12	0.080707623370472	6	0.99998937395501	0.99999999971812
ENSG00000134049.6	2.37795394480781	3	0.497751682296304	0.775790060275656
ENSG00000134056.12	1.46094264609565	6	0.962046658383616	0.99999999971812
ENSG00000134057.15	13.3547483825241	12	0.343791888119577	0.636382052764232
ENSG00000134058.12	12.2099071845805	27	0.993436167322049	0.99999999971812
ENSG00000134072.11		15	1	
ENSG00000134086.8	3.97701902747758	6	0.679786518290532	0.891022077856722
ENSG00000134107.5	6.96499463333748	6	0.324096622069187	0.614600433376823
ENSG00000134108.14	13.3877674008145	9	0.145830739347561	0.389783807887692
ENSG00000134109.11		6	1	
ENSG00000134146.12	35.0995759890284	12	0.000451510178020441	0.00665489569304192
ENSG00000134152.11	44.7421838431037	36	0.150520557321949	0.396210700166295
ENSG00000134153.10	1.98346300021512	3	0.575846105885812	0.826351225194638
ENSG00000116337.19	99.4692642962327	54	0.000163038461282039	0.00304328543878463
ENSG00000134202.11	16.0677283796249	9	0.0654806422711318	0.234935633038024
ENSG00000134243.12	2.2632398634596	6	0.893967114878059	0.986479350588987
ENSG00000134245.18	0.384021589328029	3	0.943523117956698	0.99999999971812
ENSG00000134248.13	32.4716798224836	15	0.0055501694176032	0.0422349785419611
ENSG00000134250.20		12	1	
ENSG00000134253.10		12	1	
ENSG00000134262.13	64.1071001444107	30	0.000285010766470325	0.0047174354858009
ENSG00000134283.18	112.710904527616	39	4.38744858552274e-09	3.64871638872456e-07
ENSG00000134285.11	82.0109266981253	30	1.01119126715512e-06	4.13739018869189e-05
ENSG00000134287.10	141.280753863961	12	3.3018083323704e-24	1.8763443017676e-21
ENSG00000134291.12	75.8034967517597	27	1.60641707640976e-06	6.13135831141621e-05
ENSG00000134294.14	44.4772025467537	27	0.0184491745257232	0.0992200873941232
ENSG00000134297.6	12.1253413348713	9	0.20633505916001	0.475574880610126
ENSG00000134313.16	18.8532536172561	15	0.220460911172925	0.494332020469934
ENSG00000134324.12	21.5768646297838	24	0.604506017940203	0.846108331576611
ENSG00000134363.12	4.70591246158392	6	0.582046476157593	0.831159092848506
ENSG00000049759.19	15.816827997056	30	0.984240496664775	0.99999999971812
ENSG00000134440.12	127.671737886762	15	6.06784506577233e-20	2.00219313476726e-17
ENSG00000134444.15	18.664924808706	15	0.229321327886359	0.503692517164282
ENSG00000134480.16	23.3707352824131	21	0.324534532255399	0.614980313160517
ENSG00000134508.12	18.0870499730781	12	0.113072835828799	0.335746927242912
ENSG00000134531.10	15.4449691467424	12	0.217999346909088	0.490846427368051
ENSG00000134574.12	47.8983049277595	27	0.00788142193654428	0.0536744773561328
ENSG00000134575.13	52.3569148662646	21	0.000169915857291491	0.00314298246697045
ENSG00000134590.14	2.28955791745102	3	0.514524283904484	0.78529825426126
ENSG00000134644.16	49.2330302516857	48	0.423578027950412	0.710524704477659
ENSG00000134668.12	19.3569995392459	12	0.0802695527947262	0.27009120247936
ENSG00000134686.18	10.2192825701241	18	0.924513298604664	0.995143273853216
ENSG00000134744.14	52.5013883221982	45	0.206098578477925	0.475260883270199
ENSG00000134748.13	3.00208968744846	6	0.808584506735931	0.957863454773548
ENSG00000134758.14		15	1	
ENSG00000134775.15		3	1	
ENSG00000134809.9	0.664674835905316	3	0.881479618407941	0.983237561469545
ENSG00000124942.14	12.7045290107635	15	0.625108130800262	0.857595368824555
ENSG00000134824.14		15	1	
ENSG00000134825.16	13.4065987886279	15	0.570923717396633	0.821825349944908
ENSG00000134827.8	8.65923802707084	6	0.193668576915025	0.459113162578079
ENSG00000174799.11	2.83463281942977	6	0.829297614070917	0.967293941988659
ENSG00000134897.14	35.2786099772675	33	0.360924742109361	0.652624922580281
ENSG00000134905.17	127.707798480507	45	7.52473411876818e-10	7.19350516830651e-08
ENSG00000092421.17	4.43513207758849	3	0.21814985356962	0.4910262594063
ENSG00000134982.17	12.5644455069687	12	0.40147646482291	0.691861425107177
ENSG00000134986.14	51.6984559922203	42	0.145089912185934	0.388686941564912
ENSG00000135018.14	14.2667932948243	12	0.283996845298978	0.573164250945663
ENSG00000135046.14	1.53449094032339	3	0.674333020981498	0.888680905618073
ENSG00000135052.16	2.04848203936126	3	0.562405294367276	0.817397521466732
ENSG00000135063.19	5.60053221142334	15	0.985705429636633	0.99999999971812
ENSG00000135083.16	28.1682643831537	15	0.0205391889364779	0.106755774202862
ENSG00000135093.13		12	1	
ENSG00000135111.16	28.6733605323243	9	0.000735551824785121	0.00973345357791332
ENSG00000135114.12	18.0969004552026	9	0.0340658214687968	0.15061436697429
ENSG00000135119.14		21	1	
ENSG00000135148.12	19.6611136637657	15	0.185321739483588	0.447299686922516
ENSG00000186088.16	0.171855611782803	3	0.981999531085268	0.99999999971812
ENSG00000243566.6		9	1	
ENSG00000135185.12	14.635398109056	12	0.261983424284143	0.547277062752026
ENSG00000135241.17	45.9881718435827	27	0.0127602592131702	0.0758665163196328
ENSG00000135245.10	7.04849981224834	6	0.316385258680508	0.608144405535481
ENSG00000135249.8	23.4723520174375	18	0.173085252291395	0.430933223579049
ENSG00000005483.21	55.0863901239463	33	0.0092928317427084	0.0604075380968642
ENSG00000135314.12	14.5239694460706	12	0.268506289027157	0.554522679276962
ENSG00000135315.12	4.84342813216608	6	0.564045969401195	0.818271738354238
ENSG00000135318.12		12	1	
ENSG00000135334.9	10.1369671460197	3	0.0174370358795807	0.0955859807139503
ENSG00000135336.15		12	1	
ENSG00000135372.9	14.9532463380601	15	0.454790199602118	0.739829667896003
ENSG00000037897.17	31.1518615871319	21	0.0711674566578451	0.248454578209248
ENSG00000135404.12	0.747982812579721	18	0.99999999971812	0.99999999971812
ENSG00000135406.14	24.8698812031689	15	0.0517184290805438	0.20145765844055
ENSG00000135407.10		3	1	
ENSG00000135414.10	0.810107252262242	3	0.847048015929272	0.972332415547136
ENSG00000135424.18	45.3189859987946	24	0.00533938407714573	0.0412511780401236
ENSG00000135436.8	1.8330299392241	3	0.607773763487287	0.848031349981102
ENSG00000135437.10	11.4443500319037	12	0.491269675942693	0.769894324165209
ENSG00000258311.5	8.29154076195619	6	0.217512882108061	0.490615054263143
ENSG00000135446.17	27.665167578758	21	0.149905540029453	0.395432091132789
ENSG00000135451.13	43.76115185651	27	0.0218829025003043	0.111197322243225
ENSG00000135452.10	22.2039487679649	27	0.726942696791365	0.920201054400557
ENSG00000135457.10	19.1033831765908	12	0.086063871489354	0.283525713837231
ENSG00000135473.15	62.804485472836	45	0.040707981465692	0.171570639642589
ENSG00000135476.12	32.8898931284311	21	0.0474523827420324	0.190573389504613
ENSG00000135482.7	22.8343072985281	9	0.00657935941887896	0.0476911945935178
ENSG00000135503.13	7.65429990212761	15	0.936893471992528	0.999496817939324
ENSG00000135506.16	43.0408496038581	36	0.195284809184341	0.460683890430159
ENSG00000135519.8		3	1	
ENSG00000135587.9		3	1	
ENSG00000135597.19	66.8884368805375	30	0.000125110466304954	0.00250441283724731
ENSG00000115317.12	37.8592163358771	27	0.0801131069495092	0.269922753453866
ENSG00000135617.4	1.39916420647933	3	0.705730657559961	0.905080102329594
ENSG00000135624.16	23.1765931328991	15	0.0804617648094656	0.270514798696742
ENSG00000135631.17	15.0984413268925	6	0.0195047271881416	0.103214616868857
ENSG00000135632.12		18	1	
ENSG00000204822.7	7.5056149874581	9	0.584629155354207	0.832786084976436
ENSG00000135677.11	5.12449666448811	9	0.823323280610184	0.964472496262205
ENSG00000135679.25	78.3210925027597	39	0.000190292526354507	0.00339703708914529
ENSG00000135686.13	20.4481459983035	15	0.155406820968527	0.403814614064276
ENSG00000135698.10	16.7999594364665	9	0.0519423133425982	0.201997384995364
ENSG00000205084.11	18.0866907945365	21	0.643511766632441	0.869175542084924
ENSG00000135709.12	6.07848533164633	6	0.414455830321293	0.703412757318153
ENSG00000103034.14	32.1781105684977	15	0.00608808228266925	0.0453899370768395
ENSG00000135720.13		27	1	
ENSG00000135722.9	49.1833385812897	24	0.00179634423350604	0.0190215374374051
ENSG00000135723.14	30.2718943651489	24	0.175902920467039	0.435036502286592
ENSG00000135736.6		3	1	
ENSG00000135749.19		27	1	
ENSG00000135763.10	6.92107936261982	3	0.0744562383100596	0.256608107032884
ENSG00000135801.9	18.4017671384763	9	0.0307883050529783	0.140783894674526
ENSG00000135823.14	1.77004693385607	6	0.939586452938721	0.99999999971812
ENSG00000135838.13	47.5361347466878	21	0.000794968082772013	0.0103325648267788
ENSG00000135862.6	18.9358165607046	6	0.00427341326468983	0.0353377075865096
ENSG00000135870.12	7.76147101606603	6	0.256104609070645	0.539364637880096
ENSG00000135899.18	13.8019568772016	6	0.0319283721141744	0.144064983835858
ENSG00000135902.10	6.10483006413153	3	0.106619921459139	0.323528678909978
ENSG00000135905.19	6.20483645184686	9	0.719255244851464	0.914968523763913
ENSG00000135912.11	42.9618360946297	39	0.305305884501379	0.596670594681812
ENSG00000135913.11	20.4676837419725	12	0.0587402277272052	0.219369766126901
ENSG00000135919.14	7.34401987446836	12	0.834067416335781	0.968488080098508
ENSG00000135926.15	34.8183913983694	27	0.143526245203797	0.386553439228447
ENSG00000135930.14	48.3181224419386	27	0.00707351174102103	0.0501420316000721
ENSG00000135932.11	9.47294686206442	9	0.394809960444442	0.685306479787239
ENSG00000135945.10	55.0447492494932	33	0.00938480564448914	0.0607577069224553
ENSG00000135953.11		18	1	
ENSG00000135956.9		6	1	
ENSG00000135966.13	6.57782856670838	6	0.361657657986856	0.653357303914562
ENSG00000135972.9	4.36357577840681	3	0.224786615770367	0.498664561421619
ENSG00000135974.10	2.24200793813361	3	0.523721581605267	0.791190083922652
ENSG00000196912.12		18	1	
ENSG00000135999.12		9	1	
ENSG00000136044.12		21	1	
ENSG00000136048.14	25.1651558848043	15	0.0477688990479918	0.191608974243428
ENSG00000136052.9		15	1	
ENSG00000136108.15	24.8577397522313	15	0.0518868884039421	0.201883218518039
ENSG00000136114.17	8.3034966538321	6	0.216700846112583	0.490309328399967
ENSG00000136144.12		9	1	
ENSG00000136146.15	2.78555571674951	9	0.972193582280964	0.99999999971812
ENSG00000136169.16	3.23315946002913	6	0.77906509187461	0.946517398450236
ENSG00000106086.20	18.0938661700866	18	0.449485223761238	0.735174984626432
ENSG00000136213.10	3.16978658254084	3	0.36618093061884	0.656558236511852
ENSG00000136231.14	46.3858873013232	24	0.00397747043872405	0.0336800870179705
ENSG00000136235.17	32.5334159569175	15	0.00544294048505219	0.0417047477315347
ENSG00000136240.10	15.2233358903904	9	0.0849811807934337	0.281135995580865
ENSG00000136243.17	27.9691622290411	24	0.261342788024322	0.546458581091739
ENSG00000136244.12	55.4977418093022	15	1.47270081306671e-06	5.74971626597686e-05
ENSG00000136261.15	12.9046607336495	15	0.609661812151375	0.849159950503324
ENSG00000136270.14	61.9807033095276	33	0.00165430504877954	0.0178689401731424
ENSG00000136271.10	72.4251810854184	27	5.02358051762387e-06	0.000159584487934082
ENSG00000136273.13	18.7811617677035	18	0.405414229942413	0.695685649736779
ENSG00000136280.17	38.3307948821584	30	0.14143988640366	0.382748306355301
ENSG00000136295.15	19.2670582760111	18	0.375554379803237	0.666010012310561
ENSG00000136305.11	10.6867641414719	12	0.555936533521322	0.814010134753737
ENSG00000136319.12	4.87544425549731	9	0.845028067946361	0.971430895372368
ENSG00000103740.10	2.95022019484065	3	0.399364094139764	0.689728342172906
ENSG00000136371.11	2.99588560250777	6	0.809363054169513	0.958436522470474
ENSG00000136379.12		3	1	
ENSG00000136381.13	20.8788272291567	18	0.285570394928578	0.575246075172199
ENSG00000136383.7		3	1	
ENSG00000136436.15	53.3508376644168	39	0.0625998248237643	0.228120273645274
ENSG00000136444.10	18.1555444178593	21	0.639140780634877	0.866159385945172
ENSG00000136448.12	24.5280827283277	18	0.138476765053665	0.377828442180298
ENSG00000136450.13	34.4674318569596	21	0.0322739090438929	0.145373920420583
ENSG00000136451.9	8.29700952313124	9	0.504514124381683	0.78030152651865
ENSG00000136463.8	2.37191867084039	3	0.498883358460862	0.776605976821817
ENSG00000136478.8	2.84907237186235	9	0.969979122171322	0.99999999971812
ENSG00000136490.9		18	1	
ENSG00000136492.9	1.02146857102503	3	0.796057388616715	0.953184743334089
ENSG00000136504.13	12.9791618024319	15	0.603907542393637	0.845983326642634
ENSG00000136521.13	46.4712605750829	27	0.0113146658885406	0.069403420356192
ENSG00000136522.14	4.51514510314155	6	0.607319829735819	0.84774921386862
ENSG00000136527.18	87.0538568879129	21	5.17586329673557e-10	5.09076015983732e-08
ENSG00000136536.15	14.2960798486383	15	0.503202656213089	0.779651616238063
ENSG00000136560.14	35.4241180544013	36	0.495794963058436	0.774272775133549
ENSG00000136603.14	41.9076549613001	21	0.0043216275276717	0.0356158271592657
ENSG00000136636.13	32.0053531339509	12	0.00138115544988606	0.0154910516413207
ENSG00000136682.15	29.3332815600152	24	0.207839645565841	0.477865468066217
ENSG00000136710.10	17.5715175897803	12	0.129333585216772	0.36255227272742
ENSG00000136715.19	7.76396203427703	9	0.558097147880626	0.815141606927851
ENSG00000136717.15	8.92717366932629	18	0.961405869087789	0.99999999971812
ENSG00000136718.10	51.1591571388417	42	0.15712933370284	0.406596497456704
ENSG00000136731.13	23.018396779542	15	0.0837500481387499	0.278323340614449
ENSG00000157654.19		18	1	
ENSG00000136802.12		9	1	
ENSG00000136813.14	7.85898613218524	12	0.796050765800305	0.953184743334089
ENSG00000136816.16	3.36672633618218	6	0.76160837851861	0.937195381779962
ENSG00000136828.19	37.6669955451985	21	0.014095841107271	0.0818310775745034
ENSG00000136842.14	1.76999309630673	3	0.621486441069715	0.855939337146704
ENSG00000136848.17		9	1	
ENSG00000136867.11	2.6339502843739	3	0.451568686539757	0.737285889004816
ENSG00000136870.10	3.70929144350112	9	0.929483974963448	0.997687158190087
ENSG00000136874.11	23.4161042414762	21	0.322200103320075	0.613580497786756
ENSG00000136933.17	8.79546666875831	12	0.720293910127793	0.915470217453697
ENSG00000136940.14	0.790237351360702	3	0.851800677045005	0.97324297283525
ENSG00000136943.11	1.03805635935441	3	0.792044522645093	0.951668792844804
ENSG00000136950.13	39.214166971753	6	6.49795061135089e-07	2.78106848550244e-05
ENSG00000136986.10	12.7126743737172	9	0.176044218340738	0.435102868054969
ENSG00000136997.20	30.5399146862619	18	0.0325165906851516	0.146203167524579
ENSG00000136999.5	2.8407120566485	3	0.416841763856198	0.705486243347288
ENSG00000137040.10	9.81031531688495	6	0.132870697834187	0.367684622038851
ENSG00000137075.18	25.4362737631225	9	0.00252464413503126	0.0244088703754581
ENSG00000137100.16	48.1886744375515	21	0.000648115221998029	0.00888682386838853
ENSG00000137101.13		3	1	
ENSG00000137133.11	33.821040873765	15	0.00360791980935984	0.031462414092022
ENSG00000137171.15	55.6513444101693	42	0.0771971859255694	0.263230912484166
ENSG00000137177.20	15.3491620409186	18	0.637869352266065	0.865186464642258
ENSG00000137216.19	8.89843390752139	12	0.711580192265387	0.909162351571651
ENSG00000137218.10		3	1	
ENSG00000137221.14	48.7441525090872	30	0.0166873453653763	0.092317390882874
ENSG00000137275.14	1.82344807193385	3	0.609845714501332	0.849300451141474
ENSG00000204568.12	19.7550912229635	6	0.00306142292195165	0.0280351791124829
ENSG00000137331.12	100.957806246632	3	9.67253956242494e-22	3.80540027630941e-19
ENSG00000204540.11	23.8057891918613	15	0.0684657690203009	0.242073169861511
ENSG00000213780.11	26.4050357555461	12	0.00940250110820141	0.0608337658670413
ENSG00000204642.14	0.987863256513123	3	0.80418865724749	0.956513342233256
ENSG00000137404.14	23.5965642723022	21	0.313013695104157	0.604002468821057
ENSG00000137434.11	5.58866908654147	9	0.780274919243125	0.947013781316793
ENSG00000137492.8	18.5835881365419	9	0.0289757892091481	0.134826629542076
ENSG00000137494.14	11.1531964256915	15	0.741660839958545	0.927325355327705
ENSG00000137496.18	3.24133148508213	6	0.778004369244297	0.946157574789429
ENSG00000137500.9	60.6534146005724	45	0.0595480574004013	0.22101490535149
ENSG00000137502.10	38.2803700933619	18	0.00355560307516213	0.031138924534104
ENSG00000137504.13	54.8794820382027	15	1.87106035151793e-06	6.95966412206434e-05
ENSG00000137547.9	10.4294962475979	6	0.107691656445487	0.325717904725276
ENSG00000137563.12	9.07875755208079	9	0.430036190518868	0.717007366392421
ENSG00000137574.11	4.58627598405474	6	0.597859334245316	0.842461975581467
ENSG00000137575.12	34.8979043141153	21	0.0289720253840587	0.134826629542076
ENSG00000181381.13	28.0736744751762	12	0.00539637819987582	0.0414431455858211
ENSG00000036672.16	8.62853497956053	6	0.195571776273527	0.46073323341822
ENSG00000137692.12	18.7948203065898	18	0.404559367890061	0.694686021331326
ENSG00000255561.7	0.818960274585834	3	0.844926817187507	0.971423672362707
ENSG00000137720.8	6.3684520386887	12	0.896381814107092	0.987676453505619
ENSG00000137760.15	25.7126512079472	9	0.00227616091745133	0.0226707400434369
ENSG00000137767.14	8.36883544084958	9	0.497445784699313	0.775790060275656
ENSG00000137770.14	28.3358222819115	27	0.393818384719912	0.684867423742201
ENSG00000137801.11	12.0327757309933	18	0.845540706733279	0.971706675971169
ENSG00000137804.14	83.3300758998084	24	1.77788258406881e-08	1.17078540718283e-06
ENSG00000137806.9	4.80393275564711	9	0.851053987995844	0.97324297283525
ENSG00000137807.15	89.6213266527193	30	7.49450259063044e-08	4.16637320649776e-06
ENSG00000137814.12	30.9248810978643	24	0.155960456489116	0.404637866814975
ENSG00000137817.17	72.8044551468629	36	0.000272668144781271	0.00454995506193739
ENSG00000137818.12	6.31728715682402	9	0.707790642714979	0.906329099992417
ENSG00000137821.12		21	1	
ENSG00000137822.13	25.2152917996937	24	0.394137900970893	0.68488371001649
ENSG00000137824.16	10.5982300074102	12	0.563627345824041	0.818188872775709
ENSG00000137825.11		6	1	
ENSG00000137841.12	23.3027458326919	12	0.0252629543483016	0.122751626739258
ENSG00000137842.7	27.954910901015	27	0.41330110900687	0.703086154004868
ENSG00000137843.12	1.29638555703041	3	0.729991540078016	0.921723141204633
ENSG00000137845.15	56.1388645758852	24	0.000219400062387543	0.00381026016665905
ENSG00000137876.10	2.1304431505996	3	0.545778500820636	0.807296449372583
ENSG00000137880.6	2.19832370032964	6	0.900585015993974	0.988895481506616
ENSG00000137936.18	26.5925807002059	12	0.00884043175287745	0.0582659641753759
ENSG00000137941.17	11.8485466005873	9	0.221982836344426	0.495520230449524
ENSG00000137942.16		6	1	
ENSG00000137944.18	5.31852894979784	6	0.503655342193689	0.779863925361675
ENSG00000137962.13	1.12169546363023	3	0.771839461719769	0.942312039953253
ENSG00000137996.13	3.52395892175355	6	0.740779385017834	0.927129608895429
ENSG00000011523.14	11.8154911712641	9	0.223912046914301	0.497912245192691
ENSG00000138002.16	59.9702778276696	51	0.182457798095441	0.443737712010999
ENSG00000138018.18	13.3800248409316	9	0.146150900190385	0.389861591928555
ENSG00000138030.13	8.31201637284357	9	0.503033967913918	0.779508325676634
ENSG00000138031.14	18.8758906463845	24	0.758575598331072	0.935812448188564
ENSG00000138035.15	17.5431985207833	12	0.130280873483829	0.364497203338828
ENSG00000138036.18	17.5615958791059	15	0.28641427322858	0.575698880105156
ENSG00000138071.14	0.579676007953822	3	0.90106891240703	0.988895481506616
ENSG00000138073.14	32.4644228882899	21	0.0525036211790474	0.203517665992952
ENSG00000138078.16	32.3834023267009	33	0.497634675125586	0.775790060275656
ENSG00000138092.11	24.2871470233949	24	0.445279213113638	0.731453520305027
ENSG00000138095.19	29.7873570125084	21	0.0963450525235407	0.303234936081015
ENSG00000138162.19	87.2719889352757	39	1.48520955967285e-05	0.000416224892764207
ENSG00000138172.11		15	1	
ENSG00000138182.14	8.35677921160459	6	0.213112411905563	0.485682015080641
ENSG00000138190.17	3.49626810997552	6	0.744466140867919	0.928612135575318
ENSG00000187164.20	12.490855141772	9	0.187029612925674	0.449618310368206
ENSG00000068078.19	23.2127932437952	18	0.18254483527247	0.443843860233444
ENSG00000138231.13	14.9392548317774	6	0.0207344739887561	0.107280189393519
ENSG00000163781.14	33.728782961196	21	0.0387351687589411	0.165437177968772
ENSG00000138246.17	1.99716590995922	3	0.572995138819382	0.823776145464998
ENSG00000119042.17	8.48682735842021	9	0.485924855178398	0.7658977404057
ENSG00000138376.11	18.5509020740919	18	0.419953714277865	0.708044592607266
ENSG00000138381.10	8.92024580370344	6	0.178113323474678	0.43701635543835
ENSG00000138382.15	6.06459527486004	12	0.912790857453382	0.99239570295743
ENSG00000138385.16	29.5593075295328	18	0.0419576617518175	0.175106047351833
ENSG00000138398.16	96.2379132219285	24	1.30619357354493e-10	1.43667247997753e-08
ENSG00000138442.10	5.04070280300221	12	0.95660561679718	0.99999999971812
ENSG00000138443.17	40.6341395757627	30	0.0931547736648772	0.297596158604344
ENSG00000138448.12	6.74852760399881	12	0.873774646265917	0.979596762018201
ENSG00000138459.9	29.7754345103385	18	0.039687794779683	0.168660761446355
ENSG00000138463.9	0.811718426333755	3	0.846662136082324	0.972077393907622
ENSG00000138495.6	1.54500858852407	6	0.956448927773128	0.99999999971812
ENSG00000084463.8	3.09541906331287	6	0.796779001670128	0.953245895682309
ENSG00000171681.12		12	1	
ENSG00000070961.15	22.7224754371127	21	0.358952048873142	0.650898866853992
ENSG00000029153.14	25.0005528202069	15	0.0499360098249257	0.197218318339446
ENSG00000091039.17	25.4200316935549	18	0.11377690819547	0.337196168924232
ENSG00000118596.12		6	1	
ENSG00000064102.15		15	1	
ENSG00000060982.15	39.7943299573453	15	0.000487068884963283	0.00705697963780371
ENSG00000058272.19	50.3900791182114	39	0.104586086200737	0.320015278416793
ENSG00000120802.14	12.9143092560116	24	0.967511742909019	0.99999999971812
ENSG00000059758.8	11.4394972975661	9	0.246781708813833	0.525379351043791
ENSG00000028203.18		66	1	
ENSG00000111142.14	16.439021519589	21	0.744499225943592	0.928612135575318
ENSG00000057704.13	2.31510691514376	3	0.509633002539775	0.782738135582487
ENSG00000118600.12	5.72400967141948	15	0.984020109195669	0.99999999971812
ENSG00000100578.18	76.8547077200565	51	0.0111190569527264	0.068698983883254
ENSG00000020426.11	18.5160769582726	18	0.422173255096768	0.709448041134359
ENSG00000126814.7	4.79350670207714	6	0.570557220201572	0.821772712678384
ENSG00000047621.12	25.0794937962037	15	0.048885974710584	0.194195974879442
ENSG00000080371.6		6	1	
ENSG00000088451.11	0.553959096973813	3	0.906886604950718	0.990927457228769
ENSG00000053254.15	17.1629442673411	15	0.30921729293752	0.60094523089826
ENSG00000100764.14	5.43099557759706	9	0.795236425344211	0.953091673807309
ENSG00000113593.12		27	1	
ENSG00000111412.6	5.89074139070726	9	0.750801631819631	0.931948955891874
ENSG00000075643.6	14.5276809867773	3	0.00226817774178107	0.0226132457316556
ENSG00000172466.16	3.16919056194911	6	0.787331714313863	0.949785035852913
ENSG00000186812.13		21	1	
ENSG00000126838.10		3	1	
ENSG00000069493.15	24.6381616142185	15	0.0550189267450132	0.209684648132901
ENSG00000070018.9	11.3203023112474	6	0.0789673903241556	0.26762527079285
ENSG00000119801.13	17.3167750721841	21	0.691734121730717	0.897368209408181
ENSG00000113368.12	14.7159713532164	12	0.257337872526037	0.540404249244268
ENSG00000064652.11		18	1	
ENSG00000005189.19	22.7697102012826	18	0.199595332124779	0.46602617035023
ENSG00000103489.12	4.86882015196079	6	0.56074484441063	0.816608629481255
ENSG00000069248.12	26.2115912309455	9	0.0018862782798495	0.0197692013571522
ENSG00000110880.11		21	1	
ENSG00000074590.13		6	1	
ENSG00000126749.16	25.00502799268	15	0.0498759491533945	0.197102077677083
ENSG00000111684.11	10.0474350313889	12	0.61179908258466	0.850050411536874
ENSG00000113048.17	17.507670128216	9	0.04133461831968	0.173283529013118
ENSG00000113163.17	28.3540414357458	30	0.55168139083617	0.810546708620006
ENSG00000049860.14	17.9476770545152	18	0.459104501598192	0.743419336211479
ENSG00000109790.16	12.4284526684241	9	0.190218328784771	0.454719159883016
ENSG00000078140.14	25.6099919992848	18	0.109015462650111	0.327976225719995
ENSG00000121897.15	45.4436068089453	39	0.22139739916331	0.495178298410959
ENSG00000078177.14	7.52411847640292	3	0.0569419728351591	0.214139500048104
ENSG00000109787.13	5.39774221935704	3	0.14488431157014	0.388370446292181
ENSG00000065882.16	61.3724566589299	30	0.000625972746023078	0.00868373660738402
ENSG00000081019.13	17.5412815407642	9	0.0408842423667846	0.172100788135736
ENSG00000009307.16	19.5368273714557	21	0.550744424121368	0.810546708620006
ENSG00000065600.13	17.273770232925	9	0.0445974319315246	0.182385321683066
ENSG00000054392.13	16.1246329211735	12	0.185594111149072	0.447640217624111
ENSG00000066027.12		3	1	
ENSG00000082512.15	11.9198445334428	6	0.0637810498099951	0.231107459619709
ENSG00000092020.10	53.7708114949019	33	0.012638945150921	0.0752963133073798
ENSG00000100902.11	8.46074426727137	9	0.488461684784518	0.768029855055303
ENSG00000129625.13	26.8003165111295	15	0.0304060458474649	0.139723020203827
ENSG00000112893.9	11.7126187455197	9	0.22999956599612	0.504385651633066
ENSG00000129595.14	28.4854240310115	21	0.126913503966367	0.358420273901704
ENSG00000120658.13		3	1	
ENSG00000102804.15	62.577592739719	15	9.04283476788884e-08	4.94647897544037e-06
ENSG00000102780.17	22.3197263620325	9	0.00791905965261512	0.0538303429965819
ENSG00000124422.12	14.1219820504921	12	0.292986667931861	0.584009729149945
ENSG00000108641.19	78.4012330150872	39	0.000186163289183291	0.00335161984697364
ENSG00000128487.16	22.4613929098632	24	0.551748629594399	0.810546708620006
ENSG00000052802.13	5.84718855872052	9	0.755109572931634	0.93362174607812
ENSG00000129116.19	24.6894342497853	15	0.0542729177922258	0.208084963831051
ENSG00000128915.12		39	1	
ENSG00000089916.18	44.7610910720214	27	0.0172294504001152	0.0946617376572654
ENSG00000100603.14	23.92061699638	15	0.066453866197245	0.237179552453461
ENSG00000009830.12	70.7226306515404	39	0.00140142502894024	0.0157011792125188
ENSG00000134318.14	11.6186788384875	12	0.476769112591891	0.757297350238962
ENSG00000101752.11	3.49017270289141	6	0.745276712554879	0.929120718186942
ENSG00000070269.14	29.3033831806479	27	0.34634374830914	0.638908963292009
ENSG00000053770.12	29.7643710508073	15	0.012800093314236	0.0759045226844104
ENSG00000118620.13		9	1	
ENSG00000065150.21	29.9399783666304	21	0.0932007811423981	0.297596158604344
ENSG00000083093.10		12	1	
ENSG00000047578.13	17.0512849301322	15	0.315807844165751	0.607674649731276
ENSG00000046604.13	2.79038689678418	3	0.42508485085188	0.711768364603681
ENSG00000101577.9	3.69623315318086	3	0.296188855500176	0.586938589050973
ENSG00000080986.13	16.2060326936844	12	0.181980596083014	0.442998457242539
ENSG00000079134.12	97.9372235667033	42	2.31299001055571e-06	8.38992014821786e-05
ENSG00000101557.15	26.1204462596143	21	0.201893613372405	0.469830318544193
ENSG00000128731.18	25.400731032074	21	0.230225496869175	0.504385651633066
ENSG00000103257.9	7.58173297683243	3	0.0554951569522938	0.210847164586373
ENSG00000051523.11	0.598926736041904	3	0.896678028616053	0.987703719079781
ENSG00000120805.14	12.8644100752208	21	0.913298853243024	0.992583880724482
ENSG00000120800.5		6	1	
ENSG00000006695.12	17.263080104658	15	0.303382276537485	0.594729265370244
ENSG00000241322.11	12.7232932456183	12	0.389469612222012	0.681462707153711
ENSG00000072310.17	163.566648632375	57	3.13168766463289e-12	4.38822371527806e-10
ENSG00000011295.16	15.6501016709954	21	0.788977069249888	0.950358742505547
ENSG00000111450.14	11.3114584348241	9	0.254962695087168	0.537513068435005
ENSG00000111452.13	5.70331105803643	6	0.457232062275982	0.741422354941876
ENSG00000038532.16		12	1	
ENSG00000103429.11		27	1	
ENSG00000103381.12		6	1	
ENSG00000102753.10	3.7764174664444	3	0.286641116879444	0.576041647261264
ENSG00000061936.10	35.3916094693122	27	0.129220769709121	0.362434673253248
ENSG00000072415.9	9.32539901594282	15	0.859898031583948	0.975149824658327
ENSG00000111328.7	0.355827111518011	12	0.999999962173236	0.99999999971812
ENSG00000073060.16	30.1865026947344	18	0.0356722632444695	0.155206967557498
ENSG00000087299.12	16.2971613613645	15	0.362581771491541	0.654082468359796
ENSG00000087302.9	1.83791421697242	12	0.999616907941802	0.99999999971812
ENSG00000108651.10	40.0801536823419	18	0.00203543755910301	0.0207789329262122
ENSG00000108671.11	53.2713254860864	21	0.000125741275135368	0.00251212402999937
ENSG00000108578.15	16.5973213224061	18	0.550934267316028	0.810546708620006
ENSG00000160551.11		3	1	
ENSG00000064726.10	1.18858039880433	3	0.755744486684136	0.933985826690515
ENSG00000103723.16	11.3078410334826	12	0.502737120790808	0.779508325676634
ENSG00000089248.7	0.61793081171345	3	0.892315533951504	0.986479350588987
ENSG00000076513.17	24.998533963857	21	0.247227579894814	0.526194530741584
ENSG00000122965.11	14.9888186365042	12	0.242048499354561	0.519839967672356
ENSG00000111300.10	18.202737670741	18	0.442373849394403	0.728433982309848
ENSG00000086666.19		30	1	
ENSG00000103876.13	26.0886271455875	18	0.0977486718878171	0.306189949992213
ENSG00000117899.11	3.93668413623163	9	0.915530135662857	0.993734906376843
ENSG00000090861.17	53.1438979008817	30	0.00571809977158666	0.0431982589095716
ENSG00000103043.15	18.0792265402124	18	0.450444936053616	0.735920979219364
ENSG00000103047.8		6	1	
ENSG00000081181.8		3	1	
ENSG00000100926.15	20.3044218553405	27	0.817741046917569	0.960794069483094
ENSG00000070614.15	19.8570470631239	21	0.53033157134634	0.795886391329477
ENSG00000113712.19	17.640053879295	27	0.9141363365828	0.992854171470107
ENSG00000113721.14	11.8235278880275	15	0.692334566235776	0.897722453911504
ENSG00000120306.11	6.55893321971234	6	0.363566832843939	0.654082468359796
ENSG00000113068.10	5.50981196438079	12	0.938752809106533	0.999739977548227
ENSG00000110801.14	17.3636872386705	21	0.688838306866759	0.895477199925922
ENSG00000089053.13	39.8425511069363	27	0.0530003881292571	0.204720550405489
ENSG00000110987.9	0.404211750558034	3	0.939371078054914	0.99999999971812
ENSG00000122966.16	50.398815680599	33	0.0268253631596804	0.128162839682564
ENSG00000066739.12		6	1	
ENSG00000069966.18	15.7215415583614	15	0.400795693900965	0.691239548065531
ENSG00000081014.11	10.6908210785223	6	0.0984150462272538	0.307761390357254
ENSG00000047346.12		30	1	
ENSG00000069956.12	7.37038487876089	9	0.598616296167093	0.842462693028601
ENSG00000138593.9	8.14893459466111	3	0.043031897930363	0.178294029696604
ENSG00000138600.10	25.3969532217525	12	0.0130498829298407	0.0769822678715918
ENSG00000138604.10	22.6630072198914	6	0.000917569976879866	0.0114044025437474
ENSG00000187720.14		9	1	
ENSG00000104133.15	49.3984407868356	48	0.417103089323693	0.705496149693571
ENSG00000104154.7	2.08885494652381	3	0.554170772167706	0.812238548288217
ENSG00000104131.13	21.7274935753376	15	0.115150965925868	0.339250930430792
ENSG00000074696.13	3.04907874364289	3	0.384119924876231	0.675581850799776
ENSG00000138613.14		9	1	
ENSG00000103591.13	5.5245368682663	12	0.938131603140881	0.999631309977718
ENSG00000075131.10	22.5977068391658	15	0.0930628438957277	0.29757418887446
ENSG00000103671.10		18	1	
ENSG00000138617.16	12.0810520364416	15	0.672883949395917	0.888118923276984
ENSG00000028528.15	20.3353614686348	21	0.500117056150454	0.777833354041198
ENSG00000103769.10	10.8059396751341	12	0.545618909650564	0.807296449372583
ENSG00000035664.11		9	1	
ENSG00000074621.14		15	1	
ENSG00000103642.12	14.4218744422342	9	0.108089845913206	0.326536040710628
ENSG00000110844.13	62.5831858944112	30	0.00044312976372704	0.00656923819299115
ENSG00000129315.11	5.94422995411969	6	0.429466435087451	0.716407724153545
ENSG00000067141.17		21	1	
ENSG00000129038.16		3	1	
ENSG00000037280.16	28.6721487453397	15	0.0177209245097465	0.0966759129654384
ENSG00000113194.13	20.5065368106807	9	0.0150311568432419	0.085556569770571
ENSG00000113269.14	16.289067356156	15	0.363104561814963	0.654082468359796
ENSG00000113300.13	12.9873719615071	12	0.369959213674748	0.660899894634824
ENSG00000126217.21	66.7403028682093	42	0.00890736307680171	0.0585185721982047
ENSG00000126216.15	16.3422460614529	21	0.75012377162026	0.931417341576067
ENSG00000119707.14	47.6208325126136	24	0.00281143275016657	0.0263352981698295
ENSG00000008294.21		27	1	
ENSG00000166986.15	49.4476829640917	30	0.0141441591658034	0.0820650051656284
ENSG00000110955.9	20.1573328366503	6	0.00259632974219097	0.0249017220625148
ENSG00000076067.13	6.09209735829245	15	0.978158849780785	0.99999999971812
ENSG00000123411.15		15	1	
ENSG00000110958.16	4.53649314591894	12	0.971700148936802	0.99999999971812
ENSG00000078142.13	28.9287739237552	24	0.222822984500245	0.496353725708407
ENSG00000118482.12	41.0650108673108	18	0.00149125779565671	0.0165266262099377
ENSG00000110911.16	90.5777210729721	57	0.0030811556390229	0.028140304492469
ENSG00000123268.9	14.2463733212571	9	0.113827194378275	0.337196168924232
ENSG00000050426.16	184.156835815971	60	1.5351390366211e-14	3.27144525116608e-12
ENSG00000063046.18	40.8977216641069	18	0.00157262003796964	0.0172415116488654
ENSG00000012822.16	86.2262429511029	39	2.02054964830365e-05	0.000549686232779204
ENSG00000111481.10	38.6967200477957	21	0.0106664972286144	0.0668961374319419
ENSG00000108960.9	8.03595034425871	9	0.530527389013253	0.796063468126238
ENSG00000103852.13	53.2507080472278	36	0.0319608777516521	0.144148068131239
ENSG00000124789.12	2.76147408714678	6	0.838133464214929	0.968925318981246
ENSG00000066926.12	46.2835439560367	30	0.0291925166729802	0.135608652610316
ENSG00000104219.13		3	1	
ENSG00000129422.14	34.6005002253769	21	0.0312187380886391	0.142053590706712
ENSG00000104738.18	42.1786956032156	33	0.131403928073286	0.366048687435087
ENSG00000104714.14	18.7915835583544	18	0.404761871479724	0.694915942156108
ENSG00000036448.10		6	1	
ENSG00000128791.12	2.10947974063856	6	0.909359276665017	0.990927457228769
ENSG00000085415.16	26.5257715781008	21	0.187106559067963	0.449697601669689
ENSG00000101745.17	9.05365332498059	12	0.698341019269946	0.900117223552455
ENSG00000101624.11	20.4323716184917	15	0.155966205336009	0.404637866814975
ENSG00000103479.16	11.938657143146	12	0.450618688059308	0.735969752540103
ENSG00000087253.13	18.3754634145116	15	0.243441003762396	0.521280725870954
ENSG00000103494.14		24	1	
ENSG00000070540.13		12	1	
ENSG00000103091.15	77.0890239786349	45	0.00204291048318766	0.0207998169052471
ENSG00000066855.16		24	1	
ENSG00000101665.9	20.6622050677624	12	0.0555511886362571	0.210847164586373
ENSG00000175387.16	46.1003998247616	21	0.00123912379798894	0.0143382322733358
ENSG00000101654.18	20.7886736638566	18	0.29020849296602	0.580879901737393
ENSG00000105993.15		12	1	
ENSG00000106018.14		6	1	
ENSG00000055118.16	3.64802189269437	9	0.933016327090428	0.998326481219489
ENSG00000106615.10	23.906294520566	12	0.0209461876469998	0.107830172844067
ENSG00000082014.17	34.0173289839113	33	0.418422706797344	0.706570065113095
ENSG00000055609.19	12.4136547119147	9	0.190980898599348	0.455609368787416
ENSG00000101546.13	14.355953497472	12	0.278557571800854	0.566249086238261
ENSG00000101544.9	0.123563386939168	3	0.988867016082067	0.99999999971812
ENSG00000104218.15	26.8996731943898	30	0.628534429990699	0.859291754080103
ENSG00000067167.8	3.88267174820066	6	0.692550447762675	0.897722453911504
ENSG00000066777.9	42.8394278830656	15	0.000166746065936177	0.00308993751532817
ENSG00000086598.11	2.28028648073087	6	0.892201337471268	0.986479350588987
ENSG00000088756.13		6	1	
ENSG00000066629.18	20.0847473687313	21	0.515899056734445	0.786439540181306
ENSG00000100811.14	38.1478358636559	15	0.000857993685943984	0.0108484764073189
ENSG00000105497.8	26.4939137702513	12	0.0091320425572726	0.0596989213409981
ENSG00000105383.15	7.91753984595562	15	0.927046024513885	0.996676833631703
ENSG00000104872.11		33	1	
ENSG00000121064.13	13.5814921057608	15	0.557476723147241	0.814787780567289
ENSG00000062716.13	73.1942520632874	12	8.05185396222691e-11	9.25420384040664e-09
ENSG00000068489.13	10.8819429650139	12	0.539062429653603	0.802040154573009
ENSG00000108395.14	35.2228047227345	21	0.0266854803431921	0.127554102070333
ENSG00000127564.17	43.1696961358102	27	0.0251452432022336	0.122427748514981
ENSG00000103227.19		6	1	
ENSG00000095906.17	36.9417259671318	27	0.0961603118106764	0.302988784522049
ENSG00000008710.20	74.0789354335793	51	0.0190422351460946	0.101608254204174
ENSG00000090565.17	25.8679385799605	18	0.102816040380129	0.316255973821463
ENSG00000103363.15	7.99810266977875	12	0.785278639587297	0.948696728987653
ENSG00000127586.17	42.3090692385085	39	0.330100522064654	0.620918316901566
ENSG00000007384.15	40.7112019981641	24	0.0179136734448709	0.097519406954542
ENSG00000103249.18	83.1011159999252	27	1.26902811298492e-07	6.62290233047079e-06
ENSG00000100726.15	24.058323011508	21	0.290241194425635	0.580879901737393
ENSG00000103126.15	19.8139259449454	12	0.0706887487157438	0.247543721538289
ENSG00000005156.12	47.963124738104	36	0.087697030811056	0.286432704258431
ENSG00000118454.13		12	1	
ENSG00000116729.14	19.4108442216384	21	0.558802907599386	0.815522177462422
ENSG00000145002.12	2.37894379909585	3	0.497566263125625	0.775790060275656
ENSG00000126603.9	1.61444839211708	3	0.656118199217195	0.876865494145238
ENSG00000005339.15	7.93238732050577	12	0.790391517640456	0.95103142969474
ENSG00000102858.13	25.0352930356385	21	0.245638741890988	0.524230897309184
ENSG00000033011.13	31.643113275517	15	0.00719774851362171	0.0507064528552593
ENSG00000103423.14	13.0228508168511	9	0.161575010332242	0.413704826204883
ENSG00000118900.15	29.097181906287	24	0.216494859162071	0.490309328399967
ENSG00000102921.8	19.8100240685926	12	0.07076609428548	0.247641594365015
ENSG00000109046.15	71.6613553577117	24	1.2215497715287e-06	4.86195821516228e-05
ENSG00000076604.15	37.0668234088444	27	0.0938269228321141	0.298803111347975
ENSG00000108370.17	18.1502747049931	12	0.111203267137572	0.33218326053911
ENSG00000005961.19	22.2346963692953	21	0.386095113779815	0.67765389822473
ENSG00000186868.16	9.32593933781845	15	0.85986778533855	0.975149824658327
ENSG00000067596.12	3.98313577074259	12	0.983738780682679	0.99999999971812
ENSG00000120071.14		48	1	
ENSG00000103196.12		15	1	
ENSG00000103187.8	267.474218419782	6	7.52800365767695e-55	1.54007898828755e-51
ENSG00000064270.13		3	1	
ENSG00000103150.7	5.11477839023382	6	0.529178586781283	0.795556696676329
ENSG00000165055.16	29.8342327823411	15	0.0125334741702447	0.0747986623613961
ENSG00000108854.16	7.47925325258666	6	0.278787929823675	0.566379689010203
ENSG00000065325.13	10.4363372659427	6	0.107439114667986	0.32524258772975
ENSG00000006740.17	14.684832424557	12	0.25912615787121	0.543156038701764
ENSG00000119509.13	16.8725449732501	18	0.531883868719475	0.797026096199796
ENSG00000101003.10	8.58574613230667	6	0.198250408248058	0.464369916640573
ENSG00000064651.14		15	1	
ENSG00000138829.12	3.49144432175672	6	0.745107641372236	0.929023167186324
ENSG00000091592.16		3	1	
ENSG00000108523.16	43.2986381782685	33	0.108261430564644	0.326764878502727
ENSG00000091622.16	23.4323599907627	9	0.00529496414725071	0.0410198295142879
ENSG00000087258.16	15.0874377534719	15	0.445137427499116	0.731338057482888
ENSG00000070761.8	11.3111483980101	15	0.730241894253822	0.921723141204633
ENSG00000070915.10	25.639568908402	9	0.00233946053465268	0.0230765109054602
ENSG00000070770.9		12	1	
ENSG00000088682.14	108.043818418955	21	1.06092356147515e-13	2.00966427969061e-11
ENSG00000140853.15		54	1	
ENSG00000080603.17	11.6242971962474	9	0.235327552827372	0.510454563841586
ENSG00000099381.18	10.4843858107306	6	0.105680307530115	0.321823121680723
ENSG00000099377.14	3.81478242393359	6	0.701724559791886	0.902431546657179
ENSG00000070159.14	2.84691614373105	6	0.827800680432321	0.966728297767121
ENSG00000101310.17	14.2209587629004	21	0.859922305519904	0.975149824658327
ENSG00000089091.16		6	1	
ENSG00000090054.15	10.5842587123916	15	0.781470494179608	0.947790097813992
ENSG00000106554.13	10.8025071983138	3	0.0128431632221484	0.076113972537286
ENSG00000104518.11		30	1	
ENSG00000161016.17	13.1402617567219	24	0.963752457447538	0.99999999971812
ENSG00000105339.10	53.6110525231161	48	0.267879070889229	0.554133817471909
ENSG00000124120.11		9	1	
ENSG00000109062.12		12	1	
ENSG00000105711.13	3.14277115973641	9	0.958364318992038	0.99999999971812
ENSG00000126254.12	16.4614551127597	12	0.171002644012543	0.427778441086891
ENSG00000124333.16	24.6901857435405	15	0.0542620508130087	0.208084963831051
ENSG00000124333.16_PAR_Y	13.7538558087417	9	0.131354397241216	0.366010386646799
ENSG00000105173.14		15	1	
ENSG00000104331.9	3.87795697516049	3	0.274947713962827	0.561926107118034
ENSG00000104388.15	17.1968130612368	18	0.509614848372099	0.782738135582487
ENSG00000011201.12	0.0937557715028561	3	0.992576079595347	0.99999999971812
ENSG00000078747.16	50.6965826679516	36	0.0529884371616279	0.204720550405489
ENSG00000123080.12	14.9365509758063	6	0.0207559878543476	0.107337209182063
ENSG00000085831.15	17.7437693958409	12	0.123694945419216	0.352753448874826
ENSG00000100813.14	61.8273620775435	45	0.0485090517181515	0.193449937631568
ENSG00000129474.16	23.7818224857401	15	0.0688923555454739	0.24308378919443
ENSG00000129566.13	21.7313672129799	15	0.115043668430271	0.33922792861725
ENSG00000081913.14	1.14566310684859	3	0.766063807753711	0.93936112695974
ENSG00000077942.19	10.8541968585923	15	0.762859960444765	0.938091361541809
ENSG00000186951.16		18	1	
ENSG00000075275.18	27.9967130518544	21	0.140244582687649	0.380722355709118
ENSG00000117461.15		9	1	
ENSG00000117450.14	2.53187822503969	3	0.469557511732818	0.752130251724866
ENSG00000087157.19	65.1575610292675	27	5.35008582026366e-05	0.00123256819494318
ENSG00000129646.14	7.99144736780511	9	0.535008348141909	0.799315484892267
ENSG00000035862.12	12.6643748320203	6	0.0486863371016865	0.19375895360155
ENSG00000108679.13	10.2045941754477	12	0.59801705002415	0.842461975581467
ENSG00000073146.16	5.00075694570728	9	0.834242270338131	0.968488080098508
ENSG00000251322.9	8.19199541621731	6	0.224372045523399	0.498512760475199
ENSG00000005007.13	11.3213575319096	12	0.501597488538493	0.779052643525697
ENSG00000105650.22	16.7855278188428	12	0.157844695518166	0.407533059525211
ENSG00000105656.13	7.48446618189973	9	0.586812828799137	0.834512540322747
ENSG00000099308.10	1.59982246229424	3	0.659430075868045	0.879213253350052
ENSG00000105669.14	18.2912775540608	12	0.107128313665172	0.324589905355761
ENSG00000129933.21	63.5498284335572	33	0.00108999961970976	0.0129345778538413
ENSG00000105696.9	1.93011892261802	9	0.992525039938285	0.99999999971812
ENSG00000003096.14	10.1669458431388	9	0.337139924099464	0.628733688899438
ENSG00000100320.23	53.2560198975825	21	0.000126379149081577	0.00251994603500088
ENSG00000080561.13		6	1	
ENSG00000101935.10	2.2000013551542	3	0.531948104287419	0.797026096199796
ENSG00000183943.6	4.49947700023495	3	0.212336942489477	0.484387730759335
ENSG00000083750.13	24.6263692296925	15	0.0551917864637753	0.210141902034427
ENSG00000013619.14	30.2664980440181	12	0.00254562824854815	0.0245885093053815
ENSG00000116991.11	23.8199264388404	12	0.0215187580776161	0.110159086306089
ENSG00000101347.10	42.4061073061112	30	0.066035368794841	0.236180345245604
ENSG00000170471.15		18	1	
ENSG00000073050.12	13.1545320792793	15	0.590363213544876	0.837446305831444
ENSG00000079462.7	28.2346518118211	15	0.0201455214448762	0.105137009622265
ENSG00000007047.15	20.9381254430227	18	0.282546184713413	0.571178838623222
ENSG00000256294.8	16.6792341229194	6	0.010537290846864	0.0662075848111623
ENSG00000085382.12	4.64639509591234	9	0.863979970136838	0.975837921777794
ENSG00000126091.21		39	1	
ENSG00000088812.18	8.76336241117133	3	0.0326083172894956	0.146486814911836
ENSG00000166997.8	12.6396549866076	12	0.39576674463973	0.686323196105448
ENSG00000105808.18		18	1	
ENSG00000197037.11		21	1	
ENSG00000241685.10	1.48221595500945	6	0.96066712726842	0.99999999971812
ENSG00000074842.8	1.49994485208299	3	0.682283058505506	0.892921367125489
ENSG00000126934.14	8.20510416472098	18	0.975424385817828	0.99999999971812
ENSG00000064961.19	51.1569212463219	24	0.00100646394090578	0.0122295819799215
ENSG00000065717.15	50.6970595191742	27	0.00377717799994302	0.0325499189228452
ENSG00000142002.17		42	1	
ENSG00000105248.16	2.03159762185533	3	0.565874469035762	0.81840892563379
ENSG00000105426.17	60.8256841570765	21	9.57040164765496e-06	0.000283755473779312
ENSG00000071564.17	42.7026899222838	45	0.569757622861395	0.821712602598361
ENSG00000008382.16	25.5953631517823	18	0.109376167529111	0.328674740791796
ENSG00000105229.7	8.88471102099084	3	0.0308636446189915	0.14084384935825
ENSG00000101040.19		30	1	
ENSG00000124207.17	5.35934214532608	6	0.498617399670296	0.776310103687589
ENSG00000109445.11		18	1	
ENSG00000109458.8	20.3094626561726	12	0.0614537841086039	0.225147119501042
ENSG00000103226.18		21	1	
ENSG00000102882.12	17.3120077687963	30	0.968640539674711	0.99999999971812
ENSG00000103319.12	0.928954423156028	3	0.818435410308073	0.961168290705083
ENSG00000102362.15	6.71257352883958	6	0.348247933231265	0.640640604191237
ENSG00000181192.12		9	1	
ENSG00000123240.17	29.2652897981643	30	0.503694384087766	0.779863925361675
ENSG00000107537.14		18	1	
ENSG00000118507.17		6	1	
ENSG00000107968.10	57.5835125326266	15	6.53186034243641e-07	2.78393331011592e-05
ENSG00000120616.16	169.875496465393	21	2.72228359264706e-25	1.63801405112863e-22
ENSG00000107951.15	22.7435573315888	9	0.00679867236551043	0.0487683167088403
ENSG00000062650.19	11.4517824520699	9	0.246007331591889	0.52436111582693
ENSG00000074660.16	8.60327795120526	6	0.197149185658535	0.462884294665637
ENSG00000070366.14	6.33716061199857	6	0.386499678523878	0.678133905842501
ENSG00000108963.18	28.5800624091244	36	0.805896430461149	0.957212562376578
ENSG00000083457.12	57.1834105371527	9	4.66089828961311e-09	3.8141062883562e-07
ENSG00000129219.14		30	1	
ENSG00000127804.13	15.9367254417712	21	0.77319567966652	0.942887428560267
ENSG00000083807.10	6.42295173525781	9	0.696953971118725	0.899040807313846
ENSG00000064687.13	25.3053872469391	36	0.908536254004385	0.990927457228769
ENSG00000083844.10	31.340515600351	12	0.00174759422328426	0.0186793535109454
ENSG00000064666.15	18.6695837393709	21	0.606326709861854	0.846985507354501
ENSG00000108091.11	1.8642210673479	3	0.601060401848624	0.843358143564393
ENSG00000122870.12	0.94168133650237	3	0.815359246895077	0.960591399352504
ENSG00000100228.12	0.639953837916096	3	0.887227979728325	0.984685680347382
ENSG00000099991.18	16.9370303613669	24	0.851335238760811	0.97324297283525
ENSG00000099956.20	93.9496419678471	27	2.47976055882205e-09	2.20569310923398e-07
ENSG00000047056.16		9	1	
ENSG00000116489.13	1.36139948970231	3	0.714607315962609	0.911187656257691
ENSG00000121621.7	4.5226312018749	6	0.606322279990814	0.846985507354501
ENSG00000070413.20	18.1885625067698	15	0.252882089372625	0.534007203177659
ENSG00000093009.11	38.64692691651	36	0.350929619550553	0.643769562120266
ENSG00000070010.19	18.622426388989	18	0.415411890307496	0.704217471984649
ENSG00000099917.17	66.7967061998315	51	0.0679522737623177	0.240679989028652
ENSG00000099889.14	17.0504079401126	18	0.519641907338087	0.788511256072304
ENSG00000100034.14		9	1	
ENSG00000102003.11	0.355590820118607	3	0.949255570985442	0.99999999971812
ENSG00000115091.12	38.7213910385763	15	0.000705212870809746	0.00946669613584369
ENSG00000088205.13	13.437638475807	15	0.568534146738403	0.8206441819428
ENSG00000242247.11	10.3028200252484	6	0.112465301411791	0.334712705307307
ENSG00000100266.19	6.27691036776378	12	0.901484573821332	0.988895481506616
ENSG00000100393.14	34.2523806828717	6	6.01302382475912e-06	0.000186952038612344
ENSG00000100372.15	30.101181937669	27	0.309626704797365	0.601066450354704
ENSG00000100418.8	15.0317160472005	9	0.0900684670929354	0.291141943436465
ENSG00000105559.12	13.9341351929502	12	0.304934064678596	0.59617174074873
ENSG00000118242.16	0.710001478169033	3	0.870849017253394	0.977817189625133
ENSG00000042753.12	28.9738012456219	18	0.0487001925613046	0.19375895360155
ENSG00000105486.14	32.8907270895288	36	0.61726259105237	0.853240411334418
ENSG00000125741.5	1.2973878750463	6	0.971801542029273	0.99999999971812
ENSG00000104812.15	12.8595453225644	15	0.613145719205801	0.850730780257956
ENSG00000024422.12	0.954299147517304	3	0.812308255719695	0.959597201128366
ENSG00000090372.15	35.829574444826	39	0.615276730835848	0.851870156017998
ENSG00000010310.9		3	1	
ENSG00000074201.9	16.2756716178847	21	0.753967542555564	0.933028735438446
ENSG00000125630.16	54.7205133180105	33	0.0101302386635156	0.0644817742931553
ENSG00000141002.20	50.6015884024964	51	0.489404518692827	0.768516859335113
ENSG00000105402.8	8.05062112388987	15	0.92173719268455	0.99446974872662
ENSG00000074266.21	58.021015907194	27	0.000476442131601799	0.00694085119288878
ENSG00000105323.17	16.933289044624	27	0.932754943052857	0.998326481219489
ENSG00000090013.11	4.34037509030895	6	0.630718119195494	0.860371773406783
ENSG00000141867.17	31.849305436037	24	0.130773830940181	0.36488966630854
ENSG00000011451.21	16.835325784843	24	0.855599854789161	0.974503338818654
ENSG00000105011.9	3.49905289665912	9	0.941194556249248	0.99999999971812
ENSG00000105135.16		21	1	
ENSG00000105058.12	21.9522360962292	9	0.00903159346619803	0.0592206215164998
ENSG00000074181.9	6.13910265240065	3	0.10503525534608	0.32052673834578
ENSG00000105085.11		12	1	
ENSG00000026508.20	25.1327162740927	36	0.912712192769958	0.99239570295743
ENSG00000110442.12	21.9324642663414	18	0.23499731468896	0.510244998512953
ENSG00000113594.10	11.9363301812864	18	0.850507192082656	0.973012068116251
ENSG00000125503.13	20.7152799847245	15	0.146175517480841	0.389861591928555
ENSG00000088035.18	29.8140462383126	24	0.190991589926722	0.455609368787416
ENSG00000116675.16	15.152948422186	6	0.0190999019135628	0.101814319762974
ENSG00000120008.16	56.1178317688973	33	0.00726422679979518	0.0510582271315395
ENSG00000023445.16	4.83210637684528	3	0.184512119706163	0.446398881852967
ENSG00000110318.15	4.69356805302903	9	0.860161060497915	0.975149824658327
ENSG00000080947.15	15.8683761174291	12	0.197339336425977	0.463084210209066
ENSG00000126903.16	11.4499572759669	12	0.49080069202594	0.76973058157687
ENSG00000146963.18	9.37896508447739	21	0.985905099985158	0.99999999971812
ENSG00000059378.13	39.6989883505485	33	0.196146166128828	0.461661098327606
ENSG00000122884.12	15.2771511600731	15	0.431643913806049	0.718633723034192
ENSG00000122958.15		15	1	
ENSG00000084234.17	18.8416839879937	18	0.401632871611205	0.691932971401616
ENSG00000064309.14	14.3361306257639	15	0.500204106255059	0.777833354041198
ENSG00000110074.11	54.76609584978	36	0.0233278259105116	0.116286711129933
ENSG00000110063.10	12.3179567319294	9	0.195972103706862	0.461463777352092
ENSG00000110013.13	5.04868801086559	9	0.830043507469496	0.967293941988659
ENSG00000116017.11	17.3471293199264	9	0.0435494712028835	0.179551608599071
ENSG00000085760.15	27.2199917564212	27	0.451974978966789	0.737497541415748
ENSG00000115355.17		57	1	
ENSG00000115239.24	18.0209211355213	21	0.647679893861861	0.870907962489935
ENSG00000115183.15	4.34302252739371	6	0.63036229365347	0.860371773406783
ENSG00000115170.15		12	1	
ENSG00000110651.12	22.4754466480226	18	0.211558918663553	0.483367473533501
ENSG00000078902.16	13.6829310525436	15	0.549699501562348	0.810189825047595
ENSG00000021762.20	28.693690144275	30	0.533726839384802	0.798643898082178
ENSG00000119865.9	7.54292405678416	9	0.580780717373983	0.829953333056506
ENSG00000115946.8	1.60676274770231	3	0.657857386007813	0.87871809891276
ENSG00000115750.17	28.5658291799955	24	0.236899548407843	0.512461945714617
ENSG00000118363.12	13.013328510453	21	0.908156386733035	0.990927457228769
ENSG00000110237.5	39.212173641381	18	0.00266845505928695	0.0254349245612703
ENSG00000077514.9	33.6483608658928	18	0.0139151039620959	0.0809656418818422
ENSG00000094975.14	11.9987725610736	12	0.445778223953408	0.732004667793796
ENSG00000060688.13	17.5037902902186	12	0.131608731568551	0.366357708138786
ENSG00000126698.11	13.6021482834331	9	0.137198042395804	0.375441084983061
ENSG00000116353.16	15.0239241495146	33	0.996928252030571	0.99999999971812
ENSG00000088179.9	40.1018309165907	21	0.00722755286457539	0.0508813752592854
ENSG00000074054.19	7.47704086612612	15	0.943036791878231	0.99999999971812
ENSG00000115109.14		9	1	
ENSG00000116199.12		3	1	
ENSG00000116016.14	25.5985228199279	12	0.0122278847271668	0.0734113975018641
ENSG00000068784.13	8.295587984348	6	0.217237716015767	0.490583400226351
ENSG00000078808.18	21.2665851136262	9	0.0115179185884215	0.0700456535320832
ENSG00000129810.15		15	1	
ENSG00000114166.8	0.621969767947576	3	0.891384990203809	0.986195564239197
ENSG00000109920.13	96.9248129711923	36	1.71669204605463e-07	8.69309056390735e-06
ENSG00000213619.10	30.034422382887	27	0.312609373094292	0.603933320816852
ENSG00000110455.14	37.0937714723914	33	0.285756233963737	0.575435505480915
ENSG00000083937.9	12.0724360858021	12	0.43987988366062	0.726551159367751
ENSG00000128829.12	12.7272617297131	15	0.623354949703326	0.856349477837726
ENSG00000092470.12	6.47784750790743	9	0.691303015787501	0.897056982410079
ENSG00000092445.12	29.5490231110962	18	0.0420685111822147	0.175497063981596
ENSG00000067369.14	31.4728313871783	33	0.543186987004125	0.80572211282848
ENSG00000103994.17	6.79192172538478	15	0.963168520859715	0.99999999971812
ENSG00000115840.14	34.8037646808079	18	0.0100044504636771	0.0638002018659307
ENSG00000117020.18	30.3620373704998	18	0.034071917604703	0.15061436697429
ENSG00000121644.19	13.0231283123576	9	0.161562520462971	0.413704826204883
ENSG00000011347.10	5.18901555501111	9	0.81752975596203	0.960794069483094
ENSG00000110048.12	5.32945666368323	3	0.14920237241002	0.394544942146461
ENSG00000104427.12	13.717717630215	9	0.132726817769016	0.367531840541219
ENSG00000115561.16	27.4788515061446	15	0.025068507883989	0.122340537760173
ENSG00000068654.16		15	1	
ENSG00000118640.11	0.449683527986053	3	0.929798190101892	0.997787000267757
ENSG00000042493.16	27.3912154911814	12	0.00678453465529869	0.0487010561326669
ENSG00000011566.15		21	1	
ENSG00000122481.17	20.6298660272405	18	0.298496226369786	0.58955742412368
ENSG00000115963.13		12	1	
ENSG00000053501.13	16.8164874925133	18	0.535754391618897	0.799683594319232
ENSG00000115145.10		12	1	
ENSG00000115290.10		9	1	
ENSG00000115808.12		6	1	
ENSG00000109220.11	9.39435470847548	6	0.152584200526072	0.399177439176776
ENSG00000054523.18	5.90627905442852	9	0.7492604316784	0.931002682211226
ENSG00000081320.11	9.82408151709137	3	0.0201222483352977	0.105113106765555
ENSG00000119041.11	24.1943670010805	24	0.450528867113002	0.735940559198162
ENSG00000115520.8	15.4527349958571	9	0.0792274350210117	0.26799518281413
ENSG00000058056.9	3.13343020000616	6	0.791923289370099	0.951668792844804
ENSG00000121879.6	8.44429070558681	9	0.490064896611531	0.769199605253851
ENSG00000171109.19	31.198005889044	15	0.00826408441766209	0.05561402599228
ENSG00000120656.12		6	1	
ENSG00000117643.14		6	1	
ENSG00000090020.11	15.0551459948078	12	0.238434515905622	0.514328693209323
ENSG00000059691.12	17.8215522667961	21	0.660267229921482	0.879754265320677
ENSG00000115504.15	52.6313857110363	30	0.00650630362347136	0.0474361937024152
ENSG00000103061.13	9.39377512322244	12	0.668979465589854	0.885136586925186
ENSG00000217555.13	27.0981477688183	9	0.00134741939491513	0.0151959790414408
ENSG00000213398.8	10.7308011118548	15	0.771433529417136	0.942312039953253
ENSG00000102974.16	27.5968781562769	21	0.151958940457055	0.398310976533057
ENSG00000118096.9		15	1	
ENSG00000110400.11	8.37712469143844	12	0.755008794352553	0.93362174607812
ENSG00000109929.10	23.9741033871251	21	0.29431499371185	0.58479954752885
ENSG00000095139.14	11.8532987140934	9	0.221706559177058	0.495178298410959
ENSG00000110395.7	1.69919414674268	3	0.637112970153091	0.864879423545721
ENSG00000076706.17	10.7924884266395	12	0.546781274454724	0.807750468963987
ENSG00000063660.9	10.4890184351971	9	0.312364391504589	0.603774633541278
ENSG00000006607.14	42.054972965293	27	0.0325068698660383	0.146203167524579
ENSG00000066248.15	14.8506944948793	9	0.0951196354267789	0.30151185335622
ENSG00000067066.17	46.814742140843	39	0.182412297830288	0.443737712010999
ENSG00000077044.11	69.1256225976904	30	6.35095378902673e-05	0.00143408181695264
ENSG00000115468.12		6	1	
ENSG00000077232.18		27	1	
ENSG00000104833.12	5.24510353256596	3	0.154704466447509	0.402664627809561
ENSG00000090674.16	17.424043098963	24	0.830022119720285	0.967293941988659
ENSG00000125734.15	28.7126381723138	36	0.800854997135839	0.955668860211808
ENSG00000125648.15	17.8093726537045	18	0.468275548690655	0.751135422229373
ENSG00000114956.20	19.9160669726261	15	0.175176162846875	0.43407872329474
ENSG00000115318.12	24.6810017544527	12	0.0164089796883412	0.0913704154774315
ENSG00000091409.15	7.48564456522399	9	0.586691117529752	0.834512540322747
ENSG00000128708.13	1.89509930879285	6	0.929088929765619	0.997549140608011
ENSG00000115966.17	30.9420560554245	24	0.155460447830562	0.403814614064276
ENSG00000121957.15	53.2187317290809	42	0.11492187714881	0.338966517115102
ENSG00000085491.17	10.1921338071697	12	0.599109182854722	0.842462693028601
ENSG00000128694.12	21.0320572603196	21	0.456987919767266	0.741402686314397
ENSG00000076003.5	6.2610808741083	3	0.0995763891860396	0.310349446978671
ENSG00000082258.13		21	1	
ENSG00000115839.18	28.6741974102642	18	0.0525091279158406	0.203517665992952
ENSG00000121988.18	16.0714814724638	9	0.0654037897857177	0.23485246852857
ENSG00000048991.16		36	1	
ENSG00000115866.11	36.3756564889991	15	0.00155995388781596	0.0171393859489468
ENSG00000018510.16	15.560359988116	9	0.0766496570309889	0.261786090741231
ENSG00000115947.14	48.9140788744007	30	0.0160374858838711	0.0898417101753088
ENSG00000086619.14		3	1	
ENSG00000054267.22	23.774853066041	27	0.642773740268425	0.869010387153809
ENSG00000077549.19	13.9321790228423	9	0.124758286603389	0.354585305269814
ENSG00000117298.16	17.2853330389044	12	0.139175603098128	0.3792294203758
ENSG00000075151.20	53.0655532231467	18	2.56309112593318e-05	0.000670533481513313
ENSG00000128059.8	5.66472739525307	6	0.461774870236226	0.745618807836836
ENSG00000128050.9	8.88482253905386	9	0.447973403443419	0.734228480022871
ENSG00000128039.11	1.04415618404346	6	0.983882881616607	0.99999999971812
ENSG00000109265.14	5.53770374251599	3	0.136400827387794	0.373859609686426
ENSG00000121577.13	23.3394228928931	9	0.0054773894204005	0.0418530958850227
ENSG00000051341.14	0.72408239078959	3	0.867525437385673	0.976922358376452
ENSG00000082701.16	63.9955814083078	12	4.17835914379689e-09	3.50331440015561e-07
ENSG00000113845.10	52.7804591577442	21	0.00014784448357077	0.00285339853291587
ENSG00000115526.11		21	1	
ENSG00000115539.14	8.32560419599031	6	0.215205930501332	0.488535610984937
ENSG00000115514.12	26.8573722898509	12	0.0081008434199055	0.0548401901669182
ENSG00000071082.11	2.9708986915648	12	0.995746009422799	0.99999999971812
ENSG00000168827.15	41.0949907041359	18	0.00147711045094198	0.0163875952306785
ENSG00000118855.21	18.8360057883001	27	0.875899846767034	0.980393601446415
ENSG00000064012.22	43.9234928330661	42	0.390008114778215	0.682055358997687
ENSG00000003393.15		18	1	
ENSG00000055044.11	10.2220167128253	15	0.80554686510584	0.957130779784834
ENSG00000109180.14	94.6737216562906	36	3.59048022524966e-07	1.68472579009536e-05
ENSG00000109171.15	16.04010381029	12	0.189406132400776	0.453346075689215
ENSG00000077097.15	8.31148725703315	12	0.760339609581181	0.936824122669947
ENSG00000108953.17	2.39696133742109	9	0.983527314180429	0.99999999971812
ENSG00000138639.18	2.54991906866784	3	0.46633709901036	0.749907590909757
ENSG00000138640.15	50.3589336865844	30	0.0113780873879165	0.0696091243367213
ENSG00000138641.18	12.1457164239514	9	0.205218634796604	0.474543317118958
ENSG00000138642.15		3	1	
ENSG00000138646.9		6	1	
ENSG00000138658.15	28.4292602824062	24	0.242351533058554	0.520254739067356
ENSG00000115020.17		6	1	
ENSG00000138663.9	12.7079671866741	21	0.918507916282314	0.994013698228078
ENSG00000138670.17	13.9867941658231	15	0.526530929510356	0.793723592407032
ENSG00000138674.17	54.789082682546	69	0.893729416607933	0.986479350588987
ENSG00000138678.11		12	1	
ENSG00000036257.13	14.9594283202568	18	0.664751034887045	0.882579282300282
ENSG00000109756.9	37.5898689176102	24	0.0381738475722943	0.163723390698951
ENSG00000052795.13	1.37275020147422	3	0.7119344806825	0.909213350726572
ENSG00000115998.7		24	1	
ENSG00000075340.23		18	1	
ENSG00000116005.12	10.2743872210485	9	0.328732203897386	0.61994869352256
ENSG00000059728.11	30.7827611445894	6	2.78883510270556e-05	0.000717555776969777
ENSG00000075292.19	63.6105515015079	48	0.0650416639842173	0.234099641412582
ENSG00000124406.16		3	1	
ENSG00000014824.14	5.99670973583852	12	0.916247827270724	0.993779968944554
ENSG00000109133.13	64.4220977535297	15	4.31330367611324e-08	2.54815720690049e-06
ENSG00000093183.14	36.7456607483109	24	0.0463834318524216	0.186867319581891
ENSG00000138685.16	15.4916468874003	3	0.00144124815197085	0.0160769109558449
ENSG00000138686.10	10.4215231534981	9	0.31744989650582	0.609572928732502
ENSG00000138688.15	30.9108265185141	27	0.27481583583679	0.561768821897388
ENSG00000117222.14		6	1	
ENSG00000114446.5		15	1	
ENSG00000151474.23	1.97074636362481	3	0.578500553360749	0.828537934305563
ENSG00000108106.14	7.57812548725633	6	0.270667809342387	0.557318320748157
ENSG00000070047.13	5.12229802786806	9	0.823519524323807	0.964481476334809
ENSG00000099864.18	42.440365502629	24	0.0115141672197549	0.0700456535320832
ENSG00000095752.7		9	1	
ENSG00000138698.15	86.8451274836261	51	0.00129738354749748	0.0148278617959237
ENSG00000038002.9		9	1	
ENSG00000109674.4	0.672032776553351	3	0.879761562320331	0.982754288628881
ENSG00000124839.13	32.5079551969939	18	0.0191290090696088	0.101911788423452
ENSG00000065802.12		18	1	
ENSG00000047457.14		3	1	
ENSG00000114251.14	27.386923117152	15	0.0257374525824914	0.124241813339455
ENSG00000126351.13	11.2782126258862	15	0.732634555138678	0.923210188685182
ENSG00000108797.12		6	1	
ENSG00000108344.15	2.73988958934206	3	0.433490983808368	0.719650162537035
ENSG00000073584.20	59.422675337024	42	0.0393469916857519	0.167630311517516
ENSG00000108352.13	1.73625153727875	3	0.628904550657319	0.859346065812679
ENSG00000108349.17	36.1861987315533	21	0.0208351572967008	0.107474949060995
ENSG00000033627.17	156.997051890015	45	2.553985684233e-14	5.22494391280387e-12
ENSG00000168610.15	29.8034666918757	27	0.323056457678369	0.613943477000794
ENSG00000108306.13	25.061814494723	12	0.0145326559642863	0.0835137853138676
ENSG00000112992.18	25.5719765020185	45	0.991275551955995	0.99999999971812
ENSG00000124275.15	53.1106339025137	39	0.0653715467777307	0.23485246852857
ENSG00000124279.12	14.4418922797922	15	0.492313113170026	0.771071939154217
ENSG00000037474.15	65.097446992062	15	3.28516016638701e-08	2.03003269313009e-06
ENSG00000085276.19	6.17447031050642	12	0.907032716759991	0.990927457228769
ENSG00000109775.11		18	1	
ENSG00000109762.16	9.43480674420425	15	0.853708351053367	0.973720026384765
ENSG00000084774.14	15.6525714746531	24	0.900206304031853	0.988895481506616
ENSG00000119772.17	31.6761827603295	24	0.135227840158773	0.371840208866691
ENSG00000084733.11	8.92091470789455	9	0.444606315236256	0.730582811012315
ENSG00000115137.12	27.1222925726843	12	0.0074199104392935	0.0519139971843592
ENSG00000084731.15	16.8503560420027	6	0.00984923104550713	0.0630856508231011
ENSG00000075426.12	6.30193604407805	6	0.390230675688899	0.682167843990583
ENSG00000198522.14	12.0913352460921	9	0.208209110746923	0.478385218739955
ENSG00000115207.13	68.2566925388965	30	8.27759213189881e-05	0.00179769617658584
ENSG00000114646.10	1.08641886158239	6	0.982123132229861	0.99999999971812
ENSG00000088726.16		12	1	
ENSG00000127252.7		3	1	
ENSG00000127418.15		12	1	
ENSG00000090316.16	21.7310230631701	21	0.415149433129066	0.704099567026108
ENSG00000087274.17	54.6067325557378	36	0.024125343618623	0.118871936355922
ENSG00000127419.17	47.5306055570509	39	0.164140841979407	0.417455113045105
ENSG00000067113.17		9	1	
ENSG00000062194.16	41.9247024576871	21	0.0043003876092959	0.0355033614652847
ENSG00000071127.17	23.432032641038	15	0.0753878568468496	0.258970256351911
ENSG00000138735.16	14.0037871350605	9	0.122190576066652	0.35030777144904
ENSG00000138738.10		18	1	
ENSG00000105397.14		48	1	
ENSG00000105556.11	40.53679226442	15	0.000376119304494027	0.0058558970558134
ENSG00000095066.11		48	1	
ENSG00000090339.9	3.29542099180617	3	0.348280466068004	0.640640604191237
ENSG00000105088.8	5.42701593606398	9	0.795609840662626	0.953184743334089
ENSG00000114529.13	5.03763213447519	6	0.538995661665914	0.802040154573009
ENSG00000038210.14	2.78396420819172	3	0.426146501528154	0.712845881297054
ENSG00000109680.11	28.5196263501307	12	0.00464056243067139	0.0374355781572063
ENSG00000109819.9	37.8918379839752	18	0.00400299791578559	0.0337843776242333
ENSG00000091490.11	7.60423349234043	21	0.996606795908487	0.99999999971812
ENSG00000124784.9		12	1	
ENSG00000138750.15	36.8405680568358	21	0.0175574065014851	0.0959385914869403
ENSG00000138758.11	24.7794373633824	24	0.417824644740982	0.706149923074425
ENSG00000138760.10	12.8285011161279	15	0.615542536470567	0.851944356090261
ENSG00000138768.15	12.9132180845118	9	0.166572531439639	0.421228782223996
ENSG00000138772.13		9	1	
ENSG00000113273.17	11.7262886137414	9	0.22918333346888	0.503692517164282
ENSG00000113231.14	22.8789096957207	15	0.0867448872816629	0.284577758821081
ENSG00000070950.10		12	1	
ENSG00000113504.21	8.50586355673295	9	0.484077053684178	0.764021629707677
ENSG00000073578.17	14.0035089798039	15	0.525263016386828	0.792384024786638
ENSG00000249915.8	143.905287594185	33	8.39005768807017e-16	2.20056154080179e-13
ENSG00000150712.11	11.247348823772	12	0.50784828309528	0.781522504555682
ENSG00000112877.8	19.1926879027669	9	0.0236034572053468	0.117317669462339
ENSG00000066230.12	3.116767423483	3	0.373969965304404	0.664564648059478
ENSG00000114127.10		12	1	
ENSG00000109519.13		9	1	
ENSG00000072840.13		9	1	
ENSG00000114988.12		9	1	
ENSG00000071073.13	64.149324190189	15	4.81384017503455e-08	2.78196447177562e-06
ENSG00000073711.11		3	1	
ENSG00000114107.9	22.9533812260343	24	0.522551571857131	0.790282648374243
ENSG00000240303.8	51.5134926221999	15	6.79604803957554e-06	0.00020875908527573
ENSG00000081307.13	25.0012423472799	27	0.574392361616193	0.824857429028785
ENSG00000034533.12	11.4775689660464	12	0.488493717566703	0.768029855055303
ENSG00000091527.16	5.77407368367858	15	0.983297906805001	0.99999999971812
ENSG00000114686.9	24.3579384007026	15	0.059259065596773	0.220403243381446
ENSG00000109586.12		12	1	
ENSG00000111846.18		18	1	
ENSG00000073803.14		9	1	
ENSG00000090520.11	8.92637797175848	6	0.177761055072678	0.436775900204409
ENSG00000035499.13	2.92497667812677	3	0.403337521954199	0.693634753206037
ENSG00000049167.15	48.0242596537773	33	0.0440892080417817	0.180829394169761
ENSG00000114850.7	30.1703497963317	15	0.0113218413026332	0.069403420356192
ENSG00000073111.14	17.2434293221595	15	0.304521705054043	0.595593216251971
ENSG00000075785.14	12.7788753983041	15	0.619372898050668	0.855273807559186
ENSG00000056097.16	13.5966101166705	9	0.137415480643074	0.3757345499861
ENSG00000113384.14	4.10327365729609	6	0.662702911988434	0.881064395753307
ENSG00000113387.12	24.0886616343632	18	0.152144489149856	0.398536742513158
ENSG00000113389.16	28.2412209117174	15	0.0201069494257094	0.105113106765555
ENSG00000113318.11	10.2394540758141	15	0.804413313325472	0.956513342233256
ENSG00000113742.14		24	1	
ENSG00000113739.10	7.25131716012402	6	0.298229676853447	0.589258521254378
ENSG00000113732.9	17.1788670515816	9	0.0459875128330606	0.185637832979233
ENSG00000072803.17	7.85279875966444	18	0.980748033993061	0.99999999971812
ENSG00000051596.10	13.4293796451384	9	0.144120143701572	0.387438883028483
ENSG00000037241.7	20.0726549897809	12	0.0657239964527524	0.235478374681333
ENSG00000082068.9	24.564605194013	18	0.137386596440224	0.3757345499861
ENSG00000039560.14	28.4045304016236	18	0.0561600124305696	0.21205075383038
ENSG00000113407.14	4.6272420558962	9	0.86551761426971	0.976332843609126
ENSG00000079215.14	46.4603287141945	30	0.0280714272839257	0.132019599856219
ENSG00000106927.12	0.773527862230708	3	0.855787769708829	0.974503338818654
ENSG00000095397.16	55.8327546630317	21	5.34051833790183e-05	0.00123256819494318
ENSG00000106078.19	11.3010219836096	12	0.503312401933572	0.779703552836363
ENSG00000113369.9	21.3350504545651	12	0.0456842315870461	0.185217600041179
ENSG00000133302.13	16.1365739390822	12	0.185060509436659	0.446880063981961
ENSG00000138778.13		9	1	
ENSG00000168769.13		6	1	
ENSG00000138794.10	20.1179727723002	18	0.326217197290417	0.616797728481271
ENSG00000138795.10		12	1	
ENSG00000138801.9	8.50472193927999	9	0.484187780533926	0.764078495384377
ENSG00000138802.11	3.98481519125062	6	0.678731446685485	0.890835432922972
ENSG00000125885.13	16.3247159125876	12	0.176812008375723	0.436127256894578
ENSG00000120727.13	1.93327073684486	3	0.586371459510196	0.834284638851705
ENSG00000120725.13	37.3504870867619	21	0.0153394128164879	0.0869771916296311
ENSG00000082515.18	1.04154927388299	9	0.999335633391561	0.99999999971812
ENSG00000114473.14	25.0730711166343	18	0.122916627840231	0.351499632702745
ENSG00000041802.11	30.8622440197887	15	0.00916527964041502	0.0598287462934303
ENSG00000081154.12	50.9536598822015	18	5.4088193071272e-05	0.00124329916163155
ENSG00000064225.12	39.3442231559122	24	0.0251212217699101	0.122422571455174
ENSG00000091009.8	0.0558950637669113	3	0.99654372607393	0.99999999971812
ENSG00000108061.12	9.88699260956491	9	0.359711109613069	0.651542594980245
ENSG00000106829.20	62.4421520214328	27	0.000125103210276898	0.00250441283724731
ENSG00000113645.15	38.6566594945034	33	0.229307082538075	0.503692517164282
ENSG00000040275.17	72.9341891105141	39	0.00079780848587804	0.010356323606658
ENSG00000106028.11	25.3885516793234	12	0.01308524850062	0.0770575745036511
ENSG00000115657.14	69.7373541257985	33	0.000194755144476528	0.003453424901413
ENSG00000115425.14		15	1	
ENSG00000213585.11	5.13688785547856	9	0.822215806061379	0.964058399839735
ENSG00000006837.12		18	1	
ENSG00000119048.8	11.6516901145806	15	0.705179013859117	0.904822283807943
ENSG00000069011.16	13.0567413049575	9	0.160055543104853	0.411086779632892
ENSG00000072364.13	11.6980365164691	9	0.23087275377612	0.505129493358945
ENSG00000112078.14	43.3298799500735	18	0.000718638689881017	0.00955910943926257
ENSG00000122515.15	28.6981414437032	36	0.801409295960468	0.955668860211808
ENSG00000044090.10	6.18123920532798	15	0.976539854359411	0.99999999971812
ENSG00000124641.16	16.9296538736526	15	0.323087079547881	0.613943477000794
ENSG00000124571.18	27.4059455724309	24	0.28588945535771	0.575435505480915
ENSG00000075223.14		12	1	
ENSG00000099250.18	30.9572711730239	18	0.0291164167317458	0.13537810306774
ENSG00000108100.18	12.602863703436	12	0.398554309750955	0.689199060795209
ENSG00000107242.20	2.35859771726746	3	0.501388171687141	0.779052643525697
ENSG00000064419.13	4.60249070790815	9	0.867493537184564	0.976922358376452
ENSG00000106052.13	30.0068362533057	18	0.0373800833833716	0.161091862799289
ENSG00000106066.15	5.12935579104851	9	0.822889289544327	0.964295399558817
ENSG00000106049.9	1.24742315644835	3	0.741654171759693	0.927325355327705
ENSG00000070501.12	75.5749318619128	30	8.37718158774722e-06	0.000252773423188986
ENSG00000123124.14	29.0601460429643	21	0.112564981047682	0.334911922960076
ENSG00000104320.14	23.6700346346543	21	0.309319366468171	0.60094523089826
ENSG00000004866.21	55.5521782484575	39	0.041531522856197	0.173826119414026
ENSG00000122359.18	17.685137332679	21	0.668833121347662	0.885136586925186
ENSG00000108219.15	40.212433630255	21	0.0070065675741901	0.0498748641032641
ENSG00000124920.14	0.824289673927808	3	0.843648875095864	0.970432988638355
ENSG00000126432.14	1.82843313994817	6	0.934781894948721	0.998638853666246
ENSG00000014138.9	29.2386941293407	21	0.108387805214842	0.326826275836591
ENSG00000149541.10	7.14761280060338	9	0.621753940005184	0.855939337146704
ENSG00000085871.9	2.93021072282863	9	0.966997631285779	0.99999999971812
ENSG00000106605.11	9.3523495538393	12	0.672576780310872	0.887869678363625
ENSG00000088727.12	13.140907829571	12	0.358882672250034	0.650888449369787
ENSG00000011376.12	44.9485295496015	21	0.00175910940046854	0.0187502040618431
ENSG00000067560.12	2.58897405158496	3	0.45942581777903	0.74358650159204
ENSG00000114316.13	44.5459442171414	27	0.0181468095933144	0.0980579584416339
ENSG00000076201.15	48.3580257908179	12	2.70758549100032e-06	9.4730851497842e-05
ENSG00000114302.16		12	1	
ENSG00000075914.13	45.4681336337744	18	0.000354538768448551	0.00559165665768871
ENSG00000114650.20	28.5242731093676	36	0.807999152335422	0.957639305232384
ENSG00000003147.19	14.8718620197077	15	0.460686073263004	0.744567765765185
ENSG00000114770.17	33.2670011455339	24	0.0985639604496942	0.308038726379445
ENSG00000114859.16	57.0567070059369	39	0.0309608422717285	0.141015446273885
ENSG00000078070.13	33.8985601497734	24	0.0864881169142822	0.284282438276411
ENSG00000112290.13		18	1	
ENSG00000135541.21	48.1572701256737	42	0.237765752141095	0.513427460133261
ENSG00000104691.15	19.434878416163	18	0.365516112370792	0.655941107621198
ENSG00000124164.16	25.0597891980942	12	0.0145420795950617	0.0835210175058318
ENSG00000087460.26	16.3721730913967	39	0.999462308490877	0.99999999971812
ENSG00000124225.16	4.97283553821035	9	0.836669793040775	0.968488080098508
ENSG00000004864.14	10.2042337449857	15	0.806700120564326	0.957329514147295
ENSG00000110075.14	60.728730463994	48	0.102749191900763	0.316255973821463
ENSG00000110090.13		9	1	
ENSG00000110429.14	21.5604241901219	18	0.252086693014164	0.533189913029637
ENSG00000107331.17	47.3302318157585	33	0.0507001362729923	0.199236148266015
ENSG00000165802.23	11.1303058519334	15	0.743303680451283	0.928584922732801
ENSG00000071242.12		9	1	
ENSG00000110719.10	15.5536674634786	27	0.960929013054319	0.99999999971812
ENSG00000110721.12	21.2708153918838	15	0.128397544554558	0.36081826462873
ENSG00000029534.21	1.66490862029072	3	0.644763382004032	0.869175542084924
ENSG00000083168.11	18.6219926810772	12	0.0980684243926415	0.306771227251477
ENSG00000105865.11	19.6395232029317	21	0.544185672582026	0.806501774100484
ENSG00000008277.14		21	1	
ENSG00000006634.8	23.9728144189539	18	0.155920445298494	0.404637866814975
ENSG00000075142.14	20.1596604548104	21	0.511169282121773	0.783079093469402
ENSG00000127993.16	6.93749718160689	6	0.326666153596775	0.617304283233219
ENSG00000105810.10		6	1	
ENSG00000001629.10		12	1	
ENSG00000006715.16	38.9869246217422	24	0.0273956019463493	0.12967589648737
ENSG00000011426.11	20.0622904436314	15	0.16955615381192	0.425826147150045
ENSG00000106682.14	9.09398990240879	6	0.168360739188549	0.423968981083129
ENSG00000006704.10	3.82927005833699	15	0.998244777803433	0.99999999971812
ENSG00000071462.12	32.820807523618	21	0.0482422395761627	0.192823191208499
ENSG00000042980.13	20.6554273955479	6	0.00211522652302367	0.0213648208530834
ENSG00000158856.18	20.1809408730387	18	0.322725494689578	0.613666032899492
ENSG00000104679.11	11.3063435339718	18	0.880907496466794	0.983175426225732
ENSG00000104611.12	28.1834738222278	12	0.00520006200178686	0.0405247569501833
ENSG00000120913.23	20.6545499723143	18	0.297198226335163	0.588129359098932
ENSG00000048405.10	13.3039542879851	12	0.347340550049027	0.639824686917252
ENSG00000075239.14	23.2774056028866	18	0.180153899614516	0.439998670606336
ENSG00000110675.13	9.50288686259137	15	0.849791324772332	0.972890596639728
ENSG00000105963.15		9	1	
ENSG00000122512.16	12.6660810093326	18	0.811015910291537	0.958877957082714
ENSG00000002822.15		21	1	
ENSG00000239857.7	11.6883589755671	12	0.471021322077912	0.753295357025478
ENSG00000204130.14	22.3501363589285	18	0.216810490485562	0.490309328399967
ENSG00000096746.17	28.1304245821666	30	0.563525266753685	0.818188872775709
ENSG00000122912.15	23.8914016832555	12	0.021043896169677	0.108169856241018
ENSG00000060339.14	51.4088078425266	30	0.00881355169747476	0.058201304269509
ENSG00000076043.11	43.2408329698956	27	0.024730896725208	0.120923681932195
ENSG00000104549.12	14.4630513746379	9	0.106780725128564	0.323800937571729
ENSG00000120451.10	51.7568416125478	18	4.0771452257966e-05	0.00099297901225413
ENSG00000165219.22	38.4299420930329	36	0.360018252659788	0.651561696117653
ENSG00000119487.17	44.7551263744972	33	0.0832009720390711	0.276768371703303
ENSG00000110768.12	32.3453029843658	42	0.858305906421222	0.974970695922563
ENSG00000129158.11	67.1713963662187	39	0.00334940883550654	0.0298100832159036
ENSG00000011405.13	7.72931893013447	6	0.258612367109806	0.542412528842774
ENSG00000051009.11		12	1	
ENSG00000110315.7	14.3260665898461	12	0.28037270155068	0.568577983891112
ENSG00000119912.17	24.6746612869447	15	0.0544869352276265	0.208378267465591
ENSG00000095564.14	5.63270726881819	9	0.776040851572564	0.945239565460319
ENSG00000107443.16	6.85972764820991	6	0.334014651600704	0.624841966207681
ENSG00000119977.21		18	1	
ENSG00000107864.15	6.98685387613546	6	0.322064658220538	0.61348219533294
ENSG00000204209.13	2.75530638599594	12	0.997038818216151	0.99999999971812
ENSG00000016864.18	115.364634540543	30	6.03689019901687e-12	8.34477700618156e-10
ENSG00000004534.15	76.6469442790331	27	1.20408805621674e-06	4.8111784090004e-05
ENSG00000114353.17	5.90798437529884	9	0.74909114304206	0.931002682211226
ENSG00000114378.17	19.4587625514905	12	0.0780423485735524	0.26532121884963
ENSG00000055955.17		3	1	
ENSG00000101216.11	8.32110982301856	6	0.215509146545472	0.489006889976405
ENSG00000101193.8	7.41276177363761	3	0.0598428562941852	0.221559452488536
ENSG00000101191.17	12.0778260269544	6	0.0602549521212969	0.222481200942708
ENSG00000125520.14	52.8350629654597	21	0.000145210301642498	0.00280785666446335
ENSG00000203880.12	49.7425361218011	21	0.000396122024789924	0.00608398226963382
ENSG00000100225.18	12.2741099827108	15	0.658173712427301	0.878819362935342
ENSG00000241878.11	130.254140329151	39	9.31200082020477e-12	1.22118533833173e-09
ENSG00000119718.11	15.6863752309218	15	0.403195946551803	0.693624510137637
ENSG00000138942.16	13.5578034799164	12	0.329832203503761	0.620865193006802
ENSG00000100271.17		3	1	
ENSG00000242114.6	16.2808600784192	15	0.36363510478213	0.654082468359796
ENSG00000139112.11	22.963609975428	21	0.345921731628671	0.63847539872042
ENSG00000087470.18	52.5383774114598	39	0.0723941561740433	0.25110879060844
ENSG00000139133.7	20.6720556483433	9	0.014188880741936	0.0822311960958997
ENSG00000139154.16	17.4447322030755	15	0.292980479015326	0.584009729149945
ENSG00000139155.9	6.82524337523887	6	0.337311523126203	0.628824415902666
ENSG00000139163.16	117.266780954131	24	2.96834519786088e-14	5.95356922135666e-12
ENSG00000139168.8	6.32953024706512	9	0.706537991342525	0.905661292411365
ENSG00000139173.10		12	1	
ENSG00000139178.11	24.5489998561498	24	0.430588941143002	0.717461195463718
ENSG00000139180.11	25.3978157957899	15	0.044849297597092	0.182847820433267
ENSG00000139182.15		18	1	
ENSG00000139187.10	9.60634701152958	9	0.383282717471821	0.674569669136142
ENSG00000139192.12		6	1	
ENSG00000139194.8		3	1	
ENSG00000139197.11	21.504771150172	27	0.762096745269124	0.937586679828587
ENSG00000139218.18		33	1	
ENSG00000139233.7	0.107001445903734	3	0.990984186440879	0.99999999971812
ENSG00000139266.6	5.15870467083732	6	0.52362532168295	0.791190083922652
ENSG00000139289.13	3.34746544200846	6	0.764140582662568	0.938522684427877
ENSG00000139291.14	10.9286988012318	12	0.535038921210025	0.799315484892267
ENSG00000111605.18		18	1	
ENSG00000072041.17	5.46018044296397	12	0.940819266119581	0.99999999971812
ENSG00000139324.12		3	1	
ENSG00000139343.10	1.04930321255233	3	0.789324381167987	0.950665147176186
ENSG00000139344.8		6	1	
ENSG00000139350.12	49.9885838206701	27	0.00456464303672269	0.0369261899737028
ENSG00000238105.7	8.39227774160827	12	0.753773240139771	0.933028735438446
ENSG00000139354.11	11.1642025902538	15	0.740869823356265	0.927129608895429
ENSG00000139370.12	34.901495076836	18	0.00972584944835024	0.0623344072726658
ENSG00000139372.15		21	1	
ENSG00000123374.11	32.7875598337414	15	0.0050218910102139	0.0394841838151252
ENSG00000139531.13		27	1	
ENSG00000139537.11		3	1	
ENSG00000139546.11	85.1725927650114	48	0.000761507020143742	0.00999930078183612
ENSG00000139579.13	15.4294214241454	15	0.420950085149674	0.708673209512181
ENSG00000139613.12	87.0387574496126	30	1.8330022691872e-07	9.14623424951995e-06
ENSG00000244754.9	80.486154163249	60	0.0399729020501213	0.16944998552453
ENSG00000139625.13	16.9813084622656	21	0.712238633692949	0.909435648988288
ENSG00000139631.18	42.7981420379583	36	0.202376582520286	0.470265802498867
ENSG00000065361.16		9	1	
ENSG00000139636.15	97.1594403609888	54	0.000287369701782883	0.00474879592816981
ENSG00000139637.14	60.3886143790151	27	0.000234543580903384	0.00399857714843453
ENSG00000139641.13	34.982734666075	15	0.00247298979623786	0.0239877033157077
ENSG00000139644.13	18.9122131407494	21	0.590771596984996	0.837620697267188
ENSG00000139645.10		6	1	
ENSG00000139687.16	25.1519572848411	9	0.00280760535071746	0.0263235519087891
ENSG00000184047.20	22.0040829620484	27	0.737169694136844	0.926466249087821
ENSG00000139697.14	2.39814061622064	3	0.493980840273331	0.772797303947451
ENSG00000139718.10	0.446314721966701	3	0.930517212543524	0.997836563441924
ENSG00000139719.11	48.1065383279074	24	0.0024485645067095	0.0238309860505532
ENSG00000139722.7	0.0176530510580051	3	0.999379488769218	0.99999999971812
ENSG00000139725.8	18.228247897714	15	0.250856108380289	0.531484493086574
ENSG00000139734.19	14.5148903637637	18	0.694962373235074	0.898756155479929
ENSG00000139746.16	17.0233413624665	12	0.148721393516172	0.394378139071289
ENSG00000088448.14	43.8197228874487	27	0.0215816608620005	0.110159086306089
ENSG00000139880.19	6.13288432634636	6	0.408470256918337	0.698585898347712
ENSG00000139890.10	3.63237910649946	3	0.303994475477762	0.595496401347062
ENSG00000139899.11	4.72962608579536	3	0.192700110701323	0.458429792540922
ENSG00000092330.18		21	1	
ENSG00000187790.11	37.2611802232268	15	0.00115893658510101	0.0135949109277502
ENSG00000139946.10		3	1	
ENSG00000139970.17		6	1	
ENSG00000139974.16		39	1	
ENSG00000139998.16	3.87951032619679	6	0.692977914094399	0.898070579408541
ENSG00000140006.11	9.65389725625573	9	0.379223619128601	0.66984603696537
ENSG00000140043.11	29.8627234447422	12	0.0029283829643022	0.0271572342174499
ENSG00000140044.13	21.1125374406474	21	0.452090054415219	0.737497541415748
ENSG00000140057.9		3	1	
ENSG00000100605.17	25.5411108039789	12	0.0124569026969281	0.0744104705206847
ENSG00000140092.14		18	1	
ENSG00000100815.12		9	1	
ENSG00000137871.20		27	1	
ENSG00000140262.18		30	1	
ENSG00000140259.7	2.21171575986227	3	0.529644420047882	0.795794131969913
ENSG00000140263.15	22.8502797372494	21	0.352012891054125	0.644947136412796
ENSG00000140280.14	0.703914533798525	3	0.872282827186047	0.978429026572754
ENSG00000140299.13	50.1372801700054	33	0.0283736976191442	0.13311176915001
ENSG00000051180.17	35.4125490074548	21	0.0254270300046397	0.123020710690925
ENSG00000140307.11	10.8283348209225	18	0.901498818641338	0.988895481506616
ENSG00000140319.11	5.35982017102651	6	0.498558545843633	0.776310103687589
ENSG00000140323.6	0.332909516394977	3	0.953724787019852	0.99999999971812
ENSG00000128881.17	18.9137379497013	9	0.0259364344328002	0.124885344770399
ENSG00000140350.15	1.89268294762587	9	0.993053128054652	0.99999999971812
ENSG00000140365.16	52.9649423754599	30	0.00598258249586602	0.0448649826614469
ENSG00000140367.12	8.44373989198539	6	0.207361977153744	0.477403930746263
ENSG00000140374.16	63.8738732106576	30	0.000305067169340875	0.00498079673611452
ENSG00000140391.15	5.38573497056495	15	0.988325983150564	0.99999999971812
ENSG00000140395.9	47.0978862896154	21	0.000911051788257451	0.0113786919927783
ENSG00000140400.17	111.178066122957	87	0.0413035694315638	0.173224359046931
ENSG00000140416.23	74.3260619573412	27	2.6526006286689e-06	9.3887376576658e-05
ENSG00000140451.13	28.8336015857931	21	0.118054077048974	0.343646885069424
ENSG00000140455.17		24	1	
ENSG00000140459.18		9	1	
ENSG00000140463.14	31.6135928173499	36	0.677269294201445	0.890575602312197
ENSG00000140464.20		36	1	
ENSG00000213614.10	21.9236938381218	27	0.74124465752614	0.927325355327705
ENSG00000140497.16	26.7133248540267	24	0.317992145727087	0.609927181444286
ENSG00000140521.16	59.2620344477837	45	0.0753128993499223	0.258862784761544
ENSG00000140534.14	9.69530954462334	6	0.138083591597382	0.376856205562864
ENSG00000140543.15	23.0664555545748	12	0.0271670244953275	0.129131734926907
ENSG00000140545.15	30.6779515988437	21	0.0791872567731907	0.267947882743291
ENSG00000140548.10		6	1	
ENSG00000140564.12	14.882224156725	9	0.0942222958074182	0.299595854465055
ENSG00000140575.13	26.9574983887287	24	0.306438195799578	0.597813684596127
ENSG00000140577.16	35.3603567122918	18	0.00851223113917251	0.0569467706491796
ENSG00000140598.15		15	1	
ENSG00000140612.14	8.82637744775275	9	0.453453151507195	0.738950539001433
ENSG00000140650.12		27	1	
ENSG00000178226.11	8.25858769364663	9	0.508311630387455	0.781765098065445
ENSG00000140691.18	13.2069367776735	12	0.354180845325685	0.646692761261082
ENSG00000140718.21	24.1973599478915	21	0.283594462923335	0.572958277946434
ENSG00000140740.11	15.9182316772058	18	0.598254020503723	0.842462693028601
ENSG00000140743.8		6	1	
ENSG00000140807.7		6	1	
ENSG00000140829.12	33.6336229372319	30	0.29571574822301	0.586510322530775
ENSG00000140830.9	15.4171410557137	6	0.0172489712752031	0.0947073146398565
ENSG00000140836.17		9	1	
ENSG00000140876.11	19.5659518716711	18	0.357778450639655	0.65003832532736
ENSG00000140939.14	18.080112662683	24	0.799104908469672	0.954465682944451
ENSG00000140941.14	38.6578136669632	15	0.000720753724046148	0.00956237333757204
ENSG00000140948.13	24.8494683781773	12	0.0155525259495858	0.0878447200101122
ENSG00000103343.13	13.2174256513808	9	0.153012257829055	0.39978604989359
ENSG00000140990.15	15.3316323066247	9	0.0822201886876226	0.274577313119716
ENSG00000140992.19		27	1	
ENSG00000140995.16	35.3357144709153	33	0.358415582125902	0.650561686376648
ENSG00000141012.13	15.7758925890084	15	0.397100372432975	0.687643961769866
ENSG00000141013.17	64.9454522088927	42	0.0130839659150846	0.0770575745036511
ENSG00000197912.16		93	1	
ENSG00000141026.6	3.88160972696551	12	0.985479130061921	0.99999999971812
ENSG00000141027.21		63	1	
ENSG00000141030.13	17.2863389931445	27	0.923821101333489	0.994649938993855
ENSG00000141034.10		9	1	
ENSG00000178773.15	51.7063545043784	24	0.000854367413114815	0.0108428340803368
ENSG00000109118.14	49.602285378347	33	0.0317914108585691	0.143700548684182
ENSG00000087111.21	19.1533680553039	21	0.575302233226449	0.825932146480469
ENSG00000141068.14	14.4146860324108	15	0.49433913321707	0.772943288547449
ENSG00000160602.14		15	1	
ENSG00000141098.13		12	1	
ENSG00000141101.13	4.02358636347344	9	0.909853275887193	0.991188524269142
ENSG00000141127.15	65.0156094139384	42	0.0128918148772838	0.0763138740623474
ENSG00000141179.14	43.4476372873501	12	1.89592559913774e-05	0.000521328574020965
ENSG00000141232.5	3.24675859269337	6	0.777299373205342	0.94609653599684
ENSG00000141258.13	29.4647971659651	36	0.771114272815985	0.942312039953253
ENSG00000141294.10	7.30936061361825	6	0.293182694992563	0.584209305012682
ENSG00000141298.19	44.5276708739148	12	1.24125434398603e-05	0.000353671049711229
ENSG00000141314.13	2.62404699631969	3	0.4532893855098	0.738937963435389
ENSG00000108852.15		12	1	
ENSG00000141349.8	4.90075976244407	9	0.842872015678517	0.970432988638355
ENSG00000141367.12	14.182860169487	15	0.511708264574576	0.783103506632755
ENSG00000141380.14	22.1021408207453	24	0.573170316758868	0.82379642688302
ENSG00000170558.10	2.53519799120204	3	0.468963588282712	0.751667614802145
ENSG00000141384.13	1.15985180735322	3	0.762648717374407	0.937974477578792
ENSG00000141385.10	5.03586642723531	9	0.831170546792875	0.967827448941947
ENSG00000141401.12	20.5488644086581	18	0.302780944478307	0.594184241511619
ENSG00000141404.16	9.43443555860722	9	0.398175621418209	0.689043889610363
ENSG00000141424.13	7.52176883345237	9	0.582962269765647	0.831558208076494
ENSG00000141428.17	6.55500359959478	12	0.88556731521579	0.984509082419554
ENSG00000141429.13	28.9890117114082	9	0.00065081244933914	0.00891186150507371
ENSG00000141446.11	6.33877379387468	9	0.705591698982111	0.905015359108214
ENSG00000053747.16	27.4884373346022	18	0.0702789606979639	0.246698319121356
ENSG00000141449.14	20.6275098061642	15	0.149158557681173	0.394544942146461
ENSG00000141452.10	43.9502386650656	24	0.00773216738293097	0.0530821074899335
ENSG00000141458.13	44.5229817650325	39	0.250542625507122	0.530976123300178
ENSG00000133026.13	23.7471272242656	27	0.644303132803468	0.869175542084924
ENSG00000141480.18	43.7584436756915	39	0.276539183277288	0.564098788120844
ENSG00000141504.12	58.1528759190114	36	0.0111171983092724	0.068698983883254
ENSG00000141505.12		3	1	
ENSG00000141510.18	54.5763058728662	24	0.000356919997091321	0.00561616717716292
ENSG00000141519.15		24	1	
ENSG00000141522.12	17.2300686694507	18	0.507344124951795	0.781479038994808
ENSG00000141540.11		6	1	
ENSG00000141542.11	16.1496751347922	15	0.372174512226847	0.663370532428334
ENSG00000141551.14	100.919905227071	39	2.17958235463292e-07	1.07187249545866e-05
ENSG00000141560.15		9	1	
ENSG00000141569.12	18.6454911873952	9	0.028381735117428	0.13311176915001
ENSG00000141570.11		6	1	
ENSG00000141574.8	21.1082542970798	12	0.0488175311477388	0.194074825538368
ENSG00000141576.16	1.5467561250067	3	0.671521833680227	0.8872380310921
ENSG00000141577.14	18.9186914583879	15	0.217442067507907	0.490583400226351
ENSG00000141582.15	17.009544340377	9	0.0485667223774093	0.193453661681666
ENSG00000173894.11	5.22364277740235	6	0.515465943663295	0.786383465731818
ENSG00000141622.14	10.2057316536859	9	0.334088367477619	0.624865589857116
ENSG00000141627.14	30.3538856812593	27	0.298489551870317	0.58955742412368
ENSG00000141642.9	8.58309399575228	9	0.476612660634194	0.757297350238962
ENSG00000141644.17	82.0740786334645	51	0.00376405337811426	0.0324915628731905
ENSG00000141655.17		12	1	
ENSG00000141664.10		18	1	
ENSG00000141682.12	23.0269197090929	6	0.00078751243675351	0.0102879498282907
ENSG00000141736.13	89.3794201343117	42	2.84978312268953e-05	0.000728943329939974
ENSG00000186395.8	2.8599107110349	3	0.413732267520598	0.703118020346935
ENSG00000141759.15	10.784314057848	15	0.767728738522636	0.940482710003616
ENSG00000105127.9		12	1	
ENSG00000141854.9	11.3710432023145	6	0.0775638618244951	0.264039804007203
ENSG00000141858.12	3.01659801013011	3	0.389073162331417	0.680949310375445
ENSG00000141873.11	8.32988309803477	9	0.501274021938782	0.779052643525697
ENSG00000141934.10	24.6893463210436	15	0.0542741894125765	0.208084963831051
ENSG00000175221.15	31.8781817038725	18	0.0227286177153289	0.11458404662893
ENSG00000198131.14	69.5815699932937	48	0.0224954666865697	0.113576568971827
ENSG00000141956.14		21	1	
ENSG00000141985.9	12.7975780642446	6	0.0463654415879655	0.186867319581891
ENSG00000105676.14	30.4571616239991	33	0.594334692865201	0.840131238765994
ENSG00000142039.4	14.3482442783516	6	0.0259789900512264	0.124936102131638
ENSG00000124459.12	7.70850734073156	15	0.93493656661503	0.998638853666246
ENSG00000248098.12	1.18087715798902	9	0.99889485483056	0.99999999971812
ENSG00000142065.14	0.621805599380991	3	0.891422835756733	0.986195564239197
ENSG00000204920.11	10.8649088104364	12	0.540530195279757	0.803412288218052
ENSG00000130511.16		24	1	
ENSG00000105771.14		21	1	
ENSG00000142166.13	7.29862037981548	15	0.948827270320274	0.99999999971812
ENSG00000142178.9		12	1	
ENSG00000142186.17	40.9009117383685	30	0.0885612265151931	0.288424078139809
ENSG00000142197.12	2.47391280821364	3	0.480024076390079	0.759970016621903
ENSG00000142227.11	7.83208734221989	15	0.930337835910992	0.997836563441924
ENSG00000185800.12	11.306748218507	15	0.73056189434184	0.922013277880652
ENSG00000142230.13	7.03813319012261	18	0.989800817872102	0.99999999971812
ENSG00000187244.12	24.7725589393522	21	0.257149097352429	0.540229639929758
ENSG00000142235.11	11.7768316769107	9	0.226184871617408	0.500247578762046
ENSG00000142252.11	5.28592425607349	9	0.808705259771152	0.957879354122177
ENSG00000075702.18		15	1	
ENSG00000142303.14	87.2983976010219	36	3.7754566821452e-06	0.000124177319619496
ENSG00000142319.18	4.83716572089946	3	0.184116426715883	0.445805464846069
ENSG00000142327.13		18	1	
ENSG00000142330.20	33.4231260426423	33	0.446719958750094	0.732726315426698
ENSG00000242779.7	13.6676605782068	21	0.883446915043721	0.98323818829488
ENSG00000171425.10	7.03243384779671	9	0.633742444433601	0.862729766317714
ENSG00000180257.14	11.1621125393492	12	0.515079130424409	0.785930683335276
ENSG00000142444.7		6	1	
ENSG00000142459.8	7.01803425815888	9	0.635241691531928	0.863833427802841
ENSG00000104980.8	25.9130362494616	27	0.523430945389165	0.791101527834776
ENSG00000142494.13		24	1	
ENSG00000104731.14	64.4566346830834	39	0.00632887685553606	0.0465741592484017
ENSG00000142507.10	0.166299825184979	3	0.982837017274422	0.99999999971812
ENSG00000142528.16		15	1	
ENSG00000142534.7	4.59894154965878	12	0.970052756559898	0.99999999971812
ENSG00000142552.8	0.988245048807585	3	0.80409627801192	0.956513342233256
ENSG00000142556.19	5.06556271801173	6	0.535432167137894	0.799592391426736
ENSG00000116213.16	10.1676510126454	21	0.976652044388756	0.99999999971812
ENSG00000142632.17	22.1993862296549	15	0.102681414026202	0.316173444934986
ENSG00000142657.21		21	1	
ENSG00000142669.15	4.04800638410961	3	0.256326750676905	0.53961027632724
ENSG00000142684.9	1.77430536813336	3	0.62054227370175	0.855923262903884
ENSG00000142686.8	4.3655012295967	6	0.627342596156185	0.85893286254606
ENSG00000142694.6	1.18138500908799	3	0.757472329931439	0.935206332271417
ENSG00000142731.11		21	1	
ENSG00000142856.17	51.1203816473571	27	0.00336975959611296	0.029921242108194
ENSG00000142910.16	27.2929667689132	15	0.0264380506995434	0.126549028395948
ENSG00000142961.14	1.2171937256237	6	0.976026945374056	0.99999999971812
ENSG00000143036.17		9	1	
ENSG00000143079.15	7.68218836307915	6	0.262323707172104	0.547668733490995
ENSG00000143106.13	5.29218054527883	9	0.808130671282393	0.957642335095875
ENSG00000143126.8	3.3305271635445	6	0.766363516040086	0.939493337197273
ENSG00000143147.14	14.3176490627002	18	0.708161718769623	0.906493082379486
ENSG00000143158.11	2.49459589456092	6	0.869071980060408	0.977008562063921
ENSG00000213064.10	19.6211255272854	6	0.00323365461229996	0.0290926560746078
ENSG00000143190.23		3	1	
ENSG00000143226.15	0.226880685623541	3	0.97313743783119	0.99999999971812
ENSG00000143228.13		27	1	
ENSG00000117143.13	12.2110606798051	15	0.662988212968621	0.881219646500768
ENSG00000143294.15	13.0352487679556	15	0.599575235626726	0.842729293834454
ENSG00000143337.18	5.05519904272296	6	0.536753196133755	0.800356915925974
ENSG00000143341.12	2.11102777945661	6	0.90920927522197	0.990927457228769
ENSG00000143363.17	22.4019452699722	21	0.376673452895293	0.667069381867374
ENSG00000143375.15	13.8738979773298	9	0.126882158722322	0.358420273901704
ENSG00000143379.12	37.6412498423961	36	0.393989199299213	0.68488371001649
ENSG00000143382.15	4.26330566447632	9	0.893243514375567	0.986479350588987
ENSG00000143418.20	8.41488667481463	18	0.971798862447646	0.99999999971812
ENSG00000143420.19	25.7221629811102	24	0.36741150134027	0.657727029613164
ENSG00000143442.22		45	1	
ENSG00000143457.11	11.7432096525672	6	0.067948864481162	0.240679989028652
ENSG00000143486.16	22.3052419055966	21	0.382106787059728	0.673210330631682
ENSG00000143494.15	7.14243565528841	9	0.622292583924223	0.856152288304328
ENSG00000143537.14	40.6306734497484	42	0.531102560734595	0.796575966826126
ENSG00000143543.15	23.2739394073724	6	0.000709733400005974	0.00949586377739658
ENSG00000143549.21	76.2498227604665	21	3.38507899511214e-08	2.05587794372339e-06
ENSG00000143554.14	41.1050299738299	30	0.085174588757723	0.281502703845799
ENSG00000143569.19	103.221117914014	54	6.32226742017343e-05	0.00143076268674677
ENSG00000116580.18	25.7128304531761	33	0.81307930988446	0.959852269591756
ENSG00000143578.16	58.1984265836327	36	0.0110032240267723	0.0684206556655648
ENSG00000143727.16	53.1245431362186	21	0.00013198979115314	0.00260641616545456
ENSG00000143761.16	6.26929134043166	6	0.393709913467452	0.684867423742201
ENSG00000143772.9	19.1254408876193	6	0.0039569453426964	0.0335831739854921
ENSG00000143786.8		3	1	
ENSG00000143793.13	37.9390114316484	18	0.00394595419985082	0.0335520910309843
ENSG00000143815.15	13.4428361130413	12	0.337691323286376	0.629073856473565
ENSG00000143819.12	4.37822473500273	6	0.625634620819869	0.857742465670344
ENSG00000143842.15	35.758545692348	18	0.00757574518861097	0.0526800119199875
ENSG00000143847.15		21	1	
ENSG00000143850.16	4.92342707587503	3	0.177490830022789	0.436644900379078
ENSG00000143862.8	5.78176724761397	9	0.761545668712436	0.937195381779962
ENSG00000143882.12	0.799433783977065	6	0.992088841375279	0.99999999971812
ENSG00000143889.16	35.1609266707092	21	0.027107928516972	0.128940868933487
ENSG00000143891.17	6.94699334121833	9	0.64263826324279	0.868992590659211
ENSG00000122026.10	5.10594296222553	12	0.954346381642194	0.99999999971812
ENSG00000143933.19	11.4079631255008	9	0.248777884116584	0.528394721060744
ENSG00000143947.14	7.38343512546271	9	0.597264147836105	0.842321691255262
ENSG00000143951.16	32.1407300990215	18	0.0211584413040305	0.108649445832795
ENSG00000143952.20	13.3752012846053	9	0.146350656991754	0.39011228185295
ENSG00000143971.9	2.02087235956787	3	0.568085890065178	0.820292288181352
ENSG00000143977.14	1.09233597491402	3	0.778924524631346	0.946517398450236
ENSG00000143995.20	20.7843260884842	12	0.0536292693373504	0.206313825620322
ENSG00000144021.3	6.48973237161408	9	0.690077894900476	0.89644767824409
ENSG00000144029.12	49.7849766466388	12	1.52399880075526e-06	5.8826353709153e-05
ENSG00000144034.16	50.2039587648469	27	0.00431024989904753	0.035556085659159
ENSG00000144036.16	1.15626574664111	3	0.763511544223818	0.938280163323661
ENSG00000144040.13	44.9151532091346	39	0.237836339416679	0.513471489213426
ENSG00000144043.12	15.8228889817328	9	0.0706735182616862	0.247543721538289
ENSG00000144048.10	0.600733745834077	6	0.996388263724677	0.99999999971812
ENSG00000144118.14	19.5419246315541	15	0.19021782398569	0.454719159883016
ENSG00000144120.13		15	1	
ENSG00000144136.11	48.3905277619124	18	0.00013169468832594	0.00260561889146236
ENSG00000144152.13	9.97957265771402	9	0.352141457762622	0.644961901136944
ENSG00000144161.13	41.4203431846545	18	0.00133163729193814	0.0151347976213725
ENSG00000144199.12	16.4495295402521	12	0.171503148197559	0.428611214979924
ENSG00000144224.17	17.6625795496802	15	0.280819958794775	0.568867996799131
ENSG00000144231.11	14.0713815465333	9	0.119808608189533	0.345997248213081
ENSG00000144233.10		3	1	
ENSG00000144306.15	54.6310256899506	27	0.00127278298836266	0.0146120058226282
ENSG00000115935.17	25.235923170043	18	0.118554403025536	0.344026379729988
ENSG00000144320.14	19.3004080935661	21	0.565875878259407	0.81840892563379
ENSG00000144357.17		15	1	
ENSG00000213160.10	18.7239694982632	15	0.226515843833212	0.500487923945794
ENSG00000144401.14	27.2330662588211	30	0.611008015955076	0.850034596899187
ENSG00000118257.16		3	1	
ENSG00000144451.19	3.17095485832579	9	0.957129480910623	0.99999999971812
ENSG00000144455.14	18.6474885116149	12	0.097398165387868	0.305897104727236
ENSG00000144476.6	5.38664300299388	3	0.145578033885565	0.389413626729979
ENSG00000184182.19		45	1	
ENSG00000144485.11		18	1	
ENSG00000144504.15	53.8260355782277	42	0.104349262722445	0.319481774435166
ENSG00000144535.20	39.6614000910286	30	0.111590647645265	0.332787386228401
ENSG00000144559.10	28.8410108253738	27	0.368650724836129	0.659574209367661
ENSG00000144560.15	33.8232423393347	27	0.17124597461388	0.428204435388008
ENSG00000144566.11	25.9287541794547	18	0.101398132641777	0.313823130922805
ENSG00000144567.11	35.2239106950728	18	0.00885739653388304	0.0583401861848613
ENSG00000144579.7	40.3062508600051	33	0.178479834564306	0.437533739157032
ENSG00000114923.17	9.60347764995709	12	0.650702570657859	0.872862830915217
ENSG00000144580.14	16.2545098325136	21	0.755184898528729	0.93362174607812
ENSG00000123992.19	57.4766951370402	42	0.0561792494750543	0.21205075383038
ENSG00000144635.9		12	1	
ENSG00000144642.22		6	1	
ENSG00000144655.15	1.30258346919618	3	0.7285196974943	0.920799207422364
ENSG00000144677.15		15	1	
ENSG00000144681.10	28.5806416030678	12	0.00454538328028366	0.036842096334407
ENSG00000144711.16	5.91805549386254	12	0.920156293073057	0.99446974872662
ENSG00000144713.13	3.89576158346608	9	0.918138211230055	0.993846944710836
ENSG00000144746.7	1.9115484146605	3	0.590966535291087	0.837620697267188
ENSG00000144749.14	5.2897367035439	3	0.151769748910355	0.398166904745838
ENSG00000257727.6	26.1732158584055	21	0.199921184617203	0.466467563286808
ENSG00000144791.10	7.22529405909609	6	0.300513881177668	0.591942324391752
ENSG00000144815.16	31.6560975433495	15	0.00716868625339188	0.0506474965597367
ENSG00000144827.9	23.2163919326667	12	0.0259440177570729	0.124885344770399
ENSG00000144840.10	32.2733880153992	18	0.0204035317281284	0.106212583230038
ENSG00000144857.14		15	1	
ENSG00000114573.10		3	1	
ENSG00000144895.12	14.5685805407556	33	0.997725185233273	0.99999999971812
ENSG00000114125.14	2.91923393723846	15	0.999660604570003	0.99999999971812
ENSG00000144935.15	17.014748154174	9	0.0484855218579422	0.193431514463686
ENSG00000240682.10	20.2344279018071	18	0.319777361994779	0.611366251027306
ENSG00000167996.16	0.148918583989143	6	0.999934927447088	0.99999999971812
ENSG00000145016.16	29.6574817124683	24	0.196364513872554	0.461849640765076
ENSG00000145022.4		15	1	
ENSG00000248487.9	18.1315064982737	15	0.255815011936025	0.538976674993532
ENSG00000145029.14	12.0772564464933	18	0.843223263316828	0.970432988638355
ENSG00000145088.9		6	1	
ENSG00000145107.16	16.3547135773682	9	0.0598336937962169	0.221559452488536
ENSG00000145214.14		6	1	
ENSG00000145241.11	18.5073556403549	12	0.101131387966274	0.31328678604089
ENSG00000145244.12		9	1	
ENSG00000145246.14	0.416860383170615	6	0.998708190632062	0.99999999971812
ENSG00000145247.12	15.9136692804168	15	0.387812378205791	0.679618436982532
ENSG00000145293.16	3.08630125880154	6	0.79793980051976	0.954044262309124
ENSG00000145331.14	8.64054981504978	15	0.895549800240996	0.98737700997433
ENSG00000145332.14	4.9105444112588	9	0.842035535553883	0.970062112082517
ENSG00000145348.17		21	1	
ENSG00000145354.12	12.0509564420609	12	0.441595987261814	0.727975077147638
ENSG00000138660.12	19.4644956348729	15	0.193451290688507	0.459113162578079
ENSG00000145375.9	17.6722607500478	12	0.126010222860063	0.356844529488233
ENSG00000145390.11		12	1	
ENSG00000145391.13	27.4981329905277	12	0.00654659753342715	0.0475267183601322
ENSG00000145414.9		12	1	
ENSG00000145491.12		3	1	
ENSG00000145495.16	84.586937130196	30	4.23959043808235e-07	1.95345813473623e-05
ENSG00000145506.14	8.64468021222274	9	0.470698175406765	0.753131806074738
ENSG00000145545.12	8.00009390276682	9	0.534136753777475	0.798879337703707
ENSG00000145555.15	33.9315102365435	12	0.000691520398994828	0.00932049287956174
ENSG00000145569.6	6.01237207177292	6	0.42180558034501	0.709186334310321
ENSG00000145592.14	5.53266632929444	9	0.785625308193404	0.948828918350556
ENSG00000145604.16	13.8559723085273	18	0.738430796368259	0.926928044008344
ENSG00000145623.13	7.23936430243339	6	0.299277200115762	0.590302059387606
ENSG00000145632.15	51.5035403870243	30	0.00861068668780562	0.0573802697912467
ENSG00000152684.11	12.0196917727881	3	0.00731600832001649	0.0512922886260786
ENSG00000145703.16		9	1	
ENSG00000145715.15		6	1	
ENSG00000145736.14	17.3384628407657	24	0.833872079551903	0.968488080098508
ENSG00000145757.16	10.7786892259071	3	0.0129848048969321	0.0767754735784498
ENSG00000145779.8	17.3837183073701	9	0.0430352878405432	0.178294029696604
ENSG00000145781.9	14.0035454693498	12	0.300481925747605	0.591942324391752
ENSG00000145817.17	12.015957650583	15	0.677820781680392	0.890816941585696
ENSG00000145819.18	14.2476445301002	24	0.940857906801038	0.99999999971812
ENSG00000145860.12	38.0744620466867	24	0.034068614692024	0.15061436697429
ENSG00000133706.19	26.9924126670812	30	0.623669523689722	0.856374627599457
ENSG00000145882.11		12	1	
ENSG00000145908.12	7.81850004477019	9	0.552535620751553	0.81119065452318
ENSG00000145912.9	5.22883703839034	9	0.81392106146662	0.960202088446985
ENSG00000145949.11		3	1	
ENSG00000145982.13	12.9414306322142	9	0.165274423006066	0.419061493904564
ENSG00000145996.11	4.00706544950572	6	0.675720212566599	0.889562951862664
ENSG00000146007.11	3.44346879066143	6	0.751475106256358	0.93252928083177
ENSG00000124532.15	14.5962817053223	12	0.264260237056981	0.550085055933222
ENSG00000146054.18	11.4377376195444	15	0.720991870496876	0.916038485071736
ENSG00000146083.12		21	1	
ENSG00000240370.6	7.30067133237253	12	0.837121178513119	0.968488080098508
ENSG00000146112.12		15	1	
ENSG00000146143.19	19.7782132299162	15	0.180606792733155	0.440913337199866
ENSG00000146205.14	2.39215120814771	6	0.880337027286725	0.982860451005884
ENSG00000146232.17	23.6748232159507	9	0.00484612177699009	0.0385766378652386
ENSG00000146233.8		3	1	
ENSG00000146247.14	3.86665172433277	3	0.276228023691502	0.563979332203667
ENSG00000118418.14	3.28167511320498	6	0.772753163785709	0.94269434852284
ENSG00000146263.11		24	1	
ENSG00000135535.17	14.1724300614587	18	0.717783547103714	0.913997697135632
ENSG00000146350.14	18.7181432478839	12	0.0955613166630805	0.30234973960614
ENSG00000146409.12	5.3311480881639	9	0.804538847710581	0.956513342233256
ENSG00000146414.16	8.7965185789393	9	0.456265553695668	0.741109999206699
ENSG00000146416.19	27.7830829879385	21	0.146411286541546	0.39011228185295
ENSG00000146426.18	0.39243043420538	3	0.941801712940541	0.99999999971812
ENSG00000112531.17	24.2726978893261	24	0.446095284536272	0.732248748987272
ENSG00000146530.14	15.6490762195249	12	0.207842747817636	0.477865468066217
ENSG00000146535.14	1.64409512289421	6	0.949355098149555	0.99999999971812
ENSG00000146648.19	15.3964095702613	9	0.080607092649761	0.270870548854929
ENSG00000146670.10		12	1	
ENSG00000146674.15	8.07972804962628	12	0.778869268002261	0.946517398450236
ENSG00000243335.9		18	1	
ENSG00000146700.9	0.815562797306939	3	0.845741110588261	0.971706675971169
ENSG00000146707.14		9	1	
ENSG00000146731.11	19.332157033612	18	0.371643158250891	0.662866236399018
ENSG00000146733.14	15.7338307702157	27	0.957832208924453	0.99999999971812
ENSG00000129103.19	26.2155482178496	33	0.792948707992222	0.952009197221381
ENSG00000086730.17		9	1	
ENSG00000146830.10	14.5840767262089	9	0.103012690757727	0.316526528615436
ENSG00000146856.14	11.2807128798809	9	0.256957210228582	0.539937408263798
ENSG00000146909.8	10.8011299027985	18	0.902604407638291	0.989363532547372
ENSG00000186787.8	10.0567429015391	12	0.610982524182471	0.850034596899187
ENSG00000102225.16	56.741284378164	42	0.0639769216185637	0.231571100932869
ENSG00000147123.11	0.84236928424798	3	0.839308291675991	0.969104162568138
ENSG00000147133.16	51.6296158643054	27	0.00293462425514477	0.0271904633205398
ENSG00000147140.16	45.1476003531716	18	0.000394549867863154	0.00606894826822887
ENSG00000147155.11	6.02715788362548	6	0.420154725830395	0.708087791265382
ENSG00000147164.12	9.20452078327071	12	0.685369487700168	0.893433455012014
ENSG00000147168.13		3	1	
ENSG00000125351.12	2.4908245575607	6	0.86949312709065	0.977246699262314
ENSG00000147251.15	10.1455794310147	6	0.118653717004689	0.344119328392674
ENSG00000169551.13	0.742055770542379	3	0.86327020685059	0.975837921777794
ENSG00000147324.11	6.31908364287847	6	0.388411383990517	0.680551566776122
ENSG00000147364.17	19.2364143502425	9	0.0232560912776222	0.116098856846656
ENSG00000147416.11	10.4156166625435	9	0.317897625255164	0.609927181444286
ENSG00000147437.10	1.77882825627353	3	0.619552946244118	0.855273807559186
ENSG00000147439.13		21	1	
ENSG00000120889.13	86.2486121742113	12	2.6175246113232e-13	4.61632056021122e-11
ENSG00000147459.18	15.9414900531028	15	0.385950913541538	0.677633349573702
ENSG00000147509.14	33.1838688094113	15	0.00442652862097489	0.0362231690111617
ENSG00000147526.20	45.579359426396	33	0.0712907445817861	0.248764461914779
ENSG00000147536.12	22.3470339759333	18	0.216941701892799	0.490408103571588
ENSG00000104442.10	11.4905258042709	9	0.243577290017945	0.521463394640761
ENSG00000147576.17	18.596334597981	6	0.00490256153038743	0.0388525633181206
ENSG00000147586.10	14.2162078226975	18	0.714892061013186	0.911231263813568
ENSG00000147592.9	11.9659927731482	6	0.0627317780313007	0.228350308591755
ENSG00000147601.14	21.1273358024609	15	0.132809997778936	0.367662643377736
ENSG00000147642.17	57.1106985460701	21	3.46018341687928e-05	0.000861173142852997
ENSG00000147650.11	5.52188364823996	6	0.478815724328682	0.759070540983892
ENSG00000147677.11	9.51387587669888	12	0.658524179698206	0.878839130789621
ENSG00000147684.9	1.86404647049494	6	0.931767797491958	0.998326481219489
ENSG00000147687.19		39	1	
ENSG00000147689.16	2.66243399681328	3	0.446649037037701	0.732726315426698
ENSG00000189376.12	17.2508832548447	15	0.304089172280965	0.59554435061497
ENSG00000147697.9	0.802409100257137	3	0.848890721998198	0.972641129508573
ENSG00000170631.15	14.0909736706728	9	0.11912571912623	0.344821244595448
ENSG00000147804.10	1.92856059071983	9	0.992547549158732	0.99999999971812
ENSG00000147854.17	45.4801971951529	21	0.00149738369428038	0.0165740782425159
ENSG00000147883.12	18.6948006382863	6	0.0047113517088935	0.037670396552604
ENSG00000147912.13		6	1	
ENSG00000147955.17	26.2348743317416	18	0.0945075934240403	0.300316301066949
ENSG00000148019.14		42	1	
ENSG00000083223.18	8.21505989740399	15	0.914871364051779	0.993230649849888
ENSG00000048828.17	5.29388255172671	9	0.807974255542075	0.957639305232384
ENSG00000148120.16	51.9083922768332	30	0.00779158184314012	0.053346780905944
ENSG00000148331.12	4.68005339144838	6	0.585453079299514	0.833370379648585
ENSG00000148334.15	18.2464573289908	12	0.108409576098695	0.326826275836591
ENSG00000148337.21	45.0031841846212	42	0.347317254649742	0.639824686917252
ENSG00000122133.17		3	1	
ENSG00000130653.16		3	1	
ENSG00000148396.18	23.979667801912	21	0.29404473188829	0.584680094462056
ENSG00000148399.13	93.2430398648285	27	3.2208737702718e-09	2.8401998100095e-07
ENSG00000148411.8		3	1	
ENSG00000148426.13	13.4856620760402	9	0.14183343946508	0.383508922095771
ENSG00000148429.14	10.8505584070076	9	0.286091703959449	0.575493331133008
ENSG00000148481.14	13.4801300113468	12	0.335129100299236	0.625683187312498
ENSG00000216937.13		9	1	
ENSG00000148572.16	4.15846139516361	3	0.244853731528817	0.523040626015363
ENSG00000108187.16	7.74024651962918	12	0.805085586690966	0.95689129449501
ENSG00000148634.15	29.9661545142226	27	0.315676735381343	0.607536655920181
ENSG00000148672.9	0.76801318400976	6	0.992904022034676	0.99999999971812
ENSG00000148688.14	47.9077832077892	24	0.00259132085354384	0.0249017220625148
ENSG00000099204.20		15	1	
ENSG00000148700.15	19.2341583921134	21	0.570121951844192	0.821740368906415
ENSG00000148737.17		36	1	
ENSG00000095637.22	14.9150537281015	12	0.246114847607401	0.524480995036687
ENSG00000148803.12	15.6548142185784	15	0.405356286036985	0.695685649736779
ENSG00000148832.16		3	1	
ENSG00000148840.11	21.1466751989356	12	0.048273436895065	0.192823191208499
ENSG00000148841.17	0.121316003471293	3	0.98916210917951	0.99999999971812
ENSG00000107949.17	3.2160300413525	6	0.781285128448964	0.94779003544882
ENSG00000148925.11	19.1006427581378	9	0.0243506214397841	0.119569813192453
ENSG00000148926.10	32.7534928091118	15	0.00507647823817686	0.0397605634749702
ENSG00000148950.11	14.0357323048811	15	0.522820847250027	0.790413013083141
ENSG00000110619.18	47.1187557613375	27	0.00961386673444055	0.0618103349004352
ENSG00000148985.20	112.461997091221	63	0.000128323405260374	0.00255373562725364
ENSG00000149016.16	11.7515905574255	12	0.465830408707655	0.749446248925858
ENSG00000121236.21	0.171528491974811	3	0.982049157114491	0.99999999971812
ENSG00000149050.10	2.95332030382485	6	0.814682427250819	0.960477806771658
ENSG00000149054.16	7.64956235949012	15	0.93706275425898	0.999496817939324
ENSG00000149084.13	0.357744839234329	3	0.948826190906397	0.99999999971812
ENSG00000149131.16		9	1	
ENSG00000149136.9	2.35026729138917	3	0.502959481638782	0.779508325676634
ENSG00000213593.10	64.416535581433	12	3.49420725085153e-09	3.00355008142524e-07
ENSG00000149150.9		21	1	
ENSG00000149179.14	51.8012161716033	45	0.225670329754668	0.499649740922185
ENSG00000149196.16	17.8920206263356	15	0.268384922611449	0.554522679276962
ENSG00000149212.12		3	1	
ENSG00000149231.15		42	1	
ENSG00000078124.12	22.6606894451334	21	0.362332997456446	0.654015216337037
ENSG00000149269.10	43.9527098514573	33	0.0963388359759302	0.303234936081015
ENSG00000149273.15	54.3861455870792	18	1.59744136701794e-05	0.000445237813166935
ENSG00000149289.11		3	1	
ENSG00000149308.17	24.6170877078353	6	0.00040192361870086	0.00614346376270506
ENSG00000149311.19	93.870291028954	51	0.000240590964682724	0.00408804813578004
ENSG00000149313.11	8.13769501854767	9	0.520331742704942	0.788865183952698
ENSG00000101333.16	8.13654297054382	18	0.976533949132436	0.99999999971812
ENSG00000149357.10	7.55841386584507	9	0.579184438949115	0.82863005721334
ENSG00000149418.11		3	1	
ENSG00000088876.13	4.5701697621621	9	0.870054614342616	0.977246699262314
ENSG00000088826.18	21.7293310894565	21	0.415248675029555	0.704099567026108
ENSG00000149480.7	24.507320022276	18	0.13909961065669	0.37912334596517
ENSG00000149483.12	51.4938154886913	30	0.00863131084247613	0.0574802595102138
ENSG00000221968.9	34.9594404326563	21	0.0285258080089874	0.133481468492192
ENSG00000149489.9	1.55312552418764	9	0.996733128247382	0.99999999971812
ENSG00000149499.12	63.7386806913201	39	0.00745471464435278	0.0520465263479792
ENSG00000149503.13		15	1	
ENSG00000133316.15	60.5975486795578	36	0.00631835505332584	0.0465302043487905
ENSG00000101004.15		9	1	
ENSG00000168000.14	38.4499424623355	36	0.359175677857463	0.651188941652603
ENSG00000149547.15	10.0677490296803	21	0.978018787925538	0.99999999971812
ENSG00000149554.13	70.6625341157996	33	0.000149076028063745	0.00286635092305272
ENSG00000149564.12	14.8590070260771	9	0.0948823323928385	0.301213533725573
ENSG00000110274.16	21.6962668896158	24	0.597389920321205	0.842321691255262
ENSG00000160588.10		3	1	
ENSG00000149577.16		18	1	
ENSG00000149591.17	71.2981208905644	12	1.82957538389432e-10	1.9699712212479e-08
ENSG00000149600.11	8.28801416003807	6	0.217752886895973	0.490703158443207
ENSG00000101335.10	0.586971352982801	3	0.899408399385081	0.988827226710016
ENSG00000124155.18	19.7075255582749	36	0.987495544395979	0.99999999971812
ENSG00000125991.20	35.6101319686277	21	0.0241740956785253	0.118998482391516
ENSG00000149657.20	4.44844144578383	9	0.879501469426061	0.982754288628881
ENSG00000110711.10	2.4393731305463	6	0.875190118729907	0.980390679533342
ENSG00000149716.13	48.939063242713	30	0.0159439092233967	0.0895116616059963
ENSG00000149761.9	33.3049757146073	30	0.309460819060127	0.60094523089826
ENSG00000149781.12		9	1	
ENSG00000149782.12	5.36643703432856	9	0.801267122410827	0.955668860211808
ENSG00000149792.9	27.3764177356788	15	0.025814932577546	0.124498324062102
ENSG00000014216.16	54.7997010352883	30	0.00373981865075896	0.0323643020123633
ENSG00000149806.11	0.225089963991195	6	0.999781589910404	0.99999999971812
ENSG00000149809.16		33	1	
ENSG00000149823.9		27	1	
ENSG00000149922.11	13.639028430276	6	0.033938873570344	0.15048146413136
ENSG00000149923.14	45.262696823731	27	0.0152529214800789	0.0866059755560133
ENSG00000149929.16	8.04175668541575	18	0.978008502457132	0.99999999971812
ENSG00000149930.18	32.5870314496333	15	0.0053514149821789	0.0412772323105601
ENSG00000149932.17	6.93578276559128	18	0.990656777651715	0.99999999971812
ENSG00000139318.8		6	1	
ENSG00000150281.7		3	1	
ENSG00000150316.12	13.4751514970412	12	0.335470431045798	0.62619106554151
ENSG00000150347.16	12.5640960651385	3	0.00568068640958862	0.0430109113868852
ENSG00000111647.13	10.5681394784783	9	0.30647521380605	0.597813684596127
ENSG00000150433.9	56.7525477525487	45	0.112402174359737	0.334622189035432
ENSG00000150477.15		9	1	
ENSG00000150510.17	6.57605096165389	9	0.681163663232648	0.891752228076085
ENSG00000150527.17		30	1	
ENSG00000144228.9		6	1	
ENSG00000150593.18	39.1087764711701	21	0.00952578763365099	0.0614371259171601
ENSG00000150687.12		9	1	
ENSG00000150750.8		3	1	
ENSG00000150753.12	6.70201487070881	12	0.876661226032354	0.9809442757768
ENSG00000150756.14	21.7557852937316	15	0.114369221497303	0.338144821724079
ENSG00000150760.13	12.7739091278208	9	0.173106326687488	0.430933223579049
ENSG00000150768.16	8.49918554325632	9	0.484724920758592	0.76469019346694
ENSG00000150773.10		12	1	
ENSG00000150776.18	41.8464188271246	18	0.00116183171007992	0.0136132606671334
ENSG00000150782.12	23.3246747005869	12	0.0250926582356073	0.122400000520757
ENSG00000150787.8	16.6754663531465	15	0.338632246873405	0.630138121387677
ENSG00000135655.16	22.4449586121555	33	0.917223256115508	0.993779968944554
ENSG00000150938.10	21.5237743956241	12	0.0432169533642138	0.178612612510118
ENSG00000150961.15	9.02626421873947	6	0.172106368958449	0.429327573943569
ENSG00000139726.11	7.261739317506	6	0.297318588778956	0.588253741705984
ENSG00000150967.18	106.911760405641	48	2.24130209414843e-06	8.18795682894437e-05
ENSG00000090975.12		9	1	
ENSG00000151006.7	7.75501872041525	6	0.256606304094444	0.539643479560457
ENSG00000151014.6		6	1	
ENSG00000151065.14	8.70579643602468	12	0.72783266826405	0.920494996708523
ENSG00000151092.18	35.130587199521	24	0.0664878421782406	0.237218045916018
ENSG00000151093.8	8.63665513206433	12	0.733611510253892	0.9238104319078
ENSG00000151131.11	7.85354904421365	9	0.548969801426155	0.809603820471184
ENSG00000151135.10	19.5805451835258	21	0.547951120079956	0.808936495437076
ENSG00000151176.8	5.78099981851119	3	0.122765026558787	0.35136078810012
ENSG00000151229.13	6.08944118315799	9	0.730934333334775	0.922255741418702
ENSG00000151233.11	6.9906308561358	3	0.0721969992737711	0.250594878035767
ENSG00000151240.17	4.28838756650146	6	0.637712592439906	0.865186464642258
ENSG00000151247.12	32.818556593651	21	0.0482681684423876	0.192823191208499
ENSG00000038274.17	34.7290387198518	15	0.00268703191423194	0.0254732617707864
ENSG00000151320.11		3	1	
ENSG00000151327.12		15	1	
ENSG00000151353.15	24.3676011197167	15	0.0591081769009996	0.220181187735005
ENSG00000151366.13	1.58739657572005	6	0.95347920962582	0.99999999971812
ENSG00000137513.10	15.5822141130666	15	0.410347641441331	0.700742241119094
ENSG00000151413.17		12	1	
ENSG00000151422.13	70.1071322501421	18	4.33453274025502e-08	2.54815720690049e-06
ENSG00000021645.19	0.21887107000606	3	0.974486861224296	0.99999999971812
ENSG00000151465.14	30.0958254376019	15	0.0115806117380942	0.0703432764067489
ENSG00000151466.12	3.85882163770384	12	0.985851194903287	0.99999999971812
ENSG00000151470.13	32.2926202292201	9	0.000177213988073713	0.00322548377937012
ENSG00000151491.14	17.7417430012893	15	0.276486227155845	0.564098788120844
ENSG00000151498.12	40.8037083802337	39	0.391099526676026	0.682833279128564
ENSG00000151502.11	10.7047167472556	18	0.906464422243228	0.990927457228769
ENSG00000151552.12	21.6314300998019	15	0.117838690769581	0.34348464495711
ENSG00000151576.10		30	1	
ENSG00000128849.10	1.76233910696396	3	0.623164454666027	0.856349477837726
ENSG00000151665.13	28.4650117092424	15	0.0188330129756206	0.100860151689855
ENSG00000162869.16		15	1	
ENSG00000118965.15	11.1502374709671	15	0.741873378286834	0.927364387937923
ENSG00000151690.15		18	1	
ENSG00000151693.11	7.85740207591198	9	0.548578210900035	0.809376391071176
ENSG00000151715.8		6	1	
ENSG00000151725.12	25.4942401599592	9	0.00247044246507822	0.0239877033157077
ENSG00000151726.14	20.3294865299176	12	0.0611042964991473	0.224335282370709
ENSG00000151729.11	1.02139331999206	3	0.796075595102466	0.953184743334089
ENSG00000151743.11		24	1	
ENSG00000102763.18	4.26649321452078	6	0.640662067490389	0.867571129659488
ENSG00000151779.13	12.3397536590419	12	0.418793731651963	0.707021138978038
ENSG00000151806.14	2.94077877676045	9	0.966596611382781	0.99999999971812
ENSG00000151876.13	15.5803470255287	18	0.621809093199448	0.855939337146704
ENSG00000151883.19	64.0436442647333	42	0.0157970679996618	0.0889313200707431
ENSG00000143748.18	55.2411931459356	42	0.0827264968735262	0.27590783714356
ENSG00000109670.16		30	1	
ENSG00000087301.9	4.83706781689716	3	0.184124076289652	0.445805464846069
ENSG00000144445.17	11.0389654742735	9	0.273047508209866	0.560436566963643
ENSG00000116120.11	1.83961267517407	3	0.606352944813538	0.846985507354501
ENSG00000117586.11		3	1	
ENSG00000152082.15	5.80646047578193	15	0.982818488970939	0.99999999971812
ENSG00000152127.9	4.60904205596489	12	0.969780542399073	0.99999999971812
ENSG00000123066.9	39.0702068885348	45	0.720284944457673	0.915470217453697
ENSG00000152133.16	7.55819819433464	9	0.579206658429503	0.82863005721334
ENSG00000152147.11	4.87454097636874	6	0.560002125974007	0.81609523104101
ENSG00000152219.5		9	1	
ENSG00000152223.15	42.853923592073	21	0.00328112401994296	0.0293636199475036
ENSG00000152234.16	4.8248327356996	12	0.963575039746641	0.99999999971812
ENSG00000152240.13	16.376060489165	15	0.357508178285143	0.649893576626751
ENSG00000152253.9	4.36793496492101	3	0.224377040690959	0.498512760475199
ENSG00000152256.14		12	1	
ENSG00000152291.14	13.420380113952	9	0.144488655597835	0.38812354467181
ENSG00000152332.16	2.26223543480319	3	0.519794174131717	0.788511256072304
ENSG00000152348.16	32.7197275061208	15	0.00513113817684313	0.0401579283939773
ENSG00000152377.14	2.02311936727233	6	0.917560075849547	0.993846944710836
ENSG00000152380.10	3.61136434109142	9	0.935082895729329	0.998638853666246
ENSG00000152404.15	0.996683474161273	3	0.802054458324479	0.955922682384113
ENSG00000152413.15		6	1	
ENSG00000152422.16	11.2925689084768	12	0.50402584911194	0.779863925361675
ENSG00000065413.20	12.864953286768	9	0.168812802466426	0.424689167837941
ENSG00000152433.15	11.6591828661079	9	0.23321182863795	0.508228308031134
ENSG00000131845.15	5.12454976236586	3	0.162900903722908	0.415746842360685
ENSG00000165995.21	8.93106206149545	6	0.177492374208252	0.436644900379078
ENSG00000152484.14	12.1660769591435	6	0.0583647424561186	0.218286270780123
ENSG00000152495.11	20.0058573838314	18	0.332490007473235	0.622901151363319
ENSG00000152503.10	24.3880217094161	9	0.00372822552736198	0.0322912945972784
ENSG00000251201.8		6	1	
ENSG00000138032.21		15	1	
ENSG00000137693.14	43.9938415830402	24	0.00764252004058062	0.0529643207961376
ENSG00000152582.14	9.70787584755772	9	0.374647824671245	0.66528586617255
ENSG00000152601.17	97.7761603214531	33	2.48727852653623e-08	1.59014825299619e-06
ENSG00000152620.13		18	1	
ENSG00000164190.19	18.8812092185653	15	0.219167468928185	0.492609105617756
ENSG00000152642.11	8.8537369212354	12	0.715369891795766	0.911726716070133
ENSG00000115507.10	7.51745396212857	9	0.583407423087295	0.831847578862552
ENSG00000087338.5		6	1	
ENSG00000152669.9	1.73759826530204	3	0.628607444241832	0.859291754080103
ENSG00000116001.17		51	1	
ENSG00000152683.14	18.7650892981128	18	0.406421282896982	0.696712469038583
ENSG00000213949.10	5.12035061693814	6	0.528472642544971	0.795079667685322
ENSG00000043143.20	19.865744245486	21	0.529778892982724	0.795794131969913
ENSG00000099290.17	21.2146462527598	18	0.268722539751544	0.554857258602854
ENSG00000107798.18		3	1	
ENSG00000152804.11	13.7278545602476	6	0.0328284051294183	0.147216903142841
ENSG00000152904.11	6.60329293600807	9	0.678344939731144	0.8908223989053
ENSG00000123094.15	13.1084806600375	18	0.78508855387951	0.948691177511341
ENSG00000152942.19	50.9401529366987	33	0.0238584469860215	0.11811488619654
ENSG00000152944.9	9.99126597622671	6	0.125020310360895	0.355231320744888
ENSG00000152952.12	15.5923998614308	21	0.792097574128134	0.951668792844804
ENSG00000152953.13	12.7065837475739	12	0.390723213974754	0.68261447578954
ENSG00000152990.14	28.9649260707884	21	0.114846118473351	0.338864500115412
ENSG00000153029.14	34.5270228187401	15	0.00287005046621693	0.026737473787735
ENSG00000153037.15	19.7915778665047	15	0.180074643566916	0.439998670606336
ENSG00000153044.10	9.39463555935072	9	0.401671520596617	0.691932971401616
ENSG00000103274.11	4.59091138359509	9	0.868413572943726	0.977008562063921
ENSG00000153066.12	9.78954622158744	15	0.832765010138273	0.968079343145764
ENSG00000183889.12		24	1	
ENSG00000058729.11		18	1	
ENSG00000153140.9	12.4411656538141	12	0.410930397393649	0.70108201490535
ENSG00000153147.6	0.213499234050687	3	0.975381191347399	0.99999999971812
ENSG00000115652.15	13.8349347928379	12	0.311373077665303	0.602682189886016
ENSG00000153179.13		3	1	
ENSG00000153187.20	26.5412303315243	27	0.488744088815794	0.768069332385429
ENSG00000153201.16	2.98674635517364	3	0.393673144777098	0.684867423742201
ENSG00000153214.11	10.0207666599867	9	0.348806649187311	0.64125507090888
ENSG00000153237.18		3	1	
ENSG00000144848.11	13.2178650678397	12	0.353406270675987	0.645995843950084
ENSG00000153339.14	11.0740012693786	12	0.522587644416841	0.790282648374243
ENSG00000153391.16		21	1	
ENSG00000153395.10	4.11055815966392	9	0.903986207771848	0.990241477757361
ENSG00000153404.14	10.9614249028543	6	0.0895759839866128	0.290327230734811
ENSG00000153406.13		36	1	
ENSG00000188818.12	20.4492061669862	18	0.308105457680182	0.599507461786301
ENSG00000153443.13	30.2584669863136	21	0.0869158937092895	0.284955986138565
ENSG00000153485.6	0.0492554805514374	3	0.997135213441363	0.99999999971812
ENSG00000153558.16	43.0232089242745	30	0.0583199972142041	0.218198702086355
ENSG00000153560.12	45.9898503625482	21	0.00128179118284976	0.0146824658559576
ENSG00000153767.10	15.5935031340496	12	0.210571527231649	0.482080606994749
ENSG00000153774.9	16.3768479462524	21	0.748117710443283	0.930655429902078
ENSG00000153790.12		9	1	
ENSG00000253293.5	6.46698233472853	15	0.970791774980794	0.99999999971812
ENSG00000153814.13	7.39683238961879	3	0.0602693721587882	0.222481200942708
ENSG00000153827.14	57.3101918925422	45	0.103104283101709	0.316709458441773
ENSG00000013375.16	61.9602423754514	30	0.000529633962790731	0.00749325837536152
ENSG00000153879.9	22.0560485359147	6	0.00118287833941094	0.013830644624362
ENSG00000153885.14	16.622449866778	24	0.864311594959192	0.975837921777794
ENSG00000153898.13	13.0014790358819	12	0.368933189839364	0.659642999277548
ENSG00000153904.21	5.10096796862581	3	0.164551323851272	0.417977524627429
ENSG00000112851.14	25.5149937293991	24	0.378223404968592	0.668887830121669
ENSG00000153914.16	72.3828689837828	36	0.000306339401802631	0.00498972251757821
ENSG00000153922.11	57.8751043835728	30	0.00165202736639725	0.0178632007725977
ENSG00000153933.10		12	1	
ENSG00000153944.12		24	1	
ENSG00000153976.3	8.68836393862762	3	0.0337344481225809	0.149899943460417
ENSG00000153982.11	9.42824486827612	6	0.150887456553788	0.396626519617298
ENSG00000154059.11	19.9963516043081	18	0.333025119127618	0.62378940552214
ENSG00000154102.11	13.8954869283916	12	0.307432064210636	0.598766676468126
ENSG00000154114.12	9.71302202541301	12	0.641120769260966	0.867922756586874
ENSG00000154118.13	1.75280457333884	6	0.940972300252262	0.99999999971812
ENSG00000154122.14	11.1052953629114	15	0.745095057013138	0.929023167186324
ENSG00000154124.5	26.0832287324338	12	0.0104465488039727	0.0659615726640966
ENSG00000154144.13		24	1	
ENSG00000154146.13	1.16508142292878	3	0.76139082502128	0.937195381779962
ENSG00000154174.8	2.7723748402932	6	0.836825786687385	0.968488080098508
ENSG00000154222.14	27.342505527462	21	0.159801811783531	0.410706716767272
ENSG00000154229.12		6	1	
ENSG00000154309.9	39.9220583808492	48	0.790091600892234	0.95103142969474
ENSG00000154310.17	5.19427607455828	9	0.817054458507972	0.960794069483094
ENSG00000154328.16		18	1	
ENSG00000154358.21	71.5783699752792	51	0.0301757336663557	0.138727002100293
ENSG00000154370.16	22.3283499163008	15	0.0994789427468736	0.310140233269665
ENSG00000154380.17	6.7697195172077	15	0.96372755351624	0.99999999971812
ENSG00000154429.11		3	1	
ENSG00000154447.15		3	1	
ENSG00000170909.13		3	1	
ENSG00000089876.12	22.1979926689892	6	0.00111478861894717	0.0131524484235416
ENSG00000138430.16	8.79714192876418	15	0.887883053989311	0.984860013031171
ENSG00000154518.9	3.99421833036467	9	0.911792649525326	0.992073415630269
ENSG00000154553.16		21	1	
ENSG00000154556.18	79.2806332517866	66	0.126405861932741	0.357315118534604
ENSG00000154582.17	13.8064086861559	18	0.741621177858752	0.927325355327705
ENSG00000154639.19	10.7571593203556	6	0.0961779825342745	0.302988784522049
ENSG00000154642.11	13.2518456302228	9	0.151537707925229	0.397762179719571
ENSG00000154710.18	15.9573815923286	12	0.193195871539339	0.459047751446201
ENSG00000154723.12	16.372016465466	15	0.357767232923162	0.65003832532736
ENSG00000154734.15		12	1	
ENSG00000154736.6		3	1	
ENSG00000154743.18	56.6562452536127	24	0.000186437744933816	0.00335161984697364
ENSG00000154767.15	34.0709350595134	15	0.00332812035326464	0.0296544800466411
ENSG00000154803.13		18	1	
ENSG00000154813.10	1.48444657854998	9	0.997260516757949	0.99999999971812
ENSG00000154814.14	18.0080775392853	24	0.802616365099749	0.955922682384113
ENSG00000167315.18	12.8514559850737	12	0.379929382584197	0.670208442300056
ENSG00000154832.15	52.9407269599469	36	0.0340415100379018	0.15061436697429
ENSG00000154839.10	11.4757791694019	12	0.488643132704162	0.768069332385429
ENSG00000154845.15	30.7219934350651	42	0.901021514845086	0.988895481506616
ENSG00000154874.15		12	1	
ENSG00000154914.17		12	1	
ENSG00000167100.15		6	1	
ENSG00000154917.11	4.22814598362675	6	0.645832742584159	0.869569146437094
ENSG00000108846.16	34.9599031792568	45	0.859358734202963	0.975149824658327
ENSG00000154945.7	10.035035036607	6	0.123184350605868	0.351871745978057
ENSG00000154978.13	2.58928571889555	3	0.459370995658886	0.74358650159204
ENSG00000239789.6	3.56645361690607	3	0.312245034199886	0.603657995620985
ENSG00000155085.15	11.6973707014413	9	0.230912684064079	0.505129493358945
ENSG00000163161.14	46.0008923178139	39	0.204914509833029	0.474224099792319
ENSG00000155090.15	1.52132436380816	3	0.677357495826397	0.890577098304398
ENSG00000155099.8	5.87928104376306	9	0.751936956024293	0.93253550206012
ENSG00000155100.11		12	1	
ENSG00000155189.12		9	1	
ENSG00000013288.9	16.8856535808691	9	0.0505370320510295	0.198900846806457
ENSG00000155254.13	8.01644355130884	6	0.236901083448507	0.512461945714617
ENSG00000155313.15	11.7673645236164	9	0.226744178460591	0.500510617495335
ENSG00000155324.10	28.4756370989853	21	0.127170090064578	0.358847683109123
ENSG00000155330.10	18.3847713729756	9	0.0309630161629822	0.141015446273885
ENSG00000155366.17	53.5415283272741	27	0.00173045045418493	0.0185542743143162
ENSG00000102910.14	39.9072718360549	18	0.00214878566588392	0.0215800566137197
ENSG00000155438.12	37.9607482865831	15	0.00091442135858969	0.0113943337594042
ENSG00000155463.14	27.1082513779984	15	0.0278666348345394	0.131268658634811
ENSG00000082516.9	0.0188113005769992	3	0.999317665287913	0.99999999971812
ENSG00000155508.13	66.2187203424983	48	0.0416585958222442	0.173999908805935
ENSG00000145919.11	65.3131923995607	15	3.0110646834222e-08	1.88958163476845e-06
ENSG00000085662.14	11.2653264709516	18	0.882759983308861	0.98323818829488
ENSG00000155542.12	33.0387841467455	24	0.103257776744967	0.316993937072108
ENSG00000155561.15	40.5057194241599	18	0.00178029133320374	0.0189299376791487
ENSG00000000460.17	19.581277674959	18	0.356879688934059	0.648981748996709
ENSG00000155636.15	32.1111190035817	15	0.00621757879978232	0.0461535657060765
ENSG00000155660.11	7.1458350798639	6	0.307570886721601	0.598915882286775
ENSG00000155666.12		18	1	
ENSG00000172530.20	64.4814522559973	36	0.00245555729647469	0.023876326602319
ENSG00000240344.9		33	1	
ENSG00000155744.9		6	1	
ENSG00000155749.12		6	1	
ENSG00000155755.19	19.8284293045763	21	0.532150866124948	0.797096384476804
ENSG00000182578.14		6	1	
ENSG00000155868.8	6.69631694211421	6	0.349846693233804	0.642358970577739
ENSG00000155893.13	13.5294898411912	21	0.888949346933093	0.985063333404197
ENSG00000155903.13		6	1	
ENSG00000069849.11	58.013066241052	3	1.56180654978153e-12	2.38443570115153e-10
ENSG00000136824.19	7.80342929048857	9	0.554070917962252	0.812208572633401
ENSG00000155957.18	29.5178469662933	24	0.201248979284071	0.468710339047532
ENSG00000155959.12	13.3047564181034	3	0.0040218304218509	0.0338316639680204
ENSG00000240771.8	13.1429759217122	12	0.358734839738797	0.650785326186389
ENSG00000156030.13		18	1	
ENSG00000156050.10	9.89798896472212	6	0.129014182356684	0.362153148003986
ENSG00000156052.11		3	1	
ENSG00000156110.14	8.11070061636565	15	0.919267860390722	0.994260977717774
ENSG00000156136.10	7.70790014326485	9	0.563829637715903	0.818188872775709
ENSG00000119685.20	26.4780801468478	33	0.782055657323062	0.947966021409228
ENSG00000156140.10	9.42840902570924	6	0.150879278035014	0.396626519617298
ENSG00000156171.14	25.048660590488	21	0.24506269740384	0.52332725678657
ENSG00000148175.13	0.319956294784788	3	0.956232569167777	0.99999999971812
ENSG00000138744.16	20.9036921659863	21	0.4648391981598	0.748440131902501
ENSG00000156232.7	1.11733127229115	3	0.772891978710198	0.942751258076153
ENSG00000156253.7	29.2315242383884	18	0.0456218912589665	0.185081875168684
ENSG00000156261.13	30.9218914472149	9	0.000305304482700538	0.00498079673611452
ENSG00000156273.16	15.3721173681588	12	0.221714400891797	0.495178298410959
ENSG00000156298.13	5.28846552030518	3	0.151852599470523	0.398282112816405
ENSG00000156304.15	9.91846680223443	12	0.62311346484236	0.856349477837726
ENSG00000156381.9	8.4650893626349	9	0.488038683895072	0.767641524268249
ENSG00000156411.10	10.0513779300381	12	0.611453178608292	0.850034596899187
ENSG00000156453.13		3	1	
ENSG00000156467.10	4.9663688740693	18	0.998911026253677	0.99999999971812
ENSG00000156469.9		9	1	
ENSG00000156482.11	8.66086149029434	12	0.731591831058335	0.922478811627842
ENSG00000156521.14	12.7446902203083	9	0.174503120834499	0.433145455718536
ENSG00000156587.16	0.446832659880783	3	0.930406763469056	0.997836563441924
ENSG00000156599.11	9.54949647525427	12	0.655416701690168	0.876379111052812
ENSG00000156639.12	2.06156811049004	6	0.913949937440693	0.992823767685501
ENSG00000156650.14	23.6786702511258	15	0.0707550240023253	0.247641594365015
ENSG00000156675.16	9.8853890873188	9	0.3598431291346	0.651561696117653
ENSG00000156709.15		21	1	
ENSG00000156735.11	2.94230764910344	6	0.816052242765094	0.960788153748704
ENSG00000156787.17	9.01445435464848	21	0.989099871355173	0.99999999971812
ENSG00000156795.8	19.0593599126587	24	0.748816537987651	0.930812424240857
ENSG00000156802.13	0.255231305225607	3	0.968215934549456	0.99999999971812
ENSG00000156804.7		9	1	
ENSG00000156831.8		21	1	
ENSG00000156853.13		6	1	
ENSG00000156858.12	70.9621607483387	27	8.1687477027606e-06	0.000249427224631457
ENSG00000156860.16	11.7421485614941	18	0.860260052486588	0.975149824658327
ENSG00000156869.14	5.2028925847433	3	0.157529116089319	0.407218935677949
ENSG00000156876.10	0.669760768445485	3	0.880292403141998	0.982860451005884
ENSG00000156928.5	44.1805894654826	9	1.30728926309029e-06	5.1630354718728e-05
ENSG00000156931.16	52.3269409782697	33	0.0175576344963879	0.0959385914869403
ENSG00000156968.9		3	1	
ENSG00000156970.13	23.1105356735716	18	0.18637813941394	0.448858890303188
ENSG00000156973.14	9.51392577201477	9	0.391247180046028	0.682833279128564
ENSG00000144554.11	28.1029890060345	39	0.902276135633051	0.989321748460765
ENSG00000157014.11	5.18558631972701	9	0.817839358845373	0.960799219206308
ENSG00000103512.15		3	1	
ENSG00000157036.13	49.2642014651756	33	0.0341352340877741	0.150801487910531
ENSG00000147421.18		12	1	
ENSG00000157045.9	13.1273893759935	27	0.98841114616646	0.99999999971812
ENSG00000157077.14		6	1	
ENSG00000157107.14		3	1	
ENSG00000157110.16		33	1	
ENSG00000132170.22	34.6678173754099	21	0.030696871157052	0.140428575610682
ENSG00000033050.9	14.1953309286982	9	0.115544607914388	0.339725724161044
ENSG00000157181.16	12.173580874618	12	0.431841816799305	0.718729245694776
ENSG00000106617.15		24	1	
ENSG00000215883.10	15.4201406969441	15	0.421598270332221	0.709180843155449
ENSG00000184863.11	29.2706856213463	15	0.014840773236825	0.0848553769924441
ENSG00000139908.15	7.32697919585371	6	0.291663772452253	0.582473394848515
ENSG00000157224.16	31.0172427963316	21	0.0733714607179774	0.253724365004797
ENSG00000113161.16	38.5921084795336	27	0.0689688882935392	0.243269916674004
ENSG00000157259.8	16.9821441133963	9	0.0489963328433104	0.194452491312394
ENSG00000127080.10		6	1	
ENSG00000259431.6		15	1	
ENSG00000157315.5	3.86498585268585	3	0.276417136293408	0.564098788120844
ENSG00000090857.14	4.69292751080957	6	0.583756265086148	0.83214989291994
ENSG00000157349.17	8.79751273284273	18	0.964250278819091	0.99999999971812
ENSG00000157353.17	27.2892170633495	24	0.291153460674319	0.581795028176911
ENSG00000213920.9		24	1	
ENSG00000157379.14	25.5116499799533	24	0.37839920044526	0.669000638569838
ENSG00000157388.19	104.906338990169	48	4.00428926536288e-06	0.000130445461450309
ENSG00000056736.10	2.50052193238116	6	0.868409248358842	0.977008562063921
ENSG00000157429.16	13.500744336759	12	0.333718101214805	0.624401400645005
ENSG00000157445.15		12	1	
ENSG00000157456.8	9.81905397927039	6	0.132481790548957	0.367043841494582
ENSG00000157470.12		36	1	
ENSG00000157483.9	23.6593160246848	21	0.309856674292952	0.60108551514178
ENSG00000157500.12	18.7948831093654	18	0.404555439185341	0.694686021331326
ENSG00000157554.19		21	1	
ENSG00000205581.11	26.0141112892306	24	0.352449294399526	0.645168903438216
ENSG00000157578.13	9.27154681896582	12	0.679578376931963	0.890979376938066
ENSG00000157600.12		12	1	
ENSG00000157601.14		15	1	
ENSG00000157625.15	10.5748647783366	12	0.565660360729647	0.81840892563379
ENSG00000157637.13	62.2390284171561	18	8.8498797013009e-07	3.65021852679866e-05
ENSG00000198947.16	25.7530321021004	18	0.105540331269764	0.321588337372181
ENSG00000157653.12	5.05101671959892	6	0.537286710704752	0.800568938645144
ENSG00000157657.14	7.2650903955423	12	0.839609539242303	0.969104162568138
ENSG00000157693.15	16.2318773806728	9	0.0621944592569574	0.227290862357777
ENSG00000157703.16	7.74248203119328	12	0.804916897474353	0.95682683838061
ENSG00000148219.16	0.365327860210073	3	0.947308027505286	0.99999999971812
ENSG00000110871.15	25.5917615880171	15	0.0425390005054218	0.176954630406653
ENSG00000119771.15	28.2477445656605	9	0.000867047520784819	0.0109494186297628
ENSG00000084676.15	16.9905904681252	15	0.319427220099226	0.611366251027306
ENSG00000157764.14	41.7394245840073	21	0.00453661809746832	0.036842096334407
ENSG00000138101.18	92.7759895560794	39	2.82727226532962e-06	9.80344678035819e-05
ENSG00000157827.20	0.753793890075031	3	0.860483921457288	0.975170621824351
ENSG00000157851.17	2.43999055450104	3	0.486233808982308	0.765930312559297
ENSG00000157869.15	7.12464210857434	12	0.849267881358671	0.972641129508573
ENSG00000157895.11	19.1038120576886	15	0.20906812292021	0.479497271154895
ENSG00000157911.11	4.34094767053102	9	0.887574548391518	0.984813977166377
ENSG00000185585.20	4.44278473760687	3	0.217450888320097	0.490583400226351
ENSG00000157954.15	37.2926035373384	27	0.0897341588325551	0.29051918338298
ENSG00000137834.15	11.777781063498	9	0.226128842319636	0.500231818358036
ENSG00000157992.12	19.0308819834186	12	0.0877858974813758	0.286614090436321
ENSG00000158023.10		3	1	
ENSG00000158042.9	16.991555067827	6	0.00931433086553489	0.0604544989997185
ENSG00000158050.5	48.0033786330096	3	2.12595850227538e-10	2.26525307497655e-08
ENSG00000158079.16		9	1	
ENSG00000182150.18	39.0176455563806	18	0.00283414340993742	0.0264511431936587
ENSG00000158092.7	51.0366004070929	24	0.00104307832663292	0.0125083800740072
ENSG00000158104.11	6.89236795826218	6	0.330915824923993	0.621317542795066
ENSG00000158106.14	3.19632943319812	6	0.783832668601357	0.948198438007496
ENSG00000196597.13	2.24767219947154	3	0.522619572428655	0.790282648374243
ENSG00000158169.13	33.2796454726486	36	0.598657917018656	0.842462693028601
ENSG00000158186.13	24.1227004983448	21	0.287151388858974	0.57660168757565
ENSG00000158201.10		24	1	
ENSG00000158220.14	8.56052697968147	6	0.199843561469944	0.466438155538891
ENSG00000051382.9	21.0320340040671	21	0.456989337883691	0.741402686314397
ENSG00000115073.8	8.70609230410992	6	0.190794354214064	0.455459701091095
ENSG00000102024.18	6.90495017918875	6	0.329726934272174	0.620865193006802
ENSG00000158373.8	11.6131792104788	3	0.00883283658874086	0.0582534400169118
ENSG00000158411.11	45.7668457678374	18	0.000320812728593657	0.00515973805154798
ENSG00000158417.11	14.2546447372006	12	0.284743628978462	0.574145984786257
ENSG00000158435.8	14.4792969532027	6	0.024717138800264	0.120914209845959
ENSG00000158428.4	0.498214741575794	3	0.919283449739512	0.994260977717774
ENSG00000158458.21		12	1	
ENSG00000005187.12	9.72104487002321	6	0.136901688263569	0.37483066628695
ENSG00000184154.15		27	1	
ENSG00000158528.12	8.91277557365083	15	0.882033775531078	0.98323818829488
ENSG00000158552.13	50.6032130833501	39	0.100948066749364	0.31281362459232
ENSG00000158604.15	8.52329830442614	9	0.482387430240073	0.762767201101516
ENSG00000124006.15	17.0530026889319	21	0.707888248482415	0.906329099992417
ENSG00000158711.14	34.1406644377698	6	6.31944822926396e-06	0.000195883745264064
ENSG00000158747.15	7.90859747609648	6	0.244876484308102	0.523040626015363
ENSG00000158792.16	0.725083446112421	3	0.867288806737874	0.976922358376452
ENSG00000158805.12	61.2557188684223	33	0.00200022920527666	0.0204808253661411
ENSG00000158806.14		3	1	
ENSG00000143258.16	18.2157471138707	21	0.635313215110057	0.863833427802841
ENSG00000127603.29	46.3992819027044	39	0.193667529449998	0.459113162578079
ENSG00000158863.22		33	1	
ENSG00000140750.17	25.7007411969535	33	0.813551177697414	0.96017249298106
ENSG00000241852.10	18.9775632193505	15	0.214752409895818	0.487830868493076
ENSG00000158966.16	2.42001157925824	3	0.48992034510084	0.7690907320498
ENSG00000147454.14	28.6333990605126	24	0.234233475121939	0.509239104404116
ENSG00000244187.8	3.00538740013144	12	0.995505864621161	0.99999999971812
ENSG00000076864.19	19.7319931469719	24	0.711910550562372	0.909213350726572
ENSG00000159055.4	0.0275688724668726	3	0.998792580345751	0.99999999971812
ENSG00000159079.19	23.9431605623977	15	0.0660650253020547	0.236197058261873
ENSG00000108424.10	8.97706961884978	21	0.989393300530531	0.99999999971812
ENSG00000159086.15	45.9627987087733	18	0.000300402380196122	0.00492438453049059
ENSG00000243646.10		6	1	
ENSG00000159111.13	24.873431252985	12	0.0154341630581384	0.0873691499289968
ENSG00000140199.13		18	1	
ENSG00000141295.14	50.5557142857433	36	0.0544347326550307	0.208378267465591
ENSG00000159128.15	7.46996839490384	6	0.279560150365984	0.56761031720795
ENSG00000124160.12	1.4367246500442	3	0.696949295810455	0.899040807313846
ENSG00000205758.12		51	1	
ENSG00000062598.18	20.4986246717563	33	0.956086253505017	0.99999999971812
ENSG00000159167.12	2.72409005022928	3	0.436148954097825	0.722659390463492
ENSG00000078061.13	8.4142926948407	12	0.751974984931614	0.93253550206012
ENSG00000060491.16	3.10739123859094	6	0.795252462209931	0.953091673807309
ENSG00000241837.7	1.41558143054135	6	0.964903720190047	0.99999999971812
ENSG00000159210.10	33.1261973113287	30	0.317091564788533	0.60911354295247
ENSG00000159217.10	18.5633055418966	6	0.00496837358457603	0.0391838807992507
ENSG00000159228.13	8.60945244273171	9	0.474077130231157	0.755701256838788
ENSG00000284308.1	13.8747551080123	12	0.308777641953671	0.600246887012643
ENSG00000159263.16	13.208237121612	9	0.1534079182343	0.400326771589389
ENSG00000135637.14		18	1	
ENSG00000077157.22	21.669165363094	12	0.0413993476949798	0.17341274675346
ENSG00000100294.13	4.93234476935686	9	0.840165587595326	0.969327069198352
ENSG00000078795.17	4.83868031730674	6	0.564664031464189	0.81840892563379
ENSG00000159307.19	2.97305485043049	3	0.39579827293245	0.686323196105448
ENSG00000159314.11	47.3924793717742	33	0.050074030095278	0.197534613900732
ENSG00000110811.20	21.6528080120142	15	0.11723608974669	0.342611372611526
ENSG00000143390.17	28.1059719448385	30	0.564820962098617	0.81840892563379
ENSG00000159377.11	67.7374376830412	15	1.12628545445457e-08	7.837261165725e-07
ENSG00000159388.6	4.17614249356393	3	0.243061354679134	0.520903959147886
ENSG00000159399.10	0.783351039891386	3	0.85344495954794	0.973665903548503
ENSG00000159423.17	11.2494879928363	12	0.507667241579871	0.781479038994808
ENSG00000159433.12	3.48626220700101	6	0.745796543480564	0.929505230014405
ENSG00000159461.15	25.5776583637889	18	0.109814041046186	0.329313346778491
ENSG00000159459.12		18	1	
ENSG00000159479.17	6.1326178687923	12	0.909249687458078	0.990927457228769
ENSG00000099958.15	7.56752949898419	18	0.984403644455914	0.99999999971812
ENSG00000159556.10		6	1	
ENSG00000133433.11	3.10379590556113	3	0.375897098964018	0.666386728821999
ENSG00000140848.17	16.3681337531816	15	0.358016055710085	0.650160403974389
ENSG00000159592.11	50.3232657049521	33	0.0272646843059792	0.129415524717337
ENSG00000159593.15	48.0248502677714	30	0.0197124420221596	0.103830365316514
ENSG00000067955.15	12.4046367484843	15	0.648178934249279	0.870907962489935
ENSG00000196123.13	51.6155130292646	27	0.00294592391046481	0.0272704576290901
ENSG00000138606.19	4.16662330205276	6	0.654139175855238	0.875516736701898
ENSG00000159674.12	43.100099785087	21	0.00305225937699654	0.0279763092896932
ENSG00000159685.11	7.58933181645625	12	0.816343504396875	0.960788153748704
ENSG00000159692.16	48.5159702901146	27	0.0067201814310364	0.0483408831632007
ENSG00000230453.9	16.9653163437242	12	0.150906658274576	0.396626519617298
ENSG00000159720.12	9.40924907586304	12	0.66763448525055	0.884705904464247
ENSG00000159733.14	11.8543660238863	12	0.457445538158892	0.741437238128238
ENSG00000159792.10		6	1	
ENSG00000141252.20	39.0880238852333	30	0.123768904879436	0.352753448874826
ENSG00000159842.15		39	1	
ENSG00000159917.17	27.5500226131517	15	0.0245616204296022	0.120326061003066
ENSG00000104936.19	62.9891013544111	42	0.0196095507947073	0.103501597048019
ENSG00000105287.12	34.1170442058456	27	0.162671243658561	0.415361225289477
ENSG00000160014.17		18	1	
ENSG00000160051.12	6.39095952738626	3	0.0940634199002134	0.299460332994569
ENSG00000160075.12	2.14575101621449	3	0.542712612215108	0.805328727582948
ENSG00000116525.14		3	1	
ENSG00000072958.9	41.9687545265733	21	0.00424595831177232	0.0352531717298044
ENSG00000160111.14		12	1	
ENSG00000160124.9	16.8109661574708	12	0.156847558998586	0.406260276612801
ENSG00000105726.17	37.0011943559075	27	0.0950451688853483	0.301369197931875
ENSG00000160191.18	35.4288370848014	15	0.00213564965851546	0.0215015357844042
ENSG00000160199.15	11.0829042877531	12	0.521827465021068	0.790204797108268
ENSG00000160201.12	22.0400946565314	18	0.230209923974123	0.504385651633066
ENSG00000160207.9	3.23645095033567	3	0.356585874024512	0.648761379860845
ENSG00000160209.19		27	1	
ENSG00000160216.21	26.7483357082474	21	0.179339330534435	0.438761543180278
ENSG00000160218.13	19.2549564650608	18	0.376283866225159	0.666841245255916
ENSG00000241945.8	4.96812124312601	9	0.837078305668683	0.968488080098508
ENSG00000160221.18	27.9872644529714	27	0.411630382228873	0.701527354185129
ENSG00000160256.13	7.16832595257438	6	0.305560785481573	0.596940655976129
ENSG00000160282.14		3	1	
ENSG00000160294.11	100.832874754811	24	2.16554504063448e-11	2.66883858080122e-09
ENSG00000160298.18	55.5687322492868	24	0.00026226092913765	0.00440503619728904
ENSG00000160310.18	58.0822035852034	36	0.0112961780138713	0.0693569057046155
ENSG00000160318.6	15.5848615642826	6	0.0161644156229666	0.0904517545991932
ENSG00000160325.14		9	1	
ENSG00000129455.15		9	1	
ENSG00000160339.16		3	1	
ENSG00000160360.13	13.355440401212	12	0.343743696723003	0.636382052764232
ENSG00000105227.16	1.06964550999652	3	0.784406364144332	0.948202871523561
ENSG00000160408.14	32.4969041953973	24	0.115141595189914	0.339250930430792
ENSG00000160410.15	29.4984614205969	42	0.927078335998477	0.996676833631703
ENSG00000160439.16	32.5807019954373	30	0.341024171803897	0.632990091586567
ENSG00000160445.11		6	1	
ENSG00000105048.17	12.2652754982701	21	0.932177853696581	0.998326481219489
ENSG00000160447.7	2.75182288810902	3	0.431492252290599	0.71849816843245
ENSG00000160563.14	7.67466632174183	9	0.567234933107148	0.819642058306684
ENSG00000160606.11	9.24430010172	9	0.415035758963222	0.70404656358786
ENSG00000244045.13	19.2289721069574	21	0.570454429524338	0.821740368906415
ENSG00000160633.13	44.3033063235634	30	0.0447559284926826	0.182709239920383
ENSG00000176531.10		15	1	
ENSG00000105755.8	13.9121293155513	12	0.306354732046017	0.597813684596127
ENSG00000160678.12	11.9275381758441	9	0.21742525824324	0.490583400226351
ENSG00000160685.13	14.3365675321547	15	0.500171426209297	0.777833354041198
ENSG00000160688.19	67.2585251853743	30	0.000111941850943784	0.00227661120413341
ENSG00000160703.16	25.7782292411248	18	0.104937838793028	0.32042064269071
ENSG00000160714.10	16.7138854967197	15	0.336254072240859	0.627539300301358
ENSG00000160746.13	18.7948095939209	18	0.404560038036045	0.694686021331326
ENSG00000160753.16	41.6805993459202	30	0.0762011026762436	0.260863911924133
ENSG00000160781.17	35.4278690150936	21	0.0253278115195577	0.122785869210216
ENSG00000160799.11	29.4074325773036	24	0.205173331933649	0.474543317118958
ENSG00000160813.7	28.1627402569575	12	0.00523660252758041	0.0406721391454974
ENSG00000070423.18	36.2194735696103	15	0.00164334247919573	0.0178258220781475
ENSG00000213420.8		12	1	
ENSG00000113758.13	4.46416585691622	15	0.995773124092589	0.99999999971812
ENSG00000166526.18	56.6046289751539	30	0.0023252952660474	0.0230033319887803
ENSG00000160867.15		30	1	
ENSG00000160886.13	20.6136060185527	12	0.0563330553858748	0.212365685744074
ENSG00000160877.6	2.09978660659544	6	0.910296151015518	0.991272385746267
ENSG00000160888.7	276.952128960329	3	9.66743924070154e-60	3.29627453310454e-56
ENSG00000166529.15	6.11649619367563	6	0.410267546449071	0.700722446590006
ENSG00000241468.8	4.17793702986091	12	0.980007184757828	0.99999999971812
ENSG00000160917.15	24.9845077933715	21	0.247835684457993	0.527269387753913
ENSG00000106246.18		9	1	
ENSG00000160932.11	6.93961492512608	12	0.861578105480771	0.975574659361612
ENSG00000160948.14	67.5076448142645	30	0.000103845234411384	0.00214159859434285
ENSG00000160959.8	37.2498689681088	18	0.00486141226864509	0.0386682629051093
ENSG00000160961.12		21	1	
ENSG00000257923.11	43.7258783290563	39	0.277681994605741	0.565705859952624
ENSG00000160972.9	28.2812301293925	24	0.248356882642271	0.528010300321582
ENSG00000198169.9	3.38927519143272	6	0.758638088043976	0.935812448188564
ENSG00000160993.4	8.21427848956319	6	0.222821349055014	0.496353725708407
ENSG00000196150.13	26.9529588751011	21	0.172415671231172	0.42973681798822
ENSG00000161010.15	118.085506785443	24	2.12474121711776e-14	4.43550569589747e-12
ENSG00000161013.17	53.3284865195456	48	0.276782950173577	0.564382396177353
ENSG00000161021.13		3	1	
ENSG00000005075.15	3.26037725120841	3	0.353195575743699	0.645726102642055
ENSG00000161036.13	43.5837701677683	18	0.000661372111873546	0.00899695912744564
ENSG00000161057.12	12.5458145522571	9	0.184257216258875	0.445887642562582
ENSG00000161082.13	4.18993660669813	3	0.241671354879198	0.519339556525067
ENSG00000161149.12	0.796383038165232	3	0.850331966015943	0.973012068116251
ENSG00000161179.14	34.6724339805514	18	0.0103906061237201	0.065648863520403
ENSG00000043093.15	13.2462717803955	15	0.583282459370406	0.831785344611722
ENSG00000161203.13	44.3178069686983	24	0.00700624585287478	0.0498748641032641
ENSG00000161204.11	62.0599434531396	42	0.0236343282491613	0.117414057144571
ENSG00000161217.12	33.0700111979713	24	0.102604847540318	0.316128007677685
ENSG00000196967.11	1.49378670304304	3	0.683705096771541	0.893433455012014
ENSG00000269190.6	19.3962233498842	15	0.196337075835709	0.461849640765076
ENSG00000161243.9		6	1	
ENSG00000161265.15	82.8061112306532	48	0.00133804367618395	0.0151570861170383
ENSG00000161277.11	8.45828564204703	9	0.488701105586789	0.768069332385429
ENSG00000213931.7		3	1	
ENSG00000161513.12	30.1814587045592	33	0.608175169138614	0.848359989788474
ENSG00000161526.15	73.9473633520975	51	0.0195205551465814	0.103240008642832
ENSG00000161533.12	35.0936662380664	24	0.0670239905878323	0.238216956123327
ENSG00000161558.11		21	1	
ENSG00000087088.20	70.8268287705141	24	1.63763346837543e-06	6.19613276698915e-05
ENSG00000170421.12	9.25522271567024	9	0.414056395310085	0.703318310798216
ENSG00000173757.10	21.0769597984727	15	0.134388397796383	0.370228634812606
ENSG00000068137.15		21	1	
ENSG00000161618.10	29.3280630153931	12	0.00352105798537474	0.0308892814171512
ENSG00000131467.11	10.5128874204675	15	0.786299161123492	0.949297268120766
ENSG00000161638.11	28.7824736492621	15	0.0171537828579637	0.0943817804895024
ENSG00000161654.10		9	1	
ENSG00000092841.19	32.715974655468	21	0.0494629448822829	0.195955252982522
ENSG00000161682.15	14.3350342143558	9	0.110896568024615	0.331878582306551
ENSG00000176024.18		6	1	
ENSG00000204564.12	53.1996785108058	30	0.00563792117156757	0.0427504044951554
ENSG00000161813.22	41.8397536908742	42	0.477934902181069	0.758423225940142
ENSG00000171466.10	19.8585485179156	15	0.177426358060787	0.436644900379078
ENSG00000161835.11	17.6563106371675	6	0.00715101875298853	0.0505862868771228
ENSG00000065989.16	10.037034692009	12	0.612711501902962	0.850533224979731
ENSG00000161860.8	4.21853268530322	6	0.647129855312991	0.870413055883838
ENSG00000197283.17	20.4200424235432	21	0.494812560899181	0.773450331248404
ENSG00000161904.12	17.9742163538504	27	0.904305801456026	0.99039014629029
ENSG00000161914.10	16.9219533351106	12	0.152556827112459	0.399177439176776
ENSG00000161920.11	8.94297052441834	9	0.442555116863452	0.728433982309848
ENSG00000161921.16		6	1	
ENSG00000239697.11		12	1	
ENSG00000161960.16	11.4274561100174	18	0.875345398003521	0.980390679533342
ENSG00000161981.11	15.9057925789384	9	0.068875138544043	0.24308378919443
ENSG00000007392.17	68.231697792522	39	0.00259376627987866	0.0249017220625148
ENSG00000161996.19	78.1590926095378	60	0.0576948205616856	0.216652099678958
ENSG00000162004.18		39	1	
ENSG00000007545.16		12	1	
ENSG00000162063.13	0.695759920581622	6	0.994582115208962	0.99999999971812
ENSG00000162066.15	59.7350047420769	45	0.0696038030019247	0.245200134713441
ENSG00000162073.14	6.55477871360563	6	0.363987547383629	0.654460998802451
ENSG00000162076.13	4.25544865592383	9	0.893809463296802	0.986479350588987
ENSG00000188827.11		6	1	
ENSG00000162104.10	19.2396231221501	15	0.203079993366231	0.470830746179325
ENSG00000162129.14	27.1960912054419	21	0.164456447677547	0.417911528993281
ENSG00000162139.10	17.8754433644467	12	0.119525161421925	0.345373693837534
ENSG00000168067.12		30	1	
ENSG00000162144.10	47.9407852821532	24	0.00256708195892792	0.0247297685276119
ENSG00000162191.14	24.8504677378805	30	0.73226578682931	0.922911130295344
ENSG00000213672.8	6.9571476877245	18	0.990482750048872	0.99999999971812
ENSG00000162222.14	12.7431185879395	15	0.622131790191013	0.856152288304328
ENSG00000162227.8	17.8047728563197	15	0.27306832043668	0.560436566963643
ENSG00000162231.14	27.3293264789172	30	0.605930670890833	0.846985507354501
ENSG00000162236.12	4.66341185558122	15	0.994612950560177	0.99999999971812
ENSG00000162241.12	13.998370453523	18	0.72919748959681	0.921428180492374
ENSG00000272886.6	3.00646876681913	6	0.808034494423766	0.957639305232384
ENSG00000168005.9	6.18054809697787	6	0.403272070646742	0.693634753206037
ENSG00000162298.19	11.8927214110045	18	0.852726359765846	0.973540746130333
ENSG00000162300.13	39.6227031609888	21	0.00826249715750326	0.05561402599228
ENSG00000162337.12	9.70522393626743	12	0.641803450016935	0.868502115388706
ENSG00000162341.18	5.20172325385602	9	0.816380849236284	0.960788153748704
ENSG00000162384.14	25.7205419654092	18	0.106321462213855	0.322998423516181
ENSG00000162402.14	22.5911306679727	15	0.0932151815591276	0.297596158604344
ENSG00000007923.16	28.6560513930381	18	0.052748057011252	0.20414675564438
ENSG00000162419.12		9	1	
ENSG00000188672.19		6	1	
ENSG00000162437.14	2.78956263134523	6	0.834757496450617	0.968488080098508
ENSG00000142920.17	6.84398342786585	12	0.86774914918893	0.976922358376452
ENSG00000162522.11	1.51388363619844	3	0.679069721455656	0.890920286906974
ENSG00000162542.13	22.2885244257323	18	0.219427123996488	0.493014380741849
ENSG00000162591.16	10.9674597092164	6	0.0893873507961009	0.289899559699846
ENSG00000162604.12	12.8457987109286	18	0.800651045415279	0.955668860211808
ENSG00000130158.14		18	1	
ENSG00000162613.17	126.930991232599	33	6.02964326765327e-13	9.63706577887895e-11
ENSG00000162642.14	8.10013806338975	9	0.524087113734512	0.791508502346128
ENSG00000122417.15	42.0545863731441	42	0.468609278787013	0.751435070185352
ENSG00000162676.12	1.1464251789285	3	0.765880303362258	0.93936112695974
ENSG00000162688.17	16.4980212135893	12	0.169475289739547	0.425727588100646
ENSG00000066279.18	5.72551279454274	6	0.45462986079682	0.739801027528696
ENSG00000162702.8	5.25947071754581	6	0.510990547448192	0.782955413648155
ENSG00000162704.16	30.540882577392	9	0.000354774188174794	0.00559165665768871
ENSG00000162714.12	16.3990441416936	12	0.173634963188863	0.431762058330379
ENSG00000162736.17	13.2218057272912	15	0.585170326149272	0.833199786495115
ENSG00000162745.10	6.14286070001799	6	0.407378649873719	0.697535354797167
ENSG00000123636.18	29.9363654265562	18	0.0380697704072881	0.16362003424208
ENSG00000162878.13	100.192178135854	21	2.66873671968915e-12	3.8448602684085e-10
ENSG00000162889.11	7.82391603921496	6	0.2512896455971	0.532292769685801
ENSG00000162909.18	29.4738778934625	15	0.0139666215099729	0.0812191992185974
ENSG00000162910.19	75.7403974506888	63	0.130312471659995	0.364497203338828
ENSG00000162913.10	55.1773027757663	18	1.20093923549741e-05	0.000347017159319293
ENSG00000162924.15		3	1	
ENSG00000162928.9	17.0706376559792	12	0.146959422941353	0.390656948354236
ENSG00000162929.14		18	1	
ENSG00000162931.12	1.48749093789269	3	0.685160410243404	0.893433455012014
ENSG00000162959.13	41.7070395202827	18	0.0012149462793116	0.0141063399444703
ENSG00000162961.14	8.68878733395832	9	0.466483492176145	0.750019320651848
ENSG00000162972.10	24.3601492396047	6	0.000448290387756501	0.00662653522595556
ENSG00000162976.13		21	1	
ENSG00000162980.17	14.2520996824005	18	0.712515490783296	0.909675605993801
ENSG00000162997.15		3	1	
ENSG00000163002.13	6.08944584160054	9	0.730933863789716	0.922255741418702
ENSG00000243667.7	21.5355650807924	12	0.0430668963041746	0.178301192191513
ENSG00000163006.12	34.2991338049524	21	0.0336543371182499	0.149674006253295
ENSG00000163013.11	9.94890743256565	9	0.354637282598746	0.647205131793501
ENSG00000163026.12	0.756783978545172	3	0.859773294596317	0.975149824658327
ENSG00000163053.11	0.0416055180010204	3	0.997770892871912	0.99999999971812
ENSG00000144026.12	8.28856161806834	6	0.21771561498535	0.490703158443207
ENSG00000166401.15		12	1	
ENSG00000115041.13	0.377319503872968	3	0.944886855633115	0.99999999971812
ENSG00000174501.14	14.9127612824641	15	0.457719286704203	0.741763400459013
ENSG00000163138.19		63	1	
ENSG00000163157.15	27.2258015976205	15	0.0269495504360493	0.128507108974139
ENSG00000163162.9	25.1243890453297	12	0.0142443083990007	0.0825056798490253
ENSG00000163166.15	32.1691098950396	21	0.0562815346510487	0.212358472130423
ENSG00000163171.8	6.85135690151856	6	0.33481276711791	0.625683187312498
ENSG00000163170.12	2.73573490470881	3	0.434188640228883	0.720408045563868
ENSG00000163235.16	1.07054413124649	3	0.784189179189479	0.948198438007496
ENSG00000169169.15	7.04522777817874	6	0.316684817809989	0.608446469079334
ENSG00000163249.13	25.4036445100205	12	0.0130217808862216	0.0769120965631639
ENSG00000163281.12	23.7754828265788	18	0.162521799708057	0.415193678624804
ENSG00000163293.12		3	1	
ENSG00000163295.5	0.319311384810135	3	0.956356542393426	0.99999999971812
ENSG00000152795.17	183.062327826396	21	7.51766082021781e-28	4.8061345331255e-25
ENSG00000163312.11	17.1511110126289	12	0.144000894069627	0.38722006977871
ENSG00000163319.11	22.5515660913079	15	0.0941361980485758	0.299508295439777
ENSG00000128656.15		57	1	
ENSG00000163328.13	5.63327107486509	6	0.465497635302542	0.749146524781262
ENSG00000163364.10	25.8646531862096	9	0.00214977785603484	0.0215800566137197
ENSG00000163374.19	42.4406058937457	48	0.69921117222699	0.90067133619316
ENSG00000163378.14		21	1	
ENSG00000163389.12	26.5234882251189	21	0.187187532016745	0.449786531594852
ENSG00000163399.16	2.20769533835119	6	0.899640193028305	0.988895481506616
ENSG00000163406.11		3	1	
ENSG00000163412.13	0.228132972042658	3	0.972924766826614	0.99999999971812
ENSG00000163430.12	6.99092247385852	6	0.321687500354999	0.612877899260808
ENSG00000176393.11	23.6395666469325	21	0.310848166452361	0.602170015111517
ENSG00000133805.15	7.29536483399767	6	0.294393616648397	0.584842164439008
ENSG00000163453.11	8.30169476126321	3	0.0401712105732517	0.170008817937026
ENSG00000163463.13	6.03355508565437	6	0.419441740221904	0.707881465225187
ENSG00000163466.16	44.3345112427778	21	0.00211580443094863	0.0213648208530834
ENSG00000163472.19	22.7560906322196	12	0.0298694862205286	0.137690389612342
ENSG00000163479.14	17.1565646597883	12	0.143802182216424	0.387017138702004
ENSG00000163481.8	8.42162407101023	12	0.751375302041629	0.932518559158435
ENSG00000163482.12	50.7423388057723	36	0.0525258224871829	0.203517665992952
ENSG00000163491.16		18	1	
ENSG00000033867.16		24	1	
ENSG00000163507.14	12.7356284397429	18	0.80703304363587	0.957353607576304
ENSG00000163512.14	56.4806552556984	30	0.00240339948396505	0.0235032249727327
ENSG00000163513.19	13.8873970350287	6	0.0309196079878776	0.141006094564423
ENSG00000163517.15		21	1	
ENSG00000163521.16	25.782712732258	24	0.364281626678204	0.654759578156976
ENSG00000163520.14		6	1	
ENSG00000167552.14	7.71804586228973	12	0.806757827809328	0.957329514147295
ENSG00000163528.13	1.00433666096069	3	0.800202613547543	0.955665211205817
ENSG00000163527.10	2.80421885590476	9	0.971553730792813	0.99999999971812
ENSG00000163536.13	8.49213671485268	15	0.902542077094966	0.989363532547372
ENSG00000163558.13	51.9253177534902	15	5.81135858732184e-06	0.0001829058061222
ENSG00000042445.14	14.609916362213	12	0.263465020367624	0.548678279408546
ENSG00000163565.18	12.928188290173	12	0.374281827606262	0.664790556448073
ENSG00000163577.8		12	1	
ENSG00000163584.18	8.81722718737728	12	0.718457318825557	0.914294589980918
ENSG00000163590.14	17.7915446511272	6	0.00677480782861144	0.048665385729541
ENSG00000163607.17	17.8613680020571	18	0.464819908634939	0.748440131902501
ENSG00000206530.11	19.4265943860542	18	0.366008190938154	0.656498417341355
ENSG00000163611.11		12	1	
ENSG00000163617.11	18.7137006190238	9	0.0277403246574479	0.131004515660681
ENSG00000163625.16	8.6015930593021	12	0.736530090665834	0.925889922258918
ENSG00000163626.17	56.1939212272282	9	7.20749121321679e-09	5.48980839132325e-07
ENSG00000163634.12	6.18999818438897	12	0.906202822437182	0.990927457228769
ENSG00000163635.20	10.3631542568774	12	0.584134153522908	0.832419651210063
ENSG00000163636.11	44.1326273186278	21	0.00224746414999046	0.0224808367334598
ENSG00000163644.15	16.4074838079691	9	0.0588446775123829	0.21959949152651
ENSG00000163655.16	5.04887348964257	6	0.537560200074529	0.800859785400867
ENSG00000163659.13		12	1	
ENSG00000163660.12	141.929085016323	54	7.85081161372906e-10	7.36751853181968e-08
ENSG00000174891.13	19.3114934263285	21	0.565165598368045	0.81840892563379
ENSG00000163666.10		6	1	
ENSG00000163681.16	53.2729252559766	48	0.278554341320036	0.566249086238261
ENSG00000163682.17	24.1400985177606	15	0.0627522453271505	0.228350308591755
ENSG00000136068.15	33.33374325771	24	0.0972250799388323	0.30562856259813
ENSG00000163683.12	37.7875903264139	15	0.000969832821357664	0.0118807424307396
ENSG00000163684.11	19.7199103187577	12	0.0725733072091628	0.251559593169274
ENSG00000163686.15		9	1	
ENSG00000163689.20	9.6044031841663	6	0.142330627226166	0.384446787931463
ENSG00000163694.15		6	1	
ENSG00000163697.17		27	1	
ENSG00000163702.20	40.8536577093473	60	0.972305807174985	0.99999999971812
ENSG00000163704.12	8.05249117174208	6	0.234282845373523	0.509239104404116
ENSG00000163710.9	14.1167073023098	24	0.943970377377454	0.99999999971812
ENSG00000163719.20	9.95393175447862	18	0.933399602759454	0.998404740837232
ENSG00000163728.11	57.7757055212733	27	0.000512220466520097	0.0073075357768955
ENSG00000081041.9	3.45898823926905	6	0.749417897887924	0.931002682211226
ENSG00000138771.16	3.28779846647694	6	0.771954068012278	0.942312039953253
ENSG00000163754.18	14.1785433869882	12	0.289452475031187	0.579892894905131
ENSG00000163755.9	24.3362671552895	18	0.144316887297588	0.38776397167508
ENSG00000163788.14		12	1	
ENSG00000169981.11		15	1	
ENSG00000138100.14		9	1	
ENSG00000243147.8	0.989390104077756	3	0.803819216892963	0.956513342233256
ENSG00000163807.6	12.4467971199283	3	0.00599931331194877	0.0449158900923769
ENSG00000213639.10	15.7330741861151	18	0.611169996585146	0.850034596899187
ENSG00000163811.12	6.18290949449511	9	0.721481546383785	0.916319187727804
ENSG00000163812.15	27.3318398952251	21	0.160137396831524	0.411086779632892
ENSG00000163818.17	25.4820513474961	15	0.0438323783446551	0.180078254557758
ENSG00000163820.15		6	1	
ENSG00000163832.16	59.4239038528176	30	0.00108049411130251	0.0128366716196439
ENSG00000163840.10	1.46596248462038	3	0.690148153893069	0.89644767824409
ENSG00000082781.12	26.3641830463457	24	0.334948655937257	0.625683187312498
ENSG00000163864.17	11.5724414484613	9	0.238499702600263	0.51435596387236
ENSG00000163870.16	43.2605855372167	21	0.00291131601980165	0.0270480032393743
ENSG00000163875.16	24.6856702352598	15	0.0543273764426896	0.208132859038304
ENSG00000163877.11	1.8557988026605	6	0.932471393823355	0.998326481219489
ENSG00000163898.10		6	1	
ENSG00000163900.11	6.59675001772393	6	0.359752915871387	0.651542594980245
ENSG00000163902.12	9.61228998302249	6	0.141957675842116	0.383642025413212
ENSG00000163904.13	17.6923073546786	24	0.817674439425727	0.960794069483094
ENSG00000163913.12		39	1	
ENSG00000163918.10	62.0806694835919	24	3.22920820428056e-05	0.000813585485753346
ENSG00000163923.10	0.722440226330946	3	0.867913516337105	0.976987714164438
ENSG00000163930.10	44.4504044943751	21	0.00204358353600287	0.0207998169052471
ENSG00000163931.16	24.3290911733639	21	0.277387853759338	0.565331810341556
ENSG00000163933.10	10.3678296944054	9	0.321535958549042	0.612703301042875
ENSG00000163939.18	41.4762615018735	36	0.244151462486364	0.522037063079645
ENSG00000163947.12	10.9671088417367	9	0.277970202722999	0.565863917397448
ENSG00000144730.19	1.66854073558241	3	0.643950407500272	0.869175542084924
ENSG00000163956.13	4.76782877411461	12	0.965287355978287	0.99999999971812
ENSG00000163959.10	1.43782343283132	3	0.69669314743444	0.899040807313846
ENSG00000163960.12	40.296425030197	6	3.98317856680411e-07	1.85199697999269e-05
ENSG00000163964.16	22.8887065447561	24	0.526375889498804	0.793723592407032
ENSG00000163975.12		15	1	
ENSG00000163993.7	2.77248203288764	3	0.428049920545177	0.714510874225949
ENSG00000164002.11		21	1	
ENSG00000164024.12	15.9172125679179	12	0.195057374598367	0.46036960885249
ENSG00000197894.11	20.116478071388	18	0.326300356141012	0.616840943072707
ENSG00000164032.12	1.2693522349	6	0.973320734127291	0.99999999971812
ENSG00000164039.15	32.9187852676569	18	0.0170720180087175	0.0940892630448121
ENSG00000164040.18	14.4442733363539	12	0.273241613021271	0.560454874592858
ENSG00000164047.6		3	1	
ENSG00000164050.13		42	1	
ENSG00000164054.15	14.3693044615939	24	0.937864830615301	0.999626899277266
ENSG00000164062.13	40.508159365796	36	0.278101621093825	0.565863917397448
ENSG00000164070.12	7.70176023709973	9	0.564458376997655	0.81840892563379
ENSG00000164073.11	129.928002509621	84	0.000976005803288742	0.0119135600976617
ENSG00000164077.14	30.8593290066146	9	0.000312936277858835	0.00505691182656876
ENSG00000164078.13	52.7907771009786	30	0.00625092144646583	0.0462621517702886
ENSG00000164087.8	4.23592347669182	6	0.644783578755332	0.869175542084924
ENSG00000164089.9		3	1	
ENSG00000164088.18	30.1097029662851	21	0.089805617152897	0.29051918338298
ENSG00000164091.12	2.82223937680101	3	0.41985199268786	0.708044592607266
ENSG00000164104.12	2.99982704332797	9	0.964301829394067	0.99999999971812
ENSG00000164105.4		3	1	
ENSG00000164109.14	19.6183836597484	12	0.0746580590289339	0.257043852509917
ENSG00000164111.15	23.2685416645254	9	0.00562056619703221	0.0426567200150871
ENSG00000164118.13	31.4254324456647	15	0.00770187421453434	0.0530821074899335
ENSG00000164134.13	15.3484291222703	18	0.637920157808389	0.865186464642258
ENSG00000164136.17	23.8269792490969	15	0.0680905322108923	0.241086207679203
ENSG00000170390.16	0.182029965913898	3	0.98043677598309	0.99999999971812
ENSG00000164151.12	3.48782784764262	3	0.322344242950238	0.613666032899492
ENSG00000164163.11	6.72940650555393	15	0.964728088669602	0.99999999971812
ENSG00000164167.12	11.4154303755058	15	0.72262790798706	0.91720571668937
ENSG00000164168.8	0.927640232066551	6	0.988207154697415	0.99999999971812
ENSG00000164171.11	0.33631595377841	3	0.953059788395917	0.99999999971812
ENSG00000164180.14	44.9587806482195	33	0.0801139387511915	0.269922753453866
ENSG00000164182.11	0.896114277726156	6	0.989245681488658	0.99999999971812
ENSG00000164187.7		6	1	
ENSG00000164211.13	34.424897568224	30	0.264165992663978	0.550000801742281
ENSG00000164219.10		12	1	
ENSG00000164237.9	44.5424846604146	18	0.000482339842294112	0.00700831569151487
ENSG00000164241.13	15.6150721129926	6	0.0159761381458044	0.0895942527924526
ENSG00000164244.21	17.8429393875995	12	0.120543308990573	0.34723669604747
ENSG00000186468.13	8.51520633511245	6	0.202733590782941	0.470672236272883
ENSG00000164253.14	78.9287932647712	39	0.000161059823245091	0.00302290079261291
ENSG00000164258.12	2.82075311304652	6	0.830984549080427	0.967827448941947
ENSG00000145868.17		42	1	
ENSG00000113649.11	96.2759541419801	36	2.12544521950757e-07	1.0502985096784e-05
ENSG00000157510.14	24.098052001385	9	0.00414895482551494	0.0346163612644309
ENSG00000164294.14	5.99828679160419	9	0.740089745402988	0.927129608895429
ENSG00000164296.7	7.12679845671573	6	0.309280062505587	0.60094523089826
ENSG00000164307.13		15	1	
ENSG00000131711.15	2.30507483831559	3	0.511549399897093	0.783103506632755
ENSG00000164323.14		9	1	
ENSG00000164327.13	5.21077264665291	6	0.51707821002102	0.787433826158257
ENSG00000164329.13		30	1	
ENSG00000164331.10	18.8284104153618	15	0.22161507023608	0.495178298410959
ENSG00000164332.8	4.84373497358138	3	0.183603826734598	0.445043493760238
ENSG00000164338.10	18.4261254458397	15	0.240925755175877	0.5179549284771
ENSG00000214944.9	9.94667438962597	12	0.620638995971162	0.855939337146704
ENSG00000164342.13	4.20042608486642	6	0.649573827218018	0.872301214566729
ENSG00000132356.11	44.8653233997138	21	0.00180383695663361	0.0190811253664997
ENSG00000164346.10	10.6695093337621	12	0.557433796654627	0.814787780567289
ENSG00000164347.18	17.1700895094327	18	0.511441465357295	0.783103506632755
ENSG00000164366.4	0.726545266299581	3	0.866943179327287	0.976922358376452
ENSG00000158987.22	13.9543957615833	6	0.0301497578372298	0.138727002100293
ENSG00000164402.14		21	1	
ENSG00000164404.8		3	1	
ENSG00000164406.8	0.195911390575134	3	0.978246624865939	0.99999999971812
ENSG00000181163.13	7.61583320982754	15	0.938259869693623	0.999631309977718
ENSG00000164463.12	31.09991205088	12	0.0019020671903632	0.019853311520638
ENSG00000164465.19	9.57959824685167	15	0.845318565487117	0.971655647417431
ENSG00000164535.15	35.6001248265129	18	0.00793609011251648	0.0538674623496557
ENSG00000164542.13	41.565824995072	24	0.0144262266666169	0.0830888922144284
ENSG00000164548.11	35.979795797015	27	0.115741034538768	0.339912443955514
ENSG00000164574.16	2.27544420251616	6	0.892704089199357	0.986479350588987
ENSG00000164576.12	22.8378684950076	21	0.352683523897082	0.645234231862893
ENSG00000164597.14		9	1	
ENSG00000164603.12		3	1	
ENSG00000164609.10	19.0000762396958	18	0.391818787707138	0.683477895541664
ENSG00000164615.5	2.92325878535485	3	0.403609128010942	0.693868532844358
ENSG00000164610.9		6	1	
ENSG00000164619.10	10.868778655933	9	0.284810890100202	0.574168426258369
ENSG00000164620.9	14.3328961599727	12	0.279957195680105	0.568303662355982
ENSG00000113013.15	30.7112768482184	15	0.0095999521629752	0.0617596922484738
ENSG00000164638.10	5.95357408094696	9	0.744555666506763	0.928612135575318
ENSG00000127995.17	15.3357927998559	9	0.0821157268064561	0.274342395297454
ENSG00000122194.19	4.79808154173372	6	0.569959382273016	0.821740368906415
ENSG00000164713.10	8.62599471650901	6	0.195729944125461	0.460999677287438
ENSG00000164754.15	12.9410004811507	15	0.606855144951958	0.847558885542542
ENSG00000164758.7	8.73208789642558	9	0.462363413757632	0.74633349523857
ENSG00000164764.11		3	1	
ENSG00000164776.10	37.2393459731899	9	2.38517111922008e-05	0.000633712087753303
ENSG00000164808.17	72.3806879216572	48	0.0130229495793724	0.0769120965631639
ENSG00000164815.11	3.50790741989113	9	0.940724809628061	0.99999999971812
ENSG00000164823.11		9	1	
ENSG00000164818.16	8.07082255850764	12	0.779571627564644	0.946517398450236
ENSG00000164830.18		27	1	
ENSG00000164850.15		9	1	
ENSG00000164855.16	18.9814093615223	15	0.21457755676222	0.487830868493076
ENSG00000197150.12	66.5025846664285	42	0.00937938505660387	0.0607577069224553
ENSG00000164877.19	55.9501358035705	39	0.0384664428535759	0.164564301108
ENSG00000213199.8	25.0182947634676	18	0.124413090166767	0.353930284198041
ENSG00000164885.13	0.872951441713667	3	0.831949849425094	0.967827448941947
ENSG00000164896.20	123.513151529944	39	1.03478154328544e-10	1.15051960937683e-08
ENSG00000164897.14	11.2405559111648	15	0.73536280678235	0.925104679692124
ENSG00000164898.13	6.60177527261112	9	0.678502034399374	0.8908223989053
ENSG00000164902.14	19.2915313519843	12	0.0817316512536042	0.27348153767521
ENSG00000164919.11	19.0853735567071	9	0.0244766890975951	0.120082519318609
ENSG00000164920.9		6	1	
ENSG00000164933.12	4.05977495719344	12	0.982333432756828	0.99999999971812
ENSG00000164934.14	37.1780949666645	15	0.00119186388509016	0.0139014545958806
ENSG00000164944.12	16.6551332062954	18	0.546923428296468	0.807750468963987
ENSG00000197275.14	16.2468631869015	12	0.180189112442071	0.439998670606336
ENSG00000164949.8		9	1	
ENSG00000164951.16	13.3926416984091	9	0.145629486474082	0.389419031909725
ENSG00000164967.10	0.235651482762478	3	0.971638522352395	0.99999999971812
ENSG00000155158.20	25.4079673461717	15	0.0447256324341981	0.182707066361586
ENSG00000164970.15		18	1	
ENSG00000164976.9		3	1	
ENSG00000165006.14	11.243670067739	9	0.259375739164088	0.543345164019959
ENSG00000106714.17		9	1	
ENSG00000165046.13		6	1	
ENSG00000128596.17	23.1861426941477	18	0.18353804175716	0.444989483084615
ENSG00000165097.16	1.96238962170355	6	0.923124897496475	0.994649938993855
ENSG00000165115.15	2.95753807062982	6	0.814157087407348	0.960306143343315
ENSG00000165156.15	12.4571818909553	18	0.822758547601973	0.964252656212258
ENSG00000165171.11	8.75034213666686	6	0.188113111542433	0.451549631259085
ENSG00000165197.5		3	1	
ENSG00000148187.18	56.2724211870082	27	0.000794820769670654	0.0103325648267788
ENSG00000165238.16	22.8097764071945	27	0.695188526463408	0.898756155479929
ENSG00000165259.14		3	1	
ENSG00000165269.13		3	1	
ENSG00000165271.17	6.81589200166854	6	0.338209632056713	0.629580769118856
ENSG00000165272.16	3.21682542125927	9	0.955074391286119	0.99999999971812
ENSG00000165275.10	42.8553319979619	18	0.000838770006129024	0.0107113338235878
ENSG00000165282.14	9.92021709981054	12	0.622959929895894	0.856349477837726
ENSG00000165304.8	20.9152842388285	21	0.464128256201791	0.747884047367379
ENSG00000165338.16	4.04893650783515	9	0.908162193571592	0.990927457228769
ENSG00000156504.16	9.57247503015788	12	0.653410693723419	0.875178471401971
ENSG00000165355.7	5.46057371792722	3	0.141015855016415	0.382207520127958
ENSG00000139668.9	4.74929493872492	6	0.576346309597405	0.82637779369777
ENSG00000165392.11		12	1	
ENSG00000165410.15	12.1670425753109	21	0.934998067684442	0.998638853666246
ENSG00000165417.12	0.635980238120283	3	0.888148344952603	0.984860013031171
ENSG00000147121.16	32.2545051429788	15	0.00594353045501939	0.044648172673058
ENSG00000165434.8		3	1	
ENSG00000165458.14	45.6200744869202	36	0.130694237184413	0.36488966630854
ENSG00000165475.15	5.46934732051477	9	0.79162690780464	0.951668792844804
ENSG00000165480.16	10.0655678100811	15	0.815595366387194	0.960591399352504
ENSG00000165494.11	56.382906596722	12	1.02127813221288e-07	5.49823895495029e-06
ENSG00000165501.17	8.15068348173372	9	0.519035287061485	0.788511256072304
ENSG00000165506.15	0.802777545632125	3	0.848802566375243	0.972641129508573
ENSG00000165516.11	28.287269471366	21	0.132190502325558	0.366650369946999
ENSG00000165525.18	41.9045261846513	33	0.137622325431143	0.376099056060689
ENSG00000165526.9		21	1	
ENSG00000165548.11	4.34744018608808	9	0.887094277589321	0.984685680347382
ENSG00000139977.14	12.6046127279096	6	0.0497625120055402	0.196837097952309
ENSG00000065665.21	15.730954615241	21	0.78457209905599	0.948291149857465
ENSG00000165637.13	12.0594957814901	12	0.440913364549072	0.72720449829631
ENSG00000165685.8	22.1825308335829	12	0.0355242778357001	0.154827235229702
ENSG00000165684.4	1.62520545513325	3	0.653688252137005	0.87532100158521
ENSG00000165689.17	42.6688586994424	27	0.0282439280045469	0.132587030545439
ENSG00000165699.15		84	1	
ENSG00000165704.15		3	1	
ENSG00000048140.18	29.2562881192644	18	0.0453354218836932	0.184314797475476
ENSG00000122203.15	34.8887703518922	24	0.0700672580051072	0.246294839221389
ENSG00000165714.11	24.3148001147438	9	0.00383040518674575	0.03281508765094
ENSG00000165724.6	0.96346564788837	3	0.810091198988881	0.958743824419444
ENSG00000188385.12	49.8062078306803	21	0.000388142277730738	0.00598839722308856
ENSG00000123453.18	10.2521388636076	6	0.114427653633524	0.338161510488459
ENSG00000165752.17	8.3999003015997	12	0.753151029872196	0.932867073501017
ENSG00000156515.23	9.32457227546547	3	0.0252727466920399	0.122751626739258
ENSG00000165795.23	77.4707239449344	57	0.0369546627434831	0.15990238798777
ENSG00000165801.10	24.5605117953528	15	0.0561660538593263	0.21205075383038
ENSG00000165819.12	138.232157064616	27	6.75912201907164e-17	1.86862321981308e-14
ENSG00000165832.6	12.4461548251802	3	0.00600110577298446	0.0449158900923769
ENSG00000122376.11	7.00137922947397	6	0.320719667276803	0.61205997697284
ENSG00000165887.12		6	1	
ENSG00000165895.19		3	1	
ENSG00000165898.14	35.5004661733801	9	4.86087895533329e-05	0.00114303289273803
ENSG00000165912.16	17.4173144808156	15	0.294535275838593	0.585009968262712
ENSG00000165916.8	10.0376338694477	15	0.817365986740538	0.960794069483094
ENSG00000165934.13	3.85204549456466	9	0.920877721767819	0.99446974872662
ENSG00000110888.17	44.1023635243237	36	0.166352231605099	0.420808533270483
ENSG00000165943.5	0.618938149109454	3	0.892083559312817	0.986479350588987
ENSG00000011114.15	19.7458628317752	6	0.00307299469307678	0.0280908513990013
ENSG00000165959.12	19.2812276144828	9	0.0229050689183102	0.115020103075796
ENSG00000165983.14	25.4698284641991	12	0.0127468725029958	0.075850935912242
ENSG00000166002.7		9	1	
ENSG00000166024.13	21.5279769528206	12	0.0431634141418846	0.178463445132311
ENSG00000166025.18		9	1	
ENSG00000166046.11		15	1	
ENSG00000166068.13	1.19675443864094	3	0.753782836167464	0.933028735438446
ENSG00000100802.15		33	1	
ENSG00000140153.18	34.6916784925688	27	0.146849369123073	0.390561723302142
ENSG00000069329.18	18.4313761263984	21	0.621565983596352	0.855939337146704
ENSG00000166130.15	2.90921830915613	6	0.820151650177658	0.962631236909612
ENSG00000139445.18	4.1669231242181	3	0.243994442347214	0.521910202891487
ENSG00000166135.14		12	1	
ENSG00000166136.16	4.77388857904589	12	0.965107840690731	0.99999999971812
ENSG00000102893.16	37.4630341480879	30	0.164028241419156	0.417374348626008
ENSG00000166140.17	39.3065442812804	30	0.119008487570505	0.344757241393005
ENSG00000166143.10		3	1	
ENSG00000055950.16	26.4580833452928	24	0.33033863825178	0.620918316901566
ENSG00000166153.16	20.5355336924044	21	0.487603375805354	0.7672196479177
ENSG00000155393.13	12.9447362021347	12	0.373070274542919	0.663917266259954
ENSG00000166166.13		3	1	
ENSG00000166170.9	5.41680757686663	9	0.796566719399488	0.95321490088177
ENSG00000166169.17	55.4690622293656	42	0.0796155921580136	0.268952408251097
ENSG00000166173.11	4.69460637280645	12	0.967409549159583	0.99999999971812
ENSG00000166188.2		3	1	
ENSG00000166200.15	10.9643837350886	9	0.278158158810529	0.565863917397448
ENSG00000052126.14	21.2317096971815	18	0.267884615055097	0.554133817471909
ENSG00000166224.17	20.3642153466881	15	0.158401638866981	0.40864826329643
ENSG00000166228.9	2.98032482422423	6	0.81131219600898	0.959079215644962
ENSG00000166226.13	22.9403960084892	18	0.192890979284009	0.458429792540922
ENSG00000111670.16	5.32700422455491	12	0.94615575632536	0.99999999971812
ENSG00000166246.14	5.09380876391037	9	0.826055206554798	0.96602470168275
ENSG00000166260.13	77.9904911489502	21	1.74487191994536e-08	1.17063217676307e-06
ENSG00000166262.16	49.6884827027207	30	0.0133587450777776	0.0784035806089121
ENSG00000166278.15		9	1	
ENSG00000166295.9	2.88704513490666	9	0.968605198800846	0.99999999971812
ENSG00000166313.19	6.49165301365485	3	0.0899922703739314	0.291030962268399
ENSG00000166326.7	1.47988018297292	3	0.686921697941872	0.893845827279915
ENSG00000166333.14	57.7146957136865	27	0.00052151235107965	0.00741940172349616
ENSG00000166337.10	6.43781922318158	9	0.695424831664676	0.898756155479929
ENSG00000166340.17	46.4922336139352	30	0.0278732551133843	0.131268658634811
ENSG00000166343.10		3	1	
ENSG00000166347.19	2.51375600642496	12	0.998111280760121	0.99999999971812
ENSG00000166387.13		9	1	
ENSG00000166394.15	14.8188494435717	21	0.831930478316588	0.967827448941947
ENSG00000166398.14	0.375822020065016	3	0.945190541151295	0.99999999971812
ENSG00000166411.14	22.0476848365797	24	0.576420525763377	0.82637779369777
ENSG00000166436.16	40.204687013852	15	0.000422323157055607	0.00637159819103511
ENSG00000169684.13	2.21863710243633	9	0.987519478738559	0.99999999971812
ENSG00000166451.13	28.9524462855188	21	0.115147874474338	0.339250930430792
ENSG00000166454.10	22.0014113817851	9	0.00887450546327504	0.0584152615082628
ENSG00000166452.12	70.6070378722652	30	4.02429246778956e-05	0.000982446006038649
ENSG00000166455.14		6	1	
ENSG00000166471.11	15.4491274143184	18	0.630932793159479	0.860393486365593
ENSG00000166473.17	5.76555722672947	15	0.983422373863105	0.99999999971812
ENSG00000166478.10		24	1	
ENSG00000166479.10		30	1	
ENSG00000166484.20	39.763768816003	30	0.109521328755976	0.328825114874121
ENSG00000166483.11	35.1275027522534	21	0.0273386292457069	0.129591101692786
ENSG00000159063.13	27.3414551541937	24	0.288790298456136	0.579109187004081
ENSG00000166503.9	14.6672322021841	9	0.100491526485867	0.311871305953862
ENSG00000255529.9	13.0546125958499	9	0.160150632206186	0.411086779632892
ENSG00000166507.19	23.0757921144759	12	0.027089339231556	0.128940868933487
ENSG00000166532.16	74.9879419546414	21	5.45715269129782e-08	3.10117860440475e-06
ENSG00000215421.9	0.807865028978313	3	0.847584912077151	0.972621277275879
ENSG00000166548.16	40.4503660536629	33	0.174463714259941	0.433145455718536
ENSG00000166557.14	0.410543358942959	3	0.938055974517342	0.999631309977718
ENSG00000166562.9	20.6757629134227	15	0.147512570297176	0.391923657550601
ENSG00000166578.10	6.47448697331379	6	0.372185305074417	0.663370532428334
ENSG00000166582.10	18.6831002948165	18	0.411576941075325	0.701527354185129
ENSG00000166598.15	94.2275453754701	15	1.60299710335608e-13	2.92804595896952e-11
ENSG00000135740.17	15.7641658901476	9	0.0719727592660472	0.25014757822449
ENSG00000025770.19	20.2056507734378	24	0.685023096115046	0.893433455012014
ENSG00000058600.16	51.8274582748563	36	0.0425308081675312	0.176954630406653
ENSG00000166682.13		9	1	
ENSG00000166685.12	19.4731210201098	18	0.363249143804545	0.654082468359796
ENSG00000123575.9	5.47563267837722	3	0.140103338984456	0.380668864955255
ENSG00000166716.10	8.96129273375982	6	0.175766671640035	0.434804663653185
ENSG00000154217.15	10.8055286021518	9	0.2892749197673	0.579890364455246
ENSG00000166734.20		12	1	
ENSG00000166741.8	20.7289472509292	12	0.0544932902014329	0.208378267465591
ENSG00000166750.10	3.82074086966782	6	0.700919896608199	0.902010270726375
ENSG00000166747.13	21.653405571542	30	0.866351471869242	0.976843836153154
ENSG00000196678.14	37.612561720247	27	0.0841893528002514	0.279474183682604
ENSG00000166780.11	10.514022084606	18	0.913830987358449	0.992823767685501
ENSG00000166788.10	32.40174446745	24	0.117339055568036	0.342611372611526
ENSG00000166793.12	6.76046658252739	6	0.34356835297874	0.636313721278207
ENSG00000140525.19	30.8178338393045	33	0.576179968119498	0.82637779369777
ENSG00000166797.11	5.45742125393008	9	0.792751448156603	0.952009197221381
ENSG00000166803.14	11.4386301431514	12	0.491748252344766	0.770305187325362
ENSG00000151116.17		27	1	
ENSG00000166816.15	6.14624762078711	9	0.725196675737266	0.918779944060667
ENSG00000166821.9	7.89540885132465	9	0.544719973832512	0.80676908675181
ENSG00000166823.5	1.66314068729423	3	0.645159311060656	0.869175542084924
ENSG00000166825.14	4.82897285009301	6	0.565928522754104	0.81840892563379
ENSG00000166831.9	0.111126613754095	3	0.990469548619244	0.99999999971812
ENSG00000166848.7	1.92224491814704	3	0.58870083600225	0.836275287523998
ENSG00000166847.10	32.0701575144849	18	0.0215704168028093	0.110159086306089
ENSG00000166845.15	13.2918211576819	9	0.14984012018671	0.395432091132789
ENSG00000166851.15	9.7925319725764	12	0.634155994070023	0.863110990440741
ENSG00000166855.9	27.0114324705864	12	0.00769796479898573	0.0530821074899335
ENSG00000166881.10	3.85363700803828	6	0.69647549124806	0.899040807313846
ENSG00000166886.13		12	1	
ENSG00000166888.12	42.1997253047703	36	0.220628119971596	0.49458799894575
ENSG00000074603.19	68.4085741074305	30	7.9041414120998e-05	0.00173129470030768
ENSG00000166896.9	8.75138898354544	9	0.460532574398713	0.744567765765185
ENSG00000166889.14		3	1	
ENSG00000166902.5	2.07663796772249	3	0.556653501142463	0.814476993732835
ENSG00000166922.8	12.9398435872465	12	0.373428249692953	0.664211660371935
ENSG00000106351.13	7.44508171624693	12	0.826855220604302	0.966408314447266
ENSG00000166924.9		6	1	
ENSG00000166925.9	2.48766019663162	3	0.477525290489728	0.758103270314486
ENSG00000123427.17	1.96857378018478	3	0.578954888068865	0.828617538835374
ENSG00000166946.14	47.8610422144484	33	0.0455723868569872	0.185056954030733
ENSG00000166963.13		3	1	
ENSG00000166971.17	22.0010244507266	18	0.231939654011072	0.506598408739597
ENSG00000166974.13	1.87736277654312	6	0.930624774194541	0.997836563441924
ENSG00000166979.13	22.4353549287043	21	0.374805516617513	0.66528586617255
ENSG00000159140.21	79.7801272083889	45	0.00107478845296143	0.0127986159317142
ENSG00000237289.10	22.2442830791399	12	0.0348714601922378	0.152893341751565
ENSG00000167004.13	2.94344595260918	9	0.966494937774471	0.99999999971812
ENSG00000167005.14	50.5254241481162	9	8.57907109168186e-08	4.71802786004375e-06
ENSG00000051108.15	28.4154114748235	27	0.38980099922488	0.68181847145542
ENSG00000159216.19	34.2058709460716	9	8.21961956880802e-05	0.00179271830638246
ENSG00000088325.16	0.502887110807933	3	0.918256669709855	0.993846944710836
ENSG00000167085.12	5.81578603945673	15	0.982678646594575	0.99999999971812
ENSG00000167088.11	9.30191799055319	6	0.157296812772244	0.406926934205179
ENSG00000148356.14		39	1	
ENSG00000167103.12	13.4170840840316	18	0.766223815705092	0.939434665090181
ENSG00000167105.8		3	1	
ENSG00000167106.12		15	1	
ENSG00000167107.13		39	1	
ENSG00000167113.11	129.834776318981	12	6.66169753303504e-22	2.72570016261662e-19
ENSG00000167114.13	6.58378335489397	3	0.0864162158592956	0.284151803603386
ENSG00000142185.16	11.5030697882084	6	0.0740183968448697	0.255278690562654
ENSG00000142173.16	1.14951909843012	6	0.97930467757996	0.99999999971812
ENSG00000167191.12		15	1	
ENSG00000167193.8	7.19841098712277	6	0.302887543053235	0.594214936304476
ENSG00000167202.11	13.3621049488302	15	0.574350988661973	0.824857429028785
ENSG00000167220.12		30	1	
ENSG00000167232.14		9	1	
ENSG00000089154.11	32.413749646279	18	0.0196318028912762	0.103520853012939
ENSG00000167257.11		15	1	
ENSG00000125686.12	2.98243478124368	6	0.811048204583013	0.958877957082714
ENSG00000161395.14	28.5104139124542	15	0.0185838590960878	0.0997870313353711
ENSG00000167280.17		21	1	
ENSG00000167283.8	10.0145321287564	12	0.614685699870166	0.851500469829778
ENSG00000167302.11	14.9888941965182	27	0.969587425211943	0.99999999971812
ENSG00000167323.11	10.4287990509147	15	0.791936037203931	0.951668792844804
ENSG00000167325.15	12.1307345788518	21	0.936021008869066	0.999327721503149
ENSG00000167333.13		9	1	
ENSG00000167363.14	9.68027202148005	9	0.376983543384473	0.667502971313792
ENSG00000167371.21	6.83144802944844	12	0.868548138321369	0.977008562063921
ENSG00000131116.12	2.08801853688055	6	0.911428062327658	0.991913783333293
ENSG00000167380.16	70.3934914360834	45	0.00911977216148675	0.0596840367497428
ENSG00000167394.13	30.1696898731479	15	0.0113241087666912	0.069403420356192
ENSG00000167395.10	4.4543383428886	9	0.879051200530205	0.982497238879313
ENSG00000167397.15	2.96517074905569	9	0.965659810760925	0.99999999971812
ENSG00000105327.18	48.5970761532867	15	2.03641295540549e-05	0.000552532310897685
ENSG00000170832.13	24.4129483127435	21	0.273483146683654	0.56061304758058
ENSG00000167447.12	10.146964270476	9	0.338719236165433	0.630185352261952
ENSG00000167460.17	15.8499936861335	15	0.392090684221274	0.683683830368984
ENSG00000167461.12	9.85874176047218	12	0.628351685585234	0.859279330461412
ENSG00000167470.12	37.700143697457	12	0.00017188643044372	0.00315660017416303
ENSG00000115257.15	21.025265904731	18	0.278140269308434	0.565863917397448
ENSG00000167476.10	6.15771087957842	6	0.405757270526519	0.695924064422495
ENSG00000167487.12		3	1	
ENSG00000158545.16	57.515022650412	30	0.00182119046319812	0.0192077972982026
ENSG00000167508.12	43.7954890491019	36	0.174370704297544	0.433026932328132
ENSG00000103335.22	46.8592991899641	27	0.0102647510411716	0.0651353215881789
ENSG00000167513.9	9.88708841348853	6	0.129488213261903	0.362886283138631
ENSG00000167515.10	116.006018277243	33	3.62629872248823e-11	4.36393054498024e-09
ENSG00000167522.16		63	1	
ENSG00000167523.13	46.8990180502606	27	0.0101625331016464	0.0646069304516724
ENSG00000109103.12	19.6705350579432	15	0.184938908634234	0.446797377519975
ENSG00000167524.16	40.1305387799275	21	0.00716957425149073	0.0506474965597367
ENSG00000167525.14	21.1106777931363	21	0.452203009068293	0.737497541415748
ENSG00000167528.13	16.4021333644928	18	0.564504469146581	0.81840892563379
ENSG00000109113.20	78.8980178752099	45	0.00132986001724449	0.0151314105855327
ENSG00000167535.8	43.3967987192518	45	0.540020576862517	0.802888151268414
ENSG00000167543.16	23.8841596617276	24	0.468237269667905	0.751135422229373
ENSG00000169884.14		6	1	
ENSG00000167548.16	7.90895063864082	12	0.79220449419039	0.951668792844804
ENSG00000167550.11	6.60767550953119	6	0.358656317128436	0.650785326186389
ENSG00000167553.16	32.279235123191	6	1.44245165905635e-05	0.000405352692870532
ENSG00000171443.7	14.1604018893177	6	0.0278948166812274	0.131309746816509
ENSG00000167562.13	0.823922783005401	6	0.991416833872407	0.99999999971812
ENSG00000167766.18		30	1	
ENSG00000167588.13		3	1	
ENSG00000267796.8	37.7433527218436	21	0.0138101224591201	0.0804463226847034
ENSG00000167595.15	42.5999352638664	30	0.0635232736496083	0.230418285872994
ENSG00000167601.12	5.20316666507279	6	0.518032161361462	0.787948100902066
ENSG00000167617.3		3	1	
ENSG00000167625.11	1.04426803993147	3	0.790542098494312	0.95103142969474
ENSG00000167642.13	5.6239672065791	6	0.466601988808852	0.750019320651848
ENSG00000167644.12	5.09352811379358	6	0.531874703470823	0.797026096199796
ENSG00000167653.5	8.40425069781668	9	0.493975733066962	0.772797303947451
ENSG00000167656.5		6	1	
ENSG00000167657.14	20.2721733442486	15	0.161738546679394	0.414019918414293
ENSG00000167670.16	20.914149548491	15	0.139594771078532	0.379663630247887
ENSG00000167671.12	24.1032630717818	18	0.151673742055985	0.398017113260819
ENSG00000160957.14	28.3201725622421	24	0.246767394310999	0.525379351043791
ENSG00000167695.15	11.5192988471681	18	0.871036472438516	0.977920324505935
ENSG00000167700.9	25.3161857107989	9	0.00264062061632574	0.0252648716155926
ENSG00000167699.13	56.8071571338005	33	0.00614668599866208	0.0457082172660961
ENSG00000167702.13	16.0346160519148	21	0.767703010059425	0.940482710003616
ENSG00000167703.15		21	1	
ENSG00000167705.12	14.6729585043067	9	0.100319917666477	0.311433213296021
ENSG00000167721.11	23.0492535140293	12	0.0273106938386025	0.129573788160976
ENSG00000167733.13	44.8846057533428	30	0.0395664980744903	0.168285118005805
ENSG00000167740.10	11.7450053736193	9	0.22806939090604	0.502351808694636
ENSG00000141456.16	36.7568432494518	33	0.298958860394193	0.589843429219387
ENSG00000167748.11	2.67841141572671	6	0.847990595386608	0.972641129508573
ENSG00000167770.11	22.7436281579721	15	0.0897368708855559	0.29051918338298
ENSG00000267855.6	2.88846916530747	6	0.822709366157109	0.964252656212258
ENSG00000167775.11	7.00048562022857	6	0.320802291289336	0.612103457862082
ENSG00000167771.6	3.17707011047924	3	0.365121884044546	0.655578682094376
ENSG00000167778.9	13.7074225991018	12	0.319780645237386	0.611366251027306
ENSG00000167779.9		6	1	
ENSG00000167785.9	9.39549721324147	15	0.855947291002401	0.974503338818654
ENSG00000167797.8	9.95377126996755	12	0.620016399269492	0.855505319954203
ENSG00000167799.10	3.33845802143878	6	0.765323156055161	0.939118349722677
ENSG00000167815.12	0.999681554734707	3	0.801329011332112	0.955668860211808
ENSG00000167862.10	4.64104574262456	6	0.590603896972417	0.837620697267188
ENSG00000167874.7		3	1	
ENSG00000167880.8	7.74763921590329	9	0.559764618405893	0.81609523104101
ENSG00000167889.13	19.9279576260615	18	0.336890204028582	0.628382548688615
ENSG00000078687.17	15.7346837908605	12	0.203692451841078	0.471929805182873
ENSG00000089685.15	18.539851067515	18	0.420657465573378	0.708413766109661
ENSG00000167900.12	12.6333895399875	12	0.396240705729403	0.686857512100672
ENSG00000186832.9	6.45577957139184	3	0.0914228571346877	0.294469280930854
ENSG00000167920.10	17.6073508159898	12	0.12814319968702	0.360301481472931
ENSG00000167925.16	29.7800464853826	27	0.32412688105217	0.614600433376823
ENSG00000167930.17		24	1	
ENSG00000130731.16	34.3627594315913	30	0.266563180417043	0.553029784381038
ENSG00000162032.16	42.3549656642317	21	0.00379590021553942	0.0326287926930695
ENSG00000167965.18	86.2244334997813	54	0.00348207318554537	0.0306276637917301
ENSG00000167967.16	12.5418656128277	18	0.818038830308533	0.960923196511941
ENSG00000167969.13	17.2831523087516	9	0.0444621258371306	0.182124931621824
ENSG00000205937.12	12.7499472606578	30	0.997526359813238	0.99999999971812
ENSG00000167972.14	13.6678563974774	9	0.134640439920929	0.370723300121448
ENSG00000167977.9	0.897138736650959	3	0.826118242377637	0.96602470168275
ENSG00000167978.17	93.6253570826957	42	8.35621552620559e-06	0.000252773423188986
ENSG00000167985.7	18.596836210425	18	0.417034278119939	0.705496149693571
ENSG00000167986.14	29.0565397970204	12	0.00386453370133886	0.0329969242328841
ENSG00000167987.11		9	1	
ENSG00000167992.13		9	1	
ENSG00000167994.13	7.97866600889711	9	0.536297599596679	0.799876964381687
ENSG00000214753.4	4.53761195447441	3	0.208959822786946	0.479463891271348
ENSG00000168002.12	12.6934748301574	15	0.625960480445548	0.858028219947282
ENSG00000060971.19		30	1	
ENSG00000168028.14	1.77085896581411	6	0.939520812278248	0.99999999971812
ENSG00000168038.11		15	1	
ENSG00000085733.16	61.2021048845491	27	0.000183121892137064	0.00330945907185518
ENSG00000168056.16	88.7838385185532	51	0.000825819037979665	0.0106255382886717
ENSG00000168071.22	16.0582558684564	18	0.588481545851405	0.836275287523998
ENSG00000168077.14	0.41635418740043	3	0.936843763479449	0.999496817939324
ENSG00000168078.10	2.53529734630138	6	0.864496603164244	0.975837921777794
ENSG00000170903.11	10.5879508755243	12	0.564521573636155	0.81840892563379
ENSG00000100354.21		12	1	
ENSG00000171148.13	8.19547643340775	12	0.769674029443504	0.941650622371468
ENSG00000168904.15		39	1	
ENSG00000171016.12	9.61128884269169	6	0.142004970263708	0.38366847354133
ENSG00000114026.21	56.1799069762856	42	0.0705267862565015	0.247230464913555
ENSG00000170458.14		6	1	
ENSG00000181444.13	6.36863778685165	3	0.0949895828931524	0.301286339043118
ENSG00000170464.10		21	1	
ENSG00000080546.13	3.99310577842152	9	0.911865700826649	0.992073415630269
ENSG00000171566.12	61.8033765521832	27	0.000152317206857077	0.00289600875267851
ENSG00000154864.13	0.342582118813539	3	0.951830690847222	0.99999999971812
ENSG00000170365.10		12	1	
ENSG00000170469.10	7.24729307766029	9	0.611389716736969	0.850034596899187
ENSG00000169174.11	12.1949880088359	12	0.430149765619871	0.717079848847076
ENSG00000170502.13	15.9601294627173	15	0.384706434132852	0.676260889284232
ENSG00000170315.14	4.04809020971879	6	0.670168425718787	0.886022079187988
ENSG00000171174.15	43.2648139454218	6	1.03381670282974e-07	5.50776617356533e-06
ENSG00000169439.12	8.31272184940463	12	0.760239663266781	0.936813819486315
ENSG00000071054.16	37.3016909599319	42	0.677089756841398	0.890568486914061
ENSG00000168961.17		12	1	
ENSG00000168152.13	8.88966243376831	6	0.179879131014442	0.439766642243482
ENSG00000168872.17	15.2440075854684	18	0.645150085235497	0.869175542084924
ENSG00000171298.13	19.5604392064051	21	0.549235553705735	0.809762248321701
ENSG00000125944.21	9.12809641368221	18	0.956701062775052	0.99999999971812
ENSG00000170522.10	8.67912980347137	15	0.893688324297715	0.986479350588987
ENSG00000150093.19	4.57151673233602	9	0.869948317616127	0.977246699262314
ENSG00000168522.13	17.7713072844199	27	0.91035416870666	0.991272385746267
ENSG00000169641.13	0.433206505040289	3	0.933300526959883	0.998403167775846
ENSG00000080298.15	2.7126339160007	3	0.43808456061308	0.72452174139227
ENSG00000114742.14		21	1	
ENSG00000168556.7	0.527358447335701	3	0.912841056713898	0.99239570295743
ENSG00000171940.13	11.1984695846913	9	0.262349867446073	0.547668733490995
ENSG00000171302.17	30.4974203182137	36	0.72744751333206	0.920281738156642
ENSG00000168564.6	5.8624346787492	6	0.438775511015636	0.725429885595432
ENSG00000171617.14	4.64325168946095	3	0.199862981300905	0.466438155538891
ENSG00000172301.11	9.38714893322322	6	0.152947099436067	0.399759279246319
ENSG00000051825.15	158.746789810968	54	3.04162847793402e-12	4.32122468066488e-10
ENSG00000172113.9	48.0473566448054	57	0.794906483788505	0.952900319075661
ENSG00000170296.10	1.70488564000698	9	0.99532235967294	0.99999999971812
ENSG00000169964.8	2.27327606016115	3	0.517659827606742	0.787733171167712
ENSG00000080503.24	78.3471567877423	51	0.00823339525194936	0.0555170731919513
ENSG00000171206.15	25.1535550309936	21	0.240574757965683	0.517392520918925
ENSG00000170855.4	0.34538247717137	3	0.951278999152636	0.99999999971812
ENSG00000065427.15	25.7021167056519	9	0.0022851818230907	0.0227384483155591
ENSG00000169607.13		12	1	
ENSG00000171522.6		6	1	
ENSG00000171444.18		3	1	
ENSG00000121940.16		51	1	
ENSG00000109919.10	12.7684337500832	12	0.386094239747827	0.67765389822473
ENSG00000164045.12	9.27513431706575	12	0.679267970167792	0.890920286906974
ENSG00000273045.6	5.55675534157967	6	0.474623766262659	0.755983572890181
ENSG00000189091.13	47.6738313778769	27	0.00834789511989051	0.0560305900140158
ENSG00000171604.12	28.1750676181982	18	0.0594405445484744	0.220695945621178
ENSG00000130779.20	32.0329558557714	33	0.515092316069967	0.785930683335276
ENSG00000170473.17	19.9402615029248	15	0.174236328981698	0.432992271529609
ENSG00000171097.14	23.3709843823744	21	0.324521687852224	0.614980313160517
ENSG00000175395.16		3	1	
ENSG00000116521.11	12.0186259443872	12	0.444184925838556	0.730065967783217
ENSG00000150995.19	91.8305471128115	54	0.00100949492179781	0.0122347435486609
ENSG00000172382.10	17.8556150263375	12	0.120145393724347	0.346560791208378
ENSG00000166199.13	22.7259542872635	21	0.358762191256726	0.650785326186389
ENSG00000172409.6		6	1	
ENSG00000168291.13	7.62168785187532	12	0.813951736134892	0.960202088446985
ENSG00000168876.9	27.9734889502288	24	0.261159729229193	0.546187460700351
ENSG00000169679.15	43.6491257025482	24	0.00837857488822727	0.0561996344470011
ENSG00000044115.21	18.9090437678387	21	0.590974897098016	0.837620697267188
ENSG00000170584.11	8.11488335118338	9	0.522611554643799	0.790282648374243
ENSG00000168297.16		21	1	
ENSG00000168924.15		15	1	
ENSG00000105146.13		3	1	
ENSG00000168939.12	1.75148587640501	3	0.625548613657245	0.857739513284177
ENSG00000075539.15	17.8667278716321	21	0.657421760044464	0.878250905510621
ENSG00000168306.13		12	1	
ENSG00000172345.14		12	1	
ENSG00000171105.14	7.25445804630635	9	0.610645338001199	0.849951171916487
ENSG00000171469.11	52.3867390372034	42	0.130756921948763	0.36488966630854
ENSG00000168228.15	6.83088156319718	12	0.868584189381867	0.977008562063921
ENSG00000108312.15	37.1346817460144	30	0.173251533840264	0.431084879506705
ENSG00000170889.14		15	1	
ENSG00000171303.7	2.20249491604773	3	0.531457117752283	0.796757270627012
ENSG00000169992.10	10.4896909893068	6	0.105487708397845	0.321523769130381
ENSG00000170892.12	6.66740538600425	15	0.966230611948481	0.99999999971812
ENSG00000132535.21		45	1	
ENSG00000186184.19	10.9066598836507	15	0.759182591131104	0.936075063244945
ENSG00000168928.13		3	1	
ENSG00000169118.18	42.851797198	24	0.0103416086303349	0.065452165776675
ENSG00000159147.18	25.7480984367285	27	0.532612375189931	0.797554089564896
ENSG00000064490.14	35.4624326705525	27	0.127534445873623	0.359369500421092
ENSG00000169379.16	20.6033140367772	21	0.483386730840101	0.763532107411926
ENSG00000168685.15		9	1	
ENSG00000169223.15	7.59247751277871	12	0.816111509065811	0.960788153748704
ENSG00000171984.15	0.748246102802341	3	0.861801490000194	0.975574659361612
ENSG00000111554.14	50.6990994110802	30	0.010480120866698	0.0660827250337481
ENSG00000171208.10	3.15641257648531	12	0.994335368273764	0.99999999971812
ENSG00000169230.10	6.00380239612423	9	0.739537671079925	0.927129608895429
ENSG00000172354.10	19.8444404823822	15	0.177981708862947	0.43694619480556
ENSG00000170571.12	4.65399388501737	6	0.588892567566092	0.836275287523998
ENSG00000172071.14		12	1	
ENSG00000169228.14	30.0264148254646	21	0.0914584911054182	0.294469280930854
ENSG00000168936.11	25.3912822603015	9	0.00256750554074923	0.0247297685276119
ENSG00000110422.12	6.94366459255252	6	0.326088527831998	0.616668432463211
ENSG00000170515.14	7.60898930614349	6	0.268171487546945	0.554518903696601
ENSG00000176371.14		21	1	
ENSG00000168288.13	2.55069624168391	6	0.862751361796311	0.975837921777794
ENSG00000172828.13	6.42075180572874	12	0.893405807981455	0.986479350588987
ENSG00000169241.19	13.5404748021392	30	0.995735575384738	0.99999999971812
ENSG00000168778.12		6	1	
ENSG00000011028.14	14.0096149397723	9	0.121983616833711	0.350103932826046
ENSG00000171241.9	31.6904644119932	18	0.0239159539776107	0.118238904416134
ENSG00000169057.24	165.061519081115	24	5.01399630034034e-23	2.44229372172292e-20
ENSG00000198353.8	2.16521904179626	6	0.903893408929182	0.990241477757361
ENSG00000169925.17	15.7499932388682	12	0.202957025420539	0.470759050572948
ENSG00000170638.9	14.4414993809769	12	0.273407485867481	0.560570289223986
ENSG00000168374.11	1.99163896820392	6	0.920465956286453	0.99446974872662
ENSG00000180806.5	6.64198298565134	6	0.355228208008847	0.647821240813423
ENSG00000169519.21	18.9071905141304	15	0.217970411433003	0.490846427368051
ENSG00000180818.5		12	1	
ENSG00000171806.12	2.85557363578846	6	0.826743373890686	0.966408314447266
ENSG00000169814.16	55.8736944690536	30	0.00282297675351878	0.0263950906871514
ENSG00000140386.13		18	1	
ENSG00000170634.13	18.6790159423344	18	0.411834575723628	0.70167538451336
ENSG00000121892.15		18	1	
ENSG00000170881.5		3	1	
ENSG00000170906.16	15.964835732244	18	0.595001554706796	0.840877438946645
ENSG00000170345.10	313.658438015438	15	8.06006453314728e-58	2.06116000273909e-54
ENSG00000160741.17	49.8057226749807	24	0.00149878017150525	0.0165740782425159
ENSG00000170348.9	33.5710893694777	9	0.000106176911853709	0.00217652030330981
ENSG00000168661.15	15.4719367808493	12	0.216636172276402	0.490309328399967
ENSG00000148090.12	9.80995813877234	9	0.366088257631199	0.656507150650338
ENSG00000171735.19	26.5579849084606	24	0.325473878984985	0.616075556650151
ENSG00000087903.13	47.1349417711213	27	0.00957455781035123	0.0616738991448884
ENSG00000169554.22		15	1	
ENSG00000154781.16	40.5931807930629	9	5.93079432266376e-06	0.000184957607093072
ENSG00000171310.11	20.5163177596692	9	0.0149800960359135	0.0854057035368791
ENSG00000169599.13	13.227680859778	15	0.58471694811817	0.832786084976436
ENSG00000169604.19	19.5277294633015	12	0.0765639219963911	0.261597464231115
ENSG00000172456.18	8.22680607631992	18	0.975065545784702	0.99999999971812
ENSG00000170043.12	2.79454389345483	9	0.97188655089577	0.99999999971812
ENSG00000131650.14	18.8308486093647	15	0.221501600532578	0.495178298410959
ENSG00000170791.18	74.8412765085377	39	0.000484938492829927	0.00703607921015223
ENSG00000156239.12	6.88972123141957	6	0.331166313508921	0.621418278424842
ENSG00000170049.9	20.5224947422471	12	0.057825469316872	0.216824312918726
ENSG00000169891.18		9	1	
ENSG00000166508.18	37.8742255916004	15	0.000941715261735461	0.0116197893996285
ENSG00000213760.10	5.92780047440738	9	0.747122037468424	0.930174211448943
ENSG00000168090.10	10.2104599787854	15	0.806296657223611	0.957329514147295
ENSG00000170955.10	45.2849124961867	9	8.17180421938742e-07	3.38418564210988e-05
ENSG00000269858.6		21	1	
ENSG00000070495.15		15	1	
ENSG00000171453.20	30.2543508477611	21	0.0869947811439547	0.285031907854424
ENSG00000118960.13	14.1922782333222	15	0.510999153535544	0.782955413648155
ENSG00000157985.19	30.9436186203438	24	0.155415018940455	0.403814614064276
ENSG00000169567.13	10.5740493878257	12	0.565731331684298	0.81840892563379
ENSG00000172057.10		12	1	
ENSG00000170852.11	15.2011675883205	12	0.230619117994278	0.504815527062586
ENSG00000169570.10		3	1	
ENSG00000171295.13	7.31330605919698	9	0.604535302489437	0.846108331576611
ENSG00000168993.15		3	1	
ENSG00000141968.8	6.53561450059942	9	0.68534300672041	0.893433455012014
ENSG00000170745.12	2.26692540044542	3	0.518886716821832	0.788511256072304
ENSG00000196357.12		6	1	
ENSG00000128641.19	32.2265865793161	21	0.0555281387298132	0.210847164586373
ENSG00000169609.14	13.3593763834288	24	0.959822898930994	0.99999999971812
ENSG00000103942.13	23.7191052912713	21	0.306866785240578	0.598311402124221
ENSG00000197050.11		9	1	
ENSG00000171067.11	26.6945305399568	21	0.181194377646898	0.441514625345466
ENSG00000168096.15	52.7970749980614	45	0.198194278739562	0.464349318893157
ENSG00000168101.14	20.9052277422743	9	0.0130779351680118	0.0770575745036511
ENSG00000169020.10	4.25384203437716	3	0.23532625734615	0.510454563841586
ENSG00000103932.12	29.7919893890476	24	0.191741911488826	0.456959939141064
ENSG00000113648.16	47.1490010385169	30	0.0240628538210306	0.118621171920637
ENSG00000110066.15	31.6390364278341	27	0.245716619726274	0.524287714472269
ENSG00000170537.13		3	1	
ENSG00000145730.20	27.4500465369201	36	0.846214767635669	0.971812154277002
ENSG00000170540.15	1.65600561359315	3	0.646758629217018	0.870028145484071
ENSG00000171889.5		6	1	
ENSG00000170917.14	14.812631963212	15	0.464996075626672	0.748574891026948
ENSG00000012660.14	6.40325273861527	9	0.698978460044306	0.900598396245523
ENSG00000186416.17	2.36878445905677	6	0.88285405838409	0.98323818829488
ENSG00000171824.14	28.3825075390705	24	0.244237453922638	0.52211179021414
ENSG00000171943.12		6	1	
ENSG00000171861.11	6.8141198783087	9	0.656465138478403	0.877087500195349
ENSG00000147889.17	8.11763530271128	12	0.775871315589536	0.945145609999448
ENSG00000171202.7	0.4694918137684	6	0.998190178345975	0.99999999971812
ENSG00000169592.15	22.5910915094428	27	0.706772344096706	0.905848177893146
ENSG00000169744.13		9	1	
ENSG00000109686.18	37.6373752875807	18	0.00432445569770339	0.0356158271592657
ENSG00000170325.14		6	1	
ENSG00000005889.15	30.638660413726	18	0.0316811572415509	0.143389325801365
ENSG00000171551.12	17.7610850027009	6	0.00685783362798843	0.0490208107482136
ENSG00000171848.15	18.5899487154093	30	0.948180404317132	0.99999999971812
ENSG00000168958.20	67.7441911630449	51	0.0582891345861259	0.218163028789419
ENSG00000168234.13		15	1	
ENSG00000169180.12	70.5599600092719	42	0.00377640722718986	0.0325499189228452
ENSG00000143344.16		3	1	
ENSG00000087884.14	21.4354000928179	18	0.258018143827034	0.541499301027233
ENSG00000146223.16	22.1792253386448	24	0.568570272502554	0.8206441819428
ENSG00000100731.16		18	1	
ENSG00000175556.17		9	1	
ENSG00000143742.14	18.2833057417884	15	0.24806438755761	0.527536511502452
ENSG00000168701.19	10.4889786995482	18	0.914771883069009	0.993230649849888
ENSG00000168092.14		6	1	
ENSG00000189159.16	7.74292076670099	9	0.560246881218748	0.81609523104101
ENSG00000169902.15	9.08111546214332	6	0.169067325838017	0.425120372663981
ENSG00000170606.15	4.79935888087493	6	0.569792500755711	0.821712602598361
ENSG00000126522.17	26.3729581187581	39	0.938716085298902	0.999739977548227
ENSG00000111907.21	30.0971275498414	30	0.460687202026381	0.744567765765185
ENSG00000169919.17	48.7730280063115	27	0.00628571205001844	0.0463231617864831
ENSG00000172123.12	24.617250129304	18	0.135827352078031	0.372787224149766
ENSG00000168672.4	6.84886545101966	3	0.0768741782898257	0.262465276944802
ENSG00000172458.4	5.16477744973975	3	0.160121393253613	0.411086779632892
ENSG00000140987.20	45.1919821913243	24	0.00552800880678576	0.0421670410772644
ENSG00000239827.8		3	1	
ENSG00000188290.11	14.122242827747	9	0.118042775593246	0.343646885069424
ENSG00000171960.11	3.3527468607499	3	0.340368477968747	0.632333665300094
ENSG00000169031.20	9.89127664316266	12	0.625498410881059	0.857739513284177
ENSG00000174231.17	46.953562491879	21	0.000952729044957457	0.0116852103127936
ENSG00000170619.10	10.0726259952171	18	0.929510080902486	0.997687158190087
ENSG00000106400.12	0.300084113405319	3	0.960012660067773	0.99999999971812
ENSG00000171840.12	16.8521150948527	9	0.0510828355076598	0.20019728173971
ENSG00000205277.9		3	1	
ENSG00000169047.5	3.81976780915261	3	0.281595160686324	0.569852379407761
ENSG00000163872.16	28.3552817449936	15	0.0194480118919769	0.103094796146598
ENSG00000167165.19	7.63626071711406	12	0.812870542378155	0.959836766633093
ENSG00000171320.15	39.9206442337363	15	0.000466176051699518	0.00682190963209496
ENSG00000103154.9		3	1	
ENSG00000168439.17	8.04040615359554	12	0.781964858011338	0.947966021409228
ENSG00000077463.15	62.7719744360075	33	0.00134184631499579	0.0151665701172286
ENSG00000171813.14	1.39004632441538	3	0.707869578067137	0.906329099992417
ENSG00000169126.16	18.9327181167869	9	0.0257710944439743	0.124345530692176
ENSG00000171720.10	64.5791426040887	36	0.00239617479743913	0.0234549971320621
ENSG00000169627.9	11.1236424389062	12	0.518353312054356	0.788279755038386
ENSG00000104228.13	0.803531539816049	3	0.848622150470348	0.972641129508573
ENSG00000169908.12	14.2467588570544	9	0.113814306879227	0.337196168924232
ENSG00000129682.16	0.969637604937276	3	0.808598194541948	0.957863454773548
ENSG00000168758.11	31.1983351005147	15	0.00826324329398269	0.05561402599228
ENSG00000170242.19	49.1777238405193	21	0.000474207722162652	0.00691964449358311
ENSG00000166575.17	12.9397317931143	12	0.373436431596344	0.664211660371935
ENSG00000168763.16	9.28757232136741	9	0.411163457563515	0.70108201490535
ENSG00000186532.12	4.65122487340341	6	0.589258412189007	0.836545460152724
ENSG00000247596.9	0.145928700439981	3	0.985806270927659	0.99999999971812
ENSG00000134597.16		9	1	
ENSG00000172037.14	40.9406560582574	42	0.517386847706762	0.787733171167712
ENSG00000171763.20	19.838497616558	12	0.0702033869828889	0.246621156616666
ENSG00000197020.11		6	1	
ENSG00000114416.18	33.3472690735798	33	0.450379399407244	0.735920979219364
ENSG00000169217.9	5.70280573175842	6	0.45729139088164	0.741422354941876
ENSG00000172007.7	6.50734602322632	6	0.368815054069289	0.659574209367661
ENSG00000106638.17	21.7517388465785	27	0.74988349433676	0.931345102424807
ENSG00000168806.8	0.597927899401839	3	0.896906569220685	0.987703719079781
ENSG00000168237.18	17.9951989846068	15	0.262918048842145	0.548183595924643
ENSG00000187741.15	69.1744047070097	60	0.195327424914036	0.460683890430159
ENSG00000170161.7	7.3889711750254	6	0.286367513654406	0.575698880105156
ENSG00000172292.15	0.418542781250835	3	0.936385907709503	0.999496817939324
ENSG00000171262.11	5.70603676125757	6	0.45691212412677	0.741402686314397
ENSG00000148660.20	20.9329820740131	24	0.642675623065494	0.868992590659211
ENSG00000112419.14	61.9588613645419	27	0.000145207537210012	0.00280785666446335
ENSG00000121289.18	20.7036025595189	18	0.294629511465837	0.585083531893622
ENSG00000189050.16	27.3438043574315	21	0.159760982476606	0.410704973549435
ENSG00000168393.13	5.26065524743171	6	0.510842908900943	0.782955413648155
ENSG00000172115.9	4.61696524755098	6	0.593790618533918	0.839746196181867
ENSG00000168785.8	2.54500173262727	3	0.467213130432454	0.750019320651848
ENSG00000171055.15		24	1	
ENSG00000186716.21		12	1	
ENSG00000170627.11		6	1	
ENSG00000172059.11	11.3139662387603	6	0.0791442743740396	0.267947882743291
ENSG00000168496.4	1.84772759614862	3	0.604604354875106	0.846108331576611
ENSG00000168589.15	2.0443679099414	3	0.563249232042599	0.818042935476891
ENSG00000170836.12	3.70693109927652	6	0.716265412194529	0.912526952464546
ENSG00000172167.8	13.9760175734291	12	0.302242376692819	0.593404466639318
ENSG00000171222.10	5.64990275994933	3	0.12994267130253	0.363860822544096
ENSG00000170290.4		3	1	
ENSG00000143797.12	60.9007690341969	21	9.32180044615389e-06	0.000278809054864644
ENSG00000196793.13	18.5554020005625	12	0.0998377827254458	0.310606320355659
ENSG00000123064.13	22.2848133366351	18	0.219585461402467	0.493223470506331
ENSG00000172046.19	43.9010312631144	18	0.000595986656820692	0.008360220468051
ENSG00000188641.14	0.326165558338204	3	0.955034621044546	0.99999999971812
ENSG00000172171.11	20.2754667181289	12	0.0620512156887895	0.226848422187501
ENSG00000157193.18	72.7439065177387	69	0.355820893661594	0.648208712602751
ENSG00000171456.20	54.7820324738859	48	0.232884606240393	0.508111884273202
ENSG00000169715.15	8.22479808703065	6	0.222092354983752	0.495573818631494
ENSG00000105186.16		18	1	
ENSG00000170175.11	0.338400691218794	3	0.952651703568931	0.99999999971812
ENSG00000172183.15		18	1	
ENSG00000170876.8	6.27880409281352	3	0.0988062226200266	0.308513080335852
ENSG00000171126.8	1.933033091124	3	0.586421600678831	0.834284638851705
ENSG00000169871.13	4.22676857004808	3	0.237995471575625	0.513706621385749
ENSG00000169087.11	19.2426289339019	12	0.0828389307529092	0.276046980491692
ENSG00000171103.11	4.33360718117547	9	0.888116397135169	0.984860013031171
ENSG00000162627.17	8.00335036068873	9	0.533808615816586	0.798643898082178
ENSG00000172053.18	94.2266764566011	42	7.00159518681577e-06	0.000214429093311193
ENSG00000187954.12	56.8597144252562	27	0.000670064607799223	0.00909030619784915
ENSG00000171132.14	15.206012315613	12	0.230363129027045	0.504579110667589
ENSG00000171100.15		9	1	
ENSG00000106346.11	2.43474885506021	6	0.875697641289974	0.980393601446415
ENSG00000172172.8	8.28913891919365	9	0.505291113652321	0.780758731351902
ENSG00000145439.12	12.6779467261013	12	0.392876846739613	0.684156837810606
ENSG00000168818.10	32.3701246528835	27	0.218653726929136	0.491670471039379
ENSG00000168404.13		18	1	
ENSG00000157916.20	30.8365696211695	21	0.0764211977280163	0.261354875145396
ENSG00000115525.18	6.21107889147902	12	0.905069793811155	0.990496069389442
ENSG00000005700.15	61.5268473603737	15	1.37545240315105e-07	7.10580941001621e-06
ENSG00000168874.13	4.00251529936395	9	0.911246897903717	0.991822144994374
ENSG00000169302.16		6	1	
ENSG00000168476.12	30.1209197188291	12	0.00267772070562141	0.0254557668195181
ENSG00000168505.7		3	1	
ENSG00000154153.13	12.355276927663	9	0.194013307575774	0.459495745124473
ENSG00000168502.17	37.9586612308103	24	0.0350120553525175	0.15331263450381
ENSG00000168887.11	9.35592355774497	12	0.672266619178604	0.88764879922266
ENSG00000186496.12	1.50740163716895	3	0.680563092997712	0.891582976213319
ENSG00000168487.19		36	1	
ENSG00000168890.14	17.9035089794052	21	0.655102012564198	0.876296388978577
ENSG00000170310.15	16.5984691961166	18	0.550854588913113	0.810546708620006
ENSG00000168894.10	13.5076447624306	15	0.563149315705092	0.818042935476891
ENSG00000244405.8	1.05462905953891	3	0.788036523539317	0.949785035852913
ENSG00000171634.18	50.558790951156	30	0.0108422720991032	0.067749298290609
ENSG00000168899.5	11.0485123632534	3	0.0114664224211222	0.0698733847651392
ENSG00000171530.15	0.508414340787567	3	0.917038966895976	0.993779968944554
ENSG00000171658.8		12	1	
ENSG00000171227.7	0.0170392421559882	3	0.999411460947581	0.99999999971812
ENSG00000168495.13	14.2445569386618	12	0.285364765641212	0.574945083266488
ENSG00000168906.13	91.9628367909463	15	4.26241744537316e-13	7.26671134145367e-11
ENSG00000168938.6	2.95524142502109	3	0.398577673688095	0.689199060795209
ENSG00000250565.7	18.8618134320659	15	0.22006427072898	0.493973540769528
ENSG00000170632.14	31.5179145981492	24	0.13940405778408	0.379548604491178
ENSG00000168944.17	29.2883629625794	30	0.502488785834502	0.779508325676634
ENSG00000170088.14	2.35911937017227	6	0.883889289000798	0.983391726907675
ENSG00000170100.13	10.5291564302761	15	0.78520200417043	0.948696728987653
ENSG00000171150.9	4.94858214349006	3	0.175601163644239	0.434500315171001
ENSG00000171161.13		6	1	
ENSG00000286140.1	0.21340097169923	3	0.975397469132122	0.99999999971812
ENSG00000141524.16	41.4923409858384	45	0.621337939470795	0.855939337146704
ENSG00000171163.16	147.608503015188	69	1.20134605458052e-07	6.30183014989954e-06
ENSG00000170142.12	19.6545169281744	15	0.185590156520343	0.447640217624111
ENSG00000178927.18	104.264240708129	72	0.00773198738404776	0.0530821074899335
ENSG00000170214.5		3	1	
ENSG00000170667.15	38.6275410135995	18	0.00319644572910269	0.0289093221600277
ENSG00000169683.8	10.2585302111111	15	0.803170174873785	0.956306334394592
ENSG00000169689.15	33.4192270181666	24	0.0955322808339396	0.30234973960614
ENSG00000171017.11	18.3177700672813	12	0.106377075336869	0.322998423516181
ENSG00000144354.14	25.3044315803782	12	0.0134443505139264	0.0787641817909242
ENSG00000169410.10	8.3779745528027	9	0.496549346722313	0.775098904147383
ENSG00000169696.16	80.4502199078852	39	0.000105629442906012	0.00216964572587469
ENSG00000169710.9	6.43899394337495	15	0.97139338998242	0.99999999971812
ENSG00000244005.13	20.8195490261569	21	0.470010830739011	0.752440810945697
ENSG00000171246.6	5.66945876553655	6	0.461216407752048	0.745212107201191
ENSG00000169718.18	78.972710004251	39	0.000159124116018253	0.0029975701339792
ENSG00000141564.15	32.895050087729	21	0.0473938835951986	0.190416961968621
ENSG00000169727.12	33.8679405808653	30	0.286143228286487	0.575493331133008
ENSG00000172239.14	13.7237135149626	15	0.546578139238882	0.80770699021591
ENSG00000172244.9	12.5332358835767	12	0.403858777854262	0.694064421819766
ENSG00000169738.8	60.1193018014601	36	0.00707015188311096	0.0501420316000721
ENSG00000213380.15	12.5508430280133	12	0.40251384954273	0.692933981474013
ENSG00000169750.9	31.8856422552008	6	1.71621816521858e-05	0.000477043359022307
ENSG00000175344.19	18.3792321484516	12	0.104651534922318	0.320119781913991
ENSG00000171970.13		3	1	
ENSG00000171574.18	42.8991881849852	21	0.00323785541335837	0.0291037109167335
ENSG00000169018.6	2.25161110580802	3	0.521854259750692	0.790204797108268
ENSG00000145216.16	39.6244167792465	27	0.0555305585166776	0.210847164586373
ENSG00000172262.11	26.6745614239917	30	0.640303376608411	0.867275323004163
ENSG00000170270.5	6.50540323250971	3	0.089449657245162	0.290009681128609
ENSG00000106524.9	8.27013319176695	9	0.507169323909079	0.781479038994808
ENSG00000170185.10		6	1	
ENSG00000169918.9	0.976059023191965	3	0.807044692358048	0.957353607576304
ENSG00000170234.13	5.11804139810192	12	0.953919542722601	0.99999999971812
ENSG00000168268.11	38.2791376966343	21	0.0119512161854879	0.0722511763364985
ENSG00000168646.13	3.97532237180621	6	0.680016127481467	0.891094666667683
ENSG00000117481.10	26.83984290027	21	0.176217474968069	0.435102868054969
ENSG00000169032.10	2.11476264004159	6	0.908846948052322	0.990927457228769
ENSG00000168273.8	4.7650112198462	9	0.854292848017077	0.973872901188753
ENSG00000172432.19	28.2569193191848	21	0.133014077218697	0.367729998883798
ENSG00000174373.16	37.0884101996599	27	0.0934290493585457	0.297971863036284
ENSG00000169926.11		6	1	
ENSG00000168434.13		12	1	
ENSG00000138592.14	65.0603291881853	30	0.000215484540817502	0.00374862477554801
ENSG00000171045.16	17.7709887136321	18	0.470832442442796	0.753228816663647
ENSG00000284922.2	11.3526953195756	6	0.0780687178354027	0.26532121884963
ENSG00000103978.16	22.2275340703563	21	0.38650118985842	0.678133905842501
ENSG00000172340.15	3.54649309247179	6	0.737774070286559	0.926578178254854
ENSG00000169016.17		30	1	
ENSG00000172428.11	0.990490662050433	3	0.803552920872423	0.956450842695797
ENSG00000168517.10	13.5135377135084	18	0.760207950105813	0.936813819486315
ENSG00000170248.15	38.7809843515861	39	0.47975598641573	0.759898418248142
ENSG00000132849.21	30.6100647522962	24	0.165346777729868	0.419061493904564
ENSG00000154719.14	0.797741491820489	3	0.850007162202488	0.972890596639728
ENSG00000197008.10	35.2575930019721	18	0.00877099090573359	0.057995129912572
ENSG00000170801.10	0.892413582972949	3	0.827258189693986	0.966408314447266
ENSG00000170266.16	53.958681840275	33	0.0121014655979775	0.0729869643878021
ENSG00000225697.13	107.147168170435	45	5.5365955518546e-07	2.45168120778877e-05
ENSG00000168209.5	19.1709826581646	6	0.00388440648972613	0.0331389441062624
ENSG00000168569.8	3.07432181015611	9	0.961275244486714	0.99999999971812
ENSG00000171365.17		6	1	
ENSG00000169429.11		6	1	
ENSG00000152910.19	5.23521949048381	6	0.514017780496746	0.784993711063185
ENSG00000189180.16	42.7134650470489	18	0.000878297037084645	0.0110641630447523
ENSG00000171160.18		6	1	
ENSG00000169193.12	25.8977796761119	18	0.10211823996441	0.315388730856265
ENSG00000170264.13	36.4118039887667	15	0.00154124286983408	0.0169885488313932
ENSG00000170293.9	1.03344682499301	3	0.793159546471481	0.952013816083021
ENSG00000170846.17	55.7125977552641	9	8.9067048924916e-09	6.41596368628849e-07
ENSG00000152782.16	16.4347379818241	12	0.172125562688687	0.429327573943569
ENSG00000120549.18	4.75251823555003	3	0.190842197360571	0.455465430891572
ENSG00000081026.19	6.53403986231751	9	0.685505636940616	0.893433455012014
ENSG00000168491.10	18.9106044191698	12	0.090708781499923	0.292977621080743
ENSG00000168172.9	24.7392597835246	6	0.000381565990208182	0.00592266845802654
ENSG00000170445.16	76.0156937732827	27	1.49423080670323e-06	5.81159198546287e-05
ENSG00000172000.7	2.52093618847425	3	0.471519324591806	0.753760487794988
ENSG00000168256.18	25.2071300301632	24	0.394575679559305	0.685306479787239
ENSG00000172366.20	80.2367668173974	18	7.78932779188651e-10	7.36751853181968e-08
ENSG00000186272.12	29.3658871704743	15	0.0144250412071055	0.0830888922144284
ENSG00000170871.12	4.72794401406145	9	0.857350046714318	0.974898172411733
ENSG00000171992.13	6.61386298298021	6	0.358036323745012	0.650160403974389
ENSG00000166377.20		39	1	
ENSG00000171552.13	7.19274851001683	21	0.997731011982416	0.99999999971812
ENSG00000100934.15	6.45967280229888	9	0.693175369572577	0.898212674861653
ENSG00000121774.18	6.57008458439668	9	0.681780679025216	0.892378063435564
ENSG00000171428.15		12	1	
ENSG00000171497.5	13.5691808637275	6	0.0348368966151624	0.152807296516508
ENSG00000078403.17	94.7995741839259	42	5.91170888226821e-06	0.000184957607093072
ENSG00000168438.15	14.8613899270404	9	0.0948144023636809	0.301104166959979
ENSG00000171503.12	80.1128800687438	21	7.73146695800937e-09	5.73080981981723e-07
ENSG00000172009.15	14.9003815747856	21	0.827916991695781	0.966753756627414
ENSG00000266074.9	11.9111020723831	15	0.685745125171418	0.893451392864403
ENSG00000171928.14		15	1	
ENSG00000169249.13		6	1	
ENSG00000169885.10	1.69888518381777	3	0.637181673266258	0.864879423545721
ENSG00000100325.15	35.7644277845284	42	0.740057386992528	0.927129608895429
ENSG00000172493.21	13.922021463577	15	0.531451266015852	0.796757270627012
ENSG00000100461.18	64.1422130432329	63	0.436245554908699	0.722659390463492
ENSG00000131446.17	49.5222551359257	27	0.00516461353113193	0.0403493627327197
ENSG00000173559.14	53.3566085472303	27	0.00182226675597902	0.0192077972982026
ENSG00000174748.22	8.05558934062719	21	0.994904182903658	0.99999999971812
ENSG00000115756.13	24.0832006842393	15	0.0636939987857029	0.230873817710473
ENSG00000042286.15	2.83347778127063	9	0.970532493477313	0.99999999971812
ENSG00000167881.15	12.104353595365	9	0.207490090376774	0.47748394476131
ENSG00000174233.11	47.7400904585593	21	0.000745930094764651	0.00983262749915929
ENSG00000103018.17	7.34994159609778	9	0.600735329746317	0.84315610427759
ENSG00000174442.12	36.0147668117716	21	0.0217818727015214	0.110849142220827
ENSG00000065457.10	30.1413148483589	21	0.0891848841981119	0.289518305446679
ENSG00000143384.13	17.3387672886311	9	0.0436677725070384	0.179821918266705
ENSG00000213139.8	10.5640217169304	3	0.0143328310930292	0.0827840368439275
ENSG00000217128.12	132.116421879082	12	2.31929772490305e-22	1.07836801945606e-19
ENSG00000174444.15	27.0079556582496	15	0.0286715971760844	0.133857493160277
ENSG00000137166.15		12	1	
ENSG00000174446.13	20.5827429199999	18	0.300984177915332	0.591992776572724
ENSG00000172613.8	32.1068137490365	24	0.124365902449693	0.353930284198041
ENSG00000172638.13	16.5095687650901	12	0.168995231099029	0.425043574849266
ENSG00000128626.11	24.5825940894574	9	0.00346932213965028	0.0305664910994683
ENSG00000174915.12	25.9329429051904	27	0.522324532121005	0.790282648374243
ENSG00000172663.9	66.2180083940184	33	0.000526259952154979	0.00746617621441509
ENSG00000174243.10	24.0344891929126	33	0.872636405575128	0.978535166918218
ENSG00000174327.7	2.09141488563409	3	0.553651542109647	0.811826494300399
ENSG00000134955.12	6.59271628826667	6	0.360158380643107	0.651699995683415
ENSG00000049883.15	17.1221436843443	24	0.843406043020533	0.970432988638355
ENSG00000173451.7		6	1	
ENSG00000173166.18		12	1	
ENSG00000175305.17	23.7384284861137	18	0.163785423619572	0.417080086268648
ENSG00000172732.12	42.2010593259402	45	0.591213309734212	0.837722807213084
ENSG00000172830.13	39.0266796495598	27	0.0630059551674913	0.229029109953187
ENSG00000174137.12	10.9164276106371	12	0.536094142975498	0.799840575918373
ENSG00000175309.15	79.3676274352401	45	0.00118767218076229	0.0138683775536729
ENSG00000102900.13	35.2692358546628	18	0.00874130769843512	0.0579111635021327
ENSG00000172757.13	30.1141181418207	12	0.0026840507726422	0.0254686042238934
ENSG00000102034.17	1.71127044431751	3	0.634431031636977	0.863207638017377
ENSG00000176092.15	0.510371442150863	3	0.916607013943407	0.993779968944554
ENSG00000171408.14		3	1	
ENSG00000135469.13	47.6479110634537	24	0.00278992657875681	0.0262299255276686
ENSG00000175274.19		18	1	
ENSG00000174628.16	41.6074264992515	12	3.87687669353198e-05	0.000948721810960253
ENSG00000174672.16		18	1	
ENSG00000174136.13	3.24759581128092	3	0.35500318161028	0.647526309681091
ENSG00000130545.16	0.742709446613532	3	0.863115189537237	0.975837921777794
ENSG00000174099.12	49.6661708538832	21	0.000405902001809556	0.00617546355510262
ENSG00000090686.16	16.1993825716563	24	0.880745143740523	0.983101492287408
ENSG00000167196.14	18.7443309807932	18	0.407723702175508	0.697824951313792
ENSG00000174106.3		12	1	
ENSG00000106404.14	26.8906575085111	9	0.00145821424028989	0.0162131233303535
ENSG00000237296.9	22.6795810931581	12	0.0305726897592659	0.140111130621653
ENSG00000174953.14	35.8773891335877	33	0.335060418713324	0.625683187312498
ENSG00000173540.13	10.9889767118566	12	0.529863622013409	0.795794131969913
ENSG00000164305.19	16.5660910666948	9	0.0559607032828411	0.211702096420016
ENSG00000172922.11	57.0548710948206	21	3.52673096635942e-05	0.000873485013435604
ENSG00000131471.7		6	1	
ENSG00000172932.16	46.3891917675501	42	0.296194837880646	0.586938589050973
ENSG00000138138.13	3.65435064657504	3	0.301288174535596	0.592354885474069
ENSG00000048649.13		24	1	
ENSG00000173320.12	5.36578692835883	6	0.497824227900822	0.775790060275656
ENSG00000158941.16	44.409321351297	27	0.0187522540643008	0.100510230381731
ENSG00000173548.9	0.3509971591061	3	0.950168462371083	0.99999999971812
ENSG00000144214.10		3	1	
ENSG00000138594.14	33.1044384783581	21	0.0450718053636654	0.183565552687975
ENSG00000169371.14	37.9766211078859	27	0.0782318989118216	0.265770207229832
ENSG00000173020.11	21.0925779960126	21	0.453302934847694	0.738937963435389
ENSG00000172965.17	34.9709725083376	24	0.0688324134784818	0.243039957705002
ENSG00000173039.19		39	1	
ENSG00000160072.20	21.2611308654887	15	0.128691531097101	0.361545089698503
ENSG00000196110.8		6	1	
ENSG00000153094.24	20.8172094187867	24	0.649483758284681	0.872301214566729
ENSG00000173926.6	9.71792615900654	12	0.640691398323177	0.867571129659488
ENSG00000174437.17	22.4313081991859	12	0.0329607644927122	0.14748716535256
ENSG00000072062.14	11.9758068069787	15	0.680859372042358	0.891628538806975
ENSG00000173692.13	31.3389978176419	18	0.0262927008161994	0.126048176865607
ENSG00000174938.14	15.5187437433597	18	0.626094694856439	0.858028219947282
ENSG00000213983.12	100.86528914918	84	0.101381425216456	0.313823130922805
ENSG00000066136.20	70.9123279713822	45	0.00816665777496316	0.0551761838706065
ENSG00000150990.8	14.3725107323171	12	0.277555531282939	0.565560862448842
ENSG00000175548.9	53.5047484380084	9	2.34448721178335e-08	1.51783289172987e-06
ENSG00000174939.11	13.4036941333907	15	0.571147389282476	0.821825349944908
ENSG00000174943.11		21	1	
ENSG00000143207.21	39.7560068953462	18	0.002252892112128	0.0224827643072754
ENSG00000173113.7	15.9211186434841	15	0.387313481154667	0.679092624070205
ENSG00000173402.12	25.5470090867166	18	0.110575495445164	0.331111458696892
ENSG00000173120.15	41.1001731671131	24	0.0162402979376087	0.0905916913417351
ENSG00000172748.14		15	1	
ENSG00000173156.7	0.485168174127466	3	0.922137605501221	0.99446974872662
ENSG00000173137.12	6.29974838510043	15	0.974260858495783	0.99999999971812
ENSG00000172889.16	1.213855704249	3	0.749683095780253	0.931209275863535
ENSG00000174500.13	5.91643042419125	6	0.432616503281787	0.718965753382519
ENSG00000063244.13	23.2966326762398	18	0.179447058165201	0.438815194351384
ENSG00000172927.8	34.1883222851827	18	0.0119376510660782	0.0722118466912561
ENSG00000174886.14	3.97180658963043	9	0.913258319922097	0.992583880724482
ENSG00000173581.8		21	1	
ENSG00000177646.19	42.673344265233	27	0.0282147174529796	0.13251071846948
ENSG00000173207.13	8.822334710625	9	0.453833430442349	0.739312965011391
ENSG00000173905.9	3.25525801261756	6	0.776194384731357	0.94531400897929
ENSG00000002330.14	12.6685345405422	15	0.627883115643145	0.859269529045203
ENSG00000173960.14	9.14127049812396	6	0.165787614240601	0.419800027732502
ENSG00000175029.17	39.6145239076941	24	0.0235156756466094	0.116938184827014
ENSG00000198707.17		30	1	
ENSG00000084093.19	11.058915740201	9	0.271692179121097	0.558741311210546
ENSG00000175279.22	3.81299376528477	9	0.9232839314375	0.994649938993855
ENSG00000174456.15	25.508997158242	15	0.0435114803246808	0.179467311387564
ENSG00000172954.14	21.6608104879379	15	0.117011176873498	0.342363278498257
ENSG00000174306.21		21	1	
ENSG00000141994.16	32.3787372105871	30	0.350125428818087	0.642640052284266
ENSG00000159335.18	0.490122127870563	3	0.921056115875862	0.99446974872662
ENSG00000173327.8	35.1752824008036	30	0.236318454350385	0.511826135635356
ENSG00000157538.14	21.9353966922608	27	0.740652846412782	0.927129608895429
ENSG00000175348.11	10.8475577116769	9	0.286303039121769	0.575698880105156
ENSG00000172775.17	39.4273303116206	33	0.204441653112511	0.473343972315047
ENSG00000141738.14		30	1	
ENSG00000167716.19	26.5247546018345	18	0.0883510136817032	0.288091335336354
ENSG00000153113.24	46.3130078526447	42	0.298888205943151	0.589843429219387
ENSG00000106853.20	68.3861931612046	15	8.64530156077628e-09	6.27182905426813e-07
ENSG00000162576.17	30.3753702176621	15	0.0106376535984783	0.0667882505386253
ENSG00000010704.18	23.2860255317373	24	0.502969915168039	0.779508325676634
ENSG00000155846.17	0.931937780751355	3	0.817714440477121	0.960794069483094
ENSG00000105379.10	4.70146899408428	3	0.195008439613777	0.46036960885249
ENSG00000133112.17	9.55636925762519	21	0.984117267791519	0.99999999971812
ENSG00000156508.18	8.09430308267474	15	0.919946296875787	0.99441304773776
ENSG00000124177.15	23.9813106546135	15	0.0654115439278419	0.23485246852857
ENSG00000173442.13	33.4057291929912	21	0.041907362398448	0.17496751427499
ENSG00000167658.16	1.64941859408282	6	0.948959052668466	0.99999999971812
ENSG00000173457.11	0.882546338951215	6	0.989675619874335	0.99999999971812
ENSG00000174917.9	1.42150097142439	3	0.700502613951186	0.901702844904008
ENSG00000173465.8	11.3140122488767	9	0.254797549312032	0.537386418951087
ENSG00000204316.13	27.1808951443381	24	0.296091939754294	0.586938589050973
ENSG00000173486.14	3.49673862510826	9	0.941316989868352	0.99999999971812
ENSG00000160469.17		18	1	
ENSG00000173511.9	5.29968559442204	6	0.505989998216799	0.781012779803778
ENSG00000117877.11	7.2209187278404	6	0.300899236498231	0.591992776572724
ENSG00000141699.11		12	1	
ENSG00000164162.14	54.5228120152387	30	0.00401810824405095	0.0338316639680204
ENSG00000118263.15		24	1	
ENSG00000173272.16	23.685297473392	6	0.000596633194024561	0.008360220468051
ENSG00000130734.10	15.1745609767968	27	0.966911883145316	0.99999999971812
ENSG00000073605.18	30.1229293760739	24	0.180710797731068	0.440956762879555
ENSG00000175105.7	9.07410740313998	6	0.169453019689425	0.425727588100646
ENSG00000163485.17	15.5946538058472	18	0.620813274175239	0.855939337146704
ENSG00000117411.16	4.69619212303951	15	0.994401096485287	0.99999999971812
ENSG00000138796.17	30.9781630144134	18	0.0289550158763405	0.134826629542076
ENSG00000163320.12	28.1114490827094	18	0.0603793162061567	0.222726298403453
ENSG00000173391.9	74.3119240603701	24	4.7718945309748e-07	2.15981013970536e-05
ENSG00000203896.10	17.7424119376174	12	0.123738561679772	0.352753448874826
ENSG00000173705.9	0.857911821917242	3	0.835570899300681	0.968488080098508
ENSG00000173915.16	0.252841769251972	3	0.968639097678715	0.99999999971812
ENSG00000173621.9	4.62838687493058	6	0.592278473791017	0.83830310065149
ENSG00000137074.20	81.3463726241898	63	0.0598113435713061	0.221559452488536
ENSG00000113448.19	81.1014102963527	24	4.05796126355273e-08	2.41330731191168e-06
ENSG00000118518.16	52.2058529273381	33	0.0180405758932713	0.0976952511020646
ENSG00000173653.8	14.8772399884329	18	0.67037837276623	0.886185109204674
ENSG00000175354.20	49.4597247447564	39	0.121712344472838	0.349770165131985
ENSG00000173041.12	32.9111716687562	6	1.09066589780005e-05	0.000319274608844325
ENSG00000146021.15	9.31858567260861	6	0.156437833119527	0.405359775336139
ENSG00000173727.12	5.28795253164935	6	0.507446433710725	0.781479038994808
ENSG00000015171.20	33.9530978188341	27	0.167415061095673	0.422211208073876
ENSG00000160055.20		30	1	
ENSG00000213186.8	1.76972239086354	3	0.621545741317542	0.855939337146704
ENSG00000141562.18	35.218562684895	36	0.505567574192061	0.780949972275837
ENSG00000147679.12	26.7940631490619	15	0.0304597366804057	0.139782379679934
ENSG00000134278.15		9	1	
ENSG00000103365.15		18	1	
ENSG00000135968.21	28.728296540563	15	0.0174301483403139	0.0955859807139503
ENSG00000173210.20		3	1	
ENSG00000126456.16	112.459042261413	60	4.81356022440226e-05	0.00113451399851177
ENSG00000074370.18	15.1667909388702	12	0.232441633747969	0.50739339983098
ENSG00000174989.13	5.52799249358623	3	0.136973909801986	0.374928050137682
ENSG00000174173.7	1.43981567105948	3	0.696228825939616	0.899040807313846
ENSG00000121542.12	28.2645368368903	15	0.0199705952594722	0.104801906746013
ENSG00000122729.19	0.477805837432243	3	0.923739605901024	0.994649938993855
ENSG00000003402.20	51.4170825542115	45	0.236917835691116	0.512461945714617
ENSG00000213995.11	19.1476702991604	6	0.00392137511644021	0.0333708369934001
ENSG00000134852.15	33.0245078936468	18	0.0165767818232022	0.0920236994252475
ENSG00000119392.15	3.2703181974066	6	0.774233816752235	0.943375546344087
ENSG00000154889.17	94.9385100521904	54	0.000489474357909032	0.00708180085863011
ENSG00000174579.4		9	1	
ENSG00000173898.14	32.7384626355342	18	0.0179483534131734	0.0975524479613979
ENSG00000172845.16	18.7954587828426	18	0.404519428079113	0.694686021331326
ENSG00000105929.16		12	1	
ENSG00000125462.18	16.5346642271304	12	0.167955716484465	0.423157395054087
ENSG00000173914.12	19.1610738064956	18	0.381968270693305	0.673210330631682
ENSG00000071794.16	26.7908393245598	24	0.314296766931499	0.605715648046284
ENSG00000167600.14		9	1	
ENSG00000173011.12	8.89847415014447	9	0.446698299372574	0.732726315426698
ENSG00000173744.17	14.3184937299011	15	0.501523877311018	0.779052643525697
ENSG00000173933.21		33	1	
ENSG00000175536.7	0.22128643567703	3	0.974081920214879	0.99999999971812
ENSG00000175166.17	49.0059943193919	24	0.00189095668569262	0.0197777054580264
ENSG00000130270.16	3.50601809411637	9	0.940825215558574	0.99999999971812
ENSG00000175538.10	1.01187325960044	3	0.798379009225349	0.954044262309124
ENSG00000007264.15	12.8865255638848	15	0.611062333516838	0.850034596899187
ENSG00000239306.5	20.6046435971512	15	0.149943705684361	0.395432091132789
ENSG00000087191.13	10.463465722918	18	0.915724077136925	0.993779968944554
ENSG00000174951.11	5.70907799155464	3	0.126654693909749	0.357886979006305
ENSG00000174343.6	3.00839087579243	6	0.807792951718438	0.957639305232384
ENSG00000173992.9	57.6144650299648	24	0.000137613844331746	0.00269665136718282
ENSG00000244607.7	11.4294487736798	6	0.0759766447412059	0.260710357389451
ENSG00000214021.16	80.3356325216919	48	0.00236804139718568	0.0232686795886766
ENSG00000173409.14	2.95921394709148	9	0.965890033634579	0.99999999971812
ENSG00000173218.15	5.64554525061976	6	0.464042989107668	0.747884047367379
ENSG00000023330.15	35.089397306001	12	0.000453200051243729	0.00667019183334116
ENSG00000073417.15		24	1	
ENSG00000077454.16	24.5425475126704	27	0.600081492207687	0.84293237898825
ENSG00000174080.11	6.84631505047582	12	0.867600279470392	0.976922358376452
ENSG00000172915.18	3.52243141753911	6	0.740982940930216	0.92715773734253
ENSG00000174227.16	53.3214926741639	45	0.184701111439743	0.446490535544649
ENSG00000134909.18		9	1	
ENSG00000175455.16	80.5909498931433	51	0.00516743231790623	0.0403493627327197
ENSG00000173950.16	0.554569122264184	3	0.90674927686923	0.990927457228769
ENSG00000162804.14		9	1	
ENSG00000175416.15	1.24990762257949	6	0.974347897573418	0.99999999971812
ENSG00000173273.16	3.14690390780561	6	0.790195887319103	0.95103142969474
ENSG00000172534.14		9	1	
ENSG00000174165.8	28.8247061079637	9	0.00069365740889144	0.00933608109940861
ENSG00000106144.20	10.8966040731411	12	0.537799950395074	0.801100290169101
ENSG00000173418.12	14.5458640069846	9	0.104189674720319	0.319088677459323
ENSG00000115159.16		18	1	
ENSG00000175567.10	12.5983760110685	15	0.633288083168331	0.86249043494567
ENSG00000143570.19	5.80316167522688	12	0.925677436922259	0.99605771211407
ENSG00000169733.12	29.1351510141249	30	0.510505245956031	0.782955413648155
ENSG00000146834.14		9	1	
ENSG00000149187.18	43.2152326062096	30	0.0560829001780482	0.211921679320744
ENSG00000196689.12		3	1	
ENSG00000165416.15	6.31620893423678	6	0.388715980556359	0.680639741800801
ENSG00000125485.17		12	1	
ENSG00000173295.7	9.59655341231473	9	0.384122010387281	0.675581850799776
ENSG00000173868.12		9	1	
ENSG00000175575.13	43.033718335344	18	0.000791498160035126	0.0103268299477032
ENSG00000138074.15	60.5022900799959	30	0.000800026088779681	0.0103719478607444
ENSG00000164362.21		9	1	
ENSG00000175182.15	22.8194975938959	18	0.197621999673296	0.463534839407967
ENSG00000111186.13	6.72292436726343	6	0.347232707936633	0.639824686917252
ENSG00000174276.7		3	1	
ENSG00000172992.12	13.5723202317404	24	0.955727642181593	0.99999999971812
ENSG00000174151.15		9	1	
ENSG00000175581.14	27.0922937689538	30	0.618420579155832	0.854379268528499
ENSG00000175582.20		12	1	
ENSG00000173801.17	7.81838508341753	15	0.930857161123555	0.997981123690687
ENSG00000156042.18	16.1566341234154	9	0.0636818352418984	0.230873817710473
ENSG00000272752.6	5.49701796922091	6	0.481817196980935	0.762152494846349
ENSG00000175110.11	25.5485092017916	27	0.543751717237804	0.806245651395232
ENSG00000173805.16		6	1	
ENSG00000174370.11	1.20344605815058	3	0.752177923762615	0.93253550206012
ENSG00000172575.12		3	1	
ENSG00000129534.14	58.624964862418	18	3.40634012918196e-06	0.000114916106473143
ENSG00000151694.14	50.1401508994386	30	0.0119925459346953	0.0724154382325845
ENSG00000173276.14		12	1	
ENSG00000173812.11	84.0632885964587	18	1.65149297741352e-10	1.79714060276201e-08
ENSG00000129480.13	12.3398198491959	6	0.0548032748216944	0.209094628180198
ENSG00000174032.17	21.446751912375	15	0.12315239226745	0.351871745978057
ENSG00000173226.17	14.770482128486	18	0.677661742352897	0.890816941585696
ENSG00000172888.12	23.4861975865615	12	0.0238706755204817	0.11811488619654
ENSG00000167291.16	9.20474822738697	12	0.685349863803811	0.893433455012014
ENSG00000115677.17	60.1332644170616	39	0.0164509643619378	0.0915045755618606
ENSG00000117399.14	5.39234844682505	9	0.798853569892302	0.95438304163922
ENSG00000260916.7	74.4969584402788	24	4.46662694830652e-07	2.04883977821648e-05
ENSG00000173852.15	8.64158345382384	3	0.0344560385455042	0.151656978606696
ENSG00000178821.13	25.2756021423274	9	0.0026809680828128	0.0254629735553316
ENSG00000174547.13	3.77810275112279	12	0.987115711986147	0.99999999971812
ENSG00000169682.18	19.5293891286055	21	0.55121985358634	0.810546708620006
ENSG00000172687.13	19.7924265564134	12	0.071115853536038	0.248454578209248
ENSG00000110514.19		42	1	
ENSG00000174586.11	6.00069003534281	6	0.423112787189124	0.709860702010422
ENSG00000196705.8	20.8864981641	15	0.140495110630667	0.381200129082518
ENSG00000153048.11	35.1361052768189	18	0.00908641267664498	0.0595037869842519
ENSG00000174788.10		3	1	
ENSG00000175183.10	18.381440348996	6	0.00534641422707519	0.0412743178330205
ENSG00000172869.14	41.144611810907	30	0.0845304891586016	0.280086868659278
ENSG00000119661.15		18	1	
ENSG00000175193.14	16.27249663783	21	0.754150324905309	0.933072702965395
ENSG00000175426.11	1.27107664364075	3	0.736012400439078	0.925584132527642
ENSG00000172809.13	6.74632509145886	9	0.663511387018705	0.881490807828266
ENSG00000120029.13	5.52523271308655	9	0.786332559662455	0.949297268120766
ENSG00000173638.19	31.8135418303464	18	0.0231312393648011	0.115701441301981
ENSG00000173706.14	6.45146180540905	9	0.69402080096874	0.898756155479929
ENSG00000174839.13		6	1	
ENSG00000137713.16	36.8891748280148	24	0.0448865869493532	0.182926254145392
ENSG00000175591.12	11.6637212182598	6	0.069905222790793	0.245954543947732
ENSG00000092964.18	2.69075239952781	3	0.441801115448729	0.728078558067512
ENSG00000136205.17	22.9731321973286	9	0.00625694135612754	0.0462621517702886
ENSG00000174669.12		18	1	
ENSG00000137478.15		15	1	
ENSG00000174840.9	1.81434559954596	3	0.611818159444753	0.850050411536874
ENSG00000174775.17	11.8988326936524	24	0.981023804309629	0.99999999971812
ENSG00000128422.17	129.42092261232	15	2.76042699693203e-20	9.73669232814406e-18
ENSG00000120963.12	33.6216755206769	24	0.0916207346958028	0.294785463926723
ENSG00000135821.19	15.9734470339899	15	0.383818588715155	0.675280416919044
ENSG00000074219.14		21	1	
ENSG00000102786.15	76.3712788479606	27	1.32325847893859e-06	5.1860578471505e-05
ENSG00000250510.8	21.1513196466412	15	0.132063880370096	0.366650369946999
ENSG00000173838.12		3	1	
ENSG00000105221.18	76.836355854357	60	0.0704399755822708	0.247066388845842
ENSG00000136051.15	63.3559623287738	24	2.11404821444132e-05	0.000570569899354097
ENSG00000174791.11	27.4367025992433	18	0.0711610274582313	0.248454578209248
ENSG00000113552.16	39.4415673606636	27	0.0577313880027876	0.216709859772666
ENSG00000122557.11	11.2449397941255	12	0.508052189080068	0.781601119281097
ENSG00000175324.10	4.92176483287767	9	0.841074167533342	0.969609789214308
ENSG00000175449.14	6.32326969408587	9	0.707178642127609	0.906209863232421
ENSG00000165322.18	20.3141683880749	21	0.501446953957078	0.779052643525697
ENSG00000130349.10	6.50807070502924	9	0.688186416230872	0.894962617454203
ENSG00000174282.12	0.904360604494286	3	0.824375369248922	0.965162287845135
ENSG00000173083.15	43.8254725249008	15	0.00011709886111233	0.00236720207572731
ENSG00000172667.11	5.21611257081872	9	0.815076857865925	0.960532393906745
ENSG00000174871.11	0.437057483784443	3	0.932485253343001	0.998326481219489
ENSG00000173085.15	21.3762971348624	12	0.0451343484924292	0.183716375140891
ENSG00000174903.16	0.27047035151918	3	0.965483038929908	0.99999999971812
ENSG00000175097.8		3	1	
ENSG00000137309.20	8.92506018935819	9	0.444220410937799	0.730065967783217
ENSG00000196642.19	35.8401705869183	15	0.00186409650060458	0.0195768409699017
ENSG00000087995.16		9	1	
ENSG00000145287.11	18.3988993973744	9	0.0308177200650084	0.14084384935825
ENSG00000173567.15		3	1	
ENSG00000155368.16	3.89383159851423	6	0.691041328017871	0.896924469520975
ENSG00000167526.14	6.44791419245303	18	0.994014739653752	0.99999999971812
ENSG00000135070.15	2.52017343726038	6	0.866203139665041	0.976843836153154
ENSG00000083799.18	44.7729292457589	21	0.00185477679528054	0.0194989844182165
ENSG00000112033.14		3	1	
ENSG00000174705.13		6	1	
ENSG00000120093.11	41.6260917038499	21	0.00468710913428927	0.0375554091981291
ENSG00000174013.8	1.95788197428692	3	0.581194314640877	0.830312380511387
ENSG00000103264.18	19.3819259065185	18	0.368667723733488	0.659574209367661
ENSG00000054793.14	9.39030131153049	3	0.0245274669061456	0.120249638365225
ENSG00000174796.12	27.9052656624499	27	0.415870324631498	0.704527583745543
ENSG00000188234.13	19.6990256966365	18	0.350016688338757	0.642555761848017
ENSG00000173918.15	6.90481914626207	12	0.863838841570379	0.975837921777794
ENSG00000159322.17	36.482694757513	21	0.0192861703482959	0.102534662177922
ENSG00000173660.12	6.1957768779248	9	0.720175471955415	0.915470217453697
ENSG00000173064.13	40.8047616268341	24	0.0174973448432756	0.0957626219378629
ENSG00000175213.3	10.2125182265036	12	0.597322589125921	0.842321691255262
ENSG00000172840.7	16.8195445021511	15	0.32976604598246	0.620865193006802
ENSG00000172939.9	4.11614552846368	12	0.981248136994914	0.99999999971812
ENSG00000240583.13		3	1	
ENSG00000105982.16	25.2353628074366	12	0.0137461070219584	0.0802104556346905
ENSG00000173163.10		12	1	
ENSG00000091732.17	17.1020436008512	15	0.312800928029093	0.603933320816852
ENSG00000173641.17	19.4810095888752	15	0.192758157664992	0.458429792540922
ENSG00000172590.18	19.2149763719062	24	0.740429660655101	0.927129608895429
ENSG00000136003.16	17.4357490640978	15	0.293489295612832	0.584521418384669
ENSG00000175595.15	13.2135006755013	6	0.0397680782501465	0.168721556375259
ENSG00000174206.13	32.380840988184	12	0.00120829444843469	0.0140610283424783
ENSG00000107815.10	32.1898011586545	18	0.020876255073288	0.10757844490915
ENSG00000168813.17	15.2311060789334	9	0.084780375276937	0.280653222882779
ENSG00000173334.4		3	1	
ENSG00000092108.21		39	1	
ENSG00000175220.12		15	1	
ENSG00000055483.19	68.9678369948306	48	0.0252581532112145	0.122751626739258
ENSG00000173480.11		15	1	
ENSG00000164587.13	2.46425821539015	6	0.872446099459389	0.978429026572754
ENSG00000133895.16	42.4408766371889	36	0.213141711379118	0.485682015080641
ENSG00000175216.15	20.6475218186461	18	0.297567433418029	0.588369603593148
ENSG00000174177.13	29.8937775322356	27	0.318947726335383	0.610843717035131
ENSG00000109685.18	53.3307519143273	39	0.0628277206234075	0.228543653718647
ENSG00000205560.13		24	1	
ENSG00000123405.14	2.42494636372771	3	0.489007759444299	0.768365648441741
ENSG00000175334.8	3.64211824361701	6	0.724975439264897	0.918703390515439
ENSG00000175606.11		9	1	
ENSG00000119403.15	27.9235365850036	18	0.0632283719483703	0.229674366711605
ENSG00000005302.19		57	1	
ENSG00000143409.15	9.00490015069227	12	0.702511839315093	0.902832224625556
ENSG00000175471.19	9.5841216133249	12	0.652393560307435	0.874719459294931
ENSG00000174332.5	0.933058057600334	3	0.817443689520775	0.960794069483094
ENSG00000175376.9	16.7271583126058	27	0.937636994700536	0.999592372985073
ENSG00000127483.19	103.096748982847	33	3.86836841464798e-09	3.27020995978795e-07
ENSG00000103174.13	25.5375047123234	27	0.544366664597101	0.806653138079639
ENSG00000143164.15	24.3852493529084	21	0.274768924187847	0.561768821897388
ENSG00000099338.23		3	1	
ENSG00000109099.16	52.2100896189659	36	0.0394246498431503	0.16779245799036
ENSG00000124222.22	19.2846006988257	21	0.566888824264804	0.819386017421406
ENSG00000110195.14	4.56864323135233	3	0.206248584051516	0.475482705941618
ENSG00000137094.15		3	1	
ENSG00000152556.17	23.0779039684567	33	0.900883864274082	0.988895481506616
ENSG00000072195.15	43.6073790588816	24	0.00847207217472103	0.0567895322904466
ENSG00000161800.13	38.4922403351666	36	0.357396968069474	0.649806894131292
ENSG00000175467.15	25.9893752451244	15	0.0381345005848963	0.16368642431747
ENSG00000130559.19		12	1	
ENSG00000011021.23	36.3958031132097	24	0.0502176957858454	0.197948674448329
ENSG00000175482.9	40.2573545431515	30	0.0999752052499757	0.310740314342754
ENSG00000173928.4	0.510646664282376	3	0.916546236908416	0.993779968944554
ENSG00000175505.11	7.35822717144674	3	0.0613153105794373	0.224800828644109
ENSG00000259494.2	11.5962861460284	6	0.0716054617949517	0.24951694585925
ENSG00000173517.10		15	1	
ENSG00000175643.10	7.03996432072017	12	0.854961270044969	0.974309138958333
ENSG00000175550.8	20.3892248621996	15	0.157504474612418	0.407218935677949
ENSG00000174738.13	6.62154839428058	9	0.676454748317302	0.889956051548595
ENSG00000112763.17	18.8570160709533	15	0.220286503513698	0.494325887580191
ENSG00000130724.9	18.2133291600039	18	0.441684488538887	0.728003646997145
ENSG00000174718.12	31.220103273216	12	0.00182332302048634	0.0192077972982026
ENSG00000175592.9		9	1	
ENSG00000175634.15	38.9066978448645	24	0.0279311601866295	0.131420348458617
ENSG00000174132.9		6	1	
ENSG00000175155.10		3	1	
ENSG00000054179.12	0.738395457888828	3	0.864137911930374	0.975837921777794
ENSG00000143774.16	29.4722021252383	39	0.865326443563854	0.976332843609126
ENSG00000211451.12	5.55776443071045	9	0.783232285693777	0.948198438007496
ENSG00000139437.18	30.684476833354	18	0.031300168242409	0.142327900772733
ENSG00000087586.17	35.2126812712231	30	0.234984067356149	0.510244998512953
ENSG00000146802.13		15	1	
ENSG00000158717.11	36.3626018330924	18	0.00633819211096372	0.0465756947579367
ENSG00000168453.15	40.2312553892698	18	0.00194107672662595	0.0201167921344041
ENSG00000181016.9		6	1	
ENSG00000104973.19	15.8245784709434	15	0.393805185356404	0.684867423742201
ENSG00000115548.17		30	1	
ENSG00000164252.13		3	1	
ENSG00000066422.5	3.55898734003131	6	0.736105867446707	0.925584132527642
ENSG00000146094.15		21	1	
ENSG00000181788.4	3.87265225972078	3	0.275547799871044	0.562915805901393
ENSG00000129347.21	36.2047620928315	27	0.110894496610397	0.331878582306551
ENSG00000172531.15	22.9216651008464	12	0.0283983899947224	0.133128841088917
ENSG00000081177.18	30.4686944220848	18	0.0331314573519773	0.147991998800601
ENSG00000186318.16	37.6930231311908	21	0.0139978407972724	0.0813544963155109
ENSG00000137509.11	4.98009558902413	9	0.836039912667762	0.968488080098508
ENSG00000178685.14	18.4371979510943	18	0.427219885167836	0.713591150454244
ENSG00000131115.16	34.5123178222757	30	0.260816934573803	0.545693684548054
ENSG00000181396.13	19.5467674437459	27	0.849227746657862	0.972641129508573
ENSG00000181798.3	1.48018780065206	3	0.686850466472382	0.893845827279915
ENSG00000173264.14	41.4731827095457	30	0.079338869965869	0.268283405249876
ENSG00000129667.13	62.1115443026665	30	0.000507241836796543	0.00725675069733125
ENSG00000180448.10	37.8351166841912	24	0.0360442277046703	0.156426137119674
ENSG00000177556.12	17.6940276628884	9	0.0388939459306044	0.165976709605404
ENSG00000147124.12	22.3697925851607	9	0.00777803902210397	0.0533193795417882
ENSG00000115875.19	159.435658763832	21	2.77795159002319e-23	1.49556141128143e-20
ENSG00000161202.20	16.6629744765269	18	0.54637976378957	0.807647197081432
ENSG00000143319.17	25.9177970280289	12	0.0110250052781155	0.0685144465308892
ENSG00000175879.9	4.50745252146044	6	0.608345337918541	0.848365979763974
ENSG00000138614.15	48.7292112346913	36	0.076457612879781	0.261392019434251
ENSG00000176732.7	7.00695078853744	6	0.320204872193882	0.611419756892145
ENSG00000147457.14	16.4488569421865	15	0.352863456158082	0.645234231862893
ENSG00000167767.14	2.1065848840517	6	0.909639502492076	0.991127233808207
ENSG00000149582.16	43.7259134286123	36	0.176227508295213	0.435102868054969
ENSG00000056487.16	7.02825081432096	3	0.0710027533465984	0.248218442919465
ENSG00000125733.18	9.53700928394392	24	0.996206622679644	0.99999999971812
ENSG00000157326.19	19.3301677158233	15	0.199160259057186	0.465615349090304
ENSG00000178719.17	15.4658669289202	15	0.418409246741082	0.706570065113095
ENSG00000013810.20	54.7564041048609	30	0.00378210400248184	0.0325649342099215
ENSG00000178397.13		3	1	
ENSG00000134717.18	12.8511006828485	15	0.613797745078033	0.851040259447018
ENSG00000179833.4	19.5290315550051	6	0.00335749646533476	0.0298382548600428
ENSG00000163539.17	25.8025457975955	24	0.363259446184316	0.654082468359796
ENSG00000179950.14		48	1	
ENSG00000070882.13	27.5024765548715	15	0.0248991920017332	0.12163029368946
ENSG00000009950.16	23.1127198344548	21	0.337997965918621	0.629415837134822
ENSG00000145916.19	37.1476343001341	21	0.0161888550190061	0.0905389819515653
ENSG00000178104.19		21	1	
ENSG00000117748.10	7.41444240113196	3	0.0597980279253617	0.221559452488536
ENSG00000213563.7	11.985117735212	9	0.214149597233584	0.48732730369351
ENSG00000110717.13	38.0609076742549	18	0.00380210760797207	0.032654709254363
ENSG00000133030.22	100.347748767592	33	1.01698670653605e-08	7.22413682024813e-07
ENSG00000174238.15	16.6875164515805	18	0.544678729545507	0.80676908675181
ENSG00000178952.11	13.6389417910832	9	0.135760866674137	0.372787224149766
ENSG00000177683.14	42.8400729314926	15	0.000166707677007313	0.00308993751532817
ENSG00000152455.16		12	1	
ENSG00000059769.20	9.32016373921579	6	0.156356717891593	0.405314968908542
ENSG00000139323.14		24	1	
ENSG00000168395.16	31.7749147636641	27	0.240523072785083	0.517392520918925
ENSG00000102984.15	41.7300530949342	36	0.235718052754173	0.510947226451035
ENSG00000178301.4		3	1	
ENSG00000104825.17		12	1	
ENSG00000144591.19	45.1591040847634	33	0.0771711294448672	0.263230912484166
ENSG00000177675.9		6	1	
ENSG00000181610.13	1.56988979724702	6	0.954717592710635	0.99999999971812
ENSG00000105325.14	47.2930947932691	21	0.000857461019029448	0.0108484764073189
ENSG00000136982.6	3.223773733298	3	0.358393601792905	0.650561686376648
ENSG00000168014.16		24	1	
ENSG00000116584.20	43.3285421132896	30	0.0547978374103563	0.209094628180198
ENSG00000160963.14		6	1	
ENSG00000111271.15	46.8763481511451	42	0.27930820662743	0.567211365017268
ENSG00000166444.19	118.496810051802	72	0.000462040991581302	0.00678079957372329
ENSG00000153786.13	21.5737659580082	15	0.119476992690274	0.345373693837534
ENSG00000130703.17	84.4746395340844	54	0.00502834581716521	0.0394884364699781
ENSG00000100033.16	14.1078005564474	9	0.118541894300163	0.344026379729988
ENSG00000177706.9	12.4235744016896	9	0.190469444066999	0.455213070878816
ENSG00000026103.22	21.7289077830683	21	0.415273505510657	0.704099567026108
ENSG00000010361.14		9	1	
ENSG00000178149.17	89.0252565934789	39	8.81680938251672e-06	0.000265256303452246
ENSG00000159200.18	11.919779195021	12	0.452143641128319	0.737497541415748
ENSG00000179523.5	12.4229923209723	12	0.412333858484583	0.702141341508041
ENSG00000178974.10		6	1	
ENSG00000117262.19	51.3362628064642	30	0.00897188910233956	0.0589046557303154
ENSG00000171962.18		3	1	
ENSG00000103496.15	74.6237264688352	39	0.000513556187552373	0.00731638752433597
ENSG00000064042.18	35.4073333663255	30	0.228121303082711	0.502357978306361
ENSG00000011143.18	46.1577620873886	30	0.0300143557773312	0.13823360884571
ENSG00000197976.12	7.56547730811326	6	0.27169608778583	0.558741311210546
ENSG00000197976.12_PAR_Y	27.9966166072782	6	9.41007012763232e-05	0.00198127817806886
ENSG00000138668.19	80.9155546613038	18	5.92280709949449e-10	5.71550885101218e-08
ENSG00000107614.22		21	1	
ENSG00000251669.6	32.7683541658789	27	0.204822063903285	0.474117422870945
ENSG00000213801.4		3	1	
ENSG00000143248.13	18.7506206701532	18	0.407328864608062	0.697535354797167
ENSG00000162885.14	41.0116347777876	24	0.0166080695474019	0.092122002846036
ENSG00000125945.15	4.53058241413146	3	0.20957857366199	0.480344886844834
ENSG00000175564.13	1.76105370800212	3	0.623446530595126	0.856349477837726
ENSG00000112624.12		3	1	
ENSG00000180573.9	9.08999561849123	6	0.168579684668871	0.424415848997754
ENSG00000183826.18	0.324268376001101	3	0.95540146851711	0.99999999971812
ENSG00000159259.8	0.892357113943945	6	0.989365759494181	0.99999999971812
ENSG00000181826.10	2.41603865607527	3	0.490656015285106	0.76973058157687
ENSG00000121057.13		15	1	
ENSG00000170581.14		39	1	
ENSG00000181830.9	6.21649692079518	6	0.399380288463205	0.689728342172906
ENSG00000166441.13	4.18722314713523	12	0.979815997539455	0.99999999971812
ENSG00000132141.14		9	1	
ENSG00000104763.20	34.0404506718915	33	0.41733573486088	0.705607806924288
ENSG00000188092.15	33.779589429374	21	0.0382562592287333	0.163870718446697
ENSG00000178950.17		39	1	
ENSG00000134138.20		45	1	
ENSG00000253729.8	20.8030704524208	18	0.289464573407527	0.579892894905131
ENSG00000176472.10		6	1	
ENSG00000111077.18	69.6353059883331	42	0.00467060577920111	0.0375554091981291
ENSG00000177728.17	80.8752323526132	66	0.102831886687866	0.316255973821463
ENSG00000138468.16	16.6994022866456	18	0.543855215038333	0.806245651395232
ENSG00000087269.16	3.86050363554386	6	0.69554740929621	0.898756155479929
ENSG00000063978.16	13.2912887180319	21	0.898078841293124	0.988108902612387
ENSG00000100014.20	27.6278155335622	12	0.00626865451516259	0.0462621517702886
ENSG00000180596.7	1.40457424756414	3	0.704462853256554	0.904020891476764
ENSG00000177674.16	34.8347447356791	12	0.000497540498739414	0.00716808698817671
ENSG00000074211.14		9	1	
ENSG00000049192.15		12	1	
ENSG00000120733.14	25.0173527046827	18	0.124438956349886	0.353930284198041
ENSG00000172785.18	51.9747370774567	27	0.00267055518416309	0.0254349245612703
ENSG00000136908.18	18.8899624230398	6	0.00435356229039343	0.0358267004573084
ENSG00000177692.12	8.41310909416774	6	0.209372563349891	0.480087861579475
ENSG00000163608.15	143.280151794257	36	9.7495036684956e-15	2.16799289184873e-12
ENSG00000141076.18	21.4840285650862	12	0.0437262907147459	0.179845688669536
ENSG00000147130.14	13.8172779634406	15	0.539429969476357	0.802359918245405
ENSG00000135124.15		21	1	
ENSG00000179134.15	29.517895860743	21	0.102112542622701	0.315388730856265
ENSG00000181264.9	12.1888030951432	9	0.202873583901373	0.470672236272883
ENSG00000162729.14	19.6648733585898	9	0.0200970535811139	0.105113106765555
ENSG00000179455.9	16.8716641360388	9	0.050764044711706	0.199334131806542
ENSG00000188612.12	1.09404615752283	6	0.98179462268478	0.99999999971812
ENSG00000177842.12		3	1	
ENSG00000187098.16		18	1	
ENSG00000205643.11	34.2573458865591	15	0.00313303279354945	0.0285376602361686
ENSG00000176105.14	7.69015575141293	9	0.565647179991298	0.81840892563379
ENSG00000047315.17		24	1	
ENSG00000179115.11	18.3198500320141	12	0.1063182855357	0.322998423516181
ENSG00000146463.12		15	1	
ENSG00000109111.15	25.2891504757899	21	0.234858049534217	0.510164151345403
ENSG00000178694.10	18.0951564875468	15	0.257695956459914	0.541045143396647
ENSG00000178700.9	5.1906196032603	6	0.519607661511122	0.788511256072304
ENSG00000178921.14	37.9174212282014	27	0.0791757719676071	0.267947882743291
ENSG00000142621.19		3	1	
ENSG00000135317.13	46.7535873002271	30	0.0262964912925217	0.126048176865607
ENSG00000112339.15	17.3630812661868	21	0.688875753858352	0.895477199925922
ENSG00000158062.20	28.2943519846704	42	0.947748915566558	0.99999999971812
ENSG00000177873.14		6	1	
ENSG00000165118.15	15.1320827613763	6	0.0192539136209636	0.102417203551137
ENSG00000177570.14	22.1215704257875	18	0.226632503564821	0.500487923945794
ENSG00000072134.15	33.2701993121864	33	0.454107363772655	0.739535585031352
ENSG00000140471.17	56.1217162251924	27	0.000830261385098698	0.0106558892197924
ENSG00000004700.16	25.4389687890143	21	0.228652840149827	0.503095268206621
ENSG00000196502.11	33.2025480777993	24	0.0998713645175248	0.310606320355659
ENSG00000196352.16	14.8177857315168	18	0.67443834884281	0.888680905618073
ENSG00000149292.17	24.742177767961	27	0.588908201408114	0.836275287523998
ENSG00000115368.10		18	1	
ENSG00000254093.9		15	1	
ENSG00000181789.14	31.4226863045187	15	0.00770844204836997	0.0530821074899335
ENSG00000110497.14	23.1262497261314	15	0.0814958920434346	0.273193068967822
ENSG00000177971.8	0.435495607162011	3	0.932816156855807	0.998326481219489
ENSG00000137076.21	18.0324104217871	15	0.260965481227959	0.545892823615705
ENSG00000177721.4	16.5453488480155	3	0.000876398505003151	0.0110538598121791
ENSG00000176454.14	35.6987649357834	18	0.0077098764143653	0.0530821074899335
ENSG00000176697.20	9.41079478888969	12	0.667500097240568	0.884705904464247
ENSG00000177738.4	19.7485406479027	12	0.0719947668680124	0.25014757822449
ENSG00000164306.11	47.2740465778607	30	0.0233929075574752	0.116497590752393
ENSG00000177946.6	5.58498942799861	3	0.13364276034257	0.368825505500155
ENSG00000161692.18		24	1	
ENSG00000180104.16	38.303324801127	27	0.0731920105455942	0.253275059496239
ENSG00000145901.16		24	1	
ENSG00000146063.20		21	1	
ENSG00000140983.14	68.1273004616087	57	0.148544634078517	0.394051623959841
ENSG00000101638.14	5.38797358286615	6	0.495098657622146	0.773657832083247
ENSG00000179151.13	17.8062637559087	15	0.272987824034059	0.560436566963643
ENSG00000172780.17	8.82729383880997	6	0.183526448980446	0.444989483084615
ENSG00000090905.19		36	1	
ENSG00000171865.10	49.2970347898299	9	1.4599956251075e-07	7.46714762461232e-06
ENSG00000020181.18	8.69448001464025	3	0.0336412064223916	0.149674006253295
ENSG00000092871.17	15.5902177694315	12	0.210733701734513	0.482128167086184
ENSG00000066735.14	6.16195989236621	3	0.103990966100893	0.318670938360105
ENSG00000171723.16		6	1	
ENSG00000021574.13		27	1	
ENSG00000180329.14	12.6608637881363	12	0.394164669162878	0.68488371001649
ENSG00000182010.11	13.3354278160159	6	0.0380080043658915	0.16342323524956
ENSG00000177822.8		12	1	
ENSG00000128581.17	15.2152173771319	21	0.811999931186918	0.959457117962298
ENSG00000180801.14	4.7068508886351	3	0.194565248537862	0.460270103444447
ENSG00000175895.4		3	1	
ENSG00000053900.11	41.8018172643715	24	0.0135798807199154	0.0794274753221446
ENSG00000137154.13	20.8781788125634	12	0.0521930442317539	0.202688932971378
ENSG00000168884.15	20.504688758052	15	0.153414893404087	0.400326771589389
ENSG00000243660.11	35.7712140259705	12	0.000352590988218437	0.00557442537633136
ENSG00000176871.9	53.2992737733584	24	0.000528134246546377	0.00748238948465775
ENSG00000140905.11	19.6661672567716	12	0.0736703872675927	0.254585943027097
ENSG00000136878.14	29.5887075176343	18	0.0416422160272768	0.173999908805935
ENSG00000258947.7	20.9502160962911	27	0.788614568383216	0.950145868079142
ENSG00000080802.18	46.1939343630556	18	0.000277944837566008	0.00463045235091644
ENSG00000070831.17	3.62746625264117	6	0.726940835681082	0.920201054400557
ENSG00000052749.14	37.6775713666048	18	0.00427209704741431	0.0353377075865096
ENSG00000169288.18		9	1	
ENSG00000179241.13		6	1	
ENSG00000127507.18	20.3571360754349	24	0.676295964337826	0.889956051548595
ENSG00000010292.13	28.654837733513	27	0.377832361483113	0.668427399794322
ENSG00000182196.13	55.7515231511206	33	0.00793224812428236	0.0538674623496557
ENSG00000063322.15	12.9401762521247	9	0.165331960971244	0.419061493904564
ENSG00000083642.19		9	1	
ENSG00000215041.10	70.8565490213223	39	0.0013550182655287	0.0152289142659793
ENSG00000166133.18	5.57089700654251	6	0.472929592301165	0.754391283255678
ENSG00000115459.18	53.6713166786831	42	0.106966069385201	0.324194347775176
ENSG00000157514.16	41.1886793086669	21	0.00531330968000406	0.0411118341276563
ENSG00000181744.9	11.9120392416603	9	0.218313668160618	0.491229764983494
ENSG00000117528.14	19.9911839002416	9	0.0179668898748111	0.0976013364468629
ENSG00000148303.17	12.710350740701	9	0.176156499977798	0.435102868054969
ENSG00000181817.6	1.65019310599018	3	0.648063168092375	0.870907962489935
ENSG00000122406.14	0.509780312888324	3	0.916737525309936	0.993779968944554
ENSG00000137809.17		3	1	
ENSG00000146701.12	8.90824712172616	15	0.882265817261453	0.98323818829488
ENSG00000143740.14	13.0936891205347	21	0.905306898803126	0.990605134309009
ENSG00000109625.19		21	1	
ENSG00000172878.14	11.1144273294094	12	0.519138560234172	0.788511256072304
ENSG00000175697.10	5.70408622695703	6	0.457141061082529	0.741422354941876
ENSG00000068323.17	22.4499021094271	9	0.00755738214887753	0.0525880693883458
ENSG00000071243.16	22.7988173830709	12	0.0294832922162872	0.136587226485689
ENSG00000114779.19	64.3208745841403	18	4.02539478031825e-07	1.8631567062387e-05
ENSG00000114544.16	56.1054395904212	27	0.000834178507632638	0.0106795234711951
ENSG00000178028.14	42.76016652619	33	0.118944735700706	0.344757241393005
ENSG00000180667.10		3	1	
ENSG00000060237.18	21.2484026703896	36	0.975848205548935	0.99999999971812
ENSG00000176018.13	3.71871170971281	6	0.714679691676161	0.911187656257691
ENSG00000253276.4	0.840726306935721	3	0.839703059010723	0.969104162568138
ENSG00000221914.11	34.1266210306058	36	0.557927321360569	0.815141606927851
ENSG00000107957.16		6	1	
ENSG00000153446.15		9	1	
ENSG00000065243.20	8.18090158108316	12	0.770838529051218	0.942269038439879
ENSG00000141499.17		18	1	
ENSG00000183785.15	14.6737359599335	9	0.100296638271258	0.311433213296021
ENSG00000177853.14		6	1	
ENSG00000178896.9	9.82717352606414	6	0.132121337931103	0.366650369946999
ENSG00000111877.17		15	1	
ENSG00000129680.16	14.9350336649495	18	0.66642304857414	0.883702600559561
ENSG00000198034.11	1.9124898375012	6	0.927568284647744	0.996753438771065
ENSG00000227500.10	42.6717584960788	21	0.00346086873314238	0.0305182985097529
ENSG00000123545.6	1.64906314145628	6	0.948985543879746	0.99999999971812
ENSG00000116871.15	12.8383475733572	18	0.801085448025305	0.955668860211808
ENSG00000107929.15	23.3073351844942	18	0.179054524620988	0.438694307149243
ENSG00000178999.13	74.4363477864536	33	4.89207512143622e-05	0.00114773019305438
ENSG00000065485.20	16.6506339604421	21	0.732054261752466	0.922866882997205
ENSG00000105552.15		24	1	
ENSG00000197362.15	2.36196699058132	3	0.500753718643216	0.778451335562531
ENSG00000181929.13	45.1968682228471	21	0.0016318330896511	0.0177418798973711
ENSG00000113240.13	83.7559664906548	33	2.69373285104766e-06	9.46879495991975e-05
ENSG00000139517.9	0.00585058509409464	3	0.999881189281662	0.99999999971812
ENSG00000124067.17	63.7851822434022	45	0.0339976366602423	0.150611444520407
ENSG00000138764.15	6.99990901093588	12	0.857619565985759	0.974898172411733
ENSG00000125846.15	12.6366776389855	15	0.630338030456383	0.860371773406783
ENSG00000137872.17	35.3363697138793	30	0.230607220994624	0.504815527062586
ENSG00000120885.22		21	1	
ENSG00000176542.10	5.36586084074793	3	0.146885418862385	0.390561723302142
ENSG00000176973.8	6.21297516690902	6	0.399760453003423	0.690090265033941
ENSG00000109814.12	29.2222127662426	21	0.108767965804887	0.327536115528013
ENSG00000179029.15	119.619600700054	24	1.13404752039935e-14	2.46812172046062e-12
ENSG00000171817.17	1.19740331807776	6	0.977012775999893	0.99999999971812
ENSG00000179218.14	2.38127394812182	3	0.497129990363424	0.775647143292779
ENSG00000160062.15	1.95113410476074	3	0.582610693337929	0.83152292202507
ENSG00000197302.10		24	1	
ENSG00000178381.12	25.4767173933942	18	0.112338373373795	0.334622189035432
ENSG00000220205.9	19.2147232699426	9	0.0234278032980185	0.116614598508726
ENSG00000081760.17	29.8697042485546	15	0.0124000990742829	0.0741757973279767
ENSG00000118513.19		6	1	
ENSG00000144061.14	24.3910046580986	21	0.274501440341654	0.561575046650955
ENSG00000125779.22		27	1	
ENSG00000115694.15	36.8920705550845	42	0.694302502773707	0.898756155479929
ENSG00000168259.17	20.5436999195517	27	0.807182749842154	0.95740634834594
ENSG00000197062.11	23.7035030742572	15	0.0703026298014226	0.246698319121356
ENSG00000176055.10	2.0959028353027	3	0.552742092289233	0.81119065452318
ENSG00000177885.15	12.709347823904	12	0.390515689518254	0.682368463970314
ENSG00000166147.14		6	1	
ENSG00000170312.16	62.9113324935315	12	6.616405943217e-09	5.16635239642493e-07
ENSG00000176974.20	14.76490941667	21	0.834560531148481	0.968488080098508
ENSG00000163629.13		18	1	
ENSG00000173171.14	24.8751182299602	15	0.0516459172824868	0.201320602468831
ENSG00000146574.15	39.1365695074637	18	0.00273172146641693	0.0257537132534366
ENSG00000140025.16	22.2229684291015	18	0.222236343040505	0.495694625591218
ENSG00000162927.14	10.5120870814017	9	0.310639271379	0.602146884012847
ENSG00000011132.12		21	1	
ENSG00000105053.11	91.5921924434697	51	0.000421494620661339	0.00636849110006623
ENSG00000177879.17		9	1	
ENSG00000180914.10		3	1	
ENSG00000131899.11	1.26412522537248	3	0.737669003479651	0.926578178254854
ENSG00000179262.10	65.6741705998429	15	2.60225409661086e-08	1.65332032013866e-06
ENSG00000121060.18		12	1	
ENSG00000043514.17	79.1153790900571	30	2.64577129719152e-06	9.3887376576658e-05
ENSG00000067221.14	23.2983718744044	18	0.179383225181186	0.438763991003911
ENSG00000092068.20	20.1970036432697	9	0.0167347926191178	0.0925012444278978
ENSG00000034152.19	30.8358081634306	24	0.158573540024078	0.40891620064921
ENSG00000174996.12	32.9472252880587	21	0.0468055941589946	0.188271499273439
ENSG00000146826.17	42.503658438487	18	0.000940062571196177	0.0116134058463354
ENSG00000120992.18	24.3755547694746	24	0.440298229932767	0.726886971670561
ENSG00000225151.10	42.4663359445003	18	0.000951479974407042	0.0116838999498315
ENSG00000181690.8	0.962221095341704	3	0.81039223768857	0.958767314285956
ENSG00000147548.17	49.5570915185344	18	8.80424893016479e-05	0.00190398863227602
ENSG00000177483.11		6	1	
ENSG00000112305.15	4.83538949424201	9	0.84841514029804	0.972641129508573
ENSG00000180346.3	8.96553892519569	3	0.0297525914693117	0.137213371568796
ENSG00000141971.13	23.8665645034707	21	0.299568714007384	0.590535435648783
ENSG00000176476.9	29.5290120713544	15	0.0137378557587198	0.080208063102708
ENSG00000069345.12	13.731724709738	9	0.13219342695909	0.366650369946999
ENSG00000172831.14	50.560207847313	21	0.000304710138987485	0.00498079673611452
ENSG00000177337.8	26.6738117755667	15	0.0315091713819664	0.14299348450139
ENSG00000138303.18	55.4264109721989	42	0.0801904112324325	0.27009120247936
ENSG00000125107.18	90.9708011251933	36	1.18516547225168e-06	4.76423799707122e-05
ENSG00000152443.13	19.3817604814831	12	0.0797225650217097	0.269224865502499
ENSG00000104529.17	136.239346856484	42	6.96212434925559e-12	9.37046973270203e-10
ENSG00000105997.22	2.20619967148241	3	0.530728261843593	0.796248077207116
ENSG00000179388.9		3	1	
ENSG00000188321.13	52.1803960085981	30	0.00728257936357188	0.051092938484209
ENSG00000144218.19	1.20093724640211	3	0.752779530035015	0.932757251939272
ENSG00000172006.12	12.0464983171032	9	0.210700630874158	0.482128167086184
ENSG00000108387.15	9.82292932008727	9	0.365009494209595	0.655491944569864
ENSG00000179094.16	72.4830325213461	33	8.74999034381626e-05	0.00189626379718001
ENSG00000135392.17	20.4326910646923	9	0.0154220154665782	0.0873487243674578
ENSG00000066923.17	17.4915221525403	15	0.290339650368596	0.580879921833858
ENSG00000170525.21	20.8974670205917	21	0.465221141430664	0.748819363602559
ENSG00000015475.19	11.548856647627	12	0.482556670878781	0.762916875798926
ENSG00000100280.16	7.26422358248237	12	0.839669953517572	0.969104162568138
ENSG00000181856.15		6	1	
ENSG00000125046.15	19.1070500013875	12	0.0859775649491202	0.283423948393345
ENSG00000107742.13		6	1	
ENSG00000181029.9	10.7947367262677	9	0.290041575727676	0.580821315215034
ENSG00000178295.15	39.429942674109	18	0.00249394561249305	0.0241577364301055
ENSG00000011454.18	24.8783422152319	18	0.1283041586988	0.360654916001655
ENSG00000154240.17		12	1	
ENSG00000177943.14	3.35186029155921	9	0.948698382067381	0.99999999971812
ENSG00000176715.17	39.4592619398318	36	0.317975131208463	0.609927181444286
ENSG00000149743.14	54.2173671960045	33	0.0113956999861178	0.0696404101570987
ENSG00000132854.19	14.8222208465886	9	0.0959364521124439	0.302694006372051
ENSG00000176894.10	11.1284416155686	12	0.517944503803165	0.787931934771352
ENSG00000112210.12	0.282699427064472	3	0.963248719757676	0.99999999971812
ENSG00000148824.19	41.7825090643528	21	0.00448061486978071	0.0365779804493111
ENSG00000141084.11		18	1	
ENSG00000140332.17	58.3818817734573	39	0.0236993337912845	0.117626703653828
ENSG00000062582.14	1.91649196040817	6	0.927216278245185	0.996676833631703
ENSG00000163867.17	29.2386757852555	21	0.108388227731826	0.326826275836591
ENSG00000139624.14	112.270868549378	48	4.58523430656833e-07	2.08454940986166e-05
ENSG00000101871.16		9	1	
ENSG00000247077.7	7.93181178422674	9	0.541032333567236	0.803825893197682
ENSG00000126391.14	32.6765925394229	15	0.00520177982946433	0.0405247569501833
ENSG00000177045.10	3.43385317645516	9	0.944589495331243	0.99999999971812
ENSG00000099968.18	24.1413632944459	27	0.622463500800145	0.856152288304328
ENSG00000115310.18	7.56313116688398	6	0.271887162998603	0.55893249334148
ENSG00000138835.22	25.6881220847877	21	0.218591305721565	0.491638185185991
ENSG00000128789.21	9.23206915764604	12	0.682991225915361	0.893372906519288
ENSG00000155066.16		3	1	
ENSG00000126773.13	19.0439194321298	21	0.582322592128587	0.831343725733889
ENSG00000172058.15	9.13153075081937	9	0.425222483087755	0.711882287971301
ENSG00000178307.10	10.6121933273098	9	0.30323003324281	0.594658744256271
ENSG00000163072.16	7.56299400838364	6	0.271898336774582	0.55893249334148
ENSG00000214078.12	93.4150530628976	54	0.000700188244080709	0.00941159730446987
ENSG00000177051.6		6	1	
ENSG00000177981.11		30	1	
ENSG00000176014.13	43.7025937606959	18	0.000636109895395143	0.00877197872738871
ENSG00000128536.16	37.5789134121931	18	0.00440169484505656	0.0360776735337208
ENSG00000176771.17	9.44597961093586	9	0.397164974693163	0.687643961769866
ENSG00000179314.14	26.978533313657	12	0.00778236715767815	0.0533193795417882
ENSG00000138029.14	31.732152538927	6	1.83642324951278e-05	0.000507696578899087
ENSG00000179111.9	17.8410333565844	6	0.00664198614182557	0.0479469839412376
ENSG00000125703.15		12	1	
ENSG00000181322.15		3	1	
ENSG00000005022.6	1.3758862093091	6	0.967308854004718	0.99999999971812
ENSG00000108469.15	28.7836672778503	33	0.677179673762518	0.890572240025302
ENSG00000018699.13	10.3096516184905	6	0.11220310209332	0.334418861105062
ENSG00000134504.14	4.89541580685	9	0.843328126401869	0.970432988638355
ENSG00000178449.9	4.25228759640595	6	0.642576851427353	0.868992590659211
ENSG00000109881.17	3.82387706093868	6	0.700496321659378	0.901702844904008
ENSG00000163110.15	51.6395116680069	18	4.24946404825169e-05	0.00103004188980015
ENSG00000089351.14	33.1624729271935	30	0.315534574933323	0.607377336656561
ENSG00000132024.17	25.6121100566306	21	0.221626788344937	0.495178298410959
ENSG00000166887.16	40.2207086655344	27	0.048850962024668	0.194132280711083
ENSG00000002834.18	6.88697980163852	6	0.331425911490299	0.621704685243768
ENSG00000214013.9	20.4713694667735	30	0.903687440309401	0.990139179714077
ENSG00000163961.4		3	1	
ENSG00000137070.18	22.9577186037523	21	0.346236921473596	0.638827104933876
ENSG00000217930.8	39.8668363106553	21	0.00771895288052783	0.0530821074899335
ENSG00000177889.10	5.29624433902791	12	0.947345233124716	0.99999999971812
ENSG00000095321.17		15	1	
ENSG00000176909.12	4.86839118303232	3	0.181691776325728	0.442400661755742
ENSG00000175662.18	27.5157482349923	21	0.154426991049154	0.402147070122656
ENSG00000258366.9	79.9882822076688	30	1.98330207698225e-06	7.3504336758882e-05
ENSG00000181896.12	8.55899256494286	9	0.478936481719625	0.759070540983892
ENSG00000181938.14	24.2160204862557	12	0.0190074537148295	0.101551413528808
ENSG00000116406.19		12	1	
ENSG00000137106.18	46.4212744578254	21	0.00112285792234322	0.0132323890410701
ENSG00000180769.10	4.21739419408365	3	0.238926156323719	0.514846356232426
ENSG00000149091.15		45	1	
ENSG00000176658.17		9	1	
ENSG00000142794.18		21	1	
ENSG00000179148.10		3	1	
ENSG00000177576.12	13.6305172351149	6	0.0340471199119491	0.15061436697429
ENSG00000143365.19	9.9746546596225	12	0.618184283020336	0.854168179253682
ENSG00000186260.17	12.4771423554084	12	0.408159429770941	0.698287808517637
ENSG00000177406.5	9.9275141357175	9	0.356385204534619	0.648583612138743
ENSG00000174483.20	80.8176453226934	45	0.000834190952535427	0.0106795234711951
ENSG00000139433.11	2.79826132000107	3	0.423786214724376	0.71064085088781
ENSG00000163126.15	2.76647764226777	6	0.837533621526357	0.968488080098508
ENSG00000163950.13	12.264364018949	9	0.198812711330956	0.465264123535243
ENSG00000122952.17	59.0430861672212	15	3.68074355887777e-07	1.71919296181556e-05
ENSG00000178127.13	2.6516668155673	3	0.448503596987856	0.734861972383273
ENSG00000164961.16	20.1019522593379	18	0.327109173153831	0.617685016095723
ENSG00000103855.18	15.9970599528169	21	0.769816280104165	0.941650622371468
ENSG00000176463.14	43.8292990911577	27	0.0215327678741292	0.110159086306089
ENSG00000112357.13	12.7863818308661	6	0.046556464115848	0.187343065083009
ENSG00000151332.19	31.1157197867597	24	0.150474018199163	0.396190149847938
ENSG00000105976.15	4.61505596035568	9	0.866492020898274	0.976843836153154
ENSG00000147394.18	31.0081072085354	12	0.00196441439825301	0.0202560432255343
ENSG00000143924.19	6.78755760635977	9	0.659226799201235	0.879213253350052
ENSG00000086102.19	9.02450676668013	9	0.435015078952504	0.721545199060347
ENSG00000097007.19	9.98066563120119	6	0.125468596578516	0.355911889739777
ENSG00000168484.12	29.6481526620178	21	0.0992896935914698	0.309739028895134
ENSG00000177106.16	59.5848287671033	60	0.490843636530833	0.76973058157687
ENSG00000005102.14	1.29840071951367	6	0.971745814824692	0.99999999971812
ENSG00000181027.11		27	1	
ENSG00000181035.14	9.1988938192485	12	0.685854921046087	0.893480640267502
ENSG00000175899.15	6.78455309152878	9	0.659539106980337	0.879213253350052
ENSG00000070756.16	36.4765477749752	24	0.0493089394161137	0.195496566390476
ENSG00000180834.8	2.35818259018333	3	0.501466385065687	0.779052643525697
ENSG00000169239.13	24.5211661650319	15	0.0567553663371354	0.213594791119411
ENSG00000175938.7	4.10290743038058	3	0.250564253316058	0.530976123300178
ENSG00000177058.12		39	1	
ENSG00000105778.19	32.6730861605538	18	0.0182761936856003	0.0985488588350056
ENSG00000146776.14	17.8952311315188	18	0.462574360336399	0.746556189946517
ENSG00000178026.13		15	1	
ENSG00000114861.22	96.6085188938014	57	0.000824007834334	0.0106155870748142
ENSG00000111906.18	23.0023808808546	24	0.519657543768459	0.788511256072304
ENSG00000143061.18	0.264699675909469	3	0.966524778579502	0.99999999971812
ENSG00000165861.14		12	1	
ENSG00000179021.10		6	1	
ENSG00000143633.13	54.1435690586804	21	9.4134440760726e-05	0.00198127817806886
ENSG00000179091.5	4.31344501132844	9	0.889598399499347	0.985562875390319
ENSG00000180530.11		6	1	
ENSG00000133789.15	7.01478197648794	9	0.635580315105631	0.864081744180688
ENSG00000178038.17	13.8271199648759	15	0.538679168847346	0.801869483233873
ENSG00000143624.14	45.2811192217923	21	0.00159069122923635	0.0173837399400199
ENSG00000111679.17	0.144902992916343	3	0.985951369299563	0.99999999971812
ENSG00000175826.12	19.9064311473776	21	0.527194776378551	0.794059833752237
ENSG00000164418.20	9.12109202174977	6	0.16688160059133	0.421385310404522
ENSG00000137343.18	57.868281555966	27	0.000498424609531607	0.00717072479732604
ENSG00000179409.11	10.5396824938107	12	0.568724001754981	0.820750255918694
ENSG00000177156.11	15.0842200216139	18	0.656176328634045	0.876865494145238
ENSG00000178537.10	11.1101624608928	9	0.268233408494553	0.554518903696601
ENSG00000172890.13	32.8687216601393	57	0.995697214375674	0.99999999971812
ENSG00000127578.7	2.94748996382614	3	0.399792248566931	0.690090265033941
ENSG00000179933.6	0.622380912922381	3	0.891290201237523	0.986195564239197
ENSG00000175727.14	23.9136745055675	18	0.157876340500693	0.407533059525211
ENSG00000204859.13	22.8612206211983	21	0.351422289210086	0.644326688713025
ENSG00000121749.15	49.2056560853889	33	0.0345562898605657	0.152032812466119
ENSG00000188878.19	30.4804476996105	27	0.293003704487698	0.584009729149945
ENSG00000176142.13	45.259352185567	30	0.0365088341682852	0.158241044367538
ENSG00000068724.17		33	1	
ENSG00000166938.13		30	1	
ENSG00000107186.16	20.0176500518992	15	0.171256657070324	0.428204435388008
ENSG00000181104.7	5.76867573950767	3	0.123423358265051	0.352259355941184
ENSG00000116212.15	4.35759467067692	9	0.886341211408516	0.984685680347382
ENSG00000153714.6	1.07378033855139	3	0.783407084207811	0.948198438007496
ENSG00000114745.13		54	1	
ENSG00000179958.9	0.843920314349816	3	0.838935561308089	0.969000887152263
ENSG00000179965.12	5.6225739401998	9	0.777017162895708	0.945865590772367
ENSG00000090530.10	10.7319462819432	18	0.905383458857652	0.990605134309009
ENSG00000175832.13	19.097351923212	18	0.38585172328344	0.677575498277478
ENSG00000164543.7	49.7442850733169	6	5.28991710813535e-09	4.22738766399347e-07
ENSG00000128886.12	16.1017824739074	12	0.18661859489991	0.448881880676799
ENSG00000177663.14	4.77072531135082	9	0.853819180801861	0.973720026384765
ENSG00000175931.13	36.674039647859	12	0.000252274298961945	0.00425125832632905
ENSG00000142784.16	14.7682727114143	9	0.0975009707688558	0.305897104727236
ENSG00000134954.14	12.1879305551047	12	0.430707238202288	0.717541423382932
ENSG00000175782.11	7.07488844054024	12	0.852625155631819	0.973540746130333
ENSG00000125633.11	20.6365505390077	12	0.0559627010186454	0.211702096420016
ENSG00000124253.11	3.12797616587821	3	0.372311543545829	0.663479926642907
ENSG00000176783.15		24	1	
ENSG00000180398.13	63.3213032550411	27	9.52348806170641e-05	0.00200032360129764
ENSG00000141447.18	36.6096164037554	36	0.440381314681241	0.726886971670561
ENSG00000168591.16	58.5318495920074	33	0.00401332731424543	0.0338316639680204
ENSG00000137203.14	65.7508236135473	33	0.000598803276356488	0.00837915008734681
ENSG00000124787.14	18.4340007330102	12	0.103134148603925	0.316709458441773
ENSG00000178425.14	10.0558364461976	9	0.345983882599207	0.63847539872042
ENSG00000133619.17		15	1	
ENSG00000179588.9	11.9520699083901	9	0.216024884760764	0.489959766345422
ENSG00000152767.17	44.7152860259812	30	0.0410204970497384	0.172249041182995
ENSG00000166839.17	19.4894344323493	15	0.192405277941034	0.458233664274468
ENSG00000049618.24	45.5595933362693	48	0.573394911331913	0.824003448723538
ENSG00000067225.18	18.4559858837165	12	0.10253036452006	0.315993702523561
ENSG00000176809.10	54.7570550311411	24	0.000337518193031066	0.0053693213009561
ENSG00000104880.18	8.31965659533125	9	0.50228106917314	0.779508325676634
ENSG00000122257.20	68.716370750979	24	3.41524062643812e-06	0.000114916106473143
ENSG00000107164.16	24.9096199914129	12	0.0152570112378469	0.0866059755560133
ENSG00000158850.15	33.2230500014048	30	0.312944332660302	0.603982562034383
ENSG00000126746.17	57.3923282747201	36	0.0131874314031046	0.0775254228864118
ENSG00000213020.10	37.4906681056982	24	0.039066559194357	0.166643800666838
ENSG00000177707.11	13.3170564313186	12	0.346423032678356	0.63893999301603
ENSG00000055917.15	24.9475483495407	18	0.126367830259076	0.357315118534604
ENSG00000127334.11	6.39952842141929	6	0.379952953064623	0.670208442300056
ENSG00000165406.16	2.80435371232215	6	0.832971423076934	0.968124609323254
ENSG00000196387.9	43.6781739290655	24	0.00831408611598004	0.0558403065530925
ENSG00000164403.14	26.2749394934799	18	0.0936356657705161	0.298444024449509
ENSG00000177225.17	111.340935003886	39	6.980369955247e-09	5.36858678738508e-07
ENSG00000101574.15	17.4877791992512	15	0.290550321300328	0.580882605833302
ENSG00000173821.19	86.1207180733181	42	7.10747020718074e-05	0.00157705667568876
ENSG00000181751.10	3.3430411397967	6	0.764721574770415	0.938830651503429
ENSG00000137955.16	127.307028456533	33	5.22583510021421e-13	8.62178503872438e-11
ENSG00000050438.17	5.97024285305372	6	0.426531755900109	0.713064714575918
ENSG00000178074.6		3	1	
ENSG00000032742.17	12.1648148999539	15	0.666513399483529	0.883702600559561
ENSG00000120694.20	16.6643969099969	21	0.731238199161746	0.922455589598185
ENSG00000165630.14	0.860487413254305	3	0.834951085628154	0.968488080098508
ENSG00000139436.21		39	1	
ENSG00000115295.20	10.7501107289372	18	0.904658332171701	0.990407451993019
ENSG00000176845.13		9	1	
ENSG00000260238.6	7.57520570713405	6	0.270904910883881	0.557450479467154
ENSG00000099256.19	3.2840009475949	6	0.772449705864023	0.942661422248042
ENSG00000197312.12		6	1	
ENSG00000180035.13	0.77244033899683	3	0.856046938383691	0.974503338818654
ENSG00000112773.16	2.78859543124781	6	0.834874090710551	0.968488080098508
ENSG00000164053.21	124.347290668627	24	1.62055009614425e-15	4.1441517333649e-13
ENSG00000180776.16	26.7480863870806	15	0.0308571528264195	0.14084384935825
ENSG00000177542.11	37.8940301830116	30	0.152489361884401	0.399177439176776
ENSG00000176678.6	11.193441176646	3	0.0107245589142752	0.0672190644204171
ENSG00000119408.17	31.6862425763029	12	0.00154666427493929	0.0170299557248159
ENSG00000176681.14	8.65173564369434	6	0.194132180976341	0.459670851668284
ENSG00000085365.18	22.6676987719275	15	0.091454603892492	0.294469280930854
ENSG00000026652.15	13.7070178146805	9	0.133135502021725	0.367966238903059
ENSG00000040633.13	14.5581617529315	21	0.844452088112077	0.971096167430965
ENSG00000018610.15	9.72839531999853	9	0.372917367585326	0.663917266259954
ENSG00000132376.20		42	1	
ENSG00000106462.11	28.4605744250584	21	0.127565808586273	0.359369500421092
ENSG00000125454.12	42.0415323492125	36	0.22563552384318	0.499649740922185
ENSG00000138434.17	46.9226326439821	36	0.105102780644551	0.320637143815424
ENSG00000083123.15	5.59666284927334	6	0.469851525640421	0.752440810945697
ENSG00000138380.18		18	1	
ENSG00000197961.11	0.377331115005745	3	0.944884499458483	0.99999999971812
ENSG00000180900.20	25.2200030129898	21	0.237761363214053	0.513427460133261
ENSG00000107863.18	83.052729637282	39	5.06367024010091e-05	0.00117986976961258
ENSG00000130723.20	36.1137728765607	24	0.0535078440543286	0.206151313307619
ENSG00000177119.16	2.03835487793003	9	0.99084643601507	0.99999999971812
ENSG00000177084.18	40.3932899867868	36	0.28231449853125	0.570936141849775
ENSG00000175115.13	33.6862550630904	27	0.175358219355078	0.434109202754864
ENSG00000110172.12		24	1	
ENSG00000099904.16	7.79470704151026	12	0.800960520651179	0.955668860211808
ENSG00000186187.12	57.6773925839316	21	2.85049693983761e-05	0.000728943329939974
ENSG00000181019.13	20.0078976640943	15	0.171629934689895	0.428772858904127
ENSG00000110047.18	21.734563052516	18	0.243983193010644	0.521910202891487
ENSG00000179841.8	0.0227567845268482	3	0.999093177812668	0.99999999971812
ENSG00000129636.13	11.810075495996	15	0.693344296478163	0.898317771839788
ENSG00000145687.16	24.5394224257034	21	0.267662403201615	0.554010263526774
ENSG00000147274.14	198.78564717999	18	1.7522722673669e-32	1.62945391117236e-29
ENSG00000145675.15		3	1	
ENSG00000167968.13		9	1	
ENSG00000115419.13	51.4388078939883	36	0.0459021645797376	0.185637832979233
ENSG00000174516.15	5.77713101499512	6	0.448613513248206	0.734924347696332
ENSG00000139263.12	24.8117050866526	12	0.0157407834214691	0.0886632563976916
ENSG00000111196.10	17.3088138906751	21	0.692224903616195	0.897722453911504
ENSG00000129250.12	4.77825976539316	9	0.853193648360924	0.973645194813578
ENSG00000176953.12	20.0420151773724	18	0.330459220711941	0.620918316901566
ENSG00000153071.15	90.8178149973101	30	4.93378943555586e-08	2.83526585035399e-06
ENSG00000178988.11	15.2163202036099	3	0.0016408159682871	0.0178173105516016
ENSG00000131043.12	4.09796138410457	6	0.663421402608852	0.881490807828266
ENSG00000180879.14	0.453139916295186	3	0.929058932585386	0.997549140608011
ENSG00000175711.8	26.1762054602514	18	0.0957967423558334	0.30253315145348
ENSG00000206172.8		9	1	
ENSG00000101596.16	25.1055623404536	27	0.56854605424989	0.8206441819428
ENSG00000151692.15		3	1	
ENSG00000049656.14	56.1838333795313	27	0.000815473771281187	0.0105362654419922
ENSG00000179010.14	1.42699601443019	6	0.964195651480203	0.99999999971812
ENSG00000160613.14	13.9449463445708	27	0.981786315472014	0.99999999971812
ENSG00000099622.14	136.049472578015	48	2.34792733657741e-10	2.4507090536582e-08
ENSG00000170275.15	7.70914523489773	6	0.260195815457015	0.544839917361271
ENSG00000117906.14	0.621621767379111	6	0.996028998442494	0.99999999971812
ENSG00000148516.21		15	1	
ENSG00000176842.15	1.72802207925383	3	0.630721921337255	0.860371773406783
ENSG00000180957.18		18	1	
ENSG00000005436.14	29.9489236087993	24	0.186450427695595	0.448858890303188
ENSG00000105618.14	13.9653761754307	18	0.731345543282736	0.922455589598185
ENSG00000177302.15		42	1	
ENSG00000004961.15	9.80838793206203	6	0.132956610149009	0.367729998883798
ENSG00000256061.7		9	1	
ENSG00000131373.15	20.0158190979964	24	0.695876187870442	0.898979227800802
ENSG00000179104.9	2.20950023959472	3	0.530079545243352	0.795794131969913
ENSG00000010244.18	52.1905230789707	21	0.000179435656056627	0.00326011958401996
ENSG00000104660.19	39.3400335628685	18	0.00256463099355112	0.0247297685276119
ENSG00000114503.11	23.1103566967213	24	0.513291352013661	0.784469929739689
ENSG00000180902.18		18	1	
ENSG00000175866.15		33	1	
ENSG00000168010.11	52.7332656644135	24	0.000627204744763902	0.00868373660738402
ENSG00000175768.13	5.03988155524712	6	0.538708289058869	0.801869483233873
ENSG00000181061.14	22.3002180934855	12	0.0342896396952294	0.15118479501832
ENSG00000161956.13	26.0182785125071	21	0.205752942871305	0.474937041474106
ENSG00000082212.13	26.2453686297595	24	0.34083332823883	0.632852444101469
ENSG00000071967.12		12	1	
ENSG00000013441.16	72.2475438493493	33	9.37903833403432e-05	0.00198127817806886
ENSG00000065978.19	7.51246867515147	9	0.583921823620315	0.832233012931894
ENSG00000180096.12		9	1	
ENSG00000120438.12	31.5376157055725	15	0.00743804390986269	0.0519751424776336
ENSG00000179562.3	2.19540144985967	3	0.532854710084154	0.797800179954743
ENSG00000166128.13		9	1	
ENSG00000164466.13	22.4749042280018	24	0.55094413029939	0.810546708620006
ENSG00000166435.15		27	1	
ENSG00000110011.13		27	1	
ENSG00000177311.11	29.9102688563507	36	0.752649016554319	0.932757251939272
ENSG00000175611.12	31.0317647780503	18	0.0285446240708879	0.13350844061322
ENSG00000145725.20	93.7431885916922	36	4.85846473212705e-07	2.18930553942412e-05
ENSG00000143450.17		18	1	
ENSG00000158828.8	0.838105291404645	3	0.840332697572012	0.969410529318158
ENSG00000141756.19	28.7484400839021	21	0.120173147562432	0.346560791208378
ENSG00000175764.14	6.79262074257576	9	0.6587004725206	0.878839130789621
ENSG00000166762.19	49.5134297552431	24	0.00163213500668943	0.0177418798973711
ENSG00000176095.12	28.1201598332191	9	0.00091074928264564	0.0113786919927783
ENSG00000168490.14	4.86517356290096	6	0.56121846875378	0.816741570448413
ENSG00000177303.10	24.9834081746712	9	0.00298958911753699	0.0274890386230776
ENSG00000180998.12	5.21966491384956	6	0.515963999819801	0.786439540181306
ENSG00000176946.12	8.67273777063383	9	0.468015047701541	0.751070900994518
ENSG00000164506.14	13.3822397743204	9	0.146059250604788	0.389861591928555
ENSG00000176834.14	27.200862254278	33	0.75082523663163	0.931948955891874
ENSG00000010327.10	5.64188218837316	6	0.464476836902823	0.748092200390329
ENSG00000175756.13	4.49135356250918	12	0.972853033422528	0.99999999971812
ENSG00000177096.9		3	1	
ENSG00000185015.8	2.95062545505425	6	0.815017876133809	0.960532393906745
ENSG00000076382.17	79.8289455179911	33	9.35945682653329e-06	0.000279119194981367
ENSG00000176731.12	25.9558227953239	24	0.355410349588329	0.647922378531281
ENSG00000213516.10	18.8323814007315	6	0.00445628211480713	0.0364374978036468
ENSG00000136153.20	53.2916709578713	36	0.0316945220096672	0.143389325801365
ENSG00000109332.20		42	1	
ENSG00000244165.2	3.00848527492281	3	0.390318763072142	0.682167843990583
ENSG00000179240.12	8.08816299981595	9	0.525286545319992	0.792384024786638
ENSG00000181513.15	36.9250820509114	30	0.179337533879721	0.438761543180278
ENSG00000177169.10	11.9325222914886	15	0.684129271851133	0.893433455012014
ENSG00000137411.19	64.724944682981	33	0.000793203319205947	0.0103325648267788
ENSG00000123352.18	20.5728791472648	21	0.485278749078814	0.765327832921244
ENSG00000140632.17		27	1	
ENSG00000155962.13		3	1	
ENSG00000130669.17	27.6898879818546	18	0.0669339272547511	0.238062288556624
ENSG00000163322.14	12.233184172961	12	0.427138787140971	0.713591150454244
ENSG00000105662.16	5.99736616586188	9	0.740181869034232	0.927129608895429
ENSG00000176208.9	1.9750007894595	3	0.577611563976216	0.827621331826966
ENSG00000167186.11	20.566634417286	27	0.8061559987154	0.957329514147295
ENSG00000177697.19		21	1	
ENSG00000177700.6	0.78449735493632	3	0.853171354505033	0.973645194813578
ENSG00000119335.17	26.3045740674716	15	0.0349406152197383	0.153130913917182
ENSG00000179981.11		6	1	
ENSG00000067836.13	54.1984582339137	30	0.00436884795874332	0.0359032064894626
ENSG00000177192.14	25.4238372652108	21	0.229274267198533	0.503692517164282
ENSG00000162813.18	36.0737916976941	24	0.0539891618144297	0.207458728850414
ENSG00000105568.18	10.7294713704032	12	0.552234279312217	0.811143659259717
ENSG00000146729.10	12.3785982250774	18	0.827087773490266	0.966408314447266
ENSG00000090097.21	33.3042727649099	30	0.30949061260847	0.60094523089826
ENSG00000115641.19	13.9488333742775	21	0.871787024390164	0.978226137833149
ENSG00000141279.16	39.9887112579891	36	0.297457293029241	0.58830058979043
ENSG00000025423.11	21.0075586036655	18	0.279031878548421	0.566762725510682
ENSG00000111641.12	65.6588694633974	30	0.000180536897826814	0.00327431192884837
ENSG00000198755.11	12.3568172189407	6	0.0544659295590979	0.208378267465591
ENSG00000072501.19	12.807786504316	15	0.617141569954391	0.853188419930189
ENSG00000169026.13	12.5586731485844	6	0.0506048311115207	0.199091083630671
ENSG00000108039.18	27.6929329081904	36	0.83796320177025	0.968862393004169
ENSG00000033178.13	5.71506028832482	6	0.455853889223751	0.740853103411146
ENSG00000177150.13	21.495193435554	15	0.121739741654764	0.349770165131985
ENSG00000071889.17	51.823189886316	39	0.0820466564992381	0.274304938856925
ENSG00000122550.18	15.5236872607929	15	0.414393390820988	0.703412757318153
ENSG00000023171.18	47.3567354868137	30	0.0229591762124261	0.115122261508287
ENSG00000176101.12	16.0014032334148	9	0.0668522903748158	0.237854635910953
ENSG00000136709.12	4.39360692069749	9	0.883651837867557	0.983325846603206
ENSG00000109083.14		33	1	
ENSG00000180011.7	17.8379490400548	9	0.0371008489534215	0.160206406325675
ENSG00000143452.16	26.7136394120262	12	0.00849469225661213	0.05686662767859
ENSG00000039650.12		48	1	
ENSG00000178741.12	13.7955505610444	15	0.541088222625866	0.803825893197682
ENSG00000102189.17		3	1	
ENSG00000214184.3	3.95113539046918	3	0.266789198501636	0.553204812500623
ENSG00000167565.13	6.15691285331013	9	0.724116869916735	0.918220742858447
ENSG00000178951.9	1.58167246487028	3	0.663552568215627	0.881490807828266
ENSG00000164169.13	8.41778171896931	6	0.209064808854326	0.479497271154895
ENSG00000179632.10	7.26124262412486	12	0.839877642112283	0.969104162568138
ENSG00000178338.11		9	1	
ENSG00000180901.11	12.9619836929724	9	0.16433401872266	0.417840586008971
ENSG00000111799.21	16.7988354812151	15	0.331031617195322	0.621418278424842
ENSG00000151689.13	37.895755102787	18	0.00399823154454748	0.0337720152511776
ENSG00000087365.16	22.1520122367219	24	0.570194091345105	0.821740368906415
ENSG00000178105.11	31.6167667570116	12	0.0015851604101855	0.0173418244233021
ENSG00000037749.12	11.8964682832375	15	0.686848130879917	0.893845827279915
ENSG00000178188.14		36	1	
ENSG00000175792.12	1.68658041476738	6	0.946152574987861	0.99999999971812
ENSG00000178691.11	6.65711254643247	6	0.353723820966952	0.646229856165557
ENSG00000172943.20		27	1	
ENSG00000178567.8	4.55305583091376	3	0.207606369977848	0.477644075236933
ENSG00000115053.16	32.6833856358426	18	0.0182241815375561	0.0983721123734361
ENSG00000154957.14		12	1	
ENSG00000173436.15	13.3770190099021	18	0.768706465674359	0.941012259141099
ENSG00000159840.16	9.09702556362026	12	0.69462157454579	0.898756155479929
ENSG00000167792.13	48.525634468504	42	0.226604801140168	0.500487923945794
ENSG00000178209.15	12.2287352092681	21	0.933235892079726	0.998403167775846
ENSG00000005238.20	23.9983892386144	15	0.0651208449361285	0.234302188832803
ENSG00000147905.18		12	1	
ENSG00000180209.12		3	1	
ENSG00000117335.20	57.6458267191192	36	0.0124611531920943	0.0744104705206847
ENSG00000165891.16	0.833699961866387	3	0.841390615836031	0.969844761955952
ENSG00000113615.13	6.17316840358944	6	0.404074054930612	0.69431774027973
ENSG00000134265.13	37.2211849157175	18	0.00490357407798355	0.0388525633181206
ENSG00000072778.20	101.807063201908	63	0.00142065395990687	0.0158992006081919
ENSG00000198026.8	6.37697178536109	9	0.701676480875071	0.902431546657179
ENSG00000119328.12	4.578481307537	6	0.598894021450158	0.842462693028601
ENSG00000177374.13	4.29370345870723	6	0.636996789173091	0.864875515289072
ENSG00000137831.15	35.9603058606544	21	0.0220907508162466	0.112030882548035
ENSG00000154065.17	21.259972814365	21	0.443168903472608	0.728923414314409
ENSG00000128567.17	8.48628271217967	12	0.746068812838592	0.92954176449768
ENSG00000134419.15	0.129934954922646	3	0.98801765654006	0.99999999971812
ENSG00000196998.19	65.3798612538667	45	0.025146221490857	0.122427748514981
ENSG00000189306.11	1.79893560094934	6	0.937230669549981	0.999496817939324
ENSG00000177427.13		21	1	
ENSG00000105204.14	16.3113624814378	12	0.177387652906111	0.436644900379078
ENSG00000138814.17		9	1	
ENSG00000084693.16	23.2552022248055	24	0.504777504921702	0.780436683470993
ENSG00000127399.15	3.61332366205897	3	0.306359103522043	0.597813684596127
ENSG00000058063.16	18.1977143244058	15	0.252413859280613	0.533458960037478
ENSG00000164953.16		30	1	
ENSG00000176087.15	18.9914009523054	9	0.025266110220826	0.122751626739258
ENSG00000135365.16	72.2391411779772	36	0.000318707328350626	0.00513394844361976
ENSG00000181284.3	2.41297406660965	3	0.491224073902663	0.769894324165209
ENSG00000149100.13	25.5356621254468	21	0.224709866134575	0.498646304740758
ENSG00000176890.16	11.1841469211504	6	0.0828491768608364	0.276046980491692
ENSG00000131188.12	4.40803192777094	9	0.882566467215122	0.98323818829488
ENSG00000127054.21	116.177874471381	72	0.000756122376563286	0.00994780518899353
ENSG00000181790.11	1.23655192150409	3	0.744251654834653	0.928612135575318
ENSG00000163516.14	59.3474787003361	51	0.197519192299851	0.463399958264948
ENSG00000179761.12		3	1	
ENSG00000177463.15	15.1902912493388	21	0.813283823051995	0.959967715901092
ENSG00000176170.14	13.36049430612	15	0.57447509348237	0.824860433917906
ENSG00000151376.16	0.535832706781207	3	0.91095147385135	0.991711646022292
ENSG00000181031.16	18.9887256073371	15	0.214245238325991	0.487328117152892
ENSG00000100644.17	11.1506786106474	15	0.741841695035277	0.927364387937923
ENSG00000180979.10		15	1	
ENSG00000108389.9	35.9030773658342	21	0.0224196279842619	0.113305521072636
ENSG00000119231.11		15	1	
ENSG00000178202.13		12	1	
ENSG00000181458.10	14.2368933468388	15	0.50764380683224	0.781479038994808
ENSG00000241839.10		3	1	
ENSG00000102738.8	13.2566285566427	6	0.0391369229717845	0.166874358098534
ENSG00000179387.10	17.0984272882306	12	0.14593216775012	0.389861591928555
ENSG00000171475.14	30.2671332172072	15	0.0109938700143154	0.0684206556655648
ENSG00000177830.18	22.334013249696	36	0.963662375402318	0.99999999971812
ENSG00000100330.16		21	1	
ENSG00000176485.11	6.58640767378711	6	0.360793158679718	0.652502337364717
ENSG00000070814.22	42.7893872139102	33	0.118344234574502	0.343929318730302
ENSG00000100523.16		12	1	
ENSG00000131943.18	17.4531790786859	12	0.133330604277465	0.368306441035428
ENSG00000070081.17	18.4792012224498	30	0.950248192573099	0.99999999971812
ENSG00000143753.13	0.861776401667157	3	0.834640842991985	0.968488080098508
ENSG00000168883.20		33	1	
ENSG00000163795.14	14.9238395400871	9	0.0930493300561371	0.29757418887446
ENSG00000178802.18		54	1	
ENSG00000158402.20	33.4326037599094	21	0.0416349236069112	0.173999908805935
ENSG00000103051.20	46.8517825146482	18	0.00022258824622904	0.00383308951292399
ENSG00000155111.15	18.9889472093428	12	0.0887955333193101	0.288936463821764
ENSG00000169247.14	23.8402365916719	6	0.000558798572422876	0.00786238046398019
ENSG00000123297.20	25.7834295337816	18	0.104813851716518	0.32042064269071
ENSG00000133226.17	70.5089413951791	45	0.00889924884871199	0.0585028383505623
ENSG00000104419.17		21	1	
ENSG00000144028.15	16.7250979146047	12	0.16023407396913	0.411197777880139
ENSG00000173818.17		63	1	
ENSG00000150867.14		6	1	
ENSG00000104894.12	8.26612244292869	9	0.507566031227897	0.781479038994808
ENSG00000115414.20	14.1468597235798	30	0.993742410065367	0.99999999971812
ENSG00000176248.9	41.8897190043354	12	3.47585927858757e-05	0.000862974867977482
ENSG00000020922.13	76.0595534890381	24	2.54944845473735e-07	1.23010887941077e-05
ENSG00000137868.19		18	1	
ENSG00000168952.15		9	1	
ENSG00000176102.13	69.438306372118	6	5.33059795788597e-13	8.65502960495486e-11
ENSG00000156976.17	254.228134952427	48	7.32495735475868e-30	5.35192777013047e-27
ENSG00000166012.17	449.629290308105	45	3.93381275143082e-68	2.01194853171929e-64
ENSG00000108515.18	42.8495267473045	27	0.0270886351814542	0.128940868933487
ENSG00000143373.18	22.772763775045	18	0.199473881533814	0.4659443967458
ENSG00000174720.16	40.7697264680755	33	0.165802337671259	0.419800027732502
ENSG00000213928.9	58.4108400625482	36	0.0104857757770159	0.0660827250337481
ENSG00000004399.13	38.5046287556761	36	0.356876839354764	0.648981748996709
ENSG00000130479.11		18	1	
ENSG00000092098.17	74.3211647947173	51	0.0181890365271863	0.0982342421523698
ENSG00000107554.17	14.9833645304457	9	0.0913939391239147	0.294469280930854
ENSG00000181544.15		15	1	
ENSG00000155329.12	19.7535147532944	15	0.181593441127175	0.442266502211874
ENSG00000176383.9	10.5900612839746	9	0.30485733797506	0.596135673895409
ENSG00000114120.14	102.241022744623	33	5.23233284649261e-09	4.21429391234432e-07
ENSG00000133313.15	35.5901396020927	24	0.0601169436191668	0.222159037673576
ENSG00000171853.16	35.1702863720275	48	0.916018403186297	0.993779968944554
ENSG00000151617.17		12	1	
ENSG00000106261.17		12	1	
ENSG00000188215.10	0.21852062155665	3	0.974545470352265	0.99999999971812
ENSG00000179859.9		6	1	
ENSG00000127585.12	0.544593432087822	3	0.908990712369303	0.990927457228769
ENSG00000176714.9	22.6555224473518	6	0.000920455028460114	0.0114263768035419
ENSG00000084072.17	21.365109958002	21	0.436849497810624	0.723297752202148
ENSG00000007516.14		9	1	
ENSG00000181666.18	21.965462555919	15	0.108712720947123	0.327536115528013
ENSG00000091073.19	60.0424856559575	30	0.000909837916103414	0.0113786919927783
ENSG00000181786.5		3	1	
ENSG00000163743.13	39.3744651246525	33	0.206084345590093	0.475260883270199
ENSG00000180354.16	3.27451647068619	3	0.351205255484321	0.644044201927056
ENSG00000167637.18	18.7110661614715	12	0.0957439465409742	0.302502699300638
ENSG00000080815.19	42.981772092804	33	0.114450596276375	0.338161510488459
ENSG00000124486.13	14.5375697472919	15	0.485210237864798	0.765327832921244
ENSG00000166669.13	9.73673307914214	15	0.835965195213778	0.968488080098508
ENSG00000119725.20		48	1	
ENSG00000177455.15	2.71667297434021	6	0.843474016646374	0.970432988638355
ENSG00000125386.16	10.4485280606386	9	0.31540837628683	0.607248688318837
ENSG00000151748.15	11.8751757781265	6	0.0648121194506852	0.233660897197581
ENSG00000161542.17	31.1351196495234	18	0.0277681992942701	0.131075639400595
ENSG00000103549.21	22.3938516030466	24	0.555771826252004	0.813885470398245
ENSG00000181481.14		12	1	
ENSG00000112249.14	50.4697655848595	12	1.15511339147425e-06	4.67021932070756e-05
ENSG00000147202.18	8.73275911293445	6	0.189174678027698	0.453177466404056
ENSG00000204580.13	42.2080919611617	33	0.130750434118364	0.36488966630854
ENSG00000110931.19	32.4253407605538	21	0.0529904764456543	0.204720550405489
ENSG00000116191.17		12	1	
ENSG00000090263.16	32.0999198277568	15	0.00623948018390819	0.0462621517702886
ENSG00000078043.16	28.7607099763172	21	0.11986594228962	0.346065120993657
ENSG00000221988.13	90.0822200499388	33	3.39522812119091e-07	1.60045108072174e-05
ENSG00000180182.11		18	1	
ENSG00000187838.17	80.5563438889331	36	2.94303969140756e-05	0.000750731995097454
ENSG00000155975.10	25.682170821623	24	0.369486278041706	0.660264603760582
ENSG00000117713.20	35.7989109378905	21	0.023029730152499	0.115306465849198
ENSG00000117360.13	82.7120394695739	18	2.86125750985479e-10	2.92678030683046e-08
ENSG00000139131.13	7.28354229346951	6	0.29541949550804	0.586197093996459
ENSG00000176046.9	59.2765962689082	6	6.31265934322561e-11	7.33774913884713e-09
ENSG00000130299.17	112.37072571725	63	0.000131139875776394	0.00259967013433476
ENSG00000134317.18		15	1	
ENSG00000125611.15	9.19069527053216	9	0.41986095262999	0.708044592607266
ENSG00000110713.17	38.1141824612059	30	0.146839834762917	0.390561723302142
ENSG00000072163.20		18	1	
ENSG00000175003.15		9	1	
ENSG00000158560.14	4.26109368093691	3	0.234615984686549	0.509854877280373
ENSG00000180822.12	18.3614248160302	6	0.00538968836166251	0.0414431455858211
ENSG00000072832.15	7.69204172901755	6	0.26154431577184	0.546656478551319
ENSG00000158467.16	19.7552203967698	12	0.0718603744263452	0.249944382732068
ENSG00000088340.17		3	1	
ENSG00000078674.18		45	1	
ENSG00000107521.19		27	1	
ENSG00000112972.15	11.1708057763026	12	0.514340151831064	0.785251554191038
ENSG00000105443.15	39.3111811575618	24	0.0253241459195779	0.122785869210216
ENSG00000177951.17	11.1595049793541	9	0.264933993002658	0.551375343728218
ENSG00000176108.9	3.43792429078712	6	0.752209446426635	0.93253550206012
ENSG00000100083.19	51.5970888955926	42	0.147297937607312	0.391455080224784
ENSG00000179476.8		3	1	
ENSG00000177963.14	64.3432386147979	39	0.00649551472549742	0.0473913125015072
ENSG00000166004.15	12.1133485832252	12	0.436619965570588	0.723048924601403
ENSG00000168488.18	106.903984270873	54	2.42010873247945e-05	0.000639671633708846
ENSG00000147789.15	29.2689406373029	27	0.34798029272394	0.640541733718407
ENSG00000055130.17	35.2401098032206	12	0.000428796800433927	0.00642269353925554
ENSG00000160226.16	11.7904851438661	9	0.225380132045016	0.499331464303328
ENSG00000163738.18	42.504611278182	15	0.000187881278020562	0.00337164489977601
ENSG00000159069.14	60.216748549894	15	2.31462373997144e-07	1.1328366620176e-05
ENSG00000100335.15	19.0341438501418	21	0.582949702455851	0.831558208076494
ENSG00000156345.18		18	1	
ENSG00000029993.15	10.3036479443253	12	0.589340651846731	0.836545460152724
ENSG00000213123.11		9	1	
ENSG00000086200.17		12	1	
ENSG00000176619.13	7.75363002119411	6	0.25671438425859	0.53973937657049
ENSG00000213015.9	31.2969596003677	12	0.00177462971988681	0.0188893729497629
ENSG00000179922.6	0.892229636415777	3	0.827302560493972	0.966408314447266
ENSG00000082213.18	40.2610686142689	21	0.00691141554181877	0.0493348706052088
ENSG00000286058.1	1.18054625648995	3	0.757673803992568	0.935333723543448
ENSG00000218891.5	2.80877510740174	3	0.422057414611111	0.709369913581508
ENSG00000162572.21	13.6605740835489	12	0.322906414043665	0.61382823067323
ENSG00000103275.20	48.3369271864212	24	0.00229244147675029	0.0227798589345192
ENSG00000179364.14	30.891979488988	27	0.275597062856015	0.562915805901393
ENSG00000165905.18	31.6528033714358	21	0.0634588256194888	0.230266167882849
ENSG00000166037.11	49.0161114542134	21	0.000499160596212283	0.00717122716103293
ENSG00000099783.12	9.95621719077462	12	0.619801820525675	0.855363305741653
ENSG00000119326.15	18.9786936338205	9	0.0253746690615584	0.122863240367371
ENSG00000113456.19	105.46860895693	21	3.07261522580402e-13	5.32708154995751e-11
ENSG00000144736.14	9.62100005962657	9	0.382029060332273	0.673210330631682
ENSG00000152939.17		3	1	
ENSG00000100614.18	30.3689515263359	21	0.084820873100651	0.280696444822568
ENSG00000175544.13	7.30868900294718	15	0.948510929377878	0.99999999971812
ENSG00000119596.18	22.0748139831121	21	0.395209649793464	0.685767516155613
ENSG00000179630.11	16.8418093423431	6	0.00988254269373809	0.0631803307589044
ENSG00000142687.18	40.3483106836429	33	0.177300787306524	0.436593585305353
ENSG00000103995.14	21.6857187450842	15	0.116313419542182	0.341006009887355
ENSG00000180228.13	40.6443012787604	27	0.0445424302437641	0.182322736680057
ENSG00000108423.15		30	1	
ENSG00000128699.14	16.5935127269913	18	0.551198648589844	0.810546708620006
ENSG00000114439.19		21	1	
ENSG00000179889.19	40.984364821903	30	0.0871633564649385	0.285492786833127
ENSG00000181991.16	29.86038400291	24	0.189422341137521	0.453346075689215
ENSG00000178966.17	4.11570938364275	3	0.249237634889396	0.529041661606895
ENSG00000204099.11		3	1	
ENSG00000022840.16	32.1709191005211	42	0.863338223616826	0.975837921777794
ENSG00000101639.18	41.8016013275537	27	0.0344276847729468	0.151597411770328
ENSG00000122674.12	25.1286020436819	9	0.00283216710333703	0.0264511431936587
ENSG00000106012.18	42.686863988125	30	0.0624234149149136	0.227883337317863
ENSG00000189403.15	31.0087641288992	12	0.00196396133948456	0.0202560432255343
ENSG00000180304.14	9.79812301407219	15	0.8322426670147	0.967827448941947
ENSG00000100897.18		69	1	
ENSG00000136002.20	37.7961822777033	27	0.081138715356531	0.272209878446033
ENSG00000163798.13	6.48863975626591	6	0.370731092939072	0.661700985809417
ENSG00000139835.14	18.514849254685	9	0.0296490117689929	0.136970852080035
ENSG00000163808.17	17.7429438233139	12	0.123721470211128	0.352753448874826
ENSG00000170271.11		6	1	
ENSG00000179832.17	22.7886306608507	27	0.696314157201044	0.899040807313846
ENSG00000144802.11		15	1	
ENSG00000176387.7		6	1	
ENSG00000178605.13	8.0148432362621	3	0.045705934730568	0.1852321736763
ENSG00000178605.13_PAR_Y	2.98287596581758	3	0.39427290776157	0.684955430280757
ENSG00000131653.13	8.44255522647291	15	0.904818000285397	0.990410200633422
ENSG00000102312.23	31.3447764460361	30	0.39860217456882	0.689199060795209
ENSG00000204574.13	4.9918782566383	9	0.835015677198843	0.968488080098508
ENSG00000010803.16	37.3744572220057	39	0.544127426259137	0.806501774100484
ENSG00000153207.16	26.9286636756642	15	0.0293229754883351	0.135967686432538
ENSG00000157800.18	44.1573634821179	48	0.631036198399209	0.860419791179087
ENSG00000180385.8	17.2717872735279	9	0.0446260780695233	0.182385321683066
ENSG00000146872.18		27	1	
ENSG00000178996.14	6.36335632895168	6	0.383740677798681	0.6752594861866
ENSG00000176401.6	2.4875073235894	3	0.47755302100123	0.758103270314486
ENSG00000083535.16	28.396484105454	9	0.00081867785999272	0.0105602217274471
ENSG00000112237.13	14.019351817944	21	0.868766597554699	0.977008562063921
ENSG00000181523.13	30.0520802085448	33	0.614653325040328	0.851500469829778
ENSG00000077782.21	40.6755961566196	45	0.655564429313139	0.876379111052812
ENSG00000139842.15	21.4491294960462	21	0.431825692979795	0.718729245694776
ENSG00000121864.10	44.1097115311059	18	0.000556434700280596	0.00783990433770003
ENSG00000272655.2	12.3511952631216	3	0.00627202029013929	0.0462621517702886
ENSG00000182552.15	15.0326184316109	15	0.44907019804417	0.735054196309553
ENSG00000180773.15	19.8137552896605	15	0.179194278308056	0.438761543180278
ENSG00000135916.16	6.71211393873091	6	0.348293059782585	0.640640604191237
ENSG00000163703.19	43.9268466995563	36	0.170904295452341	0.427741629112307
ENSG00000177917.11	20.1123538776956	12	0.0649902313905384	0.23399685916713
ENSG00000068885.15	50.2940898101588	48	0.38271705034756	0.673921967293027
ENSG00000084112.15	22.896163702997	15	0.0863695162242914	0.284151803603386
ENSG00000176597.12		6	1	
ENSG00000160471.13	13.5812331272816	6	0.034680357414328	0.152447518689799
ENSG00000119537.18	23.6468583122187	21	0.310481873630102	0.601955853935237
ENSG00000006327.14	9.23336046660552	6	0.160873129548474	0.412630702645771
ENSG00000179222.18	2.0421812646332	3	0.563698143129444	0.818188872775709
ENSG00000180376.17	71.451313299578	51	0.0308702620257304	0.14084384935825
ENSG00000177485.7	1.25198164470703	3	0.7405658315786	0.927129608895429
ENSG00000104886.12	61.2323820471138	24	4.2704714390814e-05	0.00103268681679347
ENSG00000138709.19	24.8981739045557	33	0.843522187187362	0.970432988638355
ENSG00000180357.9	0.0632853140864427	3	0.995845270052026	0.99999999971812
ENSG00000113719.16	1.41485323826782	3	0.702056772966934	0.902735514026032
ENSG00000110536.14	7.46535622734518	9	0.588787272715689	0.836275287523998
ENSG00000177410.13	20.8699633646174	24	0.646384143784994	0.869861452484949
ENSG00000181409.14		9	1	
ENSG00000168765.17	34.6813313216844	15	0.00272921709838897	0.0257537132534366
ENSG00000159363.19	47.7914659346279	33	0.0462177300450832	0.186488689848964
ENSG00000180423.4	2.60530869242461	6	0.856500785197988	0.974543551923272
ENSG00000178035.12	11.6655132711167	21	0.948210760492948	0.99999999971812
ENSG00000179046.8	20.9670842447026	15	0.137884290693733	0.376613727504991
ENSG00000167615.16	27.8457634116858	21	0.14458014645253	0.38821600501403
ENSG00000178878.13	14.9525594446541	12	0.244041108654803	0.521910202891487
ENSG00000196652.12	2.01732897822149	9	0.991190595414086	0.99999999971812
ENSG00000117036.12	4.56247257203995	6	0.601020657674911	0.843358143564393
ENSG00000114331.15		9	1	
ENSG00000136758.19	21.4390370128458	18	0.257844260520832	0.541245421889512
ENSG00000171606.18	69.2236205568115	24	2.86461922676446e-06	9.89938853735597e-05
ENSG00000080644.16		3	1	
ENSG00000132716.19	77.5928159894829	42	0.000684131496929027	0.00926884911534704
ENSG00000057019.16	17.4871939242776	15	0.290583272465442	0.580882605833302
ENSG00000118046.16	5.77489257950879	9	0.762219470555602	0.937586679828587
ENSG00000178177.16		15	1	
ENSG00000178057.15	26.3425021397998	12	0.00959731882793878	0.0617596922484738
ENSG00000050165.18	20.46681774217	15	0.154746765239332	0.402672261926515
ENSG00000157216.15	25.9659578640931	18	0.100538833834821	0.311923485379553
ENSG00000165996.14	33.024314540191	15	0.00465766010800494	0.0375069646616727
ENSG00000176155.19	67.4235335268313	42	0.00766977709177937	0.0530821074899335
ENSG00000151445.16	10.5184668378943	21	0.971363714165726	0.99999999971812
ENSG00000177731.16	27.028829644245	30	0.621756821755361	0.855939337146704
ENSG00000180089.6	1.76992749039005	3	0.621500812263364	0.855939337146704
ENSG00000188976.11	12.3602186816861	12	0.417200724361757	0.705496149693571
ENSG00000142453.12	4.54197954318443	12	0.971557864490978	0.99999999971812
ENSG00000185495.10	17.2095915239847	12	0.141881821085344	0.383538358319763
ENSG00000047617.15	12.3011185511841	12	0.421809527612083	0.709186334310321
ENSG00000175745.14		9	1	
ENSG00000180370.10	7.29894610167321	6	0.29408339876892	0.584680094462056
ENSG00000129197.14	92.0781946612115	45	4.42025944329039e-05	0.00106387844342159
ENSG00000101773.19	14.1417416280601	21	0.863434199854847	0.975837921777794
ENSG00000156958.15	52.5214865340568	36	0.0370452222650801	0.160165344735456
ENSG00000154040.20		6	1	
ENSG00000177138.17		6	1	
ENSG00000140688.17	24.8485006046685	15	0.0520154063269745	0.20215258028823
ENSG00000155229.21	54.9596696229273	39	0.046488544990436	0.187143379262955
ENSG00000177628.16	48.383815101879	27	0.00695431412551061	0.0496064708436876
ENSG00000108932.12		9	1	
ENSG00000112701.18	19.5725136307519	24	0.720808318647651	0.915919042415754
ENSG00000162433.15	21.4527701258585	6	0.00152067131373929	0.0167798779592656
ENSG00000107371.13	13.5012312153922	12	0.33368482108816	0.624401400645005
ENSG00000134690.11	1.58993809143067	3	0.661673436031208	0.880481016932904
ENSG00000086475.15	23.3050494146446	15	0.0778743693538409	0.264995650073333
ENSG00000159884.12	8.12492325574567	15	0.918676686381786	0.994091169469934
ENSG00000185442.13		6	1	
ENSG00000185024.17	28.0152218899184	27	0.410188989972029	0.700705273617882
ENSG00000166949.16		18	1	
ENSG00000183597.16	44.3370550987238	48	0.62371600113559	0.856374627599457
ENSG00000183530.14	4.11612410308976	6	0.660965078791135	0.88022670884171
ENSG00000182551.14	4.77380404865835	3	0.189129653330466	0.453177466404056
ENSG00000151338.18	37.4114391965732	24	0.0397928046526772	0.16875646716096
ENSG00000185591.10	18.0653904686296	9	0.034422428925052	0.151597411770328
ENSG00000182902.14		3	1	
ENSG00000184887.13	15.9518841923964	9	0.0678931956513602	0.240679989028652
ENSG00000185262.9	4.50447114923009	6	0.608742908317508	0.848562828917009
ENSG00000183864.5	2.02347711039147	3	0.567548269444082	0.81976028123535
ENSG00000171988.19	22.2550512072412	24	0.564046732538443	0.818271738354238
ENSG00000158163.15	54.0039746963648	24	0.000425723429424094	0.0063946034648738
ENSG00000089234.16	3.27109939925685	3	0.351685368174396	0.644667805314542
ENSG00000185158.12	22.5197879578172	27	0.710520867222284	0.90883587483409
ENSG00000101974.14	29.7684112062925	18	0.0397597919120419	0.168721556375259
ENSG00000182606.16	3.94358100615455	6	0.684311386780161	0.893433455012014
ENSG00000198040.10	31.839568398138	33	0.524770371524647	0.792072323961516
ENSG00000184731.6		6	1	
ENSG00000172728.16		18	1	
ENSG00000183569.18		3	1	
ENSG00000185480.11	18.6499170657553	30	0.947036230984598	0.99999999971812
ENSG00000123552.18		24	1	
ENSG00000164068.16	16.7540981028287	24	0.858958463401334	0.975149824658327
ENSG00000151067.22		3	1	
ENSG00000165810.17		9	1	
ENSG00000197766.8	1.58535604554345	3	0.662714777683639	0.881064395753307
ENSG00000068028.17	23.400265131746	15	0.0760033518169267	0.260710357389451
ENSG00000184752.13	1.85089156811591	9	0.99361195774475	0.99999999971812
ENSG00000183087.15		9	1	
ENSG00000185504.17	10.7904644944119	15	0.767301615879032	0.940472863410579
ENSG00000015153.15	66.5247505921325	39	0.00390702602290913	0.0332764106480745
ENSG00000233024.7	27.6033789225839	15	0.0241878097821507	0.118998482391516
ENSG00000185842.15	11.901606700354	18	0.852275551048751	0.973406096279264
ENSG00000167130.18	7.89453197448893	9	0.54480889703495	0.80676908675181
ENSG00000183762.13		6	1	
ENSG00000182831.12	8.74234634240838	3	0.0329201198915909	0.147434284750912
ENSG00000164684.13	5.97675781362602	3	0.112746499654383	0.335256960745549
ENSG00000185753.13	3.21486579380826	6	0.781435852534878	0.947790097813992
ENSG00000183077.15	53.9497988602525	33	0.0121263988358784	0.0730942449571007
ENSG00000010318.21	9.98328682572719	12	0.617426959782074	0.853352299906883
ENSG00000169660.17	33.5203911283679	33	0.44204250094535	0.728359011303155
ENSG00000185236.12		9	1	
ENSG00000183426.17	12.598460885285	18	0.814853614295823	0.960490622336019
ENSG00000171621.14		9	1	
ENSG00000108021.20	36.4584717610833	33	0.310945548911823	0.602170015111517
ENSG00000184922.14	42.0450400671507	30	0.0709407098296527	0.248086331913681
ENSG00000184014.8	33.2250323106346	30	0.312859777789471	0.603933320816852
ENSG00000147471.12	27.5279301331793	18	0.0696120042240525	0.245200134713441
ENSG00000183814.15	12.5548819829373	12	0.402205671153793	0.692619833372416
ENSG00000185885.16	1.69965863630932	3	0.637009691288285	0.864875515289072
ENSG00000184083.12	8.90119079382566	6	0.179211765306949	0.438761543180278
ENSG00000164010.15	7.67828644422662	12	0.809738937022748	0.95854541197619
ENSG00000214517.10	17.0079804223278	15	0.318387558483541	0.610336814485994
ENSG00000184164.15	8.16847442462313	15	0.916850734425835	0.993779968944554
ENSG00000182095.14	47.5719187870473	18	0.00017427119555501	0.00318894464996815
ENSG00000156873.16	39.2438359031803	27	0.0601957130395086	0.222369790061803
ENSG00000188153.14	32.4115734646421	18	0.0196435600447858	0.103520853012939
ENSG00000065923.10	5.9187158950553	6	0.432356990776354	0.718884859988837
ENSG00000114270.17	30.3253954120446	15	0.0108007565961855	0.0676137938937466
ENSG00000198590.12	14.3958726342285	6	0.0255134729240303	0.123218750963128
ENSG00000184924.5	6.89697315385274	6	0.330480316611755	0.620918316901566
ENSG00000113558.19	5.8841234066058	12	0.921810175272885	0.99446974872662
ENSG00000239521.9	24.6016453474749	18	0.136288041836871	0.373650597681414
ENSG00000165914.15	29.1694621974057	18	0.0463469170172052	0.186867319581891
ENSG00000182685.7	19.146470675134	9	0.0239758926159874	0.118405072963044
ENSG00000180479.14	1.3767020041692	3	0.711004882301725	0.908994993258886
ENSG00000215012.9	22.1263931166486	9	0.00848691698294886	0.0568517837711748
ENSG00000109771.15		9	1	
ENSG00000017260.20		42	1	
ENSG00000183665.5	0.951057521941948	3	0.813092180664049	0.959852269591756
ENSG00000068745.15	48.2524465063471	27	0.0071945827926521	0.0507064528552593
ENSG00000182253.15		9	1	
ENSG00000185043.12	1.87737373397977	6	0.93062383008456	0.997836563441924
ENSG00000198393.8	17.3181454315541	12	0.138016555972051	0.376773779300268
ENSG00000157551.19	15.7599493262358	12	0.20247986211675	0.470398934724558
ENSG00000187531.14	60.0647612682005	48	0.113546644251749	0.336657572188737
ENSG00000143575.15	86.7806435621751	18	5.43700947944629e-11	6.39254827186852e-09
ENSG00000183513.9	22.7713419779029	12	0.0297311025428532	0.137176115431144
ENSG00000078304.19	70.5575477212115	33	0.000153685387185077	0.00291152854701405
ENSG00000182240.16	34.7366414507269	21	0.0301714661104044	0.138727002100293
ENSG00000070778.13	8.69154836020425	3	0.0336858690243175	0.149749132659602
ENSG00000146757.14		12	1	
ENSG00000185453.13		3	1	
ENSG00000125247.15	27.9395570377383	24	0.262597618692208	0.547850508179196
ENSG00000134815.19	13.582066149866	9	0.137987895080939	0.376773779300268
ENSG00000177425.11	34.4279663575762	27	0.153956200431544	0.401125311822278
ENSG00000182973.18	23.0673017269583	33	0.901172985941629	0.988895481506616
ENSG00000105877.18	6.44997266363225	6	0.374713490839303	0.66528586617255
ENSG00000182511.12		3	1	
ENSG00000099910.17		12	1	
ENSG00000153046.18		18	1	
ENSG00000053524.12	2.61408225754691	3	0.455026092188822	0.739978044038071
ENSG00000164916.11	13.2143516810925	6	0.0397555321551126	0.168721556375259
ENSG00000182326.15	13.0535199241422	27	0.988901847711875	0.99999999971812
ENSG00000182199.11	34.2015831958852	30	0.272845480034573	0.560428999050932
ENSG00000184232.9	16.1712364927625	6	0.012863793527515	0.0761920926421257
ENSG00000197114.12	21.2799945455263	18	0.265523056041041	0.552020339508165
ENSG00000185090.14	8.1471859932426	9	0.51938427570454	0.788511256072304
ENSG00000170448.12	10.6386986102079	15	0.777760722563749	0.946147383843176
ENSG00000184640.19	26.9419922948509	24	0.307164343876407	0.598473156859384
ENSG00000115705.22		3	1	
ENSG00000185163.10	10.7269593247602	15	0.771698704273056	0.942312039953253
ENSG00000183018.9	7.06038160400112	9	0.630832759854421	0.860371773406783
ENSG00000182175.14		3	1	
ENSG00000182899.17	4.10415410017595	9	0.904424479313655	0.99039014629029
ENSG00000185359.13	41.7446291721863	30	0.0752537971418101	0.258746585197841
ENSG00000165490.13	31.7122992385775	21	0.062593160358945	0.228120273645274
ENSG00000182809.11	10.3573632936605	12	0.584640608642634	0.832786084976436
ENSG00000121900.19	7.38015265290233	12	0.831503602384533	0.967827448941947
ENSG00000054690.14	4.34431773921546	9	0.887325373294869	0.984685680347382
ENSG00000158423.17	0.692287944477585	6	0.994655990735282	0.99999999971812
ENSG00000185298.13	10.0840567023552	9	0.34372332528244	0.636382052764232
ENSG00000123472.12	21.4161375670883	18	0.258940433764069	0.542877986671995
ENSG00000182287.15	18.2054769642455	12	0.109592481801613	0.328846939185003
ENSG00000182872.16	6.25279512818815	6	0.395475907793862	0.686113137860146
ENSG00000185829.18		12	1	
ENSG00000184428.13	5.08680947881476	12	0.955016384183813	0.99999999971812
ENSG00000185046.18		12	1	
ENSG00000164284.15	3.65607530555462	9	0.93255760853193	0.998326481219489
ENSG00000101361.17	104.73538917338	48	4.20586178493606e-06	0.00013571533185524
ENSG00000117475.14	3.11706635175506	9	0.959472084740368	0.99999999971812
ENSG00000153896.19	8.05596737459655	12	0.780741563981963	0.947355333092704
ENSG00000206418.4		6	1	
ENSG00000185220.12	0.259504951085091	3	0.967455437745918	0.99999999971812
ENSG00000183801.8		9	1	
ENSG00000198467.16	26.5620261288714	21	0.185824401184316	0.448090004647422
ENSG00000182362.14	9.49290284330345	18	0.947208245936124	0.99999999971812
ENSG00000183840.7	1.48601310460163	3	0.685502240635372	0.893433455012014
ENSG00000183576.13	22.6661958932127	9	0.00699114687425862	0.049834453921109
ENSG00000177989.13	25.2698703866608	18	0.117661289035199	0.343156040961735
ENSG00000185261.14	1.41684148581862	6	0.964825916641166	0.99999999971812
ENSG00000184489.12		6	1	
ENSG00000107438.9	2.01638617629942	6	0.918185411845622	0.993846944710836
ENSG00000167645.17	31.7138601680927	27	0.242847469864916	0.520772907599208
ENSG00000169045.17	353.56349415821	69	7.97146480537714e-40	9.06001261046697e-37
ENSG00000185522.9		12	1	
ENSG00000185880.13	3.16442316506073	6	0.787945110445995	0.949785035852913
ENSG00000079691.18	2.06900442306051	3	0.55820878541911	0.815141606927851
ENSG00000213638.6	5.53345481989072	3	0.136651285271953	0.374445753294081
ENSG00000183054.11	11.8571546367227	12	0.457218954592016	0.741422354941876
ENSG00000185838.14	16.0394297409039	15	0.379435979897495	0.670063154454228
ENSG00000072736.19	43.9400247538524	21	0.00238032591088692	0.023366942171269
ENSG00000182544.9		12	1	
ENSG00000183648.11	0.983856135047972	3	0.80515821406966	0.95689129449501
ENSG00000100300.18	2.56219684099779	6	0.861442939107995	0.975574659361612
ENSG00000174564.13	7.36871534035709	9	0.59878931091342	0.842462693028601
ENSG00000183208.12	10.6286843620355	12	0.560979523335691	0.816741570448413
ENSG00000184371.14	7.81020776598143	9	0.553380228321917	0.811544997205002
ENSG00000182463.16	11.4357634653406	6	0.0758068345157241	0.260298123619114
ENSG00000173557.15	4.33546181440261	6	0.63137857972442	0.860657181769869
ENSG00000157617.17	12.3981773929504	9	0.19178111435454	0.456959939141064
ENSG00000215193.13	12.3796010039896	6	0.0540167727386681	0.207486882592503
ENSG00000196456.13		3	1	
ENSG00000184588.18	10.3134429879999	9	0.325711261067451	0.61641082136151
ENSG00000185808.13	17.9725104741956	21	0.650743176122734	0.872862830915217
ENSG00000109736.15	29.088274760652	27	0.356631658906788	0.648761379860845
ENSG00000184058.14	23.0913631330204	12	0.0269602361773881	0.128507108974139
ENSG00000183496.6	0.585736599922484	3	0.899689748095916	0.988895481506616
ENSG00000177508.12	5.81762593754138	6	0.443926910919882	0.729818124686511
ENSG00000185837.3	1.96343822331301	3	0.58002981072493	0.829459658032337
ENSG00000170190.16	17.1989302903021	15	0.30711212223693	0.598473156859384
ENSG00000133069.17	22.3957255879732	9	0.00770594185236512	0.0530821074899335
ENSG00000184254.17	9.31418687055339	9	0.408792011269003	0.698902470879264
ENSG00000183010.17	27.8053681156598	30	0.580749979800515	0.829953333056506
ENSG00000185347.18	43.9923683149464	42	0.387217429615849	0.679041160216101
ENSG00000182149.21	50.2655431173771	27	0.00423999909984241	0.0352531717298044
ENSG00000182208.14	9.51572686669442	12	0.658362770375748	0.878819362935342
ENSG00000182272.12	13.0789652137937	12	0.363327384781836	0.654082468359796
ENSG00000184990.13	4.3504014594364	6	0.629370734473602	0.859659078215871
ENSG00000155115.7	2.05316636009957	3	0.561445473763029	0.816741570448413
ENSG00000185803.12		27	1	
ENSG00000162614.19	7.22237423476054	12	0.842574947687007	0.970355678888808
ENSG00000181555.21	4.89603574134981	15	0.992970637082268	0.99999999971812
ENSG00000184076.13	0.367408779682592	3	0.946889650127759	0.99999999971812
ENSG00000185515.14	30.11649765736	21	0.0896718903388003	0.29051918338298
ENSG00000184160.8	3.45659500605234	3	0.326435389333416	0.616982187267464
ENSG00000182054.10	7.28644900324798	9	0.607322928852209	0.84774921386862
ENSG00000173917.10		3	1	
ENSG00000145014.17		24	1	
ENSG00000204611.7	19.956771494906	12	0.0679081322819295	0.240679989028652
ENSG00000184708.18	46.7281079394588	21	0.00102152462775604	0.0123221408223072
ENSG00000182628.13	31.6227124637808	21	0.0639005857522575	0.23145860186255
ENSG00000185730.8	14.1640581813244	12	0.290354779581241	0.580879921833858
ENSG00000182400.15		15	1	
ENSG00000181625.17	7.48631000071509	6	0.278202135163923	0.565863917397448
ENSG00000185621.11	27.4564741381928	15	0.0252298566600921	0.122751626739258
ENSG00000184307.16	9.78301204663148	12	0.634990258641117	0.863623900497272
ENSG00000213145.10	5.80157022322965	12	0.925752338358438	0.99605771211407
ENSG00000198315.11	4.4558901113428	6	0.615230370790748	0.851870156017998
ENSG00000185507.21		36	1	
ENSG00000182676.5	0.583880622021212	3	0.900112416794286	0.988895481506616
ENSG00000053372.5	3.85022005394421	6	0.696937276354071	0.899040807313846
ENSG00000185518.11	6.23982492960658	6	0.39686811753647	0.68759552409901
ENSG00000185010.15	4.77007442016475	9	0.853873168117249	0.973720026384765
ENSG00000160193.12	36.5800370157376	9	3.12688056668173e-05	0.000792204113872357
ENSG00000184508.12	39.4613358166498	21	0.00864121138407261	0.0575087516250349
ENSG00000185344.15		21	1	
ENSG00000160131.13	47.8752589018186	3	2.26369604664229e-10	2.38714916093855e-08
ENSG00000183495.14	36.9389285328307	18	0.00533733705467675	0.0412511780401236
ENSG00000182158.15		9	1	
ENSG00000184163.3	14.2290450962636	6	0.027179667636384	0.129131825477275
ENSG00000182580.3		3	1	
ENSG00000185883.12	2.46273235423723	3	0.482063845630563	0.762373388521185
ENSG00000163932.15	16.847755610399	15	0.328046790277674	0.618998453744756
ENSG00000182481.9	9.58082831109641	6	0.143450565456072	0.386451365301597
ENSG00000185761.11		24	1	
ENSG00000183955.13	14.2326723587576	12	0.286097734300297	0.575493331133008
ENSG00000182912.6		6	1	
ENSG00000170004.17	31.8171692845499	33	0.525893033425139	0.793181928473274
ENSG00000183258.12	47.1300089425058	36	0.10142724321349	0.313823130922805
ENSG00000177426.22	82.6608053335221	33	3.82488138446599e-06	0.000125399716928534
ENSG00000182963.11	47.2860800277904	12	4.15878378761804e-06	0.000134620884061851
ENSG00000185164.14	22.2712849116215	12	0.0345894751197869	0.152113388220249
ENSG00000183250.12	20.3409699624524	15	0.159239164459958	0.409775449876958
ENSG00000184661.14	6.59637586252211	12	0.88309467881944	0.98323818829488
ENSG00000184967.7	12.4187165866424	9	0.190719772425061	0.455459701091095
ENSG00000157106.17	13.0658289673302	9	0.159650126384302	0.410523163093269
ENSG00000135108.15	5.0152108787297	12	0.957468978337822	0.99999999971812
ENSG00000214113.11	0.369272246542096	3	0.946514355651619	0.99999999971812
ENSG00000185386.15	4.21118955668135	3	0.239543983497894	0.515851664673676
ENSG00000120798.17	49.9803141807497	36	0.0606990945159491	0.223502893377841
ENSG00000183723.13	5.77466521247879	9	0.762241746940515	0.937586679828587
ENSG00000181638.20	5.15690692925011	9	0.820421325569127	0.962819217348962
ENSG00000105438.9	32.5432453338872	9	0.000160340682222568	0.00301493536480635
ENSG00000102054.18	83.1095104962296	18	2.43465952549986e-10	2.51556891781193e-08
ENSG00000135486.18	31.6940953959711	24	0.134761486741653	0.370856940511263
ENSG00000137700.18	44.1395014949594	33	0.0931378757929697	0.297596158604344
ENSG00000184584.13		51	1	
ENSG00000185238.13	11.0475557097416	12	0.524847610891696	0.792072323961516
ENSG00000182858.14	12.4644578433872	6	0.052374081862702	0.203237664405758
ENSG00000170919.16	56.6082476316169	48	0.184567748746825	0.446427879387864
ENSG00000182993.5	13.0865486575599	9	0.15872897692254	0.40897700376339
ENSG00000089737.17	26.7169433325762	24	0.317819075000415	0.609927181444286
ENSG00000132466.19	15.7835448757687	18	0.607650740661779	0.847975365106322
ENSG00000119508.18	38.5083828891725	9	1.41256444592619e-05	0.000398047430230827
ENSG00000064607.17	67.5582793225258	33	0.000361977948936145	0.00567517819726279
ENSG00000184557.4	5.94498002633918	3	0.114317966318628	0.338144821724079
ENSG00000185100.11	24.9803490861032	24	0.406829206509183	0.697061298724026
ENSG00000130540.14		3	1	
ENSG00000184060.11		3	1	
ENSG00000086061.16	5.95052821337595	3	0.114042099571549	0.337637231987664
ENSG00000151276.23	20.3321340684588	18	0.314434459979057	0.605715648046284
ENSG00000183479.12	10.0539970714804	6	0.122396426286926	0.350600124471848
ENSG00000186994.11	2.47232233262898	3	0.480313829961256	0.760146522321424
ENSG00000183255.12	3.81146436840936	6	0.702172599116331	0.902735514026032
ENSG00000184787.19		21	1	
ENSG00000185088.14	4.02260735991877	15	0.997662404368705	0.99999999971812
ENSG00000185324.22	60.9606410194247	45	0.0564708956522294	0.212680703838974
ENSG00000182944.18	89.7210778541339	27	1.17372671214433e-08	8.11219630981372e-07
ENSG00000185716.12	10.4950165120445	9	0.311915205039588	0.603362449385391
ENSG00000185133.14		27	1	
ENSG00000100106.22	8.71460507050506	15	0.891960796325795	0.986479350588987
ENSG00000182446.14	24.5004916007601	18	0.13930494274682	0.3794279632221
ENSG00000100311.17	10.6810001164122	6	0.0987501978006523	0.308432297191717
ENSG00000015133.19	23.7623569235666	18	0.162968543933417	0.415804343100448
ENSG00000128951.14	26.5392052014649	21	0.186630702776274	0.448881880676799
ENSG00000182372.10	20.3843192125514	15	0.157680134455179	0.407403408775455
ENSG00000182919.15	67.3414029053092	36	0.00118308867399714	0.013830644624362
ENSG00000135164.19		75	1	
ENSG00000108010.12	8.17443696284317	9	0.516667391679241	0.787018700829334
ENSG00000185787.15	11.5344274092931	18	0.870319223951971	0.977329601691153
ENSG00000107829.15	17.1412499335356	6	0.00877791043436191	0.0580033887810646
ENSG00000185813.11	71.8441128700106	39	0.00105518796072052	0.0125945363479699
ENSG00000183032.12	6.63370741057071	3	0.0845359631912968	0.280086868659278
ENSG00000118197.14	18.9871653304908	18	0.39261424349915	0.684048900826572
ENSG00000182979.18	37.0593937461817	39	0.558667769277407	0.815441297365667
ENSG00000185129.8	29.2304655493281	12	0.00364100359125189	0.0316699198426153
ENSG00000184619.7		9	1	
ENSG00000182600.9	9.49724961053198	9	0.392694721516812	0.684072599862989
ENSG00000186866.16		27	1	
ENSG00000139117.14	22.7809823314647	12	0.0296439351980364	0.136970852080035
ENSG00000185900.11	10.6182652739881	12	0.561885137320777	0.816989775359521
ENSG00000198556.14		30	1	
ENSG00000184898.7	5.96963313660103	3	0.113097022105952	0.335746927242912
ENSG00000186510.12	14.560456995962	9	0.103738819415869	0.318157368259546
ENSG00000182307.14	4.34514436229802	9	0.887264215463697	0.984685680347382
ENSG00000183628.14	7.37136198472581	12	0.83212887344033	0.967827448941947
ENSG00000183763.9	39.5962615551343	27	0.0558646395434827	0.211614768166636
ENSG00000185721.13	9.78604241812718	6	0.133956237237491	0.369367549296772
ENSG00000183172.9	6.50468970282964	6	0.369086714976854	0.659802168384873
ENSG00000185624.15	4.09401656675618	18	0.999719205518067	0.99999999971812
ENSG00000178852.16		21	1	
ENSG00000182768.9	6.92800954953418	6	0.327556217302564	0.618389567608324
ENSG00000183048.12	10.6730179040023	12	0.557129278817232	0.814706989710003
ENSG00000005469.12		18	1	
ENSG00000184162.15	31.7008927137649	18	0.0238485330859661	0.11811488619654
ENSG00000105419.18		21	1	
ENSG00000184363.10	32.6743072597383	24	0.111134183318944	0.332145289644335
ENSG00000183527.12	12.3218870543933	12	0.420187006841418	0.708087791265382
ENSG00000182985.17	36.994331973503	24	0.0438169844214481	0.180078254557758
ENSG00000184545.11	15.0403026598347	3	0.0017825294518089	0.0189340537513533
ENSG00000149380.12	3.31568467071884	6	0.768308299582051	0.94075001154235
ENSG00000075651.16	19.6703379443989	21	0.542219724755775	0.804988991899086
ENSG00000184110.15	9.51161587599199	12	0.658721245064427	0.878839130789621
ENSG00000111817.19	31.586723187027	27	0.247736027249165	0.527167011177805
ENSG00000183735.10	33.0564094093515	24	0.102888829489406	0.316335989434066
ENSG00000196458.11		15	1	
ENSG00000184185.10		3	1	
ENSG00000182541.18	40.6235831288504	24	0.0183117676799863	0.09868865732275
ENSG00000183621.15	4.36216994523954	6	0.627789931902404	0.859269529045203
ENSG00000111011.18	90.127457178256	42	2.3024756941682e-05	0.00061333395509496
ENSG00000184402.15	18.0471168501481	12	0.114267362866866	0.338108433545032
ENSG00000184903.10	20.4551856887156	12	0.0589506141062781	0.219754311841516
ENSG00000184916.9		12	1	
ENSG00000183696.14	23.2592929898092	24	0.504537520421776	0.78030152651865
ENSG00000182108.11	9.61953886953779	9	0.382153961886102	0.673210330631682
ENSG00000135480.16	19.7058061513526	15	0.183511118572035	0.444989483084615
ENSG00000099901.17	24.4719154018676	18	0.140166877370666	0.380668864955255
ENSG00000140479.17		15	1	
ENSG00000183291.17	9.42738311184803	12	0.666057462788739	0.883441621740925
ENSG00000243970.3	17.6633616351767	6	0.00713091304435716	0.0504789685333767
ENSG00000065357.20	153.48053335007	75	2.47606621271197e-07	1.20036404217207e-05
ENSG00000182325.11	45.2179350884508	18	0.000385411731098865	0.00596426111559802
ENSG00000185920.16	24.6806855624391	18	0.13396750492629	0.369367549296772
ENSG00000222041.11	39.9293163728871	18	0.00213400344799234	0.0215015357844042
ENSG00000185168.5	1.02740635835278	3	0.794620829978951	0.95278120617216
ENSG00000185338.6	3.98658364096355	3	0.262916503449617	0.548183595924643
ENSG00000182923.18	20.0232587214668	24	0.695452698609391	0.898756155479929
ENSG00000182473.22	39.6677794358438	27	0.0550194149563698	0.209684648132901
ENSG00000156531.17	11.1533707119997	9	0.26534253170051	0.551776531157658
ENSG00000182934.12	16.7596251756186	12	0.158865313790455	0.409122178943244
ENSG00000058673.16	65.5504820885253	27	4.72349622793256e-05	0.00111844080822968
ENSG00000116852.14	0.353786375511618	3	0.949614623025211	0.99999999971812
ENSG00000185917.14	43.9485884426395	39	0.269923907415023	0.556663638900861
ENSG00000182518.13	26.8676318689395	18	0.0815119020910931	0.273193068967822
ENSG00000185432.12	12.0467041134179	9	0.210689141456629	0.482128167086184
ENSG00000173482.17	37.4446585184414	21	0.0149592155999031	0.0853894064572591
ENSG00000183020.14		30	1	
ENSG00000147408.14	17.908197682651	15	0.267522650559922	0.554010263526774
ENSG00000171700.14	14.9335091315079	6	0.0207802164727875	0.10740820328456
ENSG00000162458.13	13.1302730919906	15	0.592236326675902	0.83830310065149
ENSG00000184517.12	22.6538857844316	21	0.362706332537188	0.654082468359796
ENSG00000185000.12	17.7617542150256	21	0.66402716283272	0.881892216127745
ENSG00000169756.16	9.15845366826397	9	0.422778071238165	0.709860702010422
ENSG00000185634.12	16.1740178843016	9	0.0633353740719048	0.229981377842213
ENSG00000066379.15	6.99392649620131	12	0.858014655023699	0.974898172411733
ENSG00000184451.5	0.455626734192379	3	0.928526092454004	0.997549140608011
ENSG00000182224.12	21.3222396113215	12	0.0458562506525329	0.185620731272164
ENSG00000185186.10	12.8417246532601	9	0.169899812360393	0.426166057046214
ENSG00000185684.15		30	1	
ENSG00000185033.14	40.715793563164	30	0.0917283612262236	0.294966805087407
ENSG00000184381.20		45	1	
ENSG00000183421.12	3.56786424538353	3	0.312066432648971	0.603426756061688
ENSG00000185896.11	1.34430363134015	3	0.71864058053541	0.914378126443023
ENSG00000184194.6		3	1	
ENSG00000184792.16	8.9211938125809	15	0.881601777324565	0.983237561469545
ENSG00000127081.14	16.5699499666056	6	0.01100072124052	0.0684206556655648
ENSG00000150401.15	26.875108991504	21	0.175025413894474	0.433994141469144
ENSG00000184840.12	2.71527658612467	9	0.974522790378836	0.99999999971812
ENSG00000115993.13	0.937600997666777	3	0.816345632340148	0.960788153748704
ENSG00000185798.8	15.078984410703	12	0.237145411961892	0.51262899808922
ENSG00000182718.17	7.70495387655683	12	0.807741402779663	0.957639305232384
ENSG00000131263.13	12.4293216648002	3	0.00604827154607401	0.0451410267280728
ENSG00000183751.15	10.779063246111	18	0.903495882118476	0.9901284956278
ENSG00000184575.12	42.2147239711339	12	3.06449953708494e-05	0.000779770292657759
ENSG00000185187.13	12.8386995210749	15	0.614755202824608	0.851500469829778
ENSG00000183060.15		21	1	
ENSG00000170085.18		12	1	
ENSG00000185909.15	33.2033185942073	12	0.000899749600332131	0.011292685474598
ENSG00000185482.8		9	1	
ENSG00000183475.13		9	1	
ENSG00000024862.17	0.0260234245270112	3	0.998892158959871	0.99999999971812
ENSG00000181026.15	18.6438299452057	12	0.0974941021348866	0.305897104727236
ENSG00000183647.10	15.5831653386904	12	0.211082151566713	0.482385908931167
ENSG00000184900.16		9	1	
ENSG00000046647.13	15.8761498808535	12	0.196974711585078	0.462759376390392
ENSG00000169372.13	11.0919712727391	12	0.521053625198963	0.789491561570166
ENSG00000166689.16	40.994849740533	27	0.0412328415508592	0.172998661289475
ENSG00000182057.5	9.11862420095849	9	0.426397038225242	0.713031764591467
ENSG00000215472.10	7.41112192063883	3	0.0598866284838424	0.221628192026492
ENSG00000027075.15	2.81689599376205	6	0.83145247720435	0.967827448941947
ENSG00000185215.11	20.5652141365063	18	0.301912983549768	0.592985389541202
ENSG00000176058.13	10.9722124549116	6	0.0892390459760294	0.289602221221067
ENSG00000242259.8	13.4127034038756	9	0.144803628341532	0.388357712193376
ENSG00000182704.8	19.4962424994592	12	0.0772358207736478	0.263230912484166
ENSG00000185247.15	0.621226601089802	3	0.891556296342251	0.986236547559737
ENSG00000126756.12	8.27679932076717	9	0.506510240585205	0.78146202880031
ENSG00000182263.14	1.51558337803203	3	0.678678393446386	0.890835432922972
ENSG00000185608.8	6.67655336657481	6	0.351797408277033	0.644667805314542
ENSG00000183963.18		42	1	
ENSG00000189223.15	33.0048007863602	15	0.00468670362225977	0.0375554091981291
ENSG00000182087.14	23.5278452120838	30	0.792953207579057	0.952009197221381
ENSG00000184432.10	46.8174759986578	21	0.000993702108754417	0.0121151118837294
ENSG00000184277.13	64.8852157184738	30	0.000226889287838837	0.00389404450554273
ENSG00000186814.14	15.0152937762932	15	0.450316129251753	0.735920979219364
ENSG00000182173.13	41.4634910477762	24	0.0148081146411735	0.0847159981345435
ENSG00000153487.13	22.392752936621	9	0.00771417364819424	0.0530821074899335
ENSG00000185658.13	19.9265811444029	12	0.0684876091093179	0.242073169861511
ENSG00000185567.7	5.52493498967306	6	0.478448110213841	0.758766778198044
ENSG00000184281.15	7.37392660887781	18	0.986575848203617	0.99999999971812
ENSG00000184349.13	5.54036466981199	6	0.476591573834606	0.757297350238962
ENSG00000182648.13	36.718227143645	18	0.00570153323320414	0.0431368220728145
ENSG00000184056.15	45.700014872762	18	0.000328076748618736	0.00524358915878289
ENSG00000183979.8		3	1	
ENSG00000170854.18	40.3101710962183	24	0.0198028666675749	0.10419393191049
ENSG00000238083.7	14.6712538553629	6	0.0229736549808869	0.115138420773881
ENSG00000100142.16	9.60245771484915	18	0.944112413427302	0.99999999971812
ENSG00000107362.14	2.47676535256142	3	0.47950474237419	0.759735751199751
ENSG00000180739.14		9	1	
ENSG00000185475.11	3.56874641762624	9	0.937441173389159	0.999496817939324
ENSG00000179750.16	0.362904942696332	3	0.947794212582233	0.99999999971812
ENSG00000184445.12	64.4438036145803	27	6.70156351333053e-05	0.00150000641527042
ENSG00000182179.13		6	1	
ENSG00000182885.17		9	1	
ENSG00000188603.21	122.451389383488	60	3.56841006532825e-06	0.00011851060570858
ENSG00000184207.9	0.940700069528248	3	0.815596471148353	0.960591399352504
ENSG00000165195.16		33	1	
ENSG00000061938.19		48	1	
ENSG00000183891.6	20.8794470814646	6	0.00192838040002129	0.0200461413737986
ENSG00000137267.6	1.44458960380871	3	0.695116763705509	0.898756155479929
ENSG00000185437.13		18	1	
ENSG00000184271.17	42.8507063170196	18	0.000840031315869307	0.0107140652494104
ENSG00000184634.16	24.0269967513905	21	0.291752295465266	0.582536449407418
ENSG00000178222.13	35.0061220833013	33	0.373016390293092	0.663917266259954
ENSG00000171791.13	2.26565840069952	6	0.893717288076588	0.986479350588987
ENSG00000213859.6	2.96766446210904	3	0.396637596197482	0.687429002288044
ENSG00000183011.13	11.0073227535468	15	0.752075100037302	0.93253550206012
ENSG00000184613.11		21	1	
ENSG00000241404.7	13.7325048265639	15	0.545905713198764	0.807296449372583
ENSG00000182873.5	2.46570573124029	3	0.481520718705191	0.761867816184903
ENSG00000132906.18	12.0117300981874	18	0.846631290704078	0.972077393907622
ENSG00000185049.16	27.6302948659468	24	0.275941645317039	0.563507105200238
ENSG00000115306.16	14.4926834441067	6	0.0245915789675532	0.12038313497546
ENSG00000120159.13	20.87349545904	15	0.140920111754156	0.382150536355583
ENSG00000186666.6	3.0941741954548	3	0.377332046839909	0.667773271128967
ENSG00000122873.12	1.96416310373752	6	0.92296481287012	0.994649938993855
ENSG00000126858.18	19.0002451962209	33	0.975481509939797	0.99999999971812
ENSG00000111731.12	38.4305726270577	27	0.0713048589631568	0.248764461914779
ENSG00000120868.14		15	1	
ENSG00000186998.16		6	1	
ENSG00000117525.14	12.4172525035251	9	0.190795270229283	0.455459701091095
ENSG00000163806.16	9.61961096870039	6	0.14161224830408	0.383012080354953
ENSG00000185989.11	0.234004611641467	3	0.971921630315938	0.99999999971812
ENSG00000186448.15	15.5005083176893	9	0.078073796924175	0.26532121884963
ENSG00000160336.15	13.309623978008	6	0.0383742640095332	0.16423863872532
ENSG00000186020.13	13.1067658496276	3	0.00441131578753365	0.0361275814176795
ENSG00000131378.14		6	1	
ENSG00000094631.21	68.8760786906714	72	0.58253965530791	0.83152292202507
ENSG00000186594.14	34.5559763427227	18	0.0107446436973503	0.0673037111942414
ENSG00000186141.9	19.8916374022228	15	0.176129141135465	0.435102868054969
ENSG00000187123.15	1.81406022020269	3	0.61188006453671	0.850050411536874
ENSG00000186230.7	3.53440158527064	6	0.739387232170459	0.927129608895429
ENSG00000177380.14		27	1	
ENSG00000162302.13	41.8518544170602	21	0.00439184687953142	0.0360271878597684
ENSG00000186635.14	54.8317201994723	36	0.0230063491145386	0.115245810525277
ENSG00000143776.18	51.5993100654723	27	0.002958957078205	0.0273302380316865
ENSG00000164031.17	14.446414293252	18	0.6995608781424	0.900905647258815
ENSG00000186300.12	29.2318833533177	6	5.49871025428946e-05	0.00126112796392661
ENSG00000186432.9	1.71714855680284	3	0.633128032990488	0.8624672592169
ENSG00000176438.12	6.07405188772256	3	0.108062498840686	0.326536040710628
ENSG00000187240.16	16.9520103339055	12	0.151411456521485	0.397634862325615
ENSG00000125482.13	16.4203364060068	6	0.0116671342256809	0.0707428073470598
ENSG00000152056.17		12	1	
ENSG00000176148.16	37.9336713964312	18	0.00395237257900081	0.033578753414119
ENSG00000134779.15	17.1280504870374	27	0.927916496808891	0.997022882968293
ENSG00000166352.16	45.59451314943	24	0.00495078007410632	0.0391054280911456
ENSG00000187079.19	60.7970037951891	12	1.61489012941251e-08	1.09395437971924e-06
ENSG00000189079.17	10.3104195455539	9	0.325944448468207	0.616561235531732
ENSG00000189266.13	4.16711709789524	6	0.654072460927041	0.875516736701898
ENSG00000156256.15	12.3820129382875	15	0.64991374538783	0.872301214566729
ENSG00000184470.21	60.5599392957374	24	5.32244624330917e-05	0.00123174892811786
ENSG00000066651.20	19.5617382675773	21	0.549152554237236	0.809756591796553
ENSG00000185973.12	14.2148127837881	12	0.287201642213113	0.57660168757565
ENSG00000186166.9	80.640927915636	24	4.80781888171403e-08	2.78196447177562e-06
ENSG00000100804.19	8.1245978414081	6	0.229116371653997	0.503692517164282
ENSG00000186642.16		3	1	
ENSG00000186665.9	6.98115281301762	9	0.63908176372423	0.866159385945172
ENSG00000186871.7	2.00702361422191	3	0.570950207612778	0.821825349944908
ENSG00000165650.12	8.63198823700623	6	0.195356934163867	0.460683890430159
ENSG00000213694.6	8.68482920457609	9	0.46686098188856	0.750019320651848
ENSG00000197565.16	0.554056832004676	3	0.906864605237314	0.990927457228769
ENSG00000108175.17	10.3763078723732	3	0.0156238815779249	0.0881504052181986
ENSG00000186364.12	8.34915202902994	6	0.213623036995803	0.486562023030521
ENSG00000166579.16	57.1678737215516	30	0.00199976310610351	0.0204808253661411
ENSG00000198464.14	3.23691663841873	6	0.77857753982431	0.946413506222563
ENSG00000119723.17	40.9607044625518	42	0.516501282842777	0.787018700829334
ENSG00000159753.14	6.91458669025178	12	0.863205995608097	0.975837921777794
ENSG00000163462.18	6.27813727808535	6	0.392765083652672	0.684078672004628
ENSG00000109184.15	66.8638964723796	48	0.0371458230998718	0.160255008219565
ENSG00000186104.10	37.9022730102406	18	0.00399031246467119	0.0337329803315055
ENSG00000169084.15		12	1	
ENSG00000169084.15_PAR_Y	6.93524206260918	9	0.643861650862518	0.869175542084924
ENSG00000187446.12	11.0897931839136	12	0.521239487091998	0.789656207562803
ENSG00000187091.14	7.14079070380922	12	0.848170902260028	0.972641129508573
ENSG00000167904.15	16.1826806261852	27	0.949375477770056	0.99999999971812
ENSG00000187051.9	1.0921765313542	3	0.778963028014031	0.946517398450236
ENSG00000167065.13	10.0136333412426	9	0.349382642247313	0.641967854777755
ENSG00000168538.16		18	1	
ENSG00000187097.12	18.6538851441555	15	0.229848673619969	0.504316191003574
ENSG00000176853.16	10.0956082715038	12	0.607573224745084	0.847975365106322
ENSG00000155621.15	14.6338556606715	15	0.478098383892306	0.758447327672829
ENSG00000158636.16	35.2516616764169	39	0.641560967351656	0.868288850891782
ENSG00000186314.11	24.3139253027275	15	0.0599506689514156	0.22170476959654
ENSG00000186174.12	14.7884374008045	9	0.0969135828546639	0.304743018450771
ENSG00000214530.9	30.6384060530618	24	0.164484486824416	0.417911528993281
ENSG00000180264.11	3.74917812081037	3	0.289853167292159	0.580557675392891
ENSG00000186132.15		15	1	
ENSG00000187118.14	15.8841650389804	18	0.600631274685388	0.84315610427759
ENSG00000186765.12	4.17046395725424	6	0.653620296655895	0.87532100158521
ENSG00000186001.14	24.6080737325865	27	0.59641583699964	0.841713244573581
ENSG00000100600.15	23.8514022109302	21	0.30031412235344	0.591850946851248
ENSG00000187049.10		6	1	
ENSG00000168781.22		42	1	
ENSG00000197779.14	10.8033816022198	12	0.545839916178154	0.807296449372583
ENSG00000187257.16		9	1	
ENSG00000197702.14	8.97551811214726	9	0.439537155945556	0.726289060408061
ENSG00000186575.19	24.3027684918857	21	0.278620972264588	0.566265433199775
ENSG00000126777.18	62.4937975665962	33	0.00144467677863773	0.0160976021445374
ENSG00000161671.17	4.0438865343167	9	0.90850032684016	0.990927457228769
ENSG00000153551.14	23.9773761961405	15	0.065478674647318	0.234935633038024
ENSG00000124782.20	2.59769711536865	12	0.997779088704043	0.99999999971812
ENSG00000186298.12	19.6278226472059	15	0.186679393919162	0.448881880676799
ENSG00000138756.17	34.1407731939466	15	0.00325370908125565	0.0291949036773369
ENSG00000100023.19	37.9621652718106	27	0.0784615012602023	0.26646171858918
ENSG00000186280.7	16.3150896332758	6	0.0121590471121668	0.0732478756833653
ENSG00000186907.8		6	1	
ENSG00000187630.17	5.19233177795832	12	0.951244307208398	0.99999999971812
ENSG00000186615.11	13.0021444224167	9	0.162509253365254	0.415193678624804
ENSG00000161791.14	4.98463542292939	6	0.545785251344084	0.807296449372583
ENSG00000147475.17	12.0358314531222	21	0.938645451814683	0.999739977548227
ENSG00000186352.9	29.9015573768047	15	0.0122814623509628	0.0736383812356378
ENSG00000088992.18	5.35607621995678	12	0.945016698839387	0.99999999971812
ENSG00000100029.18	24.1897016611474	18	0.148910568708726	0.394438502444548
ENSG00000187024.15		21	1	
ENSG00000186684.14	1.09704769837816	3	0.777786828398598	0.946147383843176
ENSG00000164066.13		6	1	
ENSG00000141568.21	49.5547680495893	24	0.00161260991131029	0.0175857001948752
ENSG00000172671.20	11.7392430918812	12	0.466842160143962	0.750019320651848
ENSG00000047849.21	6.65227090169356	15	0.966590741354876	0.99999999971812
ENSG00000186973.11		3	1	
ENSG00000187231.14	14.5134032283186	18	0.695062415887434	0.898756155479929
ENSG00000176473.13	42.3110335060192	21	0.00384471937365723	0.0329101543708283
ENSG00000186111.10		9	1	
ENSG00000133612.19	52.348189604134	51	0.421420987421791	0.708999223739721
ENSG00000056586.16	27.2239469121923	21	0.163562923658155	0.416708629165445
ENSG00000213071.11		9	1	
ENSG00000128607.14		9	1	
ENSG00000186854.11	27.1439381632154	15	0.0275852428941982	0.130392536767446
ENSG00000109066.14	13.1395514783198	15	0.591519884243318	0.838041121319238
ENSG00000120519.15		12	1	
ENSG00000187147.18	26.918707974095	36	0.8634391140501	0.975837921777794
ENSG00000186566.13	31.248319789448	24	0.146751059048806	0.390561723302142
ENSG00000186162.10	12.9260049957011	15	0.608013343968796	0.848249931186145
ENSG00000115524.17	42.448270592984	27	0.0297143332564897	0.137160611408228
ENSG00000186815.13	44.4851550754793	30	0.0430718785712415	0.178301192191513
ENSG00000130770.18	15.7925765805412	6	0.0149116702224703	0.0852131143606976
ENSG00000124593.16	3.19277829519069	6	0.784291210895729	0.948198438007496
ENSG00000183117.19	2.40106862027619	6	0.879371207744835	0.982747523655841
ENSG00000101294.18	78.9661751472741	33	1.22501377199895e-05	0.000350999044083396
ENSG00000242110.8	10.0482440598207	12	0.61172810758734	0.850050411536874
ENSG00000187185.4	15.5724214112538	6	0.0162425615329692	0.0905916913417351
ENSG00000186710.11		3	1	
ENSG00000186806.5	0.591844611670013	3	0.898296799087098	0.988218645673724
ENSG00000100207.19	18.1659903939826	9	0.033295870729125	0.148467071354934
ENSG00000186625.14	12.125852294359	12	0.435625977090175	0.721973123729003
ENSG00000249087.7	19.2446882673185	15	0.20285919171851	0.470672236272883
ENSG00000186106.11	23.4346228511031	21	0.321250102616666	0.612386749844553
ENSG00000170485.17	18.8982666315242	18	0.3981132225505	0.689043889610363
ENSG00000175600.16		6	1	
ENSG00000165629.20	81.5090262984159	15	3.69621741856568e-11	4.39634976447772e-09
ENSG00000197165.11	1.29824742194188	3	0.729549285346341	0.92153119780288
ENSG00000042088.14	61.2629526301007	33	0.00199646150155083	0.0204808253661411
ENSG00000065613.15	6.89735006898263	6	0.330444690799192	0.620918316901566
ENSG00000113812.14	20.0276013167568	15	0.170876424520184	0.427741629112307
ENSG00000129353.15		18	1	
ENSG00000129355.7	2.30978077242162	3	0.510649760675043	0.782955413648155
ENSG00000158769.18	4.0482171423505	6	0.670151249724709	0.886022079187988
ENSG00000166407.14	7.78991710603987	9	0.555448453256035	0.813644884484602
ENSG00000136840.19	18.7236364241544	15	0.226531598976074	0.500487923945794
ENSG00000179604.10	0.803350269519797	3	0.848665526390775	0.972641129508573
ENSG00000182247.10	4.03732809942812	9	0.908938531958285	0.990927457228769
ENSG00000169131.13	4.38932507446862	3	0.222377244263257	0.49579268342826
ENSG00000083838.16	16.8864831628471	12	0.153917562664008	0.401125311822278
ENSG00000185379.20	24.384850985467	27	0.608893520857409	0.848562828917009
ENSG00000106070.20	31.6445159761825	45	0.933885313205694	0.998542890098018
ENSG00000165617.15		3	1	
ENSG00000170260.9	8.18687490378943	6	0.22472963778032	0.498646304740758
ENSG00000063127.16		6	1	
ENSG00000145041.15	0.480682650797462	3	0.923114385185464	0.994649938993855
ENSG00000103599.20	19.9923333072768	15	0.172226990373739	0.429371163668772
ENSG00000145741.15	0.125166458194144	6	0.999961017472536	0.99999999971812
ENSG00000136247.14	36.892787215882	24	0.044849465389292	0.182847820433267
ENSG00000185418.16	9.9737938330735	9	0.352610922176451	0.645233832369037
ENSG00000130985.17	34.3687274178374	15	0.00302173691512435	0.0277462719073672
ENSG00000113966.10	40.0554049410384	18	0.00205130540712005	0.0208369443986405
ENSG00000167566.17	12.1893825512543	9	0.202842192313561	0.470672236272883
ENSG00000146278.11	11.0683851752037	3	0.0113617803556421	0.0695926055436307
ENSG00000160570.14	13.6036332430431	30	0.995555898565473	0.99999999971812
ENSG00000092199.17	24.1802037459565	27	0.620302349422344	0.855707718441154
ENSG00000160404.18	65.150221608943	24	1.15697543387053e-05	0.000335260671758121
ENSG00000074657.14		45	1	
ENSG00000106608.17	26.886028373272	24	0.309793713014501	0.601077369200555
ENSG00000101236.17	11.0371222562121	9	0.273172977984583	0.560454874592858
ENSG00000087263.17	28.7808508874296	15	0.0171620013403534	0.0943817804895024
ENSG00000143970.17	2.59091764579011	3	0.459084026159959	0.743419336211479
ENSG00000180628.15	21.2965523460998	9	0.0113968175386629	0.0696404101570987
ENSG00000188785.12	22.835188927178	15	0.0877023394014475	0.286432704258431
ENSG00000205323.9	13.9292267781566	12	0.305250563102759	0.596670594681812
ENSG00000130193.8	1.51299927154469	3	0.679273371550248	0.890920286906974
ENSG00000166261.11	18.0837142367927	18	0.450150655514841	0.735910349250649
ENSG00000106683.15	6.48507711504499	6	0.371096786684288	0.662238142183109
ENSG00000140382.15	27.1067392388977	24	0.299502334189406	0.590518384044609
ENSG00000170779.11	4.9219244222877	3	0.177604311270478	0.43671021634272
ENSG00000116221.15	0.32036480831448	3	0.956153995246312	0.99999999971812
ENSG00000147649.10	21.4528277560166	15	0.122974467702596	0.351566749617064
ENSG00000168807.16		15	1	
ENSG00000213523.10	28.4296708501861	15	0.019029091520118	0.101591115427603
ENSG00000121775.18	27.8757660101674	18	0.0639710991608098	0.231571100932869
ENSG00000186792.17	4.91606949402558	9	0.841562431041258	0.969844761955952
ENSG00000131748.16	51.8084587704943	48	0.327603193554552	0.618389567608324
ENSG00000155506.18		21	1	
ENSG00000070476.15	9.8453418131794	9	0.363150268749775	0.654082468359796
ENSG00000179119.15	2.3505917577013	6	0.884799800259009	0.983869676796326
ENSG00000172661.19	31.2942969160213	15	0.00802147753340964	0.054410937459713
ENSG00000107140.16	41.2570121774697	12	4.43835461043731e-05	0.00106572604014468
ENSG00000143702.16		42	1	
ENSG00000157823.17	17.6317110271484	24	0.820500060380379	0.962819217348962
ENSG00000059377.18	14.6345100128372	6	0.0232980549511828	0.116195149869892
ENSG00000123130.17	21.3771980508391	15	0.125204419120208	0.355556913709218
ENSG00000131067.17	4.64651771094123	6	0.589880489899298	0.836993692770137
ENSG00000185650.10	1.82797764618863	6	0.93482003863504	0.998638853666246
ENSG00000155906.19		30	1	
ENSG00000132507.18	6.46679708058946	9	0.692441594874484	0.897722453911504
ENSG00000079335.20	2.13248428673577	3	0.545368976648617	0.807221366844176
ENSG00000130119.17		21	1	
ENSG00000071205.12	8.43042669554643	9	0.491417539387203	0.769905040648139
ENSG00000173611.18		15	1	
ENSG00000092931.11	58.9486875151451	42	0.0429813007097517	0.178286993090045
ENSG00000188372.15		3	1	
ENSG00000066468.23	22.2668730772057	18	0.220352069818671	0.494325887580191
ENSG00000124444.16		18	1	
ENSG00000135924.16	44.6902023571565	33	0.0842056343835943	0.279474183682604
ENSG00000158290.18	22.3179349919046	18	0.218175222309281	0.4910262594063
ENSG00000181577.16	4.07909830496283	9	0.906129691805996	0.990927457228769
ENSG00000249471.8		6	1	
ENSG00000177666.17	23.2032103126003	15	0.0799196085875355	0.269566139187109
ENSG00000136104.21	60.073611089545	39	0.0166603912655565	0.0922297334368168
ENSG00000156475.18	17.7807250784244	15	0.274368941054361	0.561485677614702
ENSG00000159267.15		18	1	
ENSG00000172738.12	17.4267169753796	12	0.134238326241406	0.370014507982577
ENSG00000093167.18	39.2671091919619	33	0.209448747297964	0.480154916205933
ENSG00000088280.19	15.1100168931935	21	0.817391252750284	0.960794069483094
ENSG00000125995.16	8.02071259706281	9	0.532060239600859	0.797077356601814
ENSG00000172375.13	28.5192222370615	18	0.0545807970045295	0.208634892585699
ENSG00000221926.13	24.2379050818417	30	0.76115573182858	0.937195381779962
ENSG00000159788.19		33	1	
ENSG00000144741.17	6.16977223891172	12	0.907283022924383	0.990927457228769
ENSG00000071537.14	17.413852585265	6	0.00787677224854566	0.0536744773561328
ENSG00000079931.15		3	1	
ENSG00000113460.13	6.22614700658596	9	0.71708852803024	0.913348095283442
ENSG00000069974.16	8.21645733204605	9	0.512488465612405	0.783711244543175
ENSG00000162512.16	3.29381569863199	3	0.348504312254951	0.640814418489285
ENSG00000214274.10		3	1	
ENSG00000109606.13	132.003348053957	12	2.44388254282006e-22	1.08689019697854e-19
ENSG00000075420.13		12	1	
ENSG00000123395.14	10.5050904656091	12	0.571738936348404	0.82231687006578
ENSG00000125510.18		6	1	
ENSG00000167693.17	10.5819634289583	6	0.102188000195878	0.315413715752454
ENSG00000100099.21	39.3095868364726	39	0.456011182978212	0.740949767037715
ENSG00000158555.15		33	1	
ENSG00000204588.5	4.39878030884893	3	0.221498507541397	0.495178298410959
ENSG00000134352.20	10.9524069592899	15	0.755960807618682	0.934129391293971
ENSG00000127946.17		12	1	
ENSG00000162772.17	42.8732075677435	15	0.000164747282981257	0.00306958097926281
ENSG00000155545.20	17.4111522120529	15	0.294885469648317	0.585295068657084
ENSG00000165175.15	12.3371948850836	9	0.194960391208237	0.46036960885249
ENSG00000179820.16	17.596779893458	21	0.674358508147804	0.888680905618073
ENSG00000267680.5		15	1	
ENSG00000204310.13	18.7907352150796	15	0.223373860895279	0.497255978911384
ENSG00000141391.14	15.7990745390653	12	0.200613111872692	0.467655314800768
ENSG00000008952.17	22.4239212010289	12	0.0330343729330214	0.147622805037954
ENSG00000156471.13	6.75919659005012	9	0.6621742033724	0.880803631507969
ENSG00000135049.16	29.1261815216967	15	0.0154931919149062	0.0876547898769777
ENSG00000079819.19	55.9614566264208	36	0.0180621433480238	0.0976952511020646
ENSG00000167685.15	19.1069428663468	24	0.746262472009909	0.929669811982628
ENSG00000169764.15	15.9772660998569	27	0.953379154364826	0.99999999971812
ENSG00000157191.20	46.791285657735	21	0.00100177948404711	0.0121990504075213
ENSG00000054611.14		15	1	
ENSG00000092820.18	2.2376760449697	3	0.524565539884074	0.791975287058728
ENSG00000173598.14		15	1	
ENSG00000123933.17	21.7017987371546	12	0.0410010527815119	0.172242732560396
ENSG00000155096.14	15.1532107415333	15	0.440438503315489	0.726886971670561
ENSG00000156374.16	12.8922223904101	6	0.0447797501691661	0.182709239920383
ENSG00000089050.16	1.86598762057338	3	0.60068162267499	0.84315610427759
ENSG00000083312.17	25.9138678661984	18	0.101743682964241	0.314611890278484
ENSG00000084090.13		15	1	
ENSG00000128272.15	2.3792815626075	6	0.881725801963107	0.983237561469545
ENSG00000113971.20		27	1	
ENSG00000171492.14	4.34964322071028	9	0.886931096064894	0.984685680347382
ENSG00000127084.19	1.15154055830861	3	0.764648770361579	0.938830651503429
ENSG00000157020.18	8.29651417306741	12	0.761550753724737	0.937195381779962
ENSG00000166510.14	4.78352031115878	6	0.57186302232949	0.822379706932146
ENSG00000138386.17	11.1800249992339	15	0.739731408084685	0.927129608895429
ENSG00000146457.16	27.6264146187932	15	0.0240280462084465	0.118563861392281
ENSG00000104853.16	27.6291715285479	18	0.0679272398499445	0.240679989028652
ENSG00000122482.21	41.4073522707804	21	0.00499099591835238	0.0393319701454749
ENSG00000062370.16	1.27750861555353	3	0.73448068023775	0.9245634848821
ENSG00000112096.19	29.4863728447745	24	0.202362043161152	0.470265802498867
ENSG00000108384.15	44.8569753829215	33	0.081644986066027	0.273370396880324
ENSG00000170113.16	23.0551792400929	15	0.0829753162703526	0.276245834196147
ENSG00000140157.15	11.6489644766698	30	0.998947669320466	0.99999999971812
ENSG00000126895.15	12.4490023828942	6	0.0526697645822297	0.203920901556256
ENSG00000204348.10	48.4186880597481	30	0.0179994891476985	0.0976952511020646
ENSG00000165185.15	6.50819109769032	6	0.368728657756694	0.659574209367661
ENSG00000150054.18	10.9452450749595	6	0.0900835126577781	0.291141943436465
ENSG00000154001.14	10.8852663196285	9	0.283655444329256	0.572968313594778
ENSG00000155256.17	14.7642416535091	24	0.927467733708392	0.996750099611593
ENSG00000100413.17	29.3125696061761	21	0.106697217803877	0.323667212608497
ENSG00000147654.15	21.1174234133832	12	0.0486871830167473	0.19375895360155
ENSG00000185499.16	73.4857998224143	39	0.000691588043365662	0.00932049287956174
ENSG00000106367.15	3.62656864812016	9	0.934230022325913	0.998604755457358
ENSG00000122565.19	150.896710991859	18	4.97522402812585e-23	2.44229372172292e-20
ENSG00000107938.18	48.3804207629764	33	0.0409982519178603	0.172242732560396
ENSG00000095794.19	85.1693781294162	66	0.0563064126414265	0.212365685744074
ENSG00000112739.17	83.7056957742607	21	1.92200663595501e-09	1.73984122824635e-07
ENSG00000109576.14	3.55926394399103	6	0.736068921165141	0.925584132527642
ENSG00000076928.18	48.2776867872017	42	0.234078276207983	0.509175660128911
ENSG00000156603.19	15.8565727280984	12	0.197893971930286	0.463959990574122
ENSG00000160908.15	48.0107214579894	18	0.000150011192121567	0.00286877575631796
ENSG00000139146.14	13.6429078334986	12	0.324090233338395	0.614600433376823
ENSG00000113638.14	43.0237501479933	15	0.00015612014175511	0.00294640761995022
ENSG00000113578.18		3	1	
ENSG00000119383.20	34.7742332713096	24	0.0718193868102416	0.249944382732068
ENSG00000089123.16	8.82444237065511	6	0.183694697212106	0.445158270026685
ENSG00000197536.11	16.6070716707636	9	0.055236734257849	0.210199611132268
ENSG00000119760.16		12	1	
ENSG00000120756.13	18.0582742071274	15	0.259614307108298	0.543733568265925
ENSG00000179195.16	27.7476510448687	24	0.270827411434749	0.557403137136026
ENSG00000123473.16	26.5672443332815	15	0.0324666132979851	0.146171209254001
ENSG00000100626.17		3	1	
ENSG00000133466.14	14.5679228986555	12	0.265919687053054	0.552415206918296
ENSG00000101945.17	3.3007700576527	3	0.34753548142486	0.640068498288602
ENSG00000065548.18	17.7205055204249	12	0.124444221509456	0.353930284198041
ENSG00000168826.16	11.3117374305407	9	0.254944649547271	0.537513068435005
ENSG00000142599.19		18	1	
ENSG00000072422.17	28.7817330079488	12	0.0042447407732546	0.0352531717298044
ENSG00000164683.18		15	1	
ENSG00000132950.19	17.6030219590311	15	0.284110395362006	0.573208132970011
ENSG00000169813.16	17.2511784621456	18	0.50590412262484	0.780998078830288
ENSG00000183655.13	12.1227748678275	6	0.0592852294222398	0.220403243381446
ENSG00000166900.17	34.4516075406973	18	0.0110714756059064	0.068636438771404
ENSG00000126970.16	13.7656307230218	12	0.315924461722203	0.607784712987853
ENSG00000213213.14	5.32931769423198	6	0.502321086298763	0.779508325676634
ENSG00000039319.17	34.5189427175592	30	0.260564256149123	0.545276549948728
ENSG00000161642.18	24.5415523544007	12	0.0171511154670268	0.0943817804895024
ENSG00000181085.15	15.7132435231761	18	0.612552366814203	0.850522351044181
ENSG00000006744.19	42.6747728446935	30	0.06257541559214	0.228120273645274
ENSG00000182621.18		24	1	
ENSG00000068305.17	14.379252464154	21	0.852764208165782	0.973540746130333
ENSG00000181904.9	29.2069868698163	12	0.00367043791635118	0.0318717397677048
ENSG00000180917.18	11.5078806859465	9	0.242494711623176	0.520403442593395
ENSG00000165533.19	20.8404907462827	18	0.287536749772693	0.576934761362274
ENSG00000285043.1	3.62030505368602	9	0.934582107295215	0.998638853666246
ENSG00000125812.16		12	1	
ENSG00000105655.19		24	1	
ENSG00000124588.21	6.14573427115101	15	0.977194372869462	0.99999999971812
ENSG00000118162.14		18	1	
ENSG00000165675.16	11.6151372623008	9	0.23588551923163	0.511093619195157
ENSG00000185414.20	13.6397564448343	12	0.324301702491584	0.614766885616459
ENSG00000154920.15	37.7667534908178	21	0.0137236382514761	0.0801708142057962
ENSG00000186073.14		18	1	
ENSG00000198056.15	28.3317501109341	15	0.019582297005443	0.103411107934268
ENSG00000189190.10	1.7289233466804	6	0.942866562244391	0.99999999971812
ENSG00000214765.8	45.8968191582553	21	0.00131878552854591	0.0150388597229612
ENSG00000089057.15		3	1	
ENSG00000215717.7	8.36493753522063	9	0.497828326879402	0.775790060275656
ENSG00000187860.10	19.5451389336404	9	0.0209366598901299	0.107830172844067
ENSG00000273173.5	3.25493888539859	3	0.353963714732132	0.646437214425099
ENSG00000099364.17		9	1	
ENSG00000188859.7	15.3854386583995	6	0.017461658326209	0.0956184705668049
ENSG00000135678.12		15	1	
ENSG00000197780.10	0.512702004678431	3	0.916092105183634	0.993779968944554
ENSG00000172500.13	13.0892990890716	24	0.96462597523063	0.99999999971812
ENSG00000188352.12	17.8270940015227	18	0.46709674071812	0.750019320651848
ENSG00000108465.15	71.6128976508044	63	0.213694216242449	0.486615792062335
ENSG00000015676.18	50.3646589873242	18	6.64706658208402e-05	0.00149434822127775
ENSG00000076555.15	14.9120733718464	21	0.827337727012876	0.966408314447266
ENSG00000158234.12	35.5419021279813	18	0.00807252598707841	0.0546846810078312
ENSG00000110583.13	5.63973661198907	18	0.997451899647075	0.99999999971812
ENSG00000185022.12	18.6039666030805	3	0.000330098067051336	0.0052676647860657
ENSG00000151640.13	25.8501241825263	12	0.0112702408252758	0.0692808253616262
ENSG00000188070.9	0.858276703170304	3	0.835483098937494	0.968488080098508
ENSG00000188766.12	3.52980287415994	6	0.740000424003159	0.927129608895429
ENSG00000153130.17	8.3351263900804	6	0.214564677570926	0.487830868493076
ENSG00000086300.16	11.0950533344244	9	0.269249767133697	0.555721523004558
ENSG00000172819.17	19.7449062987362	24	0.7111864313785	0.909113472453221
ENSG00000189149.12	3.69739616264757	3	0.296048362704874	0.586938589050973
ENSG00000187961.14	9.99401717370347	12	0.616485550073463	0.852742487045498
ENSG00000241258.7		15	1	
ENSG00000065621.15		6	1	
ENSG00000188529.15	47.3273962900275	36	0.0980259887355331	0.306732284727981
ENSG00000102743.15	0.170026635239992	3	0.982276493862383	0.99999999971812
ENSG00000116288.13	14.7668621421326	18	0.677908159898754	0.890816941585696
ENSG00000168003.17	91.0160751661751	27	7.31060126208613e-09	5.49853972866758e-07
ENSG00000125409.13		3	1	
ENSG00000109654.16	34.1803493757925	33	0.410783131293732	0.70108201490535
ENSG00000113838.13	6.97652147160625	12	0.859161204187082	0.975149824658327
ENSG00000182568.17		18	1	
ENSG00000128294.16	3.8318578189419	9	0.922126453117523	0.99446974872662
ENSG00000188677.15	16.7544305644697	12	0.159070635289206	0.409444773118593
ENSG00000132613.15	4.95287771926815	9	0.838396519532995	0.968925318981246
ENSG00000161955.16	14.1769240050999	21	0.861880312042567	0.975574659361612
ENSG00000157540.22	31.8161872165611	15	0.00681936172522567	0.0488824464522308
ENSG00000106348.18	48.5393056317262	27	0.00667961211299581	0.0481506358730332
ENSG00000148719.15	8.16029654286467	15	0.917195411196371	0.993779968944554
ENSG00000133318.14	1.1562520028674	6	0.978990403213274	0.99999999971812
ENSG00000007866.21	1.19466270348039	3	0.754284698486739	0.933072702965395
ENSG00000169598.17		18	1	
ENSG00000158813.18	1.04580650142074	3	0.790170019112042	0.95103142969474
ENSG00000121390.19		15	1	
ENSG00000117523.16	37.2025894784601	21	0.0159545488774727	0.0895222602675086
ENSG00000160460.16		6	1	
ENSG00000138161.14		9	1	
ENSG00000047579.20	14.054725827682	18	0.725516852282734	0.91886991170412
ENSG00000069869.16	5.71340534235083	3	0.126417383319653	0.357315118534604
ENSG00000188846.14	4.71713822660968	9	0.858236192798385	0.974970695922563
ENSG00000261052.6	35.7700412651702	21	0.0232014775101769	0.115939381266047
ENSG00000182903.16	31.6117012564064	15	0.00726851841992371	0.0510582271315395
ENSG00000091436.17	13.3396302112269	18	0.771014502579803	0.942312039953253
ENSG00000163001.12	31.049018299309	15	0.00865314280181387	0.0575507137319598
ENSG00000188725.8	13.5463066943921	3	0.00359250228036816	0.0313814738051972
ENSG00000156414.19	5.77211742277359	6	0.449195794420864	0.735054196309553
ENSG00000025293.17	11.0259512039775	9	0.273934308345043	0.560986793823956
ENSG00000142546.14	28.888430465362	15	0.0166250090188467	0.092122002846036
ENSG00000189136.9	8.03667274998333	6	0.235428863530468	0.510536749004274
ENSG00000125246.15	10.039433560994	9	0.347302285688909	0.639824686917252
ENSG00000197785.14	10.0086233265029	12	0.615204099091632	0.851870156017998
ENSG00000187556.7	13.8920146825408	9	0.126218657954643	0.357148174887425
ENSG00000126709.15	6.01251315598347	6	0.421789808772635	0.709186334310321
ENSG00000100997.20	7.72018811717135	15	0.934510075980526	0.998638853666246
ENSG00000130024.15	17.5571180512197	9	0.040673612033574	0.171496445792015
ENSG00000171703.17	52.4221413731139	30	0.00685634695327827	0.0490208107482136
ENSG00000171823.7		3	1	
ENSG00000164056.11		12	1	
ENSG00000173275.13	1.44244752061456	3	0.695615649910509	0.898756155479929
ENSG00000080845.17	12.5783928008495	12	0.400414277271643	0.690930776351491
ENSG00000101391.21	14.7943200449226	30	0.990851316592877	0.99999999971812
ENSG00000180008.9	9.55335043414561	6	0.144765659014727	0.388357712193376
ENSG00000187689.10	4.45266698427497	3	0.216551341892706	0.490309328399967
ENSG00000188396.4	5.97297866150495	3	0.112932298278714	0.335614316993888
ENSG00000156313.15		24	1	
ENSG00000155629.15		3	1	
ENSG00000176986.16	9.60734255790521	15	0.843685655289949	0.970432988638355
ENSG00000165792.18	115.665213229557	51	6.28058974827586e-07	2.72220985318279e-05
ENSG00000151304.6	3.85103956592684	3	0.278004929841406	0.565863917397448
ENSG00000088387.19	24.0370425179026	27	0.628260514979868	0.859269529045203
ENSG00000183828.15	7.58987612768488	9	0.575944979081018	0.826351225194638
ENSG00000189067.13	16.284302686734	18	0.572713205114618	0.823486558211615
ENSG00000112081.17	30.1548576084897	15	0.0113751841879614	0.0696091243367213
ENSG00000188064.10	1.55599344627626	3	0.669408649006781	0.885475374458859
ENSG00000188659.9	23.4756529750482	12	0.0239487353151616	0.118343774656419
ENSG00000101782.15		21	1	
ENSG00000067177.15		12	1	
ENSG00000115827.14	20.818983846932	21	0.470045633194154	0.752440810945697
ENSG00000132600.17	97.5095757103409	39	6.46888717121678e-07	2.7802624737133e-05
ENSG00000189171.14	10.7456137536792	15	0.770410097224326	0.942083070473118
ENSG00000153234.15	18.0090432166162	21	0.648431874217577	0.871018994270728
ENSG00000124356.16	21.9422834141733	27	0.740304359868495	0.927129608895429
ENSG00000188895.12	78.6497948349279	24	9.96969962582038e-08	5.42447114215514e-06
ENSG00000009954.11	1.59171409386181	6	0.953171247107766	0.99999999971812
ENSG00000189043.10	0.714933625946287	3	0.869685914958995	0.977246699262314
ENSG00000213096.11	40.6439163606183	15	0.000362292634941109	0.00567517819726279
ENSG00000150991.15		12	1	
ENSG00000198466.12	10.0538058657985	12	0.611240181537288	0.850034596899187
ENSG00000161249.21		6	1	
ENSG00000096070.19	20.13661744819	21	0.512623088221785	0.783799935638361
ENSG00000106268.15	20.9354497788008	21	0.462892403435006	0.746716037649688
ENSG00000089818.18	41.3493469148089	36	0.248442034944548	0.528010300321582
ENSG00000149328.15	9.40559997626042	6	0.152019361852092	0.398310976533057
ENSG00000135622.13	32.7221358170509	18	0.0180297145470351	0.0976952511020646
ENSG00000154640.15		12	1	
ENSG00000124635.9	5.05237173698333	6	0.537113833580613	0.800568938645144
ENSG00000166275.16		6	1	
ENSG00000173588.15	22.8729129194717	24	0.527310534426272	0.794059833752237
ENSG00000198538.11	11.8822696725711	9	0.220028060360385	0.493973540769528
ENSG00000166348.18	17.9320458325101	18	0.460137652146079	0.74454717261303
ENSG00000187764.11	29.77432672544	21	0.0966175585212693	0.303905598436059
ENSG00000187742.15	32.8606628715752	21	0.0477851689603075	0.191608974243428
ENSG00000188994.13	16.7652274124366	9	0.0525219626770629	0.203517665992952
ENSG00000196268.12	16.913836250536	18	0.529036454060817	0.795459927765411
ENSG00000120533.13	14.9153560725099	18	0.667770696443581	0.884705904464247
ENSG00000162607.13	2.43435780569052	6	0.875740525128613	0.980393601446415
ENSG00000140839.11	3.28592070500525	3	0.349607032583415	0.642034171686849
ENSG00000197472.15		15	1	
ENSG00000125775.15		6	1	
ENSG00000110321.18	29.5180966482731	21	0.102108140531588	0.315388730856265
ENSG00000159176.14	13.8978504923871	12	0.307278907370526	0.598582354502593
ENSG00000186063.13	0.461325225329347	3	0.927302123929311	0.996676833631703
ENSG00000001631.16	63.3023396195094	54	0.180971015097361	0.441275926920359
ENSG00000056972.20	42.1632339924909	24	0.012372132896635	0.0740951682667914
ENSG00000250571.7	32.2482112643793	24	0.120955933685589	0.348229171311536
ENSG00000188997.8	3.09008661914208	6	0.797458070694591	0.953943587859688
ENSG00000151148.14	44.3821871740802	33	0.0891099402680359	0.289462322172725
ENSG00000148498.16		30	1	
ENSG00000164654.16	31.7255188688177	21	0.0624022112866745	0.227883337317863
ENSG00000175920.18	10.613005821923	12	0.562342386873844	0.817397521466732
ENSG00000188613.7	0.962539089277925	3	0.81031532038751	0.958767314285956
ENSG00000046651.15	23.6828284832263	15	0.0706790942577777	0.247543721538289
ENSG00000125170.11	38.2168085197809	24	0.032940070390772	0.147459072221973
ENSG00000132199.20	71.3183961422765	51	0.0316118161281039	0.143268616382089
ENSG00000166123.14	10.3102538314706	12	0.588762429358438	0.836275287523998
ENSG00000182484.15		21	1	
ENSG00000182484.15_PAR_Y		27	1	
ENSG00000138785.15	21.3989960341987	15	0.124558301728055	0.354115305274117
ENSG00000028116.18	6.65287700563204	15	0.966576368786965	0.99999999971812
ENSG00000174928.16	5.27750084147419	6	0.508745565445004	0.781964483916811
ENSG00000081189.16	12.2504471634254	18	0.83404119796678	0.968488080098508
ENSG00000277561.5	1.60196256138619	3	0.658944903978894	0.879022877256144
ENSG00000107551.21	12.3667702904708	9	0.193413245342191	0.459113162578079
ENSG00000162664.17	5.99083437717127	6	0.424217606306558	0.710781637167859
ENSG00000077380.16	12.9184532436193	27	0.989757153488769	0.99999999971812
ENSG00000270580.5		3	1	
ENSG00000188807.13	10.3025234740871	12	0.589439083928985	0.836545460152724
ENSG00000244687.12	53.9854059806239	30	0.00461466545817533	0.0372560481228694
ENSG00000152292.17		9	1	
ENSG00000159618.16	1.69045783282962	3	0.639057317644772	0.866159385945172
ENSG00000135047.15	5.27366105193505	9	0.809829841655904	0.95854541197619
ENSG00000160194.18	19.099444362917	9	0.0243604937621539	0.119569813192453
ENSG00000175048.17	8.0051167976635	15	0.923577400680446	0.994649938993855
ENSG00000186480.13	6.74074205396755	12	0.874260092775989	0.979926198663773
ENSG00000188229.6	59.4277673619799	3	7.78916450780795e-13	1.22577482692873e-10
ENSG00000117592.9	28.6908028001199	6	6.96046446777376e-05	0.00155455438953838
ENSG00000120253.14	8.94263278950712	9	0.442586489398349	0.728433982309848
ENSG00000189308.11	25.2931103562469	18	0.117053068923523	0.342363278498257
ENSG00000188647.13		15	1	
ENSG00000149532.16	39.3953952320007	45	0.707520096149323	0.906329099992417
ENSG00000131236.17	22.3518500226346	33	0.919469420657479	0.994317866994963
ENSG00000163349.22	7.44658772860021	9	0.590727582610241	0.837620697267188
ENSG00000147813.16	30.7369313599775	30	0.428420892787476	0.714896788307194
ENSG00000188185.13	21.8195023320718	12	0.0395932613616154	0.168328956969228
ENSG00000154305.18	36.8211846591803	24	0.0455903337723577	0.185056954030733
ENSG00000186523.14	20.8259074512439	12	0.0529886259751243	0.204720550405489
ENSG00000101558.14	17.8900710289308	15	0.268488969273384	0.554522679276962
ENSG00000170802.16	0.266614685818468	3	0.966179988466387	0.99999999971812
ENSG00000188010.14	4.82620603139367	6	0.566289121023858	0.818738009746014
ENSG00000106852.15	6.40923019199454	12	0.894065186276859	0.986479350588987
ENSG00000120833.14		21	1	
ENSG00000148344.11	0.330665442779718	3	0.954161634771427	0.99999999971812
ENSG00000106009.16	10.6494644342674	12	0.559174183054769	0.815813408877708
ENSG00000186409.18		3	1	
ENSG00000181220.17	8.16322545014282	9	0.51778452612223	0.787805729243535
ENSG00000129214.15		3	1	
ENSG00000173681.16	9.05921264778931	3	0.0285138937086618	0.133481468492192
ENSG00000100360.15	23.0991076612736	15	0.0820581789913179	0.274304938856925
ENSG00000173230.15	47.9687091259202	18	0.000152183597452081	0.00289600875267851
ENSG00000160208.13	10.2651197215655	3	0.0164418819080154	0.0915038139483621
ENSG00000066427.24	111.591538021676	45	1.40337109350909e-07	7.21360950527863e-06
ENSG00000248333.8		12	1	
ENSG00000196418.12	8.54279894034517	15	0.900185404990552	0.988895481506616
ENSG00000185630.19	47.902046727766	27	0.00787385596495261	0.0536744773561328
ENSG00000188026.13	3.01875404210296	9	0.963546792544652	0.99999999971812
ENSG00000072071.16	17.1892080359903	21	0.699574745934183	0.900905647258815
ENSG00000130816.16	39.9434932550939	39	0.428024488170378	0.714510874225949
ENSG00000068366.20	34.2677208090281	24	0.0800222076436518	0.269791417925812
ENSG00000113328.19	9.10181451166864	15	0.872133946197695	0.978429026572754
ENSG00000124496.12	1.41097219879157	6	0.965187560326307	0.99999999971812
ENSG00000171680.23		42	1	
ENSG00000010404.18	23.4316729575221	15	0.0753948013897732	0.258970256351911
ENSG00000116791.14	36.5780341399332	18	0.00594494194747336	0.044648172673058
ENSG00000130822.16		9	1	
ENSG00000165929.13	11.0237752719834	6	0.0876444023157069	0.286432704258431
ENSG00000175787.17		12	1	
ENSG00000166192.15	0.801021546495122	3	0.849222677354181	0.972641129508573
ENSG00000070367.16	35.1957380852073	21	0.0268695274808737	0.128313910645125
ENSG00000164828.18	27.199165612139	39	0.922717990331094	0.994649938993855
ENSG00000169398.19		75	1	
ENSG00000162819.12	23.150294791476	15	0.0810005472524686	0.271835497980807
ENSG00000131844.16	14.5730170650422	12	0.265621050920338	0.552020339508165
ENSG00000187609.16	4.1808741217028	9	0.899109410309294	0.988817348462936
ENSG00000124214.19	41.1088163642708	15	0.000307802128504109	0.00499572646545755
ENSG00000189143.9		6	1	
ENSG00000197782.14	22.5047914765655	18	0.210342710529835	0.481880310416502
ENSG00000137819.14	5.38995844490273	6	0.494855200700265	0.773450331248404
ENSG00000159346.13	2.95279038400622	3	0.398961390353209	0.689587033106281
ENSG00000188825.14	49.1819852665012	33	0.0347278287357135	0.152480519761438
ENSG00000130714.17	9.73205253230844	24	0.995565646892525	0.99999999971812
ENSG00000041982.16		3	1	
ENSG00000167272.11	26.3603586853715	24	0.335137176975773	0.625683187312498
ENSG00000187922.14	0.815084553743716	3	0.845855709089138	0.97172709437026
ENSG00000105974.12	14.6895748460374	18	0.6831601461553	0.89338342304047
ENSG00000111802.14	1.85949312259618	6	0.932156649677987	0.998326481219489
ENSG00000187634.12	63.8353986207076	33	0.00100939729825507	0.0122347435486609
ENSG00000153107.13	10.3108348970491	18	0.921286725202916	0.99446974872662
ENSG00000160058.19	56.0267420405435	21	5.00143165100193e-05	0.00116965950494552
ENSG00000034677.13	39.0676574015524	27	0.0624671961083092	0.227961808416659
ENSG00000179348.12	14.8868296725923	9	0.094091847711853	0.299460332994569
ENSG00000055732.13	2.8475830904826	3	0.415726675053494	0.704480019766094
ENSG00000128309.16	12.0347387022703	12	0.442893775404733	0.728588039339822
ENSG00000075303.13	18.3574776657188	21	0.626283370705924	0.858056871008692
ENSG00000135454.14	55.1952210283453	42	0.0833660920244334	0.277227488724945
ENSG00000119616.11	18.5895922888267	18	0.417494062120092	0.705758843402152
ENSG00000188554.15	1.67901835886005	6	0.946729566078368	0.99999999971812
ENSG00000136925.15	19.9131798122285	15	0.175288578359589	0.434093320890565
ENSG00000106976.21	14.9548083720182	9	0.0921848163686338	0.295969393168473
ENSG00000080822.17	41.5994491523452	45	0.616805464976355	0.852954319486702
ENSG00000079277.22		48	1	
ENSG00000102401.20	21.7175797120617	15	0.115425954591635	0.339587701409735
ENSG00000197933.13	1.82770718362895	3	0.608924183244491	0.848562828917009
ENSG00000124191.18	7.29009466947491	6	0.294850587283065	0.585295068657084
ENSG00000196550.10	12.2251755472807	18	0.835396591006251	0.968488080098508
ENSG00000173065.13		27	1	
ENSG00000050405.13	21.1298851246538	18	0.272910913862436	0.560436566963643
ENSG00000181038.14	48.4356919280399	33	0.0405359927716686	0.171013382105693
ENSG00000118564.15	42.6786566192859	30	0.06252655726457	0.228097059293611
ENSG00000179085.8	13.5395579198375	6	0.035224488567306	0.153979185279903
ENSG00000074047.22	2.56992970990018	3	0.462785660971045	0.746711655419328
ENSG00000172977.13	41.0581378874267	36	0.258470559789196	0.542337508940244
ENSG00000144468.17	18.6267352211007	21	0.609070991762266	0.848567109361589
ENSG00000164081.13	44.5635417938174	27	0.0180701354076749	0.0976952511020646
ENSG00000172725.14	11.1879560561792	12	0.512883261560865	0.784080538410714
ENSG00000058668.15	24.6897190637628	12	0.0163636000737195	0.0912170382311046
ENSG00000187514.16	8.02231447328813	9	0.531899027621603	0.797026096199796
ENSG00000001167.14	0.282531974169615	3	0.963279553883926	0.99999999971812
ENSG00000135387.21	15.3177433280944	18	0.640046560757232	0.867157121852414
ENSG00000179528.16		3	1	
ENSG00000103253.18	66.9054206531728	42	0.00859247345758501	0.0573336014335532
ENSG00000008130.15	80.4627394584022	42	0.00032635585932812	0.00522424739447158
ENSG00000184992.13	48.2362695606444	6	1.05988741105755e-08	7.42574542993674e-07
ENSG00000106785.15	6.54486079441449	6	0.364993283338478	0.655491944569864
ENSG00000054654.19		33	1	
ENSG00000140694.17	41.5825960784368	36	0.240594198180295	0.517392520918925
ENSG00000188501.11		3	1	
ENSG00000165240.20	5.25691197303399	6	0.511309538105595	0.783079093469402
ENSG00000139990.18	9.0048001371124	12	0.702520384113826	0.902832224625556
ENSG00000161048.11	53.452433251151	24	0.000504033134775511	0.0072284547709826
ENSG00000151500.15	9.20666437398177	15	0.866465939762737	0.976843836153154
ENSG00000111653.20	37.8191319310281	39	0.523648842911468	0.791190083922652
ENSG00000184481.17	5.85111870660603	6	0.440073007654693	0.726752792266687
ENSG00000106609.16	29.0834753600502	9	0.000627361555661042	0.00868373660738402
ENSG00000073712.15	27.5409965791187	21	0.153655578967504	0.400750361361193
ENSG00000131018.24		42	1	
ENSG00000103351.13	27.2298191113259	24	0.293855092874148	0.584553021031054
ENSG00000185722.18	21.2028262246786	24	0.626732891035308	0.858442788216412
ENSG00000103168.16	55.4689090816246	48	0.213811670736971	0.486774889821606
ENSG00000138777.20	38.0155218573054	33	0.251495365397944	0.532507988543897
ENSG00000143434.16		9	1	
ENSG00000188095.6		3	1	
ENSG00000188368.9	0.454651936596065	3	0.928735053057882	0.997549140608011
ENSG00000060762.19	8.54049834446778	6	0.201116465803661	0.468615109044566
ENSG00000148225.16	17.4469966262544	6	0.00777351141751097	0.0533193795417882
ENSG00000008083.14		6	1	
ENSG00000137699.17	24.6087984924525	18	0.136076708117197	0.373271291855941
ENSG00000189283.10	0.814284841153096	3	0.846047325294729	0.971755301783078
ENSG00000187325.5	0.414246350055691	3	0.937284061533257	0.999496817939324
ENSG00000176261.15		36	1	
ENSG00000182504.11	6.30852455627132	6	0.389530985309194	0.681462707153711
ENSG00000144355.15	6.92703431480732	9	0.644716093867669	0.869175542084924
ENSG00000141905.19	20.8653981143179	21	0.467190430659625	0.750019320651848
ENSG00000029725.17	22.516310500203	18	0.20986670701409	0.480897523756077
ENSG00000082397.17	52.5668942331977	30	0.0066123731573409	0.0478095787208267
ENSG00000163995.20	15.3229249198391	12	0.224249861966574	0.498498332221017
ENSG00000188186.10	34.8949622060172	27	0.141546683220301	0.382936001761559
ENSG00000204248.11	7.89266482477513	9	0.544998257532989	0.806887708250824
ENSG00000138433.16	6.74493822037402	6	0.345080625927329	0.637498595378481
ENSG00000148308.18	17.9459467139823	18	0.459218825989051	0.743486763381134
ENSG00000158019.21	24.5428940925667	21	0.267503788035949	0.554010263526774
ENSG00000064933.18		33	1	
ENSG00000159110.20	12.3485709459055	15	0.652476298771284	0.874719459294931
ENSG00000095383.20	6.33607411433195	9	0.705868121557271	0.905142912800467
ENSG00000213853.10	2.50946368846053	3	0.473583210521664	0.755267019087325
ENSG00000168970.22	5.40213911265164	6	0.493362524513239	0.772242580450791
ENSG00000117543.21	51.990254536664	30	0.00763501580996298	0.0529481876068551
ENSG00000178904.19		15	1	
ENSG00000142046.15	18.7215599657964	15	0.226629838141747	0.500487923945794
ENSG00000185651.15	0.712177113651705	6	0.994224490413833	0.99999999971812
ENSG00000082438.17	7.44417132975241	9	0.590977473084104	0.837620697267188
ENSG00000117155.16	17.8915739043732	18	0.462816687394519	0.746711655419328
ENSG00000089289.16	1.70129656217614	3	0.636645578661585	0.864659112806487
ENSG00000182871.16	11.1353560636235	6	0.084282097079627	0.279637227060495
ENSG00000104365.15	112.477324213032	60	4.79156698330699e-05	0.00113193853746529
ENSG00000168575.10	48.011015200711	21	0.00068527751196266	0.00927209480141012
ENSG00000104369.5		3	1	
ENSG00000166311.10	21.7019579594889	18	0.245486455857374	0.524015224742294
ENSG00000135540.11	1.01322880674095	3	0.798051019323995	0.954044262309124
ENSG00000149596.7	0.16578141945206	3	0.982914576188027	0.99999999971812
ENSG00000183337.17		27	1	
ENSG00000167081.18	18.7862659888488	15	0.223583176830882	0.497505398260408
ENSG00000182324.7		3	1	
ENSG00000168214.20	28.6424675920407	33	0.683986358710241	0.893433455012014
ENSG00000215252.11	61.670334477596	24	3.69752743870835e-05	0.000907002594017931
ENSG00000187527.11	1.64225993882337	3	0.649846071254412	0.872301214566729
ENSG00000120539.15	12.0517715624246	9	0.210406386693038	0.481918255594064
ENSG00000168566.13	8.92148633375473	6	0.178042011921945	0.43694619480556
ENSG00000101084.18	10.3599958143895	15	0.796505110493662	0.95321490088177
ENSG00000131061.14	10.0452562320791	9	0.346833905523688	0.639467198918855
ENSG00000188313.13		30	1	
ENSG00000006534.16	35.8541690416023	27	0.118520886455225	0.344026379729988
ENSG00000188167.9	6.30855401183226	3	0.097526264562571	0.305897104727236
ENSG00000196152.10	4.17621831475981	6	0.652842949439061	0.874719459294931
ENSG00000162434.13	19.3665315528742	21	0.561640077580507	0.816865683715485
ENSG00000188162.11		3	1	
ENSG00000179627.10	0.477783347793888	3	0.923744489740436	0.994649938993855
ENSG00000107758.16	11.1169631794528	12	0.518922436259152	0.788511256072304
ENSG00000188242.4	4.08817583395285	9	0.905513660551125	0.990641629281012
ENSG00000188735.13	17.6405575943809	12	0.127048260789959	0.358701810549405
ENSG00000111206.13	55.3052362946037	24	0.00028470881436142	0.0047174354858009
ENSG00000124104.19		27	1	
ENSG00000064393.16	6.00231930207076	6	0.422930321033975	0.709860702010422
ENSG00000170412.18	11.9383369810121	18	0.850404671011274	0.973012068116251
ENSG00000179152.20	27.2037270879664	27	0.452845349100794	0.738427399322815
ENSG00000164631.19	6.42091850292309	9	0.697163012840153	0.89914198641233
ENSG00000068383.19	0.465454964569744	3	0.926412550968777	0.99655841664314
ENSG00000273784.4	5.06474025960847	6	0.535536951184335	0.799592391426736
ENSG00000125743.10	2.11343305150513	12	0.999211174844996	0.99999999971812
ENSG00000033170.17	15.8414970943259	12	0.198604128852014	0.465091949182063
ENSG00000189227.6	11.3195934374025	6	0.0789871619496733	0.26762527079285
ENSG00000132819.17	9.85084080825254	9	0.362695018213919	0.654082468359796
ENSG00000159899.15		15	1	
ENSG00000078699.22	7.3121187092238	9	0.60465851049223	0.846108331576611
ENSG00000100647.8		6	1	
ENSG00000143252.15	11.063406070869	15	0.74808680014993	0.930655429902078
ENSG00000188660.4	4.10766015360696	6	0.662109669778064	0.880803631507969
ENSG00000158321.18	31.8064778542962	24	0.131864658347142	0.366650369946999
ENSG00000130829.18		6	1	
ENSG00000105137.13	15.1645349069004	12	0.232561613832703	0.507546991229939
ENSG00000189195.14	15.8176155140013	9	0.070789326612895	0.247641594365015
ENSG00000163291.14	4.42224112325039	9	0.88149282475399	0.983237561469545
ENSG00000081059.20		3	1	
ENSG00000089327.15	9.39081652194727	15	0.856212769496494	0.974503338818654
ENSG00000188596.11	2.24700158818527	6	0.895638456018418	0.98737700997433
ENSG00000157350.13	11.6332429598151	9	0.234783612688694	0.510110784662841
ENSG00000138621.12	35.9061894680999	24	0.0560481360709474	0.211921679320744
ENSG00000105928.16	27.1049357751444	21	0.167406738253463	0.422211208073876
ENSG00000204941.14		21	1	
ENSG00000114867.22	23.0293200482265	39	0.980311079072227	0.99999999971812
ENSG00000123728.10	11.1212771012979	9	0.2674875612668	0.554010263526774
ENSG00000141646.14	43.4179021471573	33	0.106002844479402	0.322421378584538
ENSG00000189229.11		66	1	
ENSG00000182957.16		9	1	
ENSG00000188315.8	4.50508748427637	6	0.60866071367308	0.848562828917009
ENSG00000064115.11	18.9582169693022	27	0.871519010581363	0.978213426546942
ENSG00000132676.16	87.3464915037912	48	0.000447493685687982	0.00662433127482253
ENSG00000144488.15		6	1	
ENSG00000159023.21	35.6127013617806	24	0.0598182348866502	0.221559452488536
ENSG00000189046.11	56.2308501540392	18	8.19461771129357e-06	0.000249472454073875
ENSG00000188710.3		3	1	
ENSG00000189362.12	5.85504036482598	12	0.923212183614371	0.994649938993855
ENSG00000050748.17	47.8066871651754	30	0.0207237336768452	0.107278882479985
ENSG00000188002.10	11.3470538222009	12	0.499433411377259	0.777343938675895
ENSG00000145979.18		36	1	
ENSG00000164941.14	68.3358641154337	42	0.00626413070420513	0.0462621517702886
ENSG00000010379.16	1.27483208626617	3	0.735117944379791	0.925024166940692
ENSG00000105948.13	50.0485049614117	27	0.00449248340426358	0.0366456241963415
ENSG00000007341.19	34.0791771085351	36	0.560211200959338	0.81609523104101
ENSG00000188542.10		12	1	
ENSG00000198517.10	6.3579529711933	3	0.0954360057761047	0.302140174275387
ENSG00000057663.16	14.9742799082596	18	0.663732407383649	0.881615218170023
ENSG00000122483.17	19.861798858863	21	0.530029596874016	0.795794131969913
ENSG00000134215.16	10.2525925782411	9	0.330426208739369	0.620918316901566
ENSG00000140988.16	11.9980851132423	18	0.847336341640146	0.972554245807569
ENSG00000197128.11		3	1	
ENSG00000139597.18	0.681005241126087	3	0.877662351406848	0.981373873255427
ENSG00000076685.19	64.7443995621507	39	0.00592365253576207	0.0445864913821267
ENSG00000132128.16	11.9978433453398	15	0.679192292550584	0.890920286906974
ENSG00000173875.14		9	1	
ENSG00000267673.6	7.18261206464376	15	0.952382771023469	0.99999999971812
ENSG00000188295.14		6	1	
ENSG00000143512.13		9	1	
ENSG00000140943.17	36.6414545912121	21	0.0185008417763887	0.0994456702736102
ENSG00000100697.15	23.7541521015501	18	0.163248284546043	0.416010638420894
ENSG00000196378.13	0.563572099100611	3	0.904718665697797	0.990407451993019
ENSG00000145220.14	2.33348948929779	3	0.506135586446633	0.781119630923749
ENSG00000078399.19	16.4533830034834	15	0.352575836950268	0.645233832369037
ENSG00000188629.13	1.94778748012914	6	0.924437358441298	0.995143273853216
ENSG00000101844.18		12	1	
ENSG00000122779.18	0.882444646933436	3	0.829662119562457	0.967293941988659
ENSG00000143514.17		18	1	
ENSG00000178467.18	41.0689759124507	21	0.00549796036164357	0.0419691317457105
ENSG00000189057.11	6.95979941692167	9	0.641305002067283	0.868057280156972
ENSG00000139793.18	7.38399384327568	9	0.597206268680308	0.842321691255262
ENSG00000100036.13	3.76088806784674	3	0.288468399190674	0.57857710888655
ENSG00000140950.16	14.7613955229499	18	0.678280209708136	0.8908223989053
ENSG00000151348.15	41.736794084256	21	0.00454005868622034	0.036842096334407
ENSG00000160179.19	5.09028557118137	3	0.165304118638113	0.419061493904564
ENSG00000074527.13	7.50524319772376	12	0.822501650077171	0.964252656212258
ENSG00000214954.8	9.48202328220964	6	0.148228750666922	0.393417719401128
ENSG00000148297.16	9.66337164579454	9	0.37841799733748	0.669000638569838
ENSG00000250251.6	2.7214638862406	12	0.997211387579272	0.99999999971812
ENSG00000162390.17	4.92832493294634	6	0.553038389309146	0.811365773791587
ENSG00000181450.18	14.454796745054	12	0.272612993429148	0.560063930465304
ENSG00000187778.14	41.283146248199	33	0.152557425396852	0.399177439176776
ENSG00000101353.15	21.5681742525746	9	0.0103530750050504	0.065452165776675
ENSG00000116237.16	10.5606189687023	6	0.102942910230946	0.316407160081834
ENSG00000143811.19	38.0359014702553	21	0.0127643244291806	0.0758665163196328
ENSG00000129691.16	26.7813677244176	24	0.314746944834815	0.606089325812373
ENSG00000188707.6	1.03175853238099	3	0.793567957595539	0.952013816083021
ENSG00000118689.15	7.45980397071571	3	0.0586003046662028	0.219007130592104
ENSG00000188177.14		6	1	
ENSG00000224051.7	4.54003656570058	6	0.604004628747426	0.846003470828073
ENSG00000140961.14	19.7491647450279	6	0.00306884942689108	0.0280780507939793
ENSG00000180263.14		9	1	
ENSG00000196646.12	3.95106765383935	6	0.683298356752175	0.893433455012014
ENSG00000125354.23	14.7868188249849	15	0.466879342856352	0.750019320651848
ENSG00000171858.18	1.69462499022484	6	0.945535473946574	0.99999999971812
ENSG00000178385.15	2.86587066556467	6	0.825483447918859	0.965896841542211
ENSG00000130940.15	14.3372002882131	6	0.0260880805431236	0.125342872651767
ENSG00000115241.11	2.43292154528899	3	0.487535710693394	0.7672196479177
ENSG00000136237.19		3	1	
ENSG00000166145.14		3	1	
ENSG00000108107.15	19.4204160717782	12	0.0788751620442049	0.267511284002046
ENSG00000148814.18	18.731272095657	9	0.0275772953846358	0.130392536767446
ENSG00000160712.13	16.1088351298156	12	0.186301920175444	0.44884351388989
ENSG00000214967.5	1.27000753103312	3	0.736267103010682	0.925673082189807
ENSG00000106290.15	45.387444054817	36	0.135739149589665	0.372787224149766
ENSG00000140105.18	50.46347563772	27	0.00402144283816182	0.0338316639680204
ENSG00000240230.6	0.0389331619553559	3	0.997980557788423	0.99999999971812
ENSG00000188833.10	7.53273701817523	6	0.274372089074539	0.561485677614702
ENSG00000038382.20	64.023744011778	42	0.015862311225067	0.0891822059816871
ENSG00000067191.16	31.8871180619381	15	0.00666979187267263	0.0481137525145052
ENSG00000121766.16	11.4950812727184	18	0.872180244909865	0.978429026572754
ENSG00000083896.13	40.6219193175966	15	0.000365090898175845	0.00571026727437418
ENSG00000204673.11	51.6705113122589	21	0.000212646719581117	0.00371188275528199
ENSG00000130396.20		36	1	
ENSG00000251369.9		9	1	
ENSG00000141527.18		21	1	
ENSG00000082996.20	40.1662126669889	30	0.101684947693607	0.314525349246417
ENSG00000178752.16	14.1217057966646	12	0.293004001368415	0.584009729149945
ENSG00000128683.14		24	1	
ENSG00000235109.7	25.6151269978891	18	0.108889083022912	0.327788825850902
ENSG00000160223.17	1.87023221570865	3	0.59977214381805	0.842729293834454
ENSG00000114030.13	25.4870780460842	21	0.226684969365614	0.500487923945794
ENSG00000080839.12		6	1	
ENSG00000168397.17	91.179186843161	51	0.000465927965558863	0.00682190963209496
ENSG00000188649.15		3	1	
ENSG00000146576.13	8.39432712460075	12	0.753605998738351	0.933028735438446
ENSG00000213699.9	8.78442781966805	9	0.457406828255447	0.741437238128238
ENSG00000186918.14		12	1	
ENSG00000075043.18		3	1	
ENSG00000112679.14	13.0493362006982	15	0.598487115885227	0.842462693028601
ENSG00000188760.10	2.69749628683473	6	0.845742940284614	0.971706675971169
ENSG00000135776.5	9.74470343325993	6	0.135823028457457	0.372787224149766
ENSG00000130147.16	17.5309445747407	15	0.288126921680311	0.578005546551853
ENSG00000135845.10	1.2881324357113	6	0.972308058434009	0.99999999971812
ENSG00000136161.12	7.81173415499779	9	0.553224731046202	0.811433291349526
ENSG00000167720.13	15.1271080816177	15	0.442300722363023	0.728433982309848
ENSG00000116678.20	2.84474065066593	6	0.828066074576213	0.966817472530542
ENSG00000189334.9	21.2693299672104	9	0.0115067755940821	0.0700456535320832
ENSG00000260280.5		3	1	
ENSG00000113360.16	38.1037695077102	36	0.373894363272566	0.664564648059478
ENSG00000127616.19	134.642760030591	72	1.09556542872576e-05	0.000319274608844325
ENSG00000175970.11	18.3528702903677	6	0.00540828706212512	0.0415014016192632
ENSG00000147316.13		12	1	
ENSG00000006062.17	25.2388580380284	9	0.00271801257820423	0.0256955181723207
ENSG00000124614.16	0.151124726049602	3	0.985064577537862	0.99999999971812
ENSG00000113810.16	84.252997351141	51	0.00233381542284746	0.0230430482242342
ENSG00000143322.21	2.22389334131026	6	0.897998675227041	0.988108902612387
ENSG00000147403.17	11.0915076881647	18	0.890433186466807	0.985797338910489
ENSG00000149548.15	0.446031108258239	3	0.930577677488963	0.997836563441924
ENSG00000139926.16		12	1	
ENSG00000174827.14		12	1	
ENSG00000187555.16		30	1	
ENSG00000242485.6	21.0048632090911	12	0.0503092823015852	0.198156969065427
ENSG00000105467.9		3	1	
ENSG00000106991.14	6.27632421343878	9	0.711975651512351	0.909213350726572
ENSG00000129317.14		15	1	
ENSG00000141552.17	36.5258031028789	33	0.308216716656342	0.599514571316273
ENSG00000129991.13	4.44972519098644	3	0.216818762981175	0.490309328399967
ENSG00000169967.16	14.8024194972259	6	0.0218503862529687	0.111087276829829
ENSG00000172331.12	2.74550848725266	3	0.432548919011834	0.718965753382519
ENSG00000196247.11	10.5174769393716	9	0.310237162984001	0.601595438893526
ENSG00000036054.13	23.769973277389	18	0.162709202242148	0.415361225289477
ENSG00000179335.18	123.122796726224	45	3.45509625387181e-09	2.99509996447921e-07
ENSG00000150551.11	2.33149871702062	6	0.886828518030566	0.984685680347382
ENSG00000065000.19	17.0313058214742	21	0.70920672111951	0.907490061337437
ENSG00000188522.15		6	1	
ENSG00000144381.17	6.57367719011381	12	0.884454576054834	0.983699669290518
ENSG00000185825.17	7.78865884221159	12	0.801420225134118	0.955668860211808
ENSG00000102871.16	10.5724264840374	12	0.565872592637907	0.81840892563379
ENSG00000181852.18	45.2438224056605	27	0.0153233645091556	0.0869343846722978
ENSG00000134077.16	47.2027134545206	24	0.00316413518100448	0.028795319187273
ENSG00000164733.21	13.3326242268959	21	0.896527116120801	0.987676453505619
ENSG00000139174.12		12	1	
ENSG00000138413.14	16.7151517793827	18	0.542764321825872	0.805328727582948
ENSG00000125388.20		15	1	
ENSG00000148484.18	8.87172817231476	6	0.180921542679232	0.441260481656144
ENSG00000005020.13	1.56118082273724	3	0.668223479700087	0.884823038686368
ENSG00000156642.17	25.9520313895191	15	0.0385299038542984	0.164766883999005
ENSG00000213903.9	3.49821604657791	9	0.941238845119724	0.99999999971812
ENSG00000123159.16	31.0281373619218	21	0.0731909422358346	0.253275059496239
ENSG00000137449.16		15	1	
ENSG00000126561.16		6	1	
ENSG00000060656.20	11.1146602523595	15	0.74442474111627	0.928612135575318
ENSG00000163017.14		3	1	
ENSG00000095787.23	85.8428419331031	45	0.000234177469835348	0.00399857714843453
ENSG00000068024.17	9.83518196970545	15	0.82997730516924	0.967293941988659
ENSG00000165806.21		12	1	
ENSG00000139410.15	8.4377437550595	6	0.207754286830577	0.477865468066217
ENSG00000120334.15	26.308186961227	18	0.0929172770916203	0.297442473076734
ENSG00000104205.16		12	1	
ENSG00000010322.16	56.3467728415853	21	4.48743424149947e-05	0.00107247581439949
ENSG00000172175.15	31.4910289679574	21	0.0658652762494733	0.235654393408836
ENSG00000171307.19	32.400960813924	33	0.496763159708538	0.775311315327835
ENSG00000110171.20	53.8194659067776	24	0.00045051401559694	0.0066497948997707
ENSG00000104497.14	29.7713896040482	15	0.0127730700241917	0.0758744095687903
ENSG00000115761.16	15.2691396038099	12	0.227046947237968	0.500962731513628
ENSG00000118898.16	9.29046002188261	6	0.157889677866694	0.407533059525211
ENSG00000151292.17		21	1	
ENSG00000120899.18		18	1	
ENSG00000104067.16	9.29004626042661	15	0.861870003420444	0.975574659361612
ENSG00000090989.18	25.1057847398188	21	0.242611529337006	0.520403442593395
ENSG00000096063.16	31.401807508988	24	0.142531927445457	0.384685774627858
ENSG00000127870.17	4.2473460649544	9	0.894391601786012	0.986705316508748
ENSG00000089597.18	23.0012380779954	18	0.190542557939476	0.45528143545034
ENSG00000073792.16		12	1	
ENSG00000053438.11		9	1	
ENSG00000107485.18	4.7222849686932	9	0.857814413861083	0.974898172411733
ENSG00000108774.15	6.43646903141053	9	0.695563741964821	0.898756155479929
ENSG00000179361.17	3.47890196764024	6	0.746774549282938	0.930023156575925
ENSG00000182022.18	5.10046389380614	6	0.530994049622866	0.796530009325751
ENSG00000087053.20	47.1590926221907	48	0.507229808408569	0.781479038994808
ENSG00000065534.19	28.1542356140308	15	0.0206232823166971	0.1071384229647
ENSG00000077721.16	28.8485948100497	21	0.117684171638847	0.343156040961735
ENSG00000158483.17	13.2959131201824	15	0.579453362548279	0.828867073906634
ENSG00000164978.18	10.2720859347828	9	0.328910795874821	0.620056861592987
ENSG00000128739.23	11.7418476503663	18	0.860274906414776	0.975149824658327
ENSG00000175197.12	21.8750522128248	6	0.00127564073732569	0.0146283958543772
ENSG00000214050.8		21	1	
ENSG00000214063.11	33.338798138022	36	0.595820288271684	0.841453227769027
ENSG00000151322.19		6	1	
ENSG00000143369.15	4.73673966580782	6	0.577994025129852	0.827937387348167
ENSG00000109016.17		21	1	
ENSG00000112242.15	69.5655399463667	3	5.28792969698436e-15	1.25791239233612e-12
ENSG00000102181.21	7.90981528344491	12	0.792137707665346	0.951668792844804
ENSG00000132016.11	14.0332072913861	21	0.86816866045087	0.977008562063921
ENSG00000142192.21	5.87362796231173	15	0.981793139701285	0.99999999971812
ENSG00000116761.12		9	1	
ENSG00000136754.17		18	1	
ENSG00000075711.21		72	1	
ENSG00000137812.20		15	1	
ENSG00000187187.14	36.7937448699564	15	0.00135629493560535	0.0152289142659793
ENSG00000148358.19		9	1	
ENSG00000179912.20	36.2885243426217	18	0.00647899319134036	0.04731702220957
ENSG00000135069.14	0.270419503416633	3	0.96549225398354	0.99999999971812
ENSG00000072121.16	12.5480858902051	9	0.184143361676234	0.445805464846069
ENSG00000125863.20	3.19263275533922	6	0.784309999411616	0.948198438007496
ENSG00000160087.21		45	1	
ENSG00000049130.16	0.141140331718816	3	0.986479869758913	0.99999999971812
ENSG00000115211.16	54.1873089937508	24	0.000402397176753582	0.00614346376270506
ENSG00000085978.22	30.2003194377103	30	0.455428998107286	0.740397841964308
ENSG00000130255.13	5.56545632751659	12	0.936385803756578	0.999496817939324
ENSG00000254505.11	8.05794052188139	15	0.921438773521098	0.99446974872662
ENSG00000160789.21	37.308126780903	36	0.408746182963323	0.698902470879264
ENSG00000105699.16		18	1	
ENSG00000109572.14	16.248780116528	12	0.180105349673397	0.439998670606336
ENSG00000116698.21	39.2074050849387	24	0.025971153903364	0.124936102131638
ENSG00000121067.19	98.928484361717	48	2.15435762787316e-05	0.000578396959987259
ENSG00000093000.19	30.1434521090414	30	0.458324316537157	0.74250862113693
ENSG00000013561.18	19.6511399855881	18	0.352798691140626	0.645234231862893
ENSG00000131323.16	15.4770039193945	12	0.216380759870507	0.490309328399967
ENSG00000235173.7	11.0167429340345	12	0.52748435998069	0.794059833752237
ENSG00000082805.20		15	1	
ENSG00000177595.18	50.6222383088061	27	0.00385385519882421	0.0329607732682047
ENSG00000102547.19		3	1	
ENSG00000003756.17	71.9166955392502	45	0.00657730621287266	0.0476911945935178
ENSG00000110628.16	18.0714996465395	21	0.644475133806389	0.869175542084924
ENSG00000165671.21	20.7481523975675	12	0.0541922463070147	0.208004685731502
ENSG00000141503.17	41.6132750780707	30	0.0772079423869724	0.263230912484166
ENSG00000136238.18	17.4878407532233	12	0.132149348796758	0.366650369946999
ENSG00000108509.21		30	1	
ENSG00000175104.15		6	1	
ENSG00000116604.18		9	1	
ENSG00000141198.16	36.6782203172952	33	0.302090809398485	0.59322075049666
ENSG00000009335.18	8.37445325356384	15	0.907894726249824	0.990927457228769
ENSG00000119139.21	28.0889527180261	30	0.565722812266148	0.81840892563379
ENSG00000005448.17		30	1	
ENSG00000196557.13		15	1	
ENSG00000183765.22	72.7388390866763	54	0.0453952509945442	0.184484712921412
ENSG00000215788.11		36	1	
ENSG00000157450.16	8.8630832721683	18	0.962830400440515	0.99999999971812
ENSG00000165209.19		18	1	
ENSG00000136942.15	0.551613710820675	3	0.907414280425992	0.990927457228769
ENSG00000032219.19	10.1170498635215	15	0.812313243188046	0.959597201128366
ENSG00000159714.12	2.98903309448588	3	0.393319149880258	0.684693938755132
ENSG00000174371.17	19.3550655116705	18	0.37027197894056	0.661343124250565
ENSG00000100938.18	180.519262761562	57	9.39959511655889e-15	2.13663240993957e-12
ENSG00000114737.16	1.36694489865442	3	0.713300989051097	0.910110492329259
ENSG00000170482.17		6	1	
ENSG00000173267.14	18.1219486240043	9	0.0337847916546326	0.150058460197671
ENSG00000085511.20	65.7520119692217	24	9.43576241779847e-06	0.000280576784219944
ENSG00000197381.16		30	1	
ENSG00000153250.20		24	1	
ENSG00000187953.10	5.30728956229905	9	0.806740644143175	0.957329514147295
ENSG00000100241.21	29.7656892042432	15	0.0127950139993039	0.0759045226844104
ENSG00000112294.14	23.5363796472575	15	0.0733965307567932	0.253725283241378
ENSG00000166165.13	16.557387938723	21	0.737562117874311	0.926578178254854
ENSG00000132153.15	42.2538810891492	24	0.0120852004659638	0.0729318675907632
ENSG00000184500.16	2.38631635615275	3	0.496186911577479	0.77476658808213
ENSG00000176700.20	16.7746161448872	18	0.538648881610664	0.801869483233873
ENSG00000101079.21	11.1579619957556	9	0.265036710884524	0.551476915304678
ENSG00000101126.18	20.9135804477155	21	0.464232726126334	0.747934565371912
ENSG00000011304.21	95.2398333020974	39	1.31904046868154e-06	5.1860578471505e-05
ENSG00000141959.17	26.9437016229422	12	0.00787268478675378	0.0536744773561328
ENSG00000166321.14	28.3593426188836	18	0.0567931658058147	0.213658438038867
ENSG00000146833.15	4.32221513629065	9	0.8889548959482	0.985063333404197
ENSG00000065183.16	12.9122928829456	6	0.0444500792800656	0.182124931621824
ENSG00000110756.18		21	1	
ENSG00000166710.20	9.56429071724415	12	0.654125298185746	0.875516736701898
ENSG00000142208.16	43.9550634234402	42	0.388727868960825	0.680639741800801
ENSG00000149646.12	1.50824076190838	3	0.680369677042052	0.891443758993615
ENSG00000168036.18	54.0936942300323	39	0.054650137482072	0.208743934392873
ENSG00000144744.17	18.621663605074	27	0.883373488954172	0.98323818829488
ENSG00000213066.13	17.3023932679798	18	0.502415121901246	0.779508325676634
ENSG00000007944.15		3	1	
ENSG00000126012.12		33	1	
ENSG00000104356.11	7.58936021468799	9	0.575998067810907	0.826351225194638
ENSG00000035928.16	9.99993765164982	18	0.931908400248148	0.998326481219489
ENSG00000101019.22	100.378442106536	39	2.59400377082228e-07	1.24573073106766e-05
ENSG00000171631.15	30.4198031533197	15	0.0104945824681974	0.0660827250337481
ENSG00000136861.18	64.4377267464588	39	0.00635638388196045	0.0466251350405194
ENSG00000143398.20	28.9533096352971	36	0.791545571812195	0.951668792844804
ENSG00000104728.16	18.6930135424109	21	0.604825672682864	0.846226481448915
ENSG00000085274.15	15.5820197558542	9	0.0761400206007137	0.260863911924133
ENSG00000086717.18	17.0221028322255	9	0.0483709710420801	0.193125161119999
ENSG00000166833.22	9.46204026310306	12	0.663041118694345	0.881219646500768
ENSG00000135931.18	23.2476891089391	27	0.671636779382517	0.88727529591938
ENSG00000102908.22		15	1	
ENSG00000116117.18		15	1	
ENSG00000168734.14	7.36528035439551	9	0.599145302196058	0.842462693028601
ENSG00000136152.15	33.3917317508967	15	0.00414176372765731	0.0346128277534368
ENSG00000149451.18	25.5813032789956	15	0.0426607965489552	0.177370433979409
ENSG00000165264.11	2.28229502757313	6	0.891992529414457	0.986479350588987
ENSG00000143498.18	26.2016774799686	15	0.0359555459160431	0.1561075038944
ENSG00000132780.17	98.5247663939663	36	1.01079573021321e-07	5.47059763193169e-06
ENSG00000144524.18	73.9740303549916	42	0.00168048334464488	0.0181325571016587
ENSG00000089820.16	10.5665161859708	9	0.306595254804942	0.597933815328838
ENSG00000149927.18		18	1	
ENSG00000160767.21	29.6429772109914	24	0.196867817755317	0.462717685006303
ENSG00000119711.13		12	1	
ENSG00000122545.20	17.7412080314825	18	0.472819618550347	0.754391283255678
ENSG00000136197.12	16.0544018168048	9	0.0657541901523036	0.23550406549997
ENSG00000072518.20		15	1	
ENSG00000134759.14	64.1079420413589	33	0.000937800235107787	0.0115994662695496
ENSG00000106244.13	3.28762816934614	3	0.349368288475657	0.641967854777755
ENSG00000165698.16	1.07784398026615	3	0.782425146519912	0.947971339875318
ENSG00000143612.21	24.6262630429701	24	0.42629157264221	0.712971958233676
ENSG00000099977.14	7.23349087830866	12	0.841805538843488	0.970000855071973
ENSG00000102710.20		54	1	
ENSG00000109911.19	59.2473364437537	33	0.00335141222976724	0.0298100832159036
ENSG00000111716.14	5.54072296246886	9	0.784857993913638	0.948524624260705
ENSG00000175054.16	38.8194120760945	42	0.611377390229036	0.850034596899187
ENSG00000172273.13	92.1755779784726	36	8.05821265722008e-07	3.35070964515058e-05
ENSG00000008256.16	37.9025783464567	18	0.00398994185503075	0.0337329803315055
ENSG00000113296.14	15.6525986426905	9	0.0745003097687145	0.256673515872071
ENSG00000184209.15	26.7981856437473	15	0.0304243315853109	0.139744269324717
ENSG00000176884.16	5.44526556998019	6	0.488096634455049	0.767641524268249
ENSG00000128573.26		12	1	
ENSG00000149485.19	12.6683015901945	21	0.919797198367258	0.99441304773776
ENSG00000127955.17	35.2908912405128	18	0.00868634824174949	0.0576590890102891
ENSG00000136811.16		30	1	
ENSG00000169251.13	18.6905784481569	12	0.0962743472814256	0.303198983479588
ENSG00000172062.17	9.29083417440779	15	0.861826204493483	0.975574659361612
ENSG00000120784.16	8.51226933099906	9	0.483455957633225	0.763532107411926
ENSG00000136699.19	47.84979376919	24	0.00263443951286849	0.0252319117763406
ENSG00000266964.6		3	1	
ENSG00000062485.19	25.6130022157449	24	0.373088755197944	0.663917266259954
ENSG00000122490.19	16.4268687088334	18	0.562782659950185	0.817829781024356
ENSG00000169062.15	57.9197075162374	33	0.00467516222702032	0.0375554091981291
ENSG00000085063.17	15.9558184271446	18	0.595630886310156	0.841453227769027
ENSG00000179295.18	7.40248014367535	12	0.829911088754661	0.967293941988659
ENSG00000136827.12	16.4824407913839	12	0.170124736603558	0.426521061450439
ENSG00000091129.21	13.1341314264864	15	0.591938396318975	0.83818471622785
ENSG00000134330.19	28.9801450978266	33	0.667647020143529	0.884705904464247
ENSG00000075407.18	6.85320624501401	12	0.86715982238677	0.976922358376452
ENSG00000055147.19		27	1	
ENSG00000117448.13	40.0718051369186	30	0.103481009476156	0.317583932172698
ENSG00000165119.21	94.1633258846123	24	2.91778886126857e-10	2.95505566949665e-08
ENSG00000127989.14		15	1	
ENSG00000163029.16		21	1	
ENSG00000137497.18	46.3806598428855	33	0.0611225370971908	0.224335282370709
ENSG00000128191.16	48.9821866106395	21	0.000504557308288354	0.0072284547709826
ENSG00000131473.17	12.5786943836429	15	0.634803304393109	0.863599281904124
ENSG00000213024.12	31.4070055104057	27	0.254757613826041	0.537386418951087
ENSG00000110025.13	5.14975720614166	12	0.952788862340115	0.99999999971812
ENSG00000106610.15	18.9780936913467	9	0.0253798051516526	0.122863240367371
ENSG00000126215.14	53.0241649516465	39	0.0663943487771269	0.237049840712472
ENSG00000160190.14	8.20327041637847	12	0.769050538460307	0.941266893295393
ENSG00000078618.22	41.370921486814	24	0.0151615555415945	0.0862076440438969
ENSG00000160200.18	31.7991714558593	33	0.526795333742433	0.793723592407032
ENSG00000143224.18	50.8671209437453	54	0.59598807509728	0.841458219216007
ENSG00000120685.20	20.7174837698158	18	0.293905189868287	0.584553021031054
ENSG00000185627.18	15.1054353764484	18	0.654715212857289	0.876122699151911
ENSG00000100243.21	0.400634445395554	3	0.940111402095352	0.99999999971812
ENSG00000164611.13	5.89160458132392	9	0.750716069661523	0.931948955891874
ENSG00000186283.14		15	1	
ENSG00000130707.18	57.1339255976491	9	4.76373367426336e-09	3.86731998047936e-07
ENSG00000114739.14	12.9199657666048	3	0.00481291987571467	0.0383720634518202
ENSG00000100403.12	1.77826862880102	3	0.619675305000269	0.855304101315309
ENSG00000128585.18	80.0842995206695	24	5.89889208847899e-08	3.31537182269514e-06
ENSG00000140526.18		6	1	
ENSG00000177565.18	53.5369885575019	39	0.0605208493229981	0.223087483864846
ENSG00000006283.18	4.87479278365225	3	0.181198396441516	0.441514625345466
ENSG00000132432.14	6.35331760835834	12	0.897234803744943	0.987703719079781
ENSG00000124508.17	3.93373180172034	6	0.685644014257925	0.893433455012014
ENSG00000151575.14	0.988893272255154	3	0.803939432079065	0.956513342233256
ENSG00000213782.7	22.6986662265117	15	0.0907506670108044	0.293020382845176
ENSG00000147604.14	5.46389642730355	6	0.485831008961333	0.7658977404057
ENSG00000012048.23	40.1708643045768	33	0.182314081559861	0.443704672918348
ENSG00000188283.11	14.2462249590235	15	0.506942823689129	0.781479038994808
ENSG00000143367.16		15	1	
ENSG00000147669.11	1.36973196986946	3	0.712644807608604	0.90972716049275
ENSG00000165138.18	25.2115474892926	18	0.119199131966908	0.344821244595448
ENSG00000164924.18	64.2738513586228	27	7.06934955761144e-05	0.00157200818749581
ENSG00000137752.24	18.0500618217577	12	0.114178905330917	0.337944450992461
ENSG00000006007.12	14.8349823121825	6	0.02157975086138	0.110159086306089
ENSG00000178184.16	3.94625540079073	6	0.683949516101425	0.893433455012014
ENSG00000118260.15	52.2030486121366	27	0.00250841028264022	0.024274861666156
ENSG00000029363.17		48	1	
ENSG00000108557.19	17.7004735548144	12	0.125092454998736	0.355337606826456
ENSG00000105983.22	68.0925554717251	42	0.00661360386058948	0.0478095787208267
ENSG00000157837.16	35.1379060330855	15	0.00235023286733982	0.0231556276031479
ENSG00000065559.15	11.7814348062893	15	0.695491764576002	0.898756155479929
ENSG00000101199.13	49.3810516141093	24	0.00169619020820079	0.0182635048838799
ENSG00000125740.14	147.917028599984	21	4.36541804010786e-21	1.65384670860235e-18
ENSG00000164144.16		15	1	
ENSG00000056998.20	8.09466353821154	12	0.777689666011748	0.946147383843176
ENSG00000125826.21	31.7399531286064	27	0.241852245423189	0.519619117503424
ENSG00000131584.19	51.3778440135066	33	0.0216788524287626	0.110485251093888
ENSG00000100814.18	47.3684959373022	27	0.00902370207540084	0.0592068303587397
ENSG00000166913.13	37.3664197641629	12	0.00019480165882445	0.003453424901413
ENSG00000107175.12	0.5493565273282	3	0.907921636964267	0.990927457228769
ENSG00000119599.17	24.3056019664573	18	0.145268529433631	0.388789060067142
ENSG00000146587.18		3	1	
ENSG00000072571.20		15	1	
ENSG00000164707.15	0.978254906432966	3	0.806513423338258	0.957329514147295
ENSG00000100979.15	21.3232862593723	12	0.0458421747029801	0.185620731272164
ENSG00000095485.18	19.6871864176701	18	0.350703353244234	0.64346988346821
ENSG00000146828.18	54.813345475417	33	0.00991141701423279	0.0632858206233378
ENSG00000167468.18	23.3430667806533	15	0.0771225784043493	0.263225510343039
ENSG00000162430.17	16.2568887704492	9	0.0617070456261795	0.225913160239867
ENSG00000165732.13	1.51129099479294	3	0.679666837251709	0.890979376938066
ENSG00000064489.23		3	1	
ENSG00000198168.9	14.8607073383919	6	0.0213682093343939	0.109506720080919
ENSG00000125875.14	28.1024920793852	9	0.000916967854616538	0.0114044025437474
ENSG00000172269.19	34.5836208873807	33	0.392137357784224	0.683683830368984
ENSG00000114982.19	64.9920244523528	33	0.000737458258134394	0.00974607302642987
ENSG00000198276.16	25.0934575747233	12	0.0143861644316502	0.0829515648091038
ENSG00000196408.11		3	1	
ENSG00000168394.11		9	1	
ENSG00000163104.18	16.0373016344965	12	0.189533547326027	0.453414856587547
ENSG00000197142.10		3	1	
ENSG00000105499.14		24	1	
ENSG00000145833.16	53.220696550874	24	0.000540926375173645	0.00763191157469133
ENSG00000170456.16	11.6796334502178	9	0.231978389533314	0.506598408739597
ENSG00000116661.11	6.26404885340526	9	0.713227877404396	0.910110492329259
ENSG00000196961.13	14.4272269417052	9	0.107918890022285	0.32628867934343
ENSG00000185596.16	15.5497413730664	15	0.412589965035366	0.702460511375958
ENSG00000204524.7	10.2261199150068	3	0.0167386649170045	0.0925012444278978
ENSG00000196154.12	8.40803776495159	9	0.493605272776022	0.772504335254886
ENSG00000196504.19	50.4470567263779	24	0.0012417138685717	0.0143519674142598
ENSG00000119720.18	24.1279542950506	21	0.286900160322775	0.576222607489038
ENSG00000198612.11	20.4045681993812	15	0.156956072751157	0.406353750486355
ENSG00000196391.11	12.5926308057237	12	0.399331515079786	0.689728342172906
ENSG00000132781.19	137.791247627138	87	0.000430105100634475	0.00642269353925554
ENSG00000138347.16	13.8641004062119	12	0.309470692337921	0.60094523089826
ENSG00000143437.21	24.4357733528523	21	0.27242657770079	0.559793383547887
ENSG00000113108.19	86.0622312188789	39	2.1200144162106e-05	0.000570674406932059
ENSG00000023191.17	42.876972909231	30	0.060074719229616	0.222083232020145
ENSG00000170291.15	63.6892605736284	36	0.00299103529059393	0.0274890386230776
ENSG00000197548.12	23.1398302255147	39	0.979441774619923	0.99999999971812
ENSG00000100058.12	1.534486685312	3	0.674333997280048	0.888680905618073
ENSG00000196628.20		39	1	
ENSG00000213658.12		12	1	
ENSG00000196497.17	25.8216761075273	33	0.808804526175194	0.957886013459078
ENSG00000163159.14	16.1431256547075	12	0.184768250753788	0.446490535544649
ENSG00000105875.14	50.7035541557416	18	5.90431101473965e-05	0.0013511229836638
ENSG00000102317.18	47.9153690169042	27	0.00784697299101801	0.0536542023563658
ENSG00000107104.20	19.4664301606199	18	0.363645212875787	0.654082468359796
ENSG00000198171.13	14.6773496543392	6	0.02292025495241	0.115038729709226
ENSG00000197713.15	41.5340545372455	33	0.146384361510076	0.39011228185295
ENSG00000197461.13	7.14094267632845	9	0.622447922621098	0.856152288304328
ENSG00000196876.18	1.37286044770502	3	0.711908540238515	0.909213350726572
ENSG00000197971.16	58.903729282757	36	0.00937014870029158	0.060739702823373
ENSG00000197043.14	43.3661642849038	18	0.000710170670613783	0.00949586377739658
ENSG00000185485.14	15.3952640183779	21	0.802608992885037	0.955922682384113
ENSG00000135525.18	10.5362679031314	12	0.569021490844224	0.821063736753501
ENSG00000112282.18	30.8180205108692	15	0.00929065263898693	0.0604075380968642
ENSG00000162194.12		21	1	
ENSG00000119574.13	8.27405909369554	9	0.506781127196606	0.781479038994808
ENSG00000162971.11	14.7514285764842	12	0.255312427887138	0.538139465249853
ENSG00000054118.15	6.66604478476074	9	0.671843507735654	0.88727800686747
ENSG00000198208.12	16.7004815438168	18	0.543780448403844	0.806245651395232
ENSG00000149948.14	5.19076262592421	6	0.51958968973509	0.788511256072304
ENSG00000197857.14	26.4553127014437	9	0.00172020689717364	0.0184831894445264
ENSG00000122566.21	194.982802944258	15	2.21719256064865e-33	2.26796627028751e-30
ENSG00000104081.14	18.8915922495835	18	0.398527604622344	0.689199060795209
ENSG00000129007.14	15.351832510672	9	0.08171410480397	0.27348153767521
ENSG00000164048.14	13.866546767078	15	0.535673720879326	0.799679873157417
ENSG00000134602.16	18.6408460762177	12	0.0975724068949955	0.305897104727236
ENSG00000197157.11	5.39139638509369	9	0.798942417201745	0.95438304163922
ENSG00000182670.13	38.9417208316627	33	0.219879724040401	0.493776003778104
ENSG00000197121.15	19.8268251537229	9	0.0190117271392773	0.101551413528808
ENSG00000118495.20	77.1901766715164	57	0.038723130401442	0.165437177968772
ENSG00000167701.14	1.74510244740907	3	0.626953476775032	0.858629952327193
ENSG00000143149.12	24.4135472227608	12	0.0178598717602364	0.0973301162682251
ENSG00000197601.13		15	1	
ENSG00000136352.18		6	1	
ENSG00000154727.10		6	1	
ENSG00000004455.17	68.6023455908289	27	1.77118519946148e-05	0.00049098789716237
ENSG00000243477.6	21.550346420614	18	0.252561293099133	0.533550075818058
ENSG00000079974.17	21.7077391690573	30	0.864462072988376	0.975837921777794
ENSG00000105518.14	24.0169498094474	24	0.460628418946296	0.744567765765185
ENSG00000165915.14	41.0116285636323	30	0.0867106648642655	0.284556750367844
ENSG00000129055.12	6.88325823736523	12	0.86523088404837	0.976332843609126
ENSG00000168079.17	6.66590818514851	6	0.352851323425396	0.645234231862893
ENSG00000164093.17	3.74334677008892	6	0.711361460154209	0.909162351571651
ENSG00000198431.16	34.7526039114455	24	0.0721544255542123	0.250567967259809
ENSG00000166908.18	11.1908821597826	15	0.738949390717444	0.927129608895429
ENSG00000114698.15	5.47045569539489	9	0.791522300577364	0.951668792844804
ENSG00000089177.19	2.67572728883499	6	0.848305866407307	0.972641129508573
ENSG00000197586.13	69.3127132445152	45	0.0114411466732798	0.0698278575900833
ENSG00000196388.8	4.11018278193581	3	0.249809547811792	0.530145615055356
ENSG00000173848.19		12	1	
ENSG00000135951.16	15.5305545450665	21	0.795420375199247	0.953181234525902
ENSG00000133961.20	44.4567323332049	36	0.157437047170144	0.407186739697447
ENSG00000140398.14	50.6945385527433	36	0.0530091855624371	0.204720550405489
ENSG00000197386.12		24	1	
ENSG00000168301.13	6.22935088997474	9	0.716762527887887	0.913046562610858
ENSG00000179454.14		9	1	
ENSG00000084623.11	8.90778806392336	9	0.44582941444475	0.732004667793796
ENSG00000213533.13	24.6877036012402	15	0.0542979511979182	0.20809806774204
ENSG00000196935.9	10.011986620849	9	0.349515697639351	0.642034171686849
ENSG00000197858.11	34.3437816573423	27	0.156279732537305	0.405218094835004
ENSG00000197299.12		21	1	
ENSG00000198399.14		24	1	
ENSG00000170949.17		27	1	
ENSG00000132549.18	7.5450310318563	9	0.580563533485609	0.829874844050348
ENSG00000112319.19	62.9450349920571	21	4.53063668496849e-06	0.000144824633282946
ENSG00000183092.16	17.971925608932	12	0.116545618787687	0.341197806118847
ENSG00000133104.14	15.8872134389749	18	0.600418560538914	0.84315610427759
ENSG00000224141.6	4.00982483318791	3	0.260405177954911	0.545055159668668
ENSG00000198663.17	41.1680734557049	6	2.68307617522078e-07	1.27652028820155e-05
ENSG00000198182.13	2.85679710890236	3	0.414235243823906	0.703412757318153
ENSG00000197021.9	8.87276007962282	15	0.884075841503463	0.983492309161384
ENSG00000047249.18	17.824092444389	27	0.908804280840767	0.990927457228769
ENSG00000188610.12	37.1507891372294	15	0.00120288111503383	0.0140139759973588
ENSG00000197226.12	51.37576517868	33	0.0216887656854558	0.110485251093888
ENSG00000197822.11	2.43266816390977	3	0.487582426388514	0.7672196479177
ENSG00000135316.18	22.4654936414154	9	0.00751513851812282	0.0523653623309798
ENSG00000185009.12	5.57032390625318	9	0.782031841024582	0.947966021409228
ENSG00000154856.13	4.78799697101539	6	0.571277529763804	0.821884367363425
ENSG00000196116.8		3	1	
ENSG00000197959.14		9	1	
ENSG00000196776.16	32.3071121605171	9	0.000176192523504049	0.00321764022309084
ENSG00000198160.14	45.925150073921	24	0.00451959270705574	0.0367787699287773
ENSG00000103528.17		15	1	
ENSG00000106868.17		9	1	
ENSG00000161091.13	38.2604497672874	24	0.0326008394729801	0.146486814911836
ENSG00000115380.20	4.6397312565241	9	0.864515807417685	0.975837921777794
ENSG00000198223.16		18	1	
ENSG00000198223.16_PAR_Y		15	1	
ENSG00000198270.13	47.3955772223926	48	0.497514554127155	0.775790060275656
ENSG00000050555.18	2.53484413837577	6	0.86454785082676	0.975837921777794
ENSG00000243943.10	12.0487750998218	18	0.844709083290849	0.971282510452124
ENSG00000141696.13	16.1776522080399	15	0.370344061482755	0.661356390521491
ENSG00000198055.11	7.2212926643042	18	0.988123725053251	0.99999999971812
ENSG00000111785.21	17.5095854005822	15	0.289324389343177	0.579890364455246
ENSG00000196218.13	0.880703805860776	3	0.830081750198109	0.967293941988659
ENSG00000136944.19	4.97481921325573	3	0.17365031850339	0.431762058330379
ENSG00000079482.13		3	1	
ENSG00000011332.19	53.875856591525	30	0.00474605852446859	0.0378980738850813
ENSG00000172893.16	21.0319350770005	15	0.13581208276815	0.372787224149766
ENSG00000141556.21	64.6218079033497	33	0.000815790617856864	0.0105362654419922
ENSG00000223959.8	70.6180563406815	39	0.00143870776506017	0.0160660935903936
ENSG00000196367.14	33.2142066049601	21	0.0438951994930529	0.180250500045941
ENSG00000176444.19	48.3110575034298	18	0.000135337310329592	0.00265713118495469
ENSG00000196923.14	13.6866975929152	27	0.98412924738554	0.99999999971812
ENSG00000078269.15	7.37592036228307	3	0.0608337787492467	0.223676751555012
ENSG00000169991.11	7.28943652823921	6	0.294907692233709	0.585295068657084
ENSG00000005812.11	11.5895129603541	9	0.237451793054335	0.513074438350823
ENSG00000186591.13		15	1	
ENSG00000136869.16	4.9475232682729	6	0.550561107980302	0.810546708620006
ENSG00000107560.12	2.83078334113611	3	0.418457469396337	0.706570065113095
ENSG00000163946.13	13.1331987958547	15	0.592010411051303	0.83818471622785
ENSG00000196588.19	34.5284616594836	21	0.0317860491007449	0.143700548684182
ENSG00000105991.10	7.15901387815036	3	0.0669985068497628	0.238209150700808
ENSG00000101966.13		18	1	
ENSG00000108828.16	13.8091172317072	9	0.129279151126685	0.362499023266134
ENSG00000079805.17	40.7243507361854	30	0.0915799248742638	0.294767480031103
ENSG00000166987.15		24	1	
ENSG00000171490.13	3.9186901312496	15	0.99799154836129	0.99999999971812
ENSG00000187239.17		15	1	
ENSG00000196792.12	21.036208702476	15	0.13567642339369	0.372787224149766
ENSG00000181924.7	22.3381907125295	15	0.0992380883501124	0.309739028895134
ENSG00000183605.17	25.2621458844224	18	0.117864024225189	0.34348464495711
ENSG00000160323.18	7.81035546667386	6	0.252329048631111	0.533389923217117
ENSG00000134882.16	19.3343688398381	15	0.198979792267273	0.465332486305884
ENSG00000197136.4		9	1	
ENSG00000157873.17	14.3843144285914	9	0.109296133543233	0.328530752281438
ENSG00000198242.14	29.6697033052333	18	0.0407841178523366	0.171820733736224
ENSG00000128609.15	22.789669706428	21	0.355294536500147	0.647826704787879
ENSG00000122299.12		30	1	
ENSG00000185246.18		27	1	
ENSG00000197969.14	30.2793290723384	27	0.301750070574083	0.592779234089168
ENSG00000119899.13	3.11614473147711	3	0.374062282801838	0.664564648059478
ENSG00000119684.16	21.7205010541111	21	0.415766767514178	0.704480019766094
ENSG00000040341.18	51.6474696751975	45	0.230128799384711	0.504385651633066
ENSG00000172731.14	28.0677389226594	15	0.0211488415808738	0.108649445832795
ENSG00000182534.13	0.0705439271914656	9	0.999999994604278	0.99999999971812
ENSG00000188243.12	13.4491549952363	18	0.764229608182013	0.938522684427877
ENSG00000131828.14	6.128799833823	15	0.977502025581894	0.99999999971812
ENSG00000197530.12	147.26201759895	78	3.59648203039095e-06	0.000119056358216405
ENSG00000184949.16	15.1213192951618	15	0.442714171121443	0.728526907400457
ENSG00000225830.14		21	1	
ENSG00000197451.12	6.73052327759797	6	0.346488748922919	0.638945991118179
ENSG00000196295.12	63.1137421378298	81	0.929362208212383	0.997687158190087
ENSG00000197223.11	19.0723311513648	15	0.210474885669167	0.481967227559864
ENSG00000131773.14		6	1	
ENSG00000186153.17	19.9099428566769	15	0.175414680629696	0.434143907128275
ENSG00000197321.15	15.7482518169509	12	0.203040575350769	0.470830746179325
ENSG00000178053.19	14.6770344853612	27	0.973722081306645	0.99999999971812
ENSG00000173890.17		6	1	
ENSG00000197265.9		6	1	
ENSG00000101166.16	12.430607741233	9	0.19010747870115	0.454666682168357
ENSG00000159199.14	7.05119783314876	12	0.854211704158287	0.973872901188753
ENSG00000164209.17	23.9566462425137	18	0.156453259656572	0.405359775336139
ENSG00000198420.10	10.8881555071202	6	0.0918952412068825	0.295410566406411
ENSG00000196262.14	8.58898599073291	9	0.476045346779331	0.757224034628802
ENSG00000204681.11	42.4963712393383	27	0.0293879774743636	0.136207350061289
ENSG00000198648.11		3	1	
ENSG00000198373.12		24	1	
ENSG00000196233.14	15.3342654615087	12	0.223663423807084	0.497575720339858
ENSG00000204977.10		15	1	
ENSG00000234719.9	14.9304145891123	6	0.0208048925374681	0.107427181103363
ENSG00000189409.14	21.7095448581106	12	0.0409070236256136	0.172125851364213
ENSG00000066933.16	17.4383277900602	12	0.133839412898118	0.369213418159343
ENSG00000050130.18	51.6628602581186	30	0.00827925076482088	0.0556794582993773
ENSG00000019144.19	40.1184769721731	39	0.42040791993018	0.708226714915318
ENSG00000119004.16		15	1	
ENSG00000196878.15		9	1	
ENSG00000196739.15	11.8390528291111	9	0.222535587715637	0.496037595716552
ENSG00000020129.16	16.9264952029516	15	0.323277498884079	0.614034580189443
ENSG00000215440.12	8.14343754974834	12	0.773823136142052	0.943099828380442
ENSG00000197170.10	19.4536471849133	15	0.193907663738954	0.459351897263955
ENSG00000198382.9	13.20624255451	12	0.354230085183874	0.646692761261082
ENSG00000035115.22		48	1	
ENSG00000243716.10		54	1	
ENSG00000196712.18		18	1	
ENSG00000189164.15	14.9331441515595	12	0.245113001003466	0.52332725678657
ENSG00000077235.18	21.8319380954927	18	0.239532106397103	0.515851664673676
ENSG00000164649.20	16.4496592543001	18	0.561196715786914	0.816741570448413
ENSG00000008128.23	48.2396026166534	54	0.695161930579302	0.898756155479929
ENSG00000197217.13	13.5920658663636	21	0.886476063887249	0.984685680347382
ENSG00000196498.13		51	1	
ENSG00000140326.13	16.5821219500667	15	0.344452298336596	0.63704853409686
ENSG00000127914.17		30	1	
ENSG00000100401.20	26.6936256429981	12	0.00855095228018483	0.0571310848295302
ENSG00000145907.15	135.836329664337	18	4.04928233874681e-20	1.3806703014347e-17
ENSG00000153956.16		6	1	
ENSG00000198301.12		21	1	
ENSG00000008838.20	101.362254733212	54	0.000101498559661282	0.00210365471391189
ENSG00000146918.20	16.6221745836374	15	0.341947745854632	0.634230914296832
ENSG00000198146.4	5.7222207688792	3	0.12593525653384	0.356740996700262
ENSG00000087266.17	84.177061680386	39	3.66676293939069e-05	0.000901618223726619
ENSG00000197535.14	28.6755123622679	15	0.0177033791323241	0.0966317316673124
ENSG00000196911.11	3.88333875273565	6	0.692460257244559	0.897722453911504
ENSG00000151461.20	7.30854609449125	3	0.0626872552519973	0.228276231389349
ENSG00000119682.17	27.5738095615889	27	0.433189851757895	0.719448142068613
ENSG00000073921.18		48	1	
ENSG00000091127.14		12	1	
ENSG00000186350.12	2.38164203076303	3	0.497061101370982	0.775647143292779
ENSG00000186470.14	52.090492365016	36	0.0403734870373519	0.17065305739879
ENSG00000160991.16	22.8820496389089	15	0.0866764718146306	0.284535824836925
ENSG00000198369.10		6	1	
ENSG00000198003.12	4.41971298539511	6	0.620071995516713	0.855505319954203
ENSG00000160285.15	39.4895448209063	21	0.00857385783843874	0.0572467309591318
ENSG00000177479.19	45.5294437677076	45	0.449917803336534	0.735764861763295
ENSG00000110697.13	53.8324425144892	33	0.0124602577651514	0.0744104705206847
ENSG00000087008.16	6.69407892506206	18	0.992462450650434	0.99999999971812
ENSG00000116473.14	7.67717568585795	9	0.566977635282893	0.819386017421406
ENSG00000114790.13		6	1	
ENSG00000198363.18	21.9409182727395	24	0.582793247228836	0.831558208076494
ENSG00000214595.12	38.68481233581	12	0.000118583167543566	0.00239247972544998
ENSG00000197728.11	1.36570727452636	6	0.967911224199122	0.99999999971812
ENSG00000105220.17	15.0999703394482	18	0.655091682333633	0.876296388978577
ENSG00000165283.16	13.9628827439155	12	0.30308480355399	0.59448791094032
ENSG00000153531.13	5.16769596890572	9	0.81945154027524	0.962030277226608
ENSG00000105223.20	32.5921430830495	27	0.210863452576669	0.482209312856416
ENSG00000173432.12	2.77925689004178	6	0.835998572079587	0.968488080098508
ENSG00000147419.19	26.6946606005076	27	0.480358502325319	0.760146522321424
ENSG00000198162.12	15.2528877884197	6	0.0183784261098079	0.0988915942541952
ENSG00000133103.17	12.8760093132778	12	0.378116958066087	0.668815210800277
ENSG00000142655.13	7.08451988023444	6	0.313101573363028	0.604058090141533
ENSG00000198576.4		3	1	
ENSG00000004487.17	54.1435171561025	15	2.48559866283258e-06	8.95253124018113e-05
ENSG00000196914.9	14.5162239873698	15	0.486791855800708	0.76653231111229
ENSG00000111676.15	15.8016076911372	9	0.0711419117443052	0.248454578209248
ENSG00000160752.15	42.0012054996332	42	0.47092209922198	0.753254441429497
ENSG00000198468.9	11.8747010204679	9	0.22046560537529	0.494332020469934
ENSG00000186522.15	22.3311555818655	27	0.720365605658892	0.915470217453697
ENSG00000116497.18		30	1	
ENSG00000163605.15		15	1	
ENSG00000196470.12		9	1	
ENSG00000138821.13		9	1	
ENSG00000196455.8		9	1	
ENSG00000197181.12		3	1	
ENSG00000196531.13	8.46362842270173	21	0.992843709670653	0.99999999971812
ENSG00000122644.13	23.341611025935	18	0.177801823096213	0.436775900204409
ENSG00000196422.11	49.8964544284281	15	1.25193446033712e-05	0.000355723266521901
ENSG00000144674.16	7.09149129650905	12	0.851508625173656	0.97324297283525
ENSG00000187736.13	12.5085004015309	15	0.640203065810112	0.867254292169466
ENSG00000105576.15	34.4484284018072	36	0.54244509663555	0.805088638056448
ENSG00000132635.17	8.06370167374917	12	0.780132701132209	0.946953530305134
ENSG00000185963.14	8.01383496651761	3	0.0457266422957834	0.185242702591512
ENSG00000132436.11		36	1	
ENSG00000133641.18	19.4046175173862	24	0.730080943687726	0.921723141204633
ENSG00000198496.12	3.56135444868755	9	0.937845348778013	0.999626899277266
ENSG00000114670.14		12	1	
ENSG00000174405.13		12	1	
ENSG00000119688.21	58.3031370466488	51	0.224661141894252	0.498646304740758
ENSG00000182141.10	6.72189051172495	9	0.666048922402976	0.883441621740925
ENSG00000099246.17	5.36770833755872	9	0.801148925518542	0.955668860211808
ENSG00000197081.15	11.9303291776851	9	0.217265577869384	0.490583400226351
ENSG00000100151.16	54.5101177209072	33	0.0106427655076703	0.0667882505386253
ENSG00000198668.13	12.3475893913419	21	0.92975531490189	0.997787000267757
ENSG00000198081.11	13.8691674109987	15	0.535474082447341	0.799592391426736
ENSG00000111642.16	77.8125708284206	54	0.0186096079202083	0.0998728643314851
ENSG00000173209.23	80.8167809457518	36	2.72378440471202e-05	0.000703575522116144
ENSG00000164751.15	22.7755852641458	15	0.0890222176309134	0.289357567253452
ENSG00000167578.18	9.24064198684755	15	0.864602511005196	0.975837921777794
ENSG00000172081.14	12.1990398658386	9	0.202319584549028	0.470265802498867
ENSG00000129187.14	44.6671271958476	33	0.0845651243992984	0.280086868659278
ENSG00000196296.14	4.22313770779681	3	0.238355547345248	0.514284906939618
ENSG00000006831.10	3.06188836179354	3	0.382181287513753	0.673210330631682
ENSG00000198589.14	37.4722205562284	27	0.0865851531792795	0.284509968477626
ENSG00000122126.17	15.1491706162378	12	0.233379942424381	0.508228308031134
ENSG00000196236.13	9.79867694206541	9	0.36702810253086	0.657616125554067
ENSG00000156026.14	17.4874272865618	15	0.290570133798822	0.580882605833302
ENSG00000196743.9	4.55510456396223	3	0.207427437228132	0.477447177184195
ENSG00000188706.13	20.9690493886828	12	0.0508355156817507	0.199538177248131
ENSG00000134255.14	37.9181357659254	18	0.00397110185154353	0.0336540189224845
ENSG00000100038.20	50.0751427868745	36	0.0596262565874226	0.221224874368062
ENSG00000164520.11	25.26205137537	9	0.00269457240219769	0.0255210936130372
ENSG00000088543.15	27.6654568166177	24	0.274402864639348	0.561485677614702
ENSG00000116560.11	126.801575928344	21	3.98189452807385e-17	1.13141108687965e-14
ENSG00000197622.13	13.4438502141202	12	0.337621488538158	0.629073856473565
ENSG00000167377.18	37.2956755794048	21	0.0155647874949591	0.0878654587670735
ENSG00000197852.12	3.47888144381898	3	0.32351147360156	0.61417944756317
ENSG00000096060.15	4.58203738346128	3	0.205088432066989	0.474519242617786
ENSG00000244274.8	24.2931559866192	18	0.145656194748911	0.389419031909725
ENSG00000138375.13	17.2273984750254	21	0.697232792670114	0.89914198641233
ENSG00000198380.13	14.7663827639844	9	0.0975561839432606	0.305897104727236
ENSG00000135250.17	16.8222807460352	27	0.935414434156784	0.998806965634745
ENSG00000143321.19	26.8029698970495	18	0.0827659118284987	0.275949319456882
ENSG00000198105.15	27.5280378263769	21	0.154051130581466	0.401270439194758
ENSG00000198356.12	5.30732430524222	6	0.505042922901582	0.780493134666911
ENSG00000005810.18	39.7455768115869	24	0.0227712434618898	0.11462945343094
ENSG00000171462.15	2.90869083818529	9	0.967805172557757	0.99999999971812
ENSG00000159082.18	3.12403574738414	6	0.793125809812878	0.952013816083021
ENSG00000141425.18	12.1369880798811	15	0.668631886058003	0.885020129721443
ENSG00000013364.19	26.3064627197164	21	0.195003852679976	0.46036960885249
ENSG00000183625.15	20.1992305819513	12	0.0634098067310862	0.230169947853897
ENSG00000077254.14	51.5088555701586	42	0.149240465797151	0.394544942146461
ENSG00000146540.15	3.82422920374665	12	0.986403232157921	0.99999999971812
ENSG00000123983.14	16.3182218030561	12	0.177091772921679	0.436579498476393
ENSG00000135837.16		18	1	
ENSG00000155363.18	49.9031765854888	39	0.113291882639813	0.336069832049031
ENSG00000215271.9	17.4981653486157	12	0.131799180850439	0.366650369946999
ENSG00000121274.13	5.3896726222838	6	0.494890254963418	0.773450331248404
ENSG00000082641.16	17.4907129622879	21	0.680965573782053	0.891653463161369
ENSG00000242498.8	4.95437739082263	6	0.549677776403776	0.810189825047595
ENSG00000196843.17	8.56874940314131	3	0.035609635538944	0.155000409331004
ENSG00000112200.17		24	1	
ENSG00000198218.11	109.049958378368	27	8.02802019897608e-12	1.06647556643281e-09
ENSG00000185252.19	16.5865922109729	18	0.551679096075021	0.810546708620006
ENSG00000133114.18	16.133056829055	12	0.185217550814591	0.447153723691869
ENSG00000196074.13	15.2462514538829	12	0.228245143004974	0.502464465700432
ENSG00000152359.15		27	1	
ENSG00000198216.12		9	1	
ENSG00000177548.13	22.5476831732758	18	0.208574304960303	0.478901585957113
ENSG00000142733.17	27.7336455412005	24	0.27143451178343	0.558427920561687
ENSG00000196810.5		15	1	
ENSG00000136147.18	26.9428831245596	30	0.626268832172639	0.858056871008692
ENSG00000166822.13	32.2221084513494	18	0.0206923615910107	0.107278882479985
ENSG00000128513.16	69.4640091284746	51	0.0437039563822596	0.179826134285653
ENSG00000178761.15	54.2164839898906	45	0.163210874967728	0.416010638420894
ENSG00000197563.11	77.2392753797685	54	0.0206805374452036	0.107278882479985
ENSG00000162695.12	6.91728336576443	6	0.328564624608319	0.619746919623547
ENSG00000198198.17	40.3019229912352	27	0.0479977377249167	0.192020646697112
ENSG00000153317.15	18.3433514509179	18	0.433258437300093	0.719448142068613
ENSG00000085433.15	3.55231850004134	6	0.736996438739463	0.926362321438433
ENSG00000197580.13		27	1	
ENSG00000196372.13	7.89941743002419	12	0.792940347480985	0.952009197221381
ENSG00000196277.16	0.792518252895839	3	0.851255719141322	0.97324297283525
ENSG00000152457.18	17.6670591325501	21	0.669965152441306	0.886022079187988
ENSG00000139160.13		9	1	
ENSG00000146592.17		6	1	
ENSG00000196517.13		18	1	
ENSG00000197063.11		6	1	
ENSG00000140563.15	11.2481344280613	15	0.734814378348728	0.924755939484392
ENSG00000147533.17		12	1	
ENSG00000188419.14	2.41895073193427	9	0.982984281910906	0.99999999971812
ENSG00000068001.14	15.8501513159426	12	0.198196219208869	0.464349318893157
ENSG00000115446.12		9	1	
ENSG00000167131.17	18.5500040940747	9	0.0293029086459618	0.135936259655122
ENSG00000116793.16	16.9938782781537	24	0.848923019506636	0.972641129508573
ENSG00000198408.14		27	1	
ENSG00000163535.18	14.4203445210351	9	0.10813875404283	0.326587338383263
ENSG00000182841.12	38.8336745272245	9	1.23438686339512e-05	0.000352696738147169
ENSG00000109065.12		60	1	
ENSG00000121022.14	16.2758600071393	6	0.0123474617250563	0.0739907357853551
ENSG00000198089.16	52.056298954034	39	0.0787897810270369	0.267399027911599
ENSG00000138757.14	17.2584084377231	24	0.837433596332295	0.968488080098508
ENSG00000117632.23	5.96664007514482	12	0.91775435349417	0.993846944710836
ENSG00000236882.8	0.227381418839059	3	0.973052454488221	0.99999999971812
ENSG00000160392.13	21.6879873146945	15	0.116250042565504	0.34091791439293
ENSG00000196323.14	26.7379937835995	18	0.0840425820219037	0.279204797499855
ENSG00000197044.11		3	1	
ENSG00000213401.10		3	1	
ENSG00000132437.18		3	1	
ENSG00000114738.11	16.0347018005559	15	0.379749107630454	0.670139614388528
ENSG00000162599.17	20.692818741265	12	0.0550636804686956	0.209775190880554
ENSG00000183844.17	1.88068375440736	3	0.597536548105026	0.842365125491498
ENSG00000176915.15	45.9123389800225	30	0.0316775704665218	0.143389325801365
ENSG00000128891.15	39.3250097892051	27	0.0591732884374988	0.220263306924008
ENSG00000164022.17	43.2651315152034	24	0.00927606933846757	0.06039778056218
ENSG00000116922.14	41.797356185205	33	0.140114206837338	0.380668864955255
ENSG00000119318.13	1.44341986424115	3	0.695389172990096	0.898756155479929
ENSG00000197045.13	19.1364801825366	21	0.576385325534012	0.82637779369777
ENSG00000197837.3	21.9945218097128	9	0.00889635560403311	0.0585028383505623
ENSG00000170364.12		21	1	
ENSG00000181894.15		9	1	
ENSG00000151164.19		3	1	
ENSG00000102158.20	9.25624929597689	9	0.413964415075022	0.703318310798216
ENSG00000100296.13	27.6523368154594	30	0.588854308112146	0.836275287523998
ENSG00000205702.11	1.05613663273454	3	0.787672004684781	0.949785035852913
ENSG00000066382.16	7.30415022578063	12	0.836876996970202	0.968488080098508
ENSG00000198157.11		12	1	
ENSG00000196151.11	18.2990690479228	9	0.0318581420672624	0.143875026581028
ENSG00000113761.12	48.9725557754955	24	0.00190932030840146	0.019908702787603
ENSG00000197006.14	14.7150037723186	15	0.472134165813473	0.753803782523393
ENSG00000161547.17		24	1	
ENSG00000178075.20		6	1	
ENSG00000197694.18	133.858743913122	54	1.00165224528717e-08	7.16496560632337e-07
ENSG00000149257.16	20.3627895259124	18	0.312769499509361	0.603933320816852
ENSG00000196411.10		12	1	
ENSG00000161267.12	50.4883050689077	33	0.0263131829771499	0.126069109448837
ENSG00000135269.18	18.9478298929171	18	0.39504271818216	0.68559415749666
ENSG00000197122.12	26.8394738606221	15	0.030071803208388	0.138435857344105
ENSG00000137038.8	0.688424983876757	3	0.875923073968012	0.980393601446415
ENSG00000197813.6	4.845004615363	3	0.183504910315858	0.444989483084615
ENSG00000149115.14	39.4074768625142	12	9.01399144151225e-05	0.00192492940407576
ENSG00000198189.11	10.4224796590661	12	0.578948883114016	0.828617538835374
ENSG00000196227.11		9	1	
ENSG00000163596.16	29.0444252182863	15	0.0158740443998244	0.0891822059816871
ENSG00000213390.11	7.87446113697229	9	0.546845461155675	0.807750468963987
ENSG00000138119.17	13.3073005925835	15	0.57857527272897	0.828537934305563
ENSG00000120314.18	75.6843292912636	12	2.7272039978809e-11	3.32102020170521e-09
ENSG00000196313.11	4.25154191527145	9	0.894090337208965	0.986479350588987
ENSG00000121310.17		21	1	
ENSG00000076924.12		9	1	
ENSG00000148343.18	20.3834057212443	27	0.814287190019663	0.960306143343315
ENSG00000198513.13	24.3172783554448	9	0.00382690308823007	0.0328125663784621
ENSG00000113621.15	29.6184701966922	12	0.0031861644837816	0.028841837614692
ENSG00000196421.8		9	1	
ENSG00000197448.14	40.1889181540755	15	0.000424648907109834	0.00638784363356838
ENSG00000197905.9	10.5261522225737	15	0.785404761510192	0.948737045995247
ENSG00000138346.15	8.69833226859555	15	0.892755110034717	0.986479350588987
ENSG00000197077.13	6.75285626323671	6	0.344308907130097	0.63704853409686
ENSG00000142627.13	1.48154032984894	3	0.686537319108999	0.893845827279915
ENSG00000196683.10		12	1	
ENSG00000114098.18	38.723985217177	42	0.615575396995123	0.851944356090261
ENSG00000170089.15	22.854756486151	12	0.0289846278583464	0.134826629542076
ENSG00000196526.10		15	1	
ENSG00000197323.12	14.0009769681346	12	0.300645892970438	0.591992776572724
ENSG00000197013.10		9	1	
ENSG00000205220.12	4.30175813502865	9	0.890453189703659	0.985797338910489
ENSG00000197555.9	91.6379556140746	36	9.57520633261994e-07	3.93352552515539e-05
ENSG00000008441.17		15	1	
ENSG00000198498.10	40.2626811184164	18	0.00192198506764857	0.0199999850020114
ENSG00000214262.4		3	1	
ENSG00000135596.18	16.6116965910778	15	0.342601899330063	0.635098736543533
ENSG00000108946.15	36.2131228653743	30	0.201182288608451	0.468661724020916
ENSG00000006015.17	15.8090618442511	18	0.605870993749838	0.846985507354501
ENSG00000196363.9	2.98338515341311	6	0.810929265839734	0.958877957082714
ENSG00000109381.20	30.4595744634862	30	0.44230727127238	0.728433982309848
ENSG00000181135.16		51	1	
ENSG00000198258.11	1.04833570634946	6	0.983713414721565	0.99999999971812
ENSG00000196141.14	19.2499053678202	24	0.738533928895103	0.926928044008344
ENSG00000198015.13	8.10692338299123	21	0.994674305858802	0.99999999971812
ENSG00000198265.12		9	1	
ENSG00000198561.15	77.935708366349	42	0.000627006283403422	0.00868373660738402
ENSG00000165661.17		3	1	
ENSG00000179456.10	1.18854361248714	3	0.755753317774699	0.933985826690515
ENSG00000167491.17	31.2249808347406	27	0.262001737833285	0.547277062752026
ENSG00000198604.11	15.7909913799122	18	0.6071313955087	0.847713219309103
ENSG00000214046.8	50.1797013055475	45	0.275573810683224	0.562915805901393
ENSG00000145734.19	4.00834120481613	6	0.675547558501306	0.889562951862664
ENSG00000126804.13	5.48094176201994	9	0.790531836512782	0.95103142969474
ENSG00000198677.12	60.162206033976	24	6.05940409831772e-05	0.00138351885093062
ENSG00000164930.12	19.3283750496739	15	0.199237304034437	0.465615349090304
ENSG00000196177.13		6	1	
ENSG00000186567.13		3	1	
ENSG00000077458.13	69.7122091990932	33	0.000196168482767493	0.00346737417353897
ENSG00000115364.14		12	1	
ENSG00000124243.17	20.2095228674098	9	0.0166624838587582	0.0922297334368168
ENSG00000172469.16		6	1	
ENSG00000009413.16	4.19029440873192	12	0.979752492971472	0.99999999971812
ENSG00000198000.12	78.4227053032737	51	0.00810747759534351	0.054848801800773
ENSG00000171204.13	33.680617352351	30	0.293780599646568	0.584553021031054
ENSG00000197712.12	16.6055495008186	12	0.165047208388612	0.418925035882658
ENSG00000229117.9	2.45677927881479	3	0.483152696151649	0.763532107411926
ENSG00000167264.18		18	1	
ENSG00000165280.16	34.4207785041654	18	0.0111697787364181	0.0687872767578689
ENSG00000139438.6		3	1	
ENSG00000038358.15	53.7904268191487	33	0.0125818209143761	0.074999677233772
ENSG00000198060.10	7.34144013626064	9	0.601616849304705	0.843930163403432
ENSG00000008311.15	1.18872483792455	3	0.755709812221503	0.933985826690515
ENSG00000109618.12		9	1	
ENSG00000198646.14	25.2256665578625	9	0.00273143235262325	0.0257537132534366
ENSG00000196655.12	51.1109561529156	39	0.0926919132358682	0.297028667878999
ENSG00000251474.6	16.6199341596512	12	0.164461968453776	0.417911528993281
ENSG00000198546.15	40.3696409024051	9	6.5118216537523e-06	0.000201236929595868
ENSG00000172572.7	12.5130691264239	6	0.0514541411484221	0.200887179315729
ENSG00000174365.20	134.646314664671	72	1.0946029337527e-05	0.000319274608844325
ENSG00000164023.14	7.91092468835768	6	0.244702119051894	0.522886562728603
ENSG00000108984.15	13.9616441841736	15	0.528440103309198	0.795079667685322
ENSG00000273899.5	31.740262139785	12	0.0015173584168349	0.0167614030732226
ENSG00000156463.18	8.30433195463399	6	0.216644206985272	0.490309328399967
ENSG00000142892.15	19.1452401022398	12	0.0850831514932292	0.281345582986253
ENSG00000144366.16		36	1	
ENSG00000168710.18	17.6712999684314	12	0.126041576404437	0.356844529488233
ENSG00000175265.17	23.0356059614205	9	0.00611684482334683	0.0455379954134023
ENSG00000196235.14	82.1238897693111	36	1.84237501883765e-05	0.000507969112336666
ENSG00000278224.7	4.72736978152523	3	0.192884140887317	0.458429792540922
ENSG00000025039.15	1.19679570356266	3	0.753772936492087	0.933028735438446
ENSG00000148690.12	15.7690907137348	9	0.0718629807033935	0.249944382732068
ENSG00000067334.14	17.6482494497213	15	0.281609315581936	0.569852379407761
ENSG00000183853.18	1.29635096381026	6	0.971858532530784	0.99999999971812
ENSG00000121578.13	33.9881340751927	33	0.419796778677348	0.708044592607266
ENSG00000197119.13	93.0525913375968	42	9.88256213058062e-06	0.000291321982806078
ENSG00000170965.10		3	1	
ENSG00000002919.15	24.0089435762566	21	0.292625389268882	0.583823894447316
ENSG00000197724.11	2.73857462976184	3	0.433711692884278	0.719850220106
ENSG00000074582.15	54.9412918579619	42	0.0869725326404092	0.285031907854424
ENSG00000047230.15		9	1	
ENSG00000197111.16	96.0196341588162	33	4.55550008137318e-08	2.66275487613522e-06
ENSG00000197620.11	53.7162088028927	27	0.00164777726532213	0.0178360990973334
ENSG00000196182.11	17.6620892201572	15	0.280846943380156	0.568867996799131
ENSG00000196419.13	3.10152877174551	9	0.960133153887285	0.99999999971812
ENSG00000198087.7	16.9022887659139	6	0.00964913585079473	0.0619583939261675
ENSG00000141933.9	3.51454339298834	3	0.318880784346099	0.610829876980571
ENSG00000117791.16	24.0654779600864	12	0.0199278741934243	0.104695544491288
ENSG00000178826.11	20.8883626571114	18	0.28508266796867	0.574603075990448
ENSG00000196576.15		21	1	
ENSG00000198231.13	133.11176937729	36	4.6077756151948e-13	7.7267109455455e-11
ENSG00000197943.10	4.58741074076158	6	0.597708746298586	0.842375691084078
ENSG00000188343.13	36.1345924843481	27	0.11238823285904	0.334622189035432
ENSG00000126883.17	45.0118617810331	36	0.144200337929015	0.387552616047266
ENSG00000105393.16	35.5390060330683	33	0.349554698607231	0.642034171686849
ENSG00000168675.18	25.849906217647	21	0.212230024855461	0.484251823387577
ENSG00000174851.16	31.4886360298406	24	0.140187663924767	0.380668864955255
ENSG00000196693.15	21.5726179189564	9	0.0103367815317208	0.065452165776675
ENSG00000169359.16	30.1128271495309	24	0.18104037358747	0.441339843047242
ENSG00000214770.3	0.500503811479689	3	0.918780712533895	0.994098572933067
ENSG00000160785.13	4.43839174035747	12	0.974165593146449	0.99999999971812
ENSG00000175224.16		51	1	
ENSG00000196663.16		9	1	
ENSG00000197965.12	39.4831204077782	24	0.0242841969795424	0.119351744907412
ENSG00000124813.23		6	1	
ENSG00000179526.17	32.7431210693321	24	0.109610648085092	0.328846939185003
ENSG00000160299.17	14.6604213373139	15	0.47614282830506	0.757224034628802
ENSG00000198074.10	3.39440518798392	3	0.334717847270648	0.625683187312498
ENSG00000197324.9		6	1	
ENSG00000221838.10	71.3525178324635	36	0.000406304328143911	0.00617546355510262
ENSG00000198874.13	12.8891501835114	12	0.377148991401911	0.66768034493772
ENSG00000196950.14	14.0211085383016	9	0.121576335173257	0.349720003511599
ENSG00000244462.8	18.8019345875146	12	0.0934217736684492	0.297971863036284
ENSG00000163435.16	22.6313816605834	21	0.363942652661432	0.654460998802451
ENSG00000156502.14	19.0708944529324	12	0.0868318638127695	0.284771764969804
ENSG00000111181.12	16.7346936662148	9	0.0530364120221475	0.204720550405489
ENSG00000198130.16	19.4818969377993	12	0.0775436531791937	0.264039804007203
ENSG00000196459.14	33.7188487111071	21	0.0388294333894744	0.165770565167335
ENSG00000197756.10	4.9684640346095	9	0.837048614667602	0.968488080098508
ENSG00000196290.16	21.0947224988668	18	0.274661152362851	0.561677114658058
ENSG00000146373.16	18.3619494348632	12	0.105134308423955	0.320637698529706
ENSG00000144362.12	10.2741609910131	12	0.591922355555463	0.83818471622785
ENSG00000243364.8	4.15586956494008	6	0.655592233627541	0.876379111052812
ENSG00000198586.14		12	1	
ENSG00000124523.16		18	1	
ENSG00000196704.13	42.935305800871	24	0.010117572537096	0.0644412512340938
ENSG00000198125.13	9.32808598942393	12	0.674681407977503	0.888886672102251
ENSG00000197372.10	16.8487850443612	9	0.0511373212819231	0.20019728173971
ENSG00000183137.14		42	1	
ENSG00000198482.14	13.1756953334664	12	0.356400842267902	0.648583612138743
ENSG00000110492.15		9	1	
ENSG00000197056.11		18	1	
ENSG00000130311.11	15.1770768907591	12	0.231895191329343	0.506598408739597
ENSG00000213923.13	23.9428581816464	33	0.875526432183737	0.980393601446415
ENSG00000197568.14	18.9433821375751	15	0.216311005236796	0.490309328399967
ENSG00000155729.13	8.80778649000376	6	0.1846800854535	0.446490535544649
ENSG00000147853.17	1.95690552742053	6	0.923618990470858	0.994649938993855
ENSG00000082153.18	28.2688801079203	15	0.0199452900185415	0.104733250307834
ENSG00000129951.19	2.17770503888028	3	0.536353123344803	0.799876964381687
ENSG00000167311.14	11.4218221866405	6	0.0761821987029131	0.260863911924133
ENSG00000196562.14	59.4567796559932	33	0.00317800591580461	0.028841837614692
ENSG00000182165.18	17.5306764872948	18	0.486948277100786	0.766660601271962
ENSG00000197429.11	1.03029647568064	6	0.984437700159509	0.99999999971812
ENSG00000196937.11	10.985450580356	6	0.088827141942192	0.288936463821764
ENSG00000142949.17	22.4350803795169	21	0.374820847272696	0.66528586617255
ENSG00000174744.14	10.5522099026493	18	0.912384375262563	0.992321831041652
ENSG00000197363.9	1.74157870808358	6	0.9418663929303	0.99999999971812
ENSG00000148204.12	1.15080992567809	3	0.764824645851061	0.938844510069663
ENSG00000180964.17	2.36310395888722	6	0.883462918038737	0.98323818829488
ENSG00000197771.13	2.15900601297835	6	0.904509213671315	0.99039014629029
ENSG00000137486.17	1.51825977813633	3	0.678062440823759	0.890816941585696
ENSG00000197576.14	6.96568257710305	6	0.324032528661378	0.614600433376823
ENSG00000168385.18	30.0028753023944	42	0.916968966930498	0.993779968944554
ENSG00000196511.14	28.9473517570286	9	0.000661424700737034	0.00899695912744564
ENSG00000107937.19	3.38758857121866	9	0.946929957886559	0.99999999971812
ENSG00000117266.15	51.484424323	33	0.0211760499433145	0.108685306006103
ENSG00000072274.13	34.7683201465115	18	0.0101073248697318	0.0644160910233564
ENSG00000187624.9	0.112502255079107	3	0.990296015173633	0.99999999971812
ENSG00000198042.11		12	1	
ENSG00000087502.18	47.9913531405327	21	0.000689514399165607	0.00931709747564728
ENSG00000183793.14		3	1	
ENSG00000196873.16	6.51104566568392	21	0.998921304575771	0.99999999971812
ENSG00000197102.12	55.9095402934472	42	0.0738760924902533	0.254952277355871
ENSG00000197798.9	9.61778922930353	15	0.843068728601542	0.970432988638355
ENSG00000157557.13	6.50728094658552	12	0.888386266898773	0.984860013031171
ENSG00000108825.18	1.50845239215067	6	0.958931120963484	0.99999999971812
ENSG00000180891.13	40.7360821768452	27	0.0436540948775012	0.179821918266705
ENSG00000150636.17	1.73664833372587	3	0.628817003175036	0.859341232528717
ENSG00000197355.11	15.4626294749396	9	0.0789872609760107	0.26762527079285
ENSG00000188191.15	22.4006523240023	12	0.0332672246674119	0.148404030145206
ENSG00000111707.12	6.51765531358524	9	0.687197301701985	0.894090714717579
ENSG00000111860.14	8.98238242771816	6	0.174571297815844	0.433168326705169
ENSG00000111540.16	15.2003417359738	18	0.64816802548886	0.870907962489935
ENSG00000197385.6	2.01450075563423	3	0.569402480135248	0.821406927336641
ENSG00000196924.18	35.7475230937125	30	0.216459469769564	0.490309328399967
ENSG00000196476.12	2.00951988991346	3	0.570433168763501	0.821740368906415
ENSG00000181885.18	15.3334194519048	15	0.427677723916475	0.714122663718841
ENSG00000107643.16	37.5008875375243	33	0.270284579043744	0.556864607396824
ENSG00000197714.9		6	1	
ENSG00000138496.16	4.21799322626021	12	0.979173634666354	0.99999999971812
ENSG00000064999.15		9	1	
ENSG00000133739.16		3	1	
ENSG00000196636.8	8.46978204364132	9	0.487582023698698	0.7672196479177
ENSG00000070785.17	15.4885568241043	18	0.628193270304926	0.859269529045203
ENSG00000196220.16	7.95055605935386	9	0.53913658254414	0.802040154573009
ENSG00000213648.11	15.8455311404746	6	0.0146075206812426	0.0837088678142466
ENSG00000169375.16	23.6669989146576	30	0.786877183729808	0.949730585530644
ENSG00000196748.10	10.2443177715505	6	0.114733195394828	0.338800766655224
ENSG00000123562.18	20.6891561496886	30	0.897355481291314	0.987703719079781
ENSG00000196155.13	76.4314148777339	36	9.81139398162297e-05	0.00204400710871734
ENSG00000134871.19	21.5440022978	18	0.252860377830441	0.534007203177659
ENSG00000196547.15		45	1	
ENSG00000162734.13	3.04242343825172	9	0.962589225998462	0.99999999971812
ENSG00000197696.10	2.06168253227895	3	0.559703456971964	0.81609523104101
ENSG00000138780.15	11.1365948723067	9	0.266462177643946	0.552980648228834
ENSG00000174606.14	26.1742686012149	18	0.0958395530247897	0.302574934534128
ENSG00000115649.16	6.25190420636864	6	0.395571434686123	0.686162490317849
ENSG00000158985.13		21	1	
ENSG00000198848.13	2.69642778796402	3	0.440834695757753	0.72720449829631
ENSG00000105270.15		3	1	
ENSG00000197579.8	1.72757548045774	3	0.630820637316248	0.860371773406783
ENSG00000168300.14	16.7332001783871	21	0.727146849420246	0.920201054400557
ENSG00000120705.13	36.7127197208465	12	0.000248666835338558	0.00419738128494737
ENSG00000198598.6		15	1	
ENSG00000126461.15	18.1178373414587	9	0.0338307704986839	0.15019746155861
ENSG00000111237.19	39.7170801586181	24	0.0229312708844571	0.115038729709226
ENSG00000198554.12	24.8557049907631	12	0.0155216390041259	0.0877297541821966
ENSG00000197361.8	1.6413627557003	3	0.650047879069935	0.872301214566729
ENSG00000105176.18	13.8269666259002	12	0.311894157873358	0.603362449385391
ENSG00000198355.5	3.35135074499704	3	0.340559286818459	0.632458414100584
ENSG00000196365.12	18.0766171417636	21	0.644150642602904	0.869175542084924
ENSG00000134884.15	123.025142066166	9	3.20748862045524e-22	1.36705837910986e-19
ENSG00000018408.15	4.71837546579263	12	0.966730131356146	0.99999999971812
ENSG00000167173.19	9.57737799000824	12	0.652982534340284	0.874719531661442
ENSG00000163848.20	24.975652168866	12	0.0149386736007105	0.0853197611734606
ENSG00000030110.13		3	1	
ENSG00000102886.15	1.42745495750728	3	0.699111943761952	0.900656936113477
ENSG00000161011.20	34.1685535296565	15	0.00322455394228036	0.0290607597141725
ENSG00000170915.9		3	1	
ENSG00000189042.13	14.8841326789911	9	0.0941682189083858	0.29951701219337
ENSG00000197182.14	46.4018547924161	9	5.07108835103314e-07	2.27509485713676e-05
ENSG00000129696.13	12.70115130259	12	0.391131255258606	0.682833279128564
ENSG00000196715.7		6	1	
ENSG00000008283.16	39.6834903421986	27	0.0548352289758458	0.209138537357915
ENSG00000137073.23	25.3502692686543	27	0.554839409582131	0.812985578085606
ENSG00000183506.17	11.9007774338097	18	0.852317654369571	0.973406096279264
ENSG00000120820.12	18.8932951002116	12	0.0911362909990259	0.293894426427817
ENSG00000136021.19	11.1366960496616	18	0.888466052532226	0.984860013031171
ENSG00000138326.21	15.9199884529226	12	0.194928287008661	0.46036960885249
ENSG00000073536.18	10.5592176926184	18	0.912117353097915	0.992241668067486
ENSG00000102890.16	2.12545093603489	3	0.546781050423385	0.807750468963987
ENSG00000122390.19	38.1633315421714	33	0.246259424032793	0.524679785134646
ENSG00000101152.11	1.30511404020217	3	0.727919056444935	0.920494996708523
ENSG00000106263.18	62.8094040533179	24	2.53619160405123e-05	0.000665197536354874
ENSG00000103248.19	72.3294061286142	45	0.0060113704490235	0.0449162222958812
ENSG00000100592.16	19.9860090729635	18	0.333607911935067	0.624401400645005
ENSG00000159202.18		12	1	
ENSG00000165804.16	36.7482894152399	27	0.099862448773435	0.310606320355659
ENSG00000078487.17	5.84822043636768	12	0.923538874954686	0.994649938993855
ENSG00000104881.16	36.0223256103418	24	0.054614292926408	0.208684946710582
ENSG00000173715.18	60.2529887930796	39	0.0160378299716604	0.0898417101753088
ENSG00000061676.15	27.8530145724981	15	0.0225074279332523	0.113580898041064
ENSG00000197879.17	34.7616251529471	30	0.251417322369518	0.532452958699338
ENSG00000137145.20		12	1	
ENSG00000158691.14	0.0445675310797924	3	0.997530850194699	0.99999999971812
ENSG00000075240.17		12	1	
ENSG00000280987.4	55.9236300653729	18	9.16322543258882e-06	0.00027486989134883
ENSG00000168411.14	38.5368208667314	21	0.0111424544818586	0.0687017280861552
ENSG00000106733.21	12.1957170427595	15	0.664158415573646	0.881952022965446
ENSG00000159131.17	31.0643823994469	24	0.151934968864331	0.398310976533057
ENSG00000115415.20	33.6246215136562	33	0.437049047582619	0.723393965650908
ENSG00000108669.16	32.6562931677254	18	0.0183612916098124	0.0988513957246165
ENSG00000171608.16	20.1311053929248	12	0.0646461795036567	0.233333016987616
ENSG00000198551.10	15.0670465628259	6	0.019741604777397	0.103930455619142
ENSG00000107745.19	26.6449778905007	9	0.00160088043742182	0.017476420484939
ENSG00000198742.9	6.17585358325778	6	0.403782123756045	0.694049293211324
ENSG00000198799.12	15.8634652476517	9	0.0697881162137826	0.245678204447917
ENSG00000198887.9	7.19924365305269	6	0.30281380887673	0.594184241511619
ENSG00000189337.17	3.23928421317328	6	0.778270199352278	0.946157574789429
ENSG00000198836.10	54.7638145083474	48	0.233405216273157	0.508228308031134
ENSG00000183856.11	4.57136783531132	9	0.86996006975868	0.977246699262314
ENSG00000196814.15	16.7117487995433	9	0.0534260178220836	0.205934064475181
ENSG00000198682.13	0.00370032184946467	3	0.999940200713927	0.99999999971812
ENSG00000198898.14	5.32636902669037	12	0.946180482574626	0.99999999971812
ENSG00000198901.14	111.376339323469	42	3.39665043004451e-08	2.05587794372339e-06
ENSG00000198961.10	4.79623356449883	6	0.570200847760837	0.821740368906415
ENSG00000181045.15		30	1	
ENSG00000198728.11	4.70978990237927	9	0.858837482776098	0.975149824658327
ENSG00000198911.12		21	1	
ENSG00000198930.13	18.335621880353	3	0.000375020036012116	0.00584768284812185
ENSG00000198837.10	58.4913484800709	33	0.00405424626497132	0.0340741869721149
ENSG00000142864.14	25.1578442733735	15	0.0478633469879524	0.191697015011654
ENSG00000198853.12	0.246983974131581	3	0.96967011768611	0.99999999971812
ENSG00000170633.16	39.8443029242917	24	0.0222246443175116	0.112654056850261
ENSG00000152558.15	0.693289459930384	3	0.874781189620635	0.980207442742408
ENSG00000198925.12	23.7755889756372	39	0.973854288023679	0.99999999971812
ENSG00000170776.22		21	1	
ENSG00000198752.11	5.65741008801706	12	0.932357992363079	0.998326481219489
ENSG00000198917.13	28.438306007869	12	0.00477038254994786	0.0380625921243499
ENSG00000198876.13	11.3294577912748	6	0.0787124362030692	0.267225194132491
ENSG00000198791.12	63.4733968464643	27	9.08248818621019e-05	0.00193551607618217
ENSG00000198824.7		18	1	
ENSG00000064995.18	15.1043164871189	6	0.0194607010840343	0.103094796146598
ENSG00000131778.19	73.1328469126893	48	0.0111882976540359	0.0688598656456879
ENSG00000086015.22	31.4508457374031	24	0.141204198876253	0.382226285700226
ENSG00000166681.14	7.48848351929337	9	0.586397910591885	0.834284638851705
ENSG00000171603.18	5.54163606543443	12	0.937405568532004	0.999496817939324
ENSG00000121903.14	1.80348284494448	6	0.936856016825456	0.999496817939324
ENSG00000187535.14		12	1	
ENSG00000198815.9		9	1	
ENSG00000138629.16	6.39838499696634	12	0.894683912151287	0.98681493825701
ENSG00000110002.16	9.89298803156998	12	0.62534830845641	0.857739513284177
ENSG00000240038.6	5.09714068992207	6	0.531415923355924	0.796757270627012
ENSG00000198909.8	11.635268177135	18	0.865484782608449	0.976332843609126
ENSG00000198914.5	10.4669005889876	3	0.0149871187651479	0.0854057035368791
ENSG00000198730.9	16.8578119927261	9	0.0509897466340802	0.199990076042947
ENSG00000198862.14	3.21276441360715	3	0.359969919047596	0.651561696117653
ENSG00000164172.19	8.83983288346281	9	0.452188616348758	0.737497541415748
ENSG00000132792.19	13.0233645727058	12	0.367344734478862	0.657727029613164
ENSG00000198924.8	11.3249129329124	6	0.0788389032476999	0.267476995462926
ENSG00000132694.19	13.9441557567625	12	0.304288611566078	0.595592844950137
ENSG00000198920.11	26.3220394024665	21	0.194434906672141	0.460270103444447
ENSG00000139116.19	26.8777604343741	24	0.310183305849428	0.601595438893526
ENSG00000147255.19		18	1	
ENSG00000198830.11	50.2129354801728	18	7.00848135781569e-05	0.00156186831828097
ENSG00000119979.18		24	1	
ENSG00000197958.13	9.5932310372591	3	0.0223599456000628	0.113059754593694
ENSG00000169189.17	9.0110803458083	9	0.436252002748271	0.722659390463492
ENSG00000244509.4		3	1	
ENSG00000198793.13	41.3737793739347	18	0.00135157889177131	0.0152093514674683
ENSG00000198718.13	3.65013330496234	6	0.723899707890602	0.918136405705265
ENSG00000198959.12	10.0873905624827	9	0.343456912043805	0.636222519611749
ENSG00000181191.11		18	1	
ENSG00000196199.14	14.0487310977678	12	0.297607227391822	0.588369603593148
ENSG00000198324.13		6	1	
ENSG00000198807.13	4.80482885669233	3	0.186659229726564	0.448881880676799
ENSG00000169122.11	6.06057817421242	9	0.73384038845602	0.923871179509739
ENSG00000198805.12		18	1	
ENSG00000097021.19	0.641078769331216	3	0.886967235423639	0.984685680347382
ENSG00000126581.13	61.7084187288856	51	0.144796451648788	0.388357712193376
ENSG00000198795.11		12	1	
ENSG00000142675.18		3	1	
ENSG00000143314.12	5.5950501888874	9	0.779662841722667	0.946517398450236
ENSG00000198721.12	12.4148354337667	12	0.412964595620769	0.702630547006794
ENSG00000198964.14	10.8798789869761	9	0.28403261198979	0.573164250945663
ENSG00000198855.7	3.64032922966521	6	0.725215492066265	0.918779944060667
ENSG00000117859.19		48	1	
ENSG00000198856.13	2.30644369509537	3	0.511287590159766	0.783079093469402
ENSG00000198700.10	26.1421599327878	9	0.0019363696985672	0.0201087570016689
ENSG00000197818.12	22.4571101327138	9	0.00753782458627204	0.0524876839298684
ENSG00000198858.10	29.3421485564686	15	0.0145276757152363	0.0835137853138676
ENSG00000075945.13	5.62585068978206	9	0.776701591385132	0.945819116461728
ENSG00000198919.13	5.44831799038821	9	0.793608545286922	0.952013816083021
ENSG00000187801.15	5.99672314569534	9	0.740246209492277	0.927129608895429
ENSG00000198912.11	2.62324427111707	6	0.854427713973552	0.973918106333348
ENSG00000198948.12		12	1	
ENSG00000198826.11	24.8996722112206	18	0.127704806934954	0.359563025086056
ENSG00000198860.13	63.8973837613448	39	0.0071909594882007	0.0507064528552593
ENSG00000145217.14		9	1	
ENSG00000198723.11	7.97275819673109	6	0.240105913529611	0.516952934012712
ENSG00000135040.16		6	1	
ENSG00000198796.7	88.7703274529831	15	1.68111701989987e-12	2.49219507196461e-10
ENSG00000122786.20	19.72061990574	27	0.842273383785046	0.97011760418165
ENSG00000198863.7	0.854682727172076	6	0.990526684945563	0.99999999971812
ENSG00000198792.13	28.6261374225396	12	0.00447563164550746	0.0365664825095014
ENSG00000198910.14	10.2689801721135	15	0.802487833772044	0.955922682384113
ENSG00000139190.16	8.03876817952187	12	0.782093487448698	0.947966021409228
ENSG00000145365.11	2.41747991159673	3	0.490389037492975	0.769590282987977
ENSG00000198746.13		3	1	
ENSG00000198933.9	2.61303671048017	3	0.455208625704124	0.740157213849545
ENSG00000166801.16		27	1	
ENSG00000007968.7	6.90783293515142	3	0.0748941971705988	0.25768339820318
ENSG00000198818.10	17.2458357712094	15	0.304382021539948	0.595593216251971
ENSG00000010165.20	13.1164027593331	12	0.360637136504694	0.652450878901046
ENSG00000137522.18		39	1	
ENSG00000064932.16	39.0451922069915	21	0.00969405233348346	0.0621695682252052
ENSG00000169851.15	2.39671575654438	3	0.494246276410924	0.7729162454376
ENSG00000140682.19	18.6599605529391	24	0.769872338927812	0.941650622371468
ENSG00000198894.8	6.69315980395822	12	0.877207059126792	0.981156394232328
ENSG00000198945.8	10.9886857285619	12	0.529888571980156	0.795794131969913
ENSG00000198298.13	6.44186643265198	3	0.091983558832432	0.295601578164294
ENSG00000198952.8	21.125074375017	6	0.00174205173703256	0.018659107034666
ENSG00000198839.10	22.466224034466	15	0.0961493066392456	0.302988784522049
ENSG00000196072.12	23.3858893372526	9	0.00538543847693021	0.0414431455858211
ENSG00000162062.15	35.5839868236217	30	0.22201282785709	0.495520230449524
ENSG00000123178.15	8.08349401047235	6	0.232049938040985	0.506646492256399
ENSG00000080823.23	46.4912457947521	36	0.113091836965461	0.335746927242912
ENSG00000142156.15	10.0720038921436	6	0.121652346220942	0.349741947581228
ENSG00000198736.11		6	1	
ENSG00000204843.12	20.980020885916	21	0.460164945279067	0.74454717261303
ENSG00000196428.12	11.8027856779108	9	0.224657043474812	0.498646304740758
ENSG00000143621.17	11.993810531043	3	0.00740439311300133	0.0518763953101991
ENSG00000198929.13	0.207208494105004	3	0.976417296216383	0.99999999971812
ENSG00000198794.12	26.9549737061748	18	0.0798438922155039	0.269545601806069
ENSG00000140931.20	16.5002491935029	24	0.869179655585841	0.977015241427205
ENSG00000198960.11	16.0487671321916	12	0.189012636182581	0.453107629601974
ENSG00000049246.14	23.5180211778943	15	0.0737435223104214	0.254752613884938
ENSG00000198783.6	5.56490493947604	3	0.134807712078581	0.370884369782625
ENSG00000198732.11	5.418881925405	9	0.796372395867457	0.953205387003068
ENSG00000198753.12	20.586022981518	18	0.300810576859629	0.591992776572724
ENSG00000198879.12	0.248385636595401	3	0.969424240116541	0.99999999971812
ENSG00000198954.9		18	1	
ENSG00000185619.18	90.8804633060463	27	7.68305039167261e-09	5.73080981981723e-07
ENSG00000198715.13	60.5246429760082	33	0.00241776154329393	0.0235985523152229
ENSG00000197415.12		12	1	
ENSG00000198892.7	2.4417919050502	6	0.874924354451457	0.980241097665275
ENSG00000214827.11	1.56267230351205	3	0.667882922567733	0.884715671451094
ENSG00000164038.16	40.1772211169828	24	0.0204682252486131	0.106450828488977
ENSG00000129515.20	15.0514926321121	12	0.23863253459674	0.514426464985138
ENSG00000197345.13	6.93599188962253	12	0.861814314477595	0.975574659361612
ENSG00000215908.10	21.1778442157047	12	0.0478360691007871	0.191662808786507
ENSG00000198740.9	9.17714304676065	6	0.163858034239043	0.417080086268648
ENSG00000198690.10	78.1964925366228	66	0.144650628565722	0.388252762949035
ENSG00000264343.6	1.12884591793954	3	0.770115520646188	0.94183544484575
ENSG00000134452.20		36	1	
ENSG00000012174.12	2.77027880635069	6	0.83707747777	0.968488080098508
ENSG00000234222.6	5.62348016492535	6	0.466659840757019	0.750019320651848
ENSG00000203279.4		3	1	
ENSG00000232593.7	2.01777492548035	6	0.918056602660817	0.993846944710836
ENSG00000231312.7	22.6080033779735	18	0.206105902648021	0.475260883270199
ENSG00000249684.6		6	1	
ENSG00000179818.14	26.0559831121791	18	0.0984847436185128	0.307885220804941
ENSG00000171792.11	40.4671168201676	21	0.00652159063262374	0.0474461952923956
ENSG00000205683.11		3	1	
ENSG00000234912.12	50.4696716894632	24	0.00123346771950506	0.0142889482478111
ENSG00000131370.16	9.05796485810424	9	0.431940828838953	0.718764726444558
ENSG00000160691.19	30.1605760250532	27	0.306987249126263	0.598356053984859
ENSG00000223482.8		69	1	
ENSG00000175137.11	5.43855915678432	9	0.794526132782509	0.952779344927584
ENSG00000162852.14	11.9375991987208	9	0.216850073485331	0.490309328399967
ENSG00000185420.19	33.1896300643275	21	0.0441562441552571	0.18103175208983
ENSG00000162849.16	12.6081208392657	3	0.0055654680913471	0.0422950766020724
ENSG00000203666.12	54.7536771856139	36	0.0233891133431002	0.116497590752393
ENSG00000203667.10	49.7953445653475	12	1.51762714500332e-06	5.88023032812081e-05
ENSG00000035687.10	11.5924693907509	6	0.0717028221404616	0.249726989334281
ENSG00000054282.16	22.8503404513058	18	0.19640687626631	0.461849640765076
ENSG00000203668.2	2.59267928669942	6	0.857954597916872	0.974898172411733
ENSG00000054277.14	7.68689340559649	9	0.565981497696102	0.81840892563379
ENSG00000091483.7	1.36114294652361	3	0.714667772960682	0.911187656257691
ENSG00000116984.14		12	1	
ENSG00000119285.11		12	1	
ENSG00000077585.14		9	1	
ENSG00000284770.2	109.833561034277	60	9.22339840871452e-05	0.00196145826034804
ENSG00000173726.11	6.88093638444843	6	0.331998716124567	0.622436742528994
ENSG00000168264.10	10.5049768479657	6	0.104934535222675	0.32042064269071
ENSG00000168275.16	6.816468922887	6	0.338154174094385	0.629580769118856
ENSG00000135750.15	10.0951047007693	6	0.12070366746306	0.347600736058456
ENSG00000143674.11	7.00261680608401	6	0.320605265827488	0.611955824622014
ENSG00000135778.12	9.22350428307254	18	0.954338122455567	0.99999999971812
ENSG00000116918.15	4.89180179495088	9	0.843636288371876	0.970432988638355
ENSG00000135766.9	17.2599856124598	12	0.140076465978238	0.380668864955255
ENSG00000116906.13	20.7046631878111	15	0.146533770079385	0.390263469675533
ENSG00000182118.8		3	1	
ENSG00000143643.13		18	1	
ENSG00000119280.17	6.57216905067253	6	0.362228752271565	0.653942447403077
ENSG00000135775.14	19.9998908816669	15	0.171936875328582	0.429170887685717
ENSG00000143641.10	8.60232529723726	6	0.197208891988743	0.462884294665637
ENSG00000168118.12	8.05787746260467	12	0.780591249927619	0.947285312078493
ENSG00000181873.13	8.11498687743733	3	0.0436940981087463	0.179826134285653
ENSG00000203684.5		3	1	
ENSG00000081692.12	26.2885188557575	18	0.0933416873261778	0.29790705761606
ENSG00000130023.16		39	1	
ENSG00000163050.17	25.4241265429901	21	0.229262375882786	0.503692517164282
ENSG00000143801.17	31.4329051700261	21	0.0667489473972421	0.237817827560568
ENSG00000143799.13		15	1	
ENSG00000182827.9	9.32304665140691	3	0.0252903062992736	0.122778615631357
ENSG00000163041.12	11.2111078638118	12	0.51091865663553	0.782955413648155
ENSG00000196187.12	20.0516460197487	18	0.329919554057965	0.620865193006802
ENSG00000143771.12	40.5493495828705	18	0.00175593799677204	0.0187489454791036
ENSG00000143756.12	57.8984589569773	9	3.39938040961372e-09	2.97198822307169e-07
ENSG00000117676.14	8.50974873099403	15	0.9017263760658	0.988930963951653
ENSG00000112541.16	129.653637990356	39	1.1562968289843e-11	1.46021731650376e-09
ENSG00000143507.18	1.47428721054507	3	0.688217416061664	0.894962617454203
ENSG00000186205.13	3.72342676037806	12	0.987925897867667	0.99999999971812
ENSG00000116141.16	21.2436476223456	9	0.0116114376217736	0.0704886619781139
ENSG00000067704.10	0.326340215891833	3	0.955000812248606	0.99999999971812
ENSG00000136628.18	7.33248777489644	9	0.602545311332933	0.844884988296719
ENSG00000143353.12	27.9589860174165	15	0.021827179941074	0.11102447718411
ENSG00000067533.6	7.7332099328687	3	0.0518595623837546	0.201853677177864
ENSG00000162814.11	2.48493493334945	6	0.870149861851711	0.977246699262314
ENSG00000092978.11		9	1	
ENSG00000117724.13	8.92166712674953	6	0.178031621119825	0.43694619480556
ENSG00000152104.12		6	1	
ENSG00000143499.14	30.2972871382626	15	0.0108935221699454	0.0679450233392509
ENSG00000136643.12	11.6180343886226	21	0.949360377218642	0.99999999971812
ENSG00000162769.13	6.70396678718862	12	0.876540748193479	0.9809442757768
ENSG00000203705.11	36.3394212669155	30	0.197173944790102	0.462884294665637
ENSG00000117697.15	9.34054897248279	12	0.67360059094422	0.888492642781229
ENSG00000117691.10	11.142435298927	6	0.0840727965859718	0.279214492298021
ENSG00000143476.18	26.2416189552496	15	0.0355584465133537	0.154843486328265
ENSG00000143493.13		21	1	
ENSG00000123684.13	0.659114208161554	3	0.882775899272428	0.98323818829488
ENSG00000117650.13	10.7850452701532	12	0.547424708405658	0.808374093010174
ENSG00000117625.14	52.5799970472726	30	0.0065906932232668	0.0477113948908678
ENSG00000082497.12	1.42812377060363	6	0.964125296764825	0.99999999971812
ENSG00000009790.15	2.5042361669361	3	0.474525999557917	0.755983572890181
ENSG00000076356.7	6.86485091859527	6	0.333526855691204	0.624386201842117
ENSG00000112110.10	0.213458071375499	3	0.975388010565547	0.99999999971812
ENSG00000120437.9	1.5529404256813	3	0.67010669221904	0.886022079187988
ENSG00000123838.11	3.43006368347051	3	0.329946543081922	0.620865193006802
ENSG00000203711.14		21	1	
ENSG00000123836.15		12	1	
ENSG00000146425.11	21.9928583874425	6	0.00121448671455653	0.0141063399444703
ENSG00000162894.12	0.836675387743526	3	0.840676131968301	0.969561864378428
ENSG00000130338.13	4.98491716623312	9	0.835621080664712	0.968488080098508
ENSG00000162891.10		3	1	
ENSG00000122335.17	13.9259828804998	12	0.305459852458409	0.596857465290748
ENSG00000143479.17		6	1	
ENSG00000133065.11	4.61284686416366	6	0.594336148203339	0.840131238765994
ENSG00000069275.13	2.78587215574225	3	0.425830895404681	0.712667576749752
ENSG00000215712.11	1.6486066435773	3	0.648419488086793	0.871018994270728
ENSG00000158715.6	3.32033166387873	3	0.344822865841998	0.637409112181526
ENSG00000174514.13	5.6202208839124	3	0.131622306912703	0.366357708138786
ENSG00000133059.17	6.14197269091346	3	0.104903581293816	0.32042064269071
ENSG00000029639.11	42.6990494087713	18	0.00088241260627306	0.01110233523932
ENSG00000170382.12	5.563529748988	9	0.78268147357218	0.948022355615137
ENSG00000213079.10	4.17488939348277	3	0.243187988331711	0.521037749991583
ENSG00000198625.13		24	1	
ENSG00000133056.13	25.5209760244507	18	0.111225698244838	0.33218326053911
ENSG00000143845.15	2.2302832390244	6	0.89734818236691	0.987703719079781
ENSG00000182004.13	44.5618292090949	15	8.97632378145914e-05	0.00192248436023078
ENSG00000112031.16	21.6315545773632	18	0.24875442451859	0.528394721060744
ENSG00000163444.12	41.9809636229111	12	3.35518222437578e-05	0.000839123691274813
ENSG00000159348.13	25.7452471329889	12	0.0116604916903614	0.0707428073470598
ENSG00000117153.16	0.367082933613347	3	0.946955212487178	0.99999999971812
ENSG00000225511.7		3	1	
ENSG00000134375.11	37.8762812736968	6	1.18768275418238e-06	4.76423799707122e-05
ENSG00000146476.11	3.92640757838672	9	0.916189029841055	0.993779968944554
ENSG00000134369.15		12	1	
ENSG00000120254.15	25.2013756456872	21	0.238547726328133	0.51435596387236
ENSG00000174307.7	3.9078956969679	6	0.689139149786977	0.895591965845635
ENSG00000116857.17	33.3865924104175	18	0.0149796038299591	0.0854057035368791
ENSG00000118193.12	2.92602791236004	3	0.403171393114518	0.693624510137637
ENSG00000203722.8	3.37897997116534	3	0.33680050848143	0.628382548688615
ENSG00000120265.18	3.2194687720621	6	0.780839823852095	0.94736218220651
ENSG00000151414.15	4.35703480146549	9	0.886382792390037	0.984685680347382
ENSG00000203724.11	1.45858305683942	6	0.962198118242635	0.99999999971812
ENSG00000055211.14	0.652970097395155	3	0.884206032459624	0.983530176819214
ENSG00000134371.14	26.7658395204926	21	0.178738955861523	0.438026061214068
ENSG00000023572.10	10.1628460310603	3	0.0172314161225758	0.0946617376572654
ENSG00000116747.13	56.904788765778	27	0.000661309143744773	0.00899695912744564
ENSG00000116750.13	69.042067077331	36	0.000756612810346756	0.00994780518899353
ENSG00000055208.19	11.9772064212557	12	0.447511963624668	0.733707305003483
ENSG00000111962.8	12.8839693802256	3	0.00489436689595204	0.0388525633181206
ENSG00000047410.14		15	1	
ENSG00000116679.16	107.768764562403	21	1.18882875547929e-13	2.21100533450867e-11
ENSG00000121486.12		9	1	
ENSG00000121481.11	21.3726811862744	9	0.0110945964237409	0.0686551146637099
ENSG00000135842.17		3	1	
ENSG00000112425.16	12.6067636161797	21	0.921772249333899	0.99446974872662
ENSG00000152818.18	13.6449853653921	15	0.552606604013259	0.81119065452318
ENSG00000135829.17	19.5448379777081	12	0.0762010019259095	0.260863911924133
ENSG00000135828.11	0.844395993855414	3	0.83882123931185	0.969000887152263
ENSG00000135835.12		3	1	
ENSG00000143324.14		6	1	
ENSG00000034693.15	11.9837496893961	6	0.0623323122600424	0.227713293609991
ENSG00000230124.8	35.5815131741983	9	4.70297172735669e-05	0.00111616468211442
ENSG00000116260.17	19.6610705784478	9	0.0201232254030783	0.105113106765555
ENSG00000169905.12	23.6316753014562	15	0.0716181203482997	0.24951694585925
ENSG00000057252.13	3.98450645139383	6	0.678773229465406	0.890835432922972
ENSG00000009844.16	9.54529781848396	9	0.388532631783202	0.680639741800801
ENSG00000075391.17	5.91690721684904	9	0.748204931041625	0.930655429902078
ENSG00000164442.10		6	1	
ENSG00000120333.4	6.97944097258005	6	0.322752675897995	0.613666032899492
ENSG00000116161.18	5.95794052525889	12	0.918187371771017	0.993846944710836
ENSG00000051620.11	2.63175728937222	6	0.853440310947438	0.973665903548503
ENSG00000185278.15		6	1	
ENSG00000203739.4	7.14989495698819	9	0.621516507492471	0.855939337146704
ENSG00000027697.15	9.86618793297384	12	0.627698717233479	0.859269529045203
ENSG00000076258.10	2.60880002680267	6	0.856098015373994	0.974503338818654
ENSG00000120370.13	72.7042043692036	15	1.46695602593486e-09	1.36413574448069e-07
ENSG00000000457.14	14.2757692310624	9	0.112848180917168	0.335461796745631
ENSG00000146410.12		15	1	
ENSG00000143156.14	32.5464491293533	24	0.114010773489521	0.337637231987664
ENSG00000143153.13	0.846293678449001	3	0.838365111340224	0.968925318981246
ENSG00000143178.13	6.60035821316535	6	0.359390497825652	0.6513475198899
ENSG00000143155.13	1.32386939260687	3	0.723473007687757	0.917822819749233
ENSG00000152382.6	0.961202796642283	3	0.810638543497502	0.958877957082714
ENSG00000143157.12	7.93974596569751	6	0.242551000833449	0.520403442593395
ENSG00000143179.16	10.0425242590572	6	0.12287261575361	0.351472032031229
ENSG00000143183.17	5.67473231430631	9	0.771979166566454	0.942312039953253
ENSG00000143198.13	13.0299606823828	15	0.599983695566283	0.842910757031659
ENSG00000162733.19	11.6942596374777	12	0.470535899821294	0.75298994356571
ENSG00000254706.3		3	1	
ENSG00000079950.14	6.89019292492048	6	0.331121661832086	0.621418278424842
ENSG00000081721.12	16.4502849939454	9	0.0580534156965377	0.217599254968708
ENSG00000143257.12		3	1	
ENSG00000158882.15	21.7179909113647	15	0.11541453794888	0.339587701409735
ENSG00000158864.12	35.5167570516642	15	0.00207459154818261	0.0210317115424776
ENSG00000158859.10		3	1	
ENSG00000143222.12	24.0217174998543	9	0.00426710763814506	0.0353377075865096
ENSG00000158796.17	20.2751196692043	27	0.819014425593327	0.96173786699508
ENSG00000158793.14	50.8117396831513	33	0.0245342648614943	0.120249638365225
ENSG00000143256.5	3.48462953791022	3	0.32276109658806	0.613666032899492
ENSG00000143217.9	4.61540298982001	3	0.202224710517099	0.470265802498867
ENSG00000158773.14		15	1	
ENSG00000162735.19	13.6876568086918	21	0.882638112752123	0.98323818829488
ENSG00000213085.10		3	1	
ENSG00000158716.9	1.86001838792436	6	0.932111844341575	0.998326481219489
ENSG00000027869.12	0.508078692479103	6	0.997738801251472	0.99999999971812
ENSG00000152894.14		18	1	
ENSG00000143303.12	15.4044352970268	21	0.802125210565483	0.955922682384113
ENSG00000143320.9		3	1	
ENSG00000160818.17	28.2598565986191	33	0.702225680428697	0.902735514026032
ENSG00000163382.12	12.3516996264225	12	0.417863474862596	0.706149923074425
ENSG00000163467.12	16.3111842342259	9	0.0606608290854236	0.223442427336982
ENSG00000242252.2		3	1	
ENSG00000160783.19	6.77812885897583	6	0.341854081528402	0.634230914296832
ENSG00000093144.19	26.9980206138716	33	0.759764452426838	0.93667959309077
ENSG00000116586.12	11.9666086740035	12	0.448365068373581	0.734752688944786
ENSG00000160803.8	5.77335385315382	6	0.449052153094634	0.735054196309553
ENSG00000132680.11	62.122041605362	24	3.18533805287423e-05	0.00080451414673705
ENSG00000143622.11	20.9719611973014	21	0.46065772376884	0.744567765765185
ENSG00000203760.9	3.74307833625062	3	0.290576860570661	0.580882605833302
ENSG00000116539.13	16.437704121121	15	0.353572770849858	0.646184719139395
ENSG00000143630.10	5.67242025925839	9	0.772203150380797	0.942472977597563
ENSG00000160766.14	32.3500111567992	18	0.0199788560127799	0.104801906746013
ENSG00000169231.13	28.1894518507997	24	0.252130179814679	0.533189913029637
ENSG00000169242.12	26.5991319786845	9	0.00162896489854295	0.0177418798973711
ENSG00000143590.14	1.88341629985825	6	0.930102303032118	0.997836563441924
ENSG00000163354.15	18.5556838604737	9	0.0292473452049843	0.13574006084473
ENSG00000172594.13	6.29130760074213	6	0.391361176317165	0.682833279128564
ENSG00000025156.13		6	1	
ENSG00000163346.17	6.51205683501757	12	0.888105768239326	0.984860013031171
ENSG00000160710.17		33	1	
ENSG00000143515.18	18.4638961439523	12	0.10231386552753	0.315493066031223
ENSG00000153975.10	9.64850137497342	9	0.379682908437356	0.670139614388528
ENSG00000143545.10	0.19418351931381	3	0.978522769808873	0.99999999971812
ENSG00000111832.13	27.817109675816	15	0.0227423044984205	0.114596567839578
ENSG00000148826.9	0.860317017880561	3	0.834992095145475	0.968488080098508
ENSG00000196591.12	11.5037769516057	12	0.4863078120126	0.765930312559297
ENSG00000176171.11	16.1827537304926	9	0.0631619109514371	0.229514453684636
ENSG00000148773.14		9	1	
ENSG00000143614.10		6	1	
ENSG00000203778.8	0.938299013629148	3	0.816176902457528	0.960788153748704
ENSG00000074935.14	41.6964715655413	27	0.035253886738065	0.154041865631639
ENSG00000143553.11	18.7081106968108	9	0.0277923765917794	0.131129252840088
ENSG00000160679.13	53.8890655571304	15	2.74136064510485e-06	9.53788368665901e-05
ENSG00000203780.12	7.31682547292962	15	0.948254386040421	0.99999999971812
ENSG00000188643.11	5.9701850318088	9	0.742898560456211	0.928192179663684
ENSG00000196754.13	20.127689921108	12	0.064708725603071	0.233476385959017
ENSG00000188015.10	3.74593997452803	3	0.290237147362007	0.580879901737393
ENSG00000196420.7		3	1	
ENSG00000197956.10	0.15614543017	3	0.98433754767231	0.99999999971812
ENSG00000188690.15	79.4533842943347	39	0.000139352864023562	0.00272030619484164
ENSG00000159445.13	56.0199174604459	12	1.18711685950775e-07	6.25928781232204e-06
ENSG00000182134.16	32.4129906798844	24	0.117077597828419	0.342363278498257
ENSG00000143436.11	44.3721437477507	15	9.61402499640688e-05	0.00201108101611955
ENSG00000203791.15	18.530551767848	15	0.235800192804227	0.511016985634415
ENSG00000143376.14	17.0736700528182	12	0.146847041320187	0.390561723302142
ENSG00000107902.14		15	1	
ENSG00000065154.12	2.73000571776356	3	0.435152197077989	0.721611988707052
ENSG00000173214.7	65.1745873500477	30	0.000208343934016856	0.00365548902411392
ENSG00000112394.17	5.59962179853301	9	0.779224029593325	0.946517398450236
ENSG00000154473.18	14.6808454960701	12	0.259355767150034	0.543345164019959
ENSG00000197498.13	16.834560086696	6	0.0099108826222119	0.0632858206233378
ENSG00000143416.21	34.0736263082217	30	0.277898839267982	0.565863917397448
ENSG00000143393.16	58.8324477843999	36	0.00952442098553107	0.0614371259171601
ENSG00000123505.19	34.115191426703	18	0.0121892223011815	0.073286941500542
ENSG00000159352.16	12.4069256598596	12	0.41357670260263	0.703103341638432
ENSG00000095574.12	12.9423980347292	9	0.165230059913643	0.419061493904564
ENSG00000179988.14	24.0507602217322	15	0.0642364892151896	0.2322640679329
ENSG00000119965.13	3.14614255970628	6	0.790293580967847	0.95103142969474
ENSG00000213185.7	19.2448485862788	9	0.0231896429243687	0.115936880485517
ENSG00000163156.12	32.9949260430367	15	0.0047014663911197	0.0376301249724283
ENSG00000286088.1		3	1	
ENSG00000163155.12	5.4125300400965	3	0.143964904682044	0.38722006977871
ENSG00000143458.12	22.0379661426941	12	0.0370965009177671	0.160206406325675
ENSG00000203797.12		6	1	
ENSG00000143443.10		3	1	
ENSG00000135537.17	8.54643286023929	9	0.480149495428162	0.760050942236872
ENSG00000166033.13	2.39588676422136	6	0.879932790548847	0.982838230456885
ENSG00000107679.14	15.3683687601319	12	0.22190684588486	0.495499918479859
ENSG00000025796.14	22.8700701742637	24	0.527478794217643	0.794059833752237
ENSG00000107672.15	55.3878724674578	30	0.00320774946066838	0.0289694251310919
ENSG00000164494.12	2.41496654477669	3	0.490854686052002	0.76973058157687
ENSG00000203804.4		3	1	
ENSG00000130348.11	8.23982123292535	6	0.221054680545785	0.494893483760743
ENSG00000143374.17	24.0768480722982	21	0.28934992865183	0.579890364455246
ENSG00000130347.13		6	1	
ENSG00000163125.15	3.08937469746161	6	0.797548691306682	0.953943587859688
ENSG00000107651.13	33.2241846094184	15	0.00436987897931185	0.0359032064894626
ENSG00000198825.15	6.21740279289838	6	0.399282540408513	0.689728342172906
ENSG00000151929.10	0.587310708491714	3	0.899331052981063	0.988827226710016
ENSG00000151923.17	88.581352360241	27	1.77686004690997e-08	1.17078540718283e-06
ENSG00000057657.17		9	1	
ENSG00000118292.9	2.41397983871218	3	0.491037585698136	0.769781373809385
ENSG00000148908.15		6	1	
ENSG00000085377.15	3.86736640885829	6	0.694619733219422	0.898756155479929
ENSG00000118298.12	3.96642906330388	3	0.265112077161301	0.551521545105337
ENSG00000143401.15	87.5676281828637	24	3.62887949379838e-09	3.09331736183863e-07
ENSG00000023902.14	8.83910656521516	6	0.182830846083899	0.444015464528515
ENSG00000136631.15	78.0217161634755	39	0.000206512898001046	0.00363583551403219
ENSG00000014914.21	39.4977437077032	24	0.0241975602086571	0.118998482391516
ENSG00000107581.13	0.0999055033316836	3	0.991848761288546	0.99999999971812
ENSG00000178096.9	3.48412824877596	9	0.941981632945491	0.99999999971812
ENSG00000151893.15	18.9275324874834	15	0.217036563521183	0.49051414234604
ENSG00000203814.6		3	1	
ENSG00000165669.14	28.942440362589	24	0.222304648901025	0.495738882408674
ENSG00000263513.5	2.79081178425622	3	0.425014695341554	0.711767406458539
ENSG00000165868.16	17.7135449586585	15	0.278024678623722	0.565863917397448
ENSG00000271383.7	5.74630492216193	6	0.452200755427514	0.737497541415748
ENSG00000132424.16	134.772179842723	24	2.10701585500645e-17	6.15790433738885e-15
ENSG00000151553.15		6	1	
ENSG00000014123.10		3	1	
ENSG00000165813.20	15.0505987096121	12	0.238681005261459	0.514426464985138
ENSG00000131788.16		18	1	
ENSG00000196865.4	10.0650540513445	3	0.0180211697765435	0.0976952511020646
ENSG00000131779.11	4.04601030857884	3	0.256538517244851	0.539643479560457
ENSG00000265241.7	18.1170516209677	15	0.256561829031389	0.539643479560457
ENSG00000121851.13	5.39922868448048	9	0.798211125186081	0.954044262309124
ENSG00000135341.18	20.7461126148919	15	0.145139111506685	0.388686941564912
ENSG00000162825.16	4.42467110023563	6	0.619407939140497	0.855273807559186
ENSG00000220323.4	11.0493777410484	3	0.0114618459756806	0.0698733847651392
ENSG00000112159.12	4.3918991674127	6	0.623800042134311	0.856375067909256
ENSG00000023041.11	50.1748586632457	12	1.30167658456384e-06	5.16079448973006e-05
ENSG00000092621.13	20.9060175643535	12	0.051773731409369	0.20159630703709
ENSG00000196505.11		15	1	
ENSG00000116830.12	14.3500818352004	18	0.706001288926845	0.905200198600238
ENSG00000111880.16	0.663072189222476	3	0.881853412277263	0.98323818829488
ENSG00000182712.16	2.18598244648456	3	0.534714667124285	0.79912655108984
ENSG00000116815.16	6.16933429397977	12	0.907306337386797	0.990927457228769
ENSG00000203865.11	40.4313139621472	24	0.0192138428062189	0.102257231043087
ENSG00000165775.18	1.38849683298031	6	0.966554433428834	0.99999999971812
ENSG00000130830.15	27.3123396654337	33	0.745857750313641	0.929505230014405
ENSG00000146282.18	9.66189706692421	9	0.378543313991815	0.669081153242773
ENSG00000116752.6	0.794910312746652	3	0.850684028269003	0.973012068116251
ENSG00000130826.18	38.8530659966345	18	0.00298194307198116	0.0274795456606264
ENSG00000164414.18	5.77078403584346	3	0.12331049865454	0.35203547048208
ENSG00000203872.7		9	1	
ENSG00000135346.9	0.788129599764943	3	0.852304119001755	0.973406096279264
ENSG00000119953.14	15.5240319576296	15	0.414369506421473	0.703412757318153
ENSG00000203875.13	80.7455949120631	57	0.0209657668054738	0.107876674372833
ENSG00000160211.19	18.3029748589033	21	0.629758749053383	0.859938892546663
ENSG00000155380.12	1.43519877732615	6	0.963682294467238	0.99999999971812
ENSG00000102178.13	6.30345032303012	6	0.390069786893779	0.682055358997687
ENSG00000065615.14	5.93996736146437	6	0.42994851965288	0.716978057960436
ENSG00000130827.6	25.6536781147352	18	0.107944167650618	0.32628867934343
ENSG00000064703.12		9	1	
ENSG00000148834.13	4.54341366427252	6	0.603555219144723	0.8457214159769
ENSG00000116459.11	3.87001244159183	9	0.91975765588133	0.99441304773776
ENSG00000156384.14	3.86020415423127	6	0.695587889136269	0.898756155479929
ENSG00000146242.9	4.65344251655006	6	0.588965409260229	0.836275287523998
ENSG00000071553.17	9.8122969410033	12	0.632423656242239	0.861737255854784
ENSG00000121931.16	0.453876240420868	6	0.998355335590567	0.99999999971812
ENSG00000102125.16	82.8425756205397	57	0.0142990377473351	0.0826999354873687
ENSG00000168679.18		15	1	
ENSG00000107954.10	3.53331105050711	6	0.739532660881309	0.927129608895429
ENSG00000162775.16	30.1314090213873	12	0.0026679867057358	0.0254349245612703
ENSG00000116396.15	6.1550320313155	9	0.724307352099604	0.918220742858447
ENSG00000143093.15		15	1	
ENSG00000148843.15	31.2135129655144	15	0.0082245519574263	0.0554940250478322
ENSG00000214357.9	0.0636553992671907	3	0.99580923587193	0.99999999971812
ENSG00000102119.11	23.6630274188647	21	0.309670563434284	0.601066450354704
ENSG00000135338.14	1.69520683459524	3	0.637999951392761	0.865186464642258
ENSG00000181754.7	2.53301731699935	3	0.469353655002223	0.75207958713244
ENSG00000162650.16	17.9620108516874	12	0.116848880333969	0.341987753057559
ENSG00000148842.18		9	1	
ENSG00000166272.18	11.9102678842855	6	0.0640008177633178	0.231575650831616
ENSG00000130590.14	4.19136392992641	9	0.898371804293671	0.988218645673724
ENSG00000148795.7		9	1	
ENSG00000156398.13	42.255772655938	21	0.00390697232471068	0.0332764106480745
ENSG00000107882.12	4.79489200898343	6	0.570376164990246	0.821740368906415
ENSG00000134222.16	68.9587484137301	30	6.68350400702614e-05	0.00149924479140067
ENSG00000138107.13	19.2879016819497	9	0.0228532180702674	0.114872514811187
ENSG00000116299.17	1.88121344807098	3	0.597423391343917	0.842321691255262
ENSG00000107874.11	7.97164683810843	9	0.537006051794892	0.800568938645144
ENSG00000146243.14	2.62057232969812	3	0.453894361156666	0.739312965011391
ENSG00000184216.14	9.10018450464122	18	0.957376546663211	0.99999999971812
ENSG00000196586.16	27.0015206360977	12	0.00772330153978919	0.0530821074899335
ENSG00000107862.5	14.8562045879935	9	0.0949622770792871	0.301286339043118
ENSG00000102032.13		6	1	
ENSG00000166197.17	6.76330890716054	12	0.872850492536611	0.978667947841389
ENSG00000116266.11	8.03883504384703	12	0.782088237123429	0.947966021409228
ENSG00000102030.16	63.7608134979382	33	0.00102988221946613	0.0123791672520696
ENSG00000134186.12	32.8396913142715	12	0.00102536143963617	0.012353854141388
ENSG00000162639.16	21.5482805162501	15	0.120207070025508	0.346560912990677
ENSG00000162636.16	1.33281223812355	3	0.721356622945248	0.916274294810249
ENSG00000112695.11	34.0443781982176	12	0.000663756954737109	0.00901669308101711
ENSG00000130589.16	5.58745011748761	12	0.935435597886485	0.998806965634745
ENSG00000125531.7	7.63312426375069	6	0.266232094961998	0.55265487113162
ENSG00000107833.10	6.21028309695248	9	0.718701743728801	0.914378126443023
ENSG00000162694.14	36.8776182217989	18	0.00543623976437809	0.041684630097319
ENSG00000137992.14	1.33791103512544	3	0.720151012461988	0.915470217453697
ENSG00000122435.10	14.2619540211308	9	0.113307375894151	0.336069832049031
ENSG00000166171.13	10.5155916962394	12	0.570823408898607	0.821825349944908
ENSG00000117620.15	83.4819615336892	54	0.00616767109706465	0.0458163454261977
ENSG00000125534.10	6.62075299778371	9	0.676537125510008	0.889956051548595
ENSG00000166167.18	2.14773867749022	6	0.905621816279559	0.990654000505145
ENSG00000117569.19	75.4946499963107	27	1.78463508378563e-06	6.68682500807443e-05
ENSG00000107821.15	15.8610258019035	12	0.197684582052672	0.463575330081794
ENSG00000152078.10		3	1	
ENSG00000172339.10	4.7531096500793	3	0.190794420563827	0.455459701091095
ENSG00000213397.10	9.33314100888674	24	0.996794752083155	0.99999999971812
ENSG00000186862.20	6.58008782138199	9	0.680746122008902	0.891628538806975
ENSG00000107816.17	14.5025293723593	12	0.269774455550206	0.556467615612634
ENSG00000198691.13	10.8592837828815	6	0.0928240194497742	0.297275170617326
ENSG00000023909.10	24.4702637761729	9	0.00361659383997457	0.0315111911321123
ENSG00000063587.15	1.23867325142521	3	0.743744586538218	0.928612135575318
ENSG00000117505.13	1.95006877286869	3	0.58283451985779	0.831558208076494
ENSG00000147383.11	4.07777388114482	3	0.253187497561023	0.534431471843109
ENSG00000147400.10	2.0692186435117	3	0.55816509752755	0.815141606927851
ENSG00000221867.9	2.29424300105893	3	0.513624692246262	0.784653286717559
ENSG00000117500.13	14.386931798861	9	0.109211695542326	0.328469989327389
ENSG00000143033.18	39.1183982888833	30	0.123098296200328	0.351822428564726
ENSG00000135297.16	55.6470975556877	42	0.0772528301180436	0.263230912484166
ENSG00000154511.12		6	1	
ENSG00000011677.13		6	1	
ENSG00000164430.16	1.6607230991558	3	0.645700956452817	0.869520153180077
ENSG00000102287.19		27	1	
ENSG00000067208.14	6.07746960394525	9	0.732140459040211	0.922866882997205
ENSG00000149658.18	3.6761242521934	3	0.298627473424194	0.589702784875691
ENSG00000075826.17	2.88462481671024	6	0.823182140907064	0.964417606154892
ENSG00000166049.11	5.18601470779686	3	0.158672092551278	0.408935808283181
ENSG00000174842.17	13.702880103152	12	0.320082860715225	0.611407269228806
ENSG00000063601.17	26.0977094589543	18	0.0975447043489352	0.305897104727236
ENSG00000213341.11	3.88214607176451	6	0.692621527643914	0.897722453911504
ENSG00000107566.14	4.25356016164369	6	0.642405288043892	0.868971659799123
ENSG00000023839.12		3	1	
ENSG00000119900.9	1.1393790160563	3	0.767577330865437	0.940482710003616
ENSG00000119929.13	2.88857476077828	6	0.822696375172099	0.964252656212258
ENSG00000154079.6	1.37497611790877	3	0.711410807849576	0.909162351571651
ENSG00000155287.11		9	1	
ENSG00000137947.12	23.7497427866347	12	0.0219947185733412	0.11159919458666
ENSG00000101188.5	8.14338942419647	3	0.0431393921192131	0.178436248276357
ENSG00000120053.12	4.78647356870351	6	0.571476748066969	0.82205535873675
ENSG00000143162.9	0.0127256345731439	3	0.999619652487929	0.99999999971812
ENSG00000182195.9	0.12408791136113	3	0.988797802298867	0.99999999971812
ENSG00000143013.13		9	1	
ENSG00000153936.17	3.77471553869145	3	0.286840867622918	0.576222607489038
ENSG00000097033.14	13.4041713002562	9	0.145154376456933	0.388686941564912
ENSG00000168216.13	81.2877163547273	33	5.91546325935108e-06	0.000184957607093072
ENSG00000119943.13	13.3451128056122	12	0.344463333863499	0.63704853409686
ENSG00000117151.13	3.14088989294032	9	0.958445990574558	0.99999999971812
ENSG00000174021.11	1.25557750699227	3	0.739707670399571	0.927129608895429
ENSG00000241935.9	3.1425065260255	9	0.958375813257918	0.99999999971812
ENSG00000285976.2	2.51681271733833	3	0.472260309992772	0.75386247049252
ENSG00000117133.11	2.88848653082823	3	0.409139827123809	0.699380229219493
ENSG00000146166.17	0.775818712571549	3	0.855241700322173	0.974503338818654
ENSG00000203943.9	0.122908651123311	3	0.988953231408333	0.99999999971812
ENSG00000022267.19	34.0090459074272	39	0.6966493777484	0.899040807313846
ENSG00000142875.19		3	1	
ENSG00000198689.12		24	1	
ENSG00000168116.14	0.275684635362268	3	0.964534735684705	0.99999999971812
ENSG00000151917.18	11.5980725487099	6	0.0715599348368808	0.249484176362118
ENSG00000137965.11		9	1	
ENSG00000162616.9	29.0907022548745	12	0.00381961480555839	0.0327775502064235
ENSG00000186376.15		6	1	
ENSG00000203950.6	13.6270649962826	9	0.136223377017859	0.373573437939859
ENSG00000101928.13	22.2238525049252	15	0.102067242067101	0.315388730856265
ENSG00000156500.15		33	1	
ENSG00000180488.15	20.9785824982123	12	0.0506949580423154	0.199236148266015
ENSG00000036549.13	21.1623361226666	24	0.629130956878961	0.859540611448496
ENSG00000147257.15		6	1	
ENSG00000101181.17	32.3330479315191	21	0.0541559333763104	0.207943334274129
ENSG00000171004.18	6.95447560258435	3	0.0733630321517132	0.253724365004797
ENSG00000117054.14	17.0767040887513	21	0.706446097802895	0.905656991405666
ENSG00000076770.14	9.79756759261181	12	0.633714670714422	0.862729766317714
ENSG00000101182.15	26.999626213219	12	0.00772815309111879	0.0530821074899335
ENSG00000162623.16	27.1622724587851	15	0.0274416900894658	0.129833972213296
ENSG00000137269.15		6	1	
ENSG00000171311.13	14.010129360111	18	0.728430709281564	0.920799207422364
ENSG00000254685.6	8.67087620835946	9	0.468192844109486	0.751135422229373
ENSG00000116754.13	67.4009997418616	39	0.00317006131887012	0.0288236064273089
ENSG00000170899.11	2.56122106025487	3	0.464328589047996	0.747971202735741
ENSG00000024526.17	9.55583345194464	9	0.387623547334192	0.679403918040001
ENSG00000116717.13	12.1156251571774	9	0.20686913942406	0.476483771035512
ENSG00000165879.9	4.94254307342226	3	0.176053095341424	0.435102868054969
ENSG00000152763.17		9	1	
ENSG00000124203.6		3	1	
ENSG00000213625.9	19.9433544521489	9	0.0182652206667392	0.0985416361814744
ENSG00000096093.16	65.5995341068847	48	0.0464282977225009	0.186974432048607
ENSG00000185483.12		3	1	
ENSG00000203965.13		9	1	
ENSG00000102038.16	4.87398138349022	6	0.560074759549243	0.81609523104101
ENSG00000077147.16	14.7989407263376	9	0.0966088588704914	0.303905598436059
ENSG00000138185.20	1.37817161600486	3	0.710659307604119	0.90883587483409
ENSG00000059573.9	10.684277004395	9	0.297972350365709	0.588863827645062
ENSG00000162600.12		21	1	
ENSG00000101146.13	38.831495162347	12	0.000112176095674008	0.00227668508462187
ENSG00000243725.7	5.222337018502	6	0.515629408195553	0.786398272913719
ENSG00000232119.8	9.12811067415169	9	0.42553355378047	0.712286486928559
ENSG00000153291.16	7.94472672065422	21	0.995374001067357	0.99999999971812
ENSG00000173145.11	14.2118892473882	6	0.0273567541064917	0.129611967464244
ENSG00000124098.10	1.98502422861202	3	0.575520793218653	0.82612997387505
ENSG00000181090.21		39	1	
ENSG00000176273.15	11.7377845940409	12	0.466961730702387	0.750019320651848
ENSG00000101882.10	4.53828545884244	6	0.604237694009445	0.846108331576611
ENSG00000203993.6	19.1454362738368	9	0.0239842908573103	0.118405072963044
ENSG00000101132.10	6.18317661929177	6	0.402986669318479	0.693497752432491
ENSG00000197070.14	23.7566202038652	24	0.475582902270301	0.756956363820506
ENSG00000058804.12	2.48002863710644	3	0.478911170411488	0.759070540983892
ENSG00000196284.17		12	1	
ENSG00000162385.11	4.83555055671604	6	0.565071597282668	0.81840892563379
ENSG00000138180.16	4.05720763527643	6	0.668934728760862	0.885136586925186
ENSG00000157184.7		18	1	
ENSG00000116171.19		15	1	
ENSG00000188566.14	9.19404069810844	12	0.686273500147079	0.893798272600519
ENSG00000203995.10	0.841496644672134	3	0.839517973264483	0.969104162568138
ENSG00000162377.6	4.46346816313962	3	0.215572082517365	0.489041213588407
ENSG00000101096.20	2.78670367502355	6	0.835102067754407	0.968488080098508
ENSG00000085840.13	2.15371357411277	3	0.541122797982133	0.803825893197682
ENSG00000026559.14	26.4094856280572	15	0.0339326461065236	0.15048146413136
ENSG00000176978.14	19.9382766145282	30	0.918138799807329	0.993846944710836
ENSG00000000419.13	6.49619574751705	9	0.689411393010852	0.895718168310428
ENSG00000177239.15	51.4785845985607	24	0.000914532018425152	0.0113943337594042
ENSG00000107281.10	11.4472576794506	12	0.491026462651278	0.769781373809385
ENSG00000124171.9		3	1	
ENSG00000148362.11	54.4478594365937	18	1.56236815649281e-05	0.000436652018381556
ENSG00000196396.10	2.22528403565411	3	0.526985390178515	0.793893012685718
ENSG00000107317.13	27.3081548608314	9	0.00124363334055861	0.0143579293911671
ENSG00000117862.13	2.51876965483825	3	0.471908534591379	0.753760487794988
ENSG00000184925.12		15	1	
ENSG00000176919.13	7.86029071500298	9	0.54828468729533	0.809060021111357
ENSG00000203999.9	31.8666098913673	36	0.665558424936026	0.883123249276249
ENSG00000131724.11	3.77397774813835	6	0.707231727264094	0.906209863232421
ENSG00000240849.11	4.85402704774606	12	0.962677527709292	0.99999999971812
ENSG00000165716.11	0.274282660613494	3	0.964790353770372	0.99999999971812
ENSG00000169692.13	7.57211768317211	9	0.577772973671975	0.827736659340425
ENSG00000112759.19	39.3824937555328	30	0.11738856847182	0.342611372611526
ENSG00000148384.14		12	1	
ENSG00000165688.12	10.2031761907274	15	0.806768616499493	0.957329514147295
ENSG00000085832.17		6	1	
ENSG00000187796.15	1.24115897088632	9	0.998650408416932	0.99999999971812
ENSG00000124201.15	8.16717154557045	6	0.226109999632938	0.500231818358036
ENSG00000130560.9	20.3735690641479	12	0.0603411390281116	0.222665768801787
ENSG00000124228.14	6.78275426433538	12	0.871629748166305	0.978213426546942
ENSG00000185104.20	10.7272062669945	12	0.552430506888288	0.81119065452318
ENSG00000160345.13	9.23949334652571	6	0.160550363463838	0.411906111831352
ENSG00000119917.14		3	1	
ENSG00000130635.16	16.5048967704643	12	0.169189325249867	0.425322587363207
ENSG00000119922.10	4.29163485965717	6	0.637275317841008	0.864891764123083
ENSG00000160293.17	3.05548033140985	6	0.801851952782308	0.955922682384113
ENSG00000162368.13	8.56116067877156	9	0.478727225871375	0.759070540983892
ENSG00000160326.14	7.96708671677698	12	0.787697132415552	0.949785035852913
ENSG00000138134.12	8.32156581633399	6	0.215478366500374	0.489006889976405
ENSG00000159658.13	6.1576209594441	15	0.976976681196876	0.99999999971812
ENSG00000148300.12		6	1	
ENSG00000124126.14	11.7257532444205	9	0.229215258290752	0.503692517164282
ENSG00000171862.11	17.3551430681619	12	0.136719274604214	0.374531724672336
ENSG00000198870.8	18.1687651672231	9	0.0332652880744557	0.148404030145206
ENSG00000148291.10	3.20628022722667	6	0.782546680409345	0.947971339875318
ENSG00000148290.10	21.1052830458866	9	0.0121910646781228	0.073286941500542
ENSG00000085999.13	33.5920233691286	30	0.297435114579022	0.58830058979043
ENSG00000148248.14	12.2955489641172	9	0.197155811004319	0.462884294665637
ENSG00000085998.14	21.9442660613713	12	0.0381492262755742	0.16368642431747
ENSG00000107789.16	3.53702188504394	6	0.739037758364974	0.927129608895429
ENSG00000124151.19	2.61365387313663	9	0.977669068022854	0.99999999971812
ENSG00000117472.10		15	1	
ENSG00000148296.7	4.70556998422762	3	0.194670643984706	0.46036960885249
ENSG00000159596.7	4.02733497365989	3	0.258527534739808	0.542345806573729
ENSG00000107779.14	9.75488973527354	9	0.370690385347499	0.661700985809417
ENSG00000160271.16	18.8736262235143	24	0.758695144474315	0.935812448188564
ENSG00000070759.17		3	1	
ENSG00000132773.12	9.28995010604558	9	0.410951271569236	0.70108201490535
ENSG00000172315.6	4.80536684323397	3	0.186616658236114	0.448881880676799
ENSG00000096080.11	8.61144506768324	6	0.196637946508076	0.462286728299497
ENSG00000125484.12	3.00159517437714	3	0.391379297141127	0.682833279128564
ENSG00000126107.15		15	1	
ENSG00000124688.14	5.77075241964849	6	0.449354404250313	0.735170114763014
ENSG00000122378.14	24.0444687701202	9	0.00423155748195878	0.0352193665443095
ENSG00000107263.18	7.00466545330164	9	0.636633641348086	0.864659112806487
ENSG00000173846.13	45.093440577748	18	0.000401729264786048	0.00614346376270506
ENSG00000130717.13	51.8180165821905	21	0.000202663724178096	0.0035742193700306
ENSG00000142937.12	6.37021835194901	12	0.896282022626363	0.987676453505619
ENSG00000142945.13	15.3321622226358	12	0.223772098460195	0.497709240084655
ENSG00000170734.12		6	1	
ENSG00000126106.14		18	1	
ENSG00000117419.16	3.79737289920013	12	0.986821318127934	0.99999999971812
ENSG00000160539.6	1.24020360566237	6	0.974852382924474	0.99999999971812
ENSG00000189129.14		6	1	
ENSG00000133678.14		30	1	
ENSG00000159214.13	52.5982878501927	24	0.000653347940743891	0.00892269170343025
ENSG00000130720.13	21.8504553205275	15	0.111785516497004	0.333271363523128
ENSG00000117408.11	12.2206179254608	12	0.428128224892597	0.714524981632627
ENSG00000130713.16	41.199169999556	21	0.00529740881692974	0.0410198295142879
ENSG00000117407.17		15	1	
ENSG00000148606.13	8.72921584726737	6	0.189389214251968	0.453346075689215
ENSG00000151208.17	37.6106467977515	21	0.0143101853370459	0.0826999354873687
ENSG00000066135.13	6.65224263116033	9	0.673274433243251	0.888225742939331
ENSG00000107130.10	0.272660880322292	3	0.965085457338498	0.99999999971812
ENSG00000100982.12	10.9841781264222	6	0.088866659072815	0.288943755771082
ENSG00000137207.12	43.8127224866475	30	0.049589195309167	0.196234563851044
ENSG00000147224.13	26.2739832707302	18	0.0936563963941207	0.298444024449509
ENSG00000178922.16	61.3329383784003	33	0.00196035507577817	0.0202560432255343
ENSG00000136819.15		9	1	
ENSG00000066322.15	23.1208064825623	21	0.337571207246233	0.629073856473565
ENSG00000198088.10	12.6622235912973	9	0.178495287271708	0.437533739157032
ENSG00000089682.16	10.9233559216927	15	0.758008375332446	0.935529400491746
ENSG00000148335.15	26.9116084148118	18	0.0806683688695919	0.270987436836471
ENSG00000204055.5	9.05131526078458	6	0.170712638690337	0.427471133699746
ENSG00000243710.8		3	1	
ENSG00000148655.15		6	1	
ENSG00000117394.24	29.8072865748109	21	0.0959295019955153	0.302694006372051
ENSG00000164011.18		21	1	
ENSG00000124257.6		3	1	
ENSG00000168612.4	0.863470965306078	3	0.834232934966069	0.968488080098508
ENSG00000177868.12	5.23842908326333	6	0.513616633080187	0.784653286717559
ENSG00000164008.16		6	1	
ENSG00000165644.11	20.6373429659434	15	0.148821939272185	0.394378139071289
ENSG00000148341.18	29.1457388242852	30	0.509950457892509	0.782955413648155
ENSG00000127125.9	34.1031398787382	15	0.00329360686825881	0.0294241148038771
ENSG00000095319.14	37.6440509713648	21	0.0141827588618476	0.0822311960958997
ENSG00000127129.10		3	1	
ENSG00000171793.16	126.115935312409	36	6.19353702800415e-12	8.44715870126059e-10
ENSG00000101457.13		12	1	
ENSG00000172465.14	12.3401864877833	9	0.194803443919446	0.46036960885249
ENSG00000133142.17	23.8822636338737	21	0.298798126932028	0.589843429219387
ENSG00000185222.10	8.13332390117284	6	0.228497519525767	0.502861688302295
ENSG00000160446.19	1.97752858478634	6	0.921753642107634	0.99446974872662
ENSG00000156671.15	26.3548838351326	9	0.00178684399512898	0.0189405463483672
ENSG00000117010.17		12	1	
ENSG00000187815.10	8.74485519123618	6	0.18844383992624	0.451955929333061
ENSG00000084070.12		6	1	
ENSG00000119333.11	27.3341702286562	9	0.00123133109417899	0.0142803693450759
ENSG00000124251.11		3	1	
ENSG00000084073.10	12.5766937197404	9	0.182714235032963	0.443946170296929
ENSG00000122861.16	2.25865401372948	3	0.520487940202434	0.788985053398147
ENSG00000131238.18	4.67192703476758	9	0.861918597680581	0.975574659361612
ENSG00000166432.15	6.60975260490972	6	0.35844810484102	0.650561686376648
ENSG00000101109.12	7.08660891328236	12	0.851837358079381	0.97324297283525
ENSG00000168389.18		3	1	
ENSG00000116990.11		6	1	
ENSG00000172586.8	13.8063806267601	3	0.00318090625453848	0.028841837614692
ENSG00000137161.17	3.53182392522285	3	0.316658059592689	0.608446469079334
ENSG00000167123.19	24.4031035828521	21	0.273939684734643	0.560986793823956
ENSG00000196968.11	7.22437124367025	9	0.61377169724316	0.851040259447018
ENSG00000167118.11	51.0183991532977	9	6.9268874796167e-08	3.87186513819668e-06
ENSG00000241343.10	4.42121981317177	12	0.974581946331453	0.99999999971812
ENSG00000101098.13		3	1	
ENSG00000090621.14	66.0582443038875	54	0.125734952670044	0.356272252316309
ENSG00000196839.13	30.6182012480022	21	0.0802510958779452	0.27009120247936
ENSG00000167112.10	17.9837589173694	6	0.00627291079337084	0.0462621517702886
ENSG00000175854.13	2.20481026024208	6	0.899931443337564	0.988895481506616
ENSG00000024048.10	3.2049373364307	3	0.361094242869627	0.652816014548146
ENSG00000126953.8		6	1	
ENSG00000138279.16	4.35604339098063	6	0.628612786761307	0.859291754080103
ENSG00000102384.13		9	1	
ENSG00000188917.15	13.0672340868296	12	0.364172826774076	0.654679058887878
ENSG00000182180.14	20.435487500712	12	0.0592835712401515	0.220403243381446
ENSG00000213551.7	2.37533234081639	3	0.498243017228347	0.776199790318119
ENSG00000168653.11	0.172043483005837	3	0.981971012204989	0.99999999971812
ENSG00000101811.14	6.37576138277655	6	0.382438815028132	0.673547975021137
ENSG00000137413.16	43.4636964093679	21	0.00274179666793359	0.0258248969763284
ENSG00000122882.11	23.3745749609734	18	0.176603421490528	0.43582060275672
ENSG00000174574.16	13.6157607810092	6	0.0342355671624673	0.151076624894253
ENSG00000112576.13	17.1870166249719	18	0.510284262268232	0.782955413648155
ENSG00000171159.5	0.277735914991354	3	0.964159883249869	0.99999999971812
ENSG00000116954.8		3	1	
ENSG00000164663.14	3.48817083326094	9	0.941769023208039	0.99999999971812
ENSG00000183520.12	8.43267037596525	6	0.208086706647771	0.47821139570884
ENSG00000183386.10	20.3242548206363	12	0.061195436944184	0.224441780029422
ENSG00000183431.12	19.8321557905001	18	0.34234807233859	0.634858308910703
ENSG00000204084.13	11.486998154609	12	0.487706838140655	0.76726441823143
ENSG00000101052.13	25.2369030578811	18	0.118528545353136	0.344026379729988
ENSG00000188786.10		3	1	
ENSG00000197982.14	7.92085534795479	6	0.243959195731645	0.521910202891487
ENSG00000134697.13	60.0472425945118	15	2.4753532705839e-07	1.20036404217207e-05
ENSG00000148339.12	41.7775755749026	15	0.000243161688634703	0.00411804786927876
ENSG00000171169.9	0.547105611687584	3	0.908427117114386	0.990927457228769
ENSG00000163874.11	17.7579880901158	9	0.0380874119796288	0.163627105056541
ENSG00000116898.12	6.03020755096804	3	0.110149775416205	0.330126590311268
ENSG00000185513.17	117.673484333067	57	4.14006964887696e-06	0.000134440547423373
ENSG00000214193.11		6	1	
ENSG00000124596.17	53.4821137569488	30	0.00524784373752929	0.0406976448758052
ENSG00000054116.12	32.6800642846501	21	0.0498873085449183	0.197102077677083
ENSG00000198246.9	4.98832947436404	9	0.835324419659486	0.968488080098508
ENSG00000092847.13	3.5819621526191	6	0.733034981251221	0.923414480243306
ENSG00000134698.11		6	1	
ENSG00000131171.13		3	1	
ENSG00000136877.15	80.810545320579	39	9.55025662868265e-05	0.00200183555440153
ENSG00000180817.12	8.60769610409625	3	0.0349881533492426	0.153273584843427
ENSG00000079332.15	24.648297655498	12	0.016580279405683	0.0920236994252475
ENSG00000126067.12	1.29023383681488	3	0.731453444836336	0.922455589598185
ENSG00000132793.12	3.32487330738195	9	0.950011570324092	0.99999999971812
ENSG00000136807.14	10.5912250312686	12	0.564236712234053	0.81840892563379
ENSG00000165288.11		6	1	
ENSG00000171224.9	4.36596087720136	6	0.627280878059988	0.85893286254606
ENSG00000099282.10		9	1	
ENSG00000160401.15	2.54126100817734	6	0.863821622492232	0.975837921777794
ENSG00000136854.23		30	1	
ENSG00000136830.12	6.35048362558882	9	0.704392270563758	0.904020891476764
ENSG00000102144.15	29.0426463678014	9	0.000637394419037501	0.00877197872738871
ENSG00000204104.12		9	1	
ENSG00000131174.7	3.97020283795428	9	0.913362723787514	0.992583880724482
ENSG00000085224.23	36.0292823164709	39	0.606129416799815	0.846985507354501
ENSG00000136856.18	56.5896616656173	33	0.00648070662973972	0.04731702220957
ENSG00000124767.7	1.23891965358052	3	0.743685694943788	0.928612135575318
ENSG00000094841.14		12	1	
ENSG00000136895.19	37.0632091421912	30	0.175309366370019	0.434093320890565
ENSG00000123485.12	26.6940580864321	12	0.00854973292734765	0.0571310848295302
ENSG00000136859.10		3	1	
ENSG00000244122.2	3.18794477107087	3	0.363545587488588	0.654082468359796
ENSG00000160094.15	8.71424931527236	9	0.464058644444362	0.747884047367379
ENSG00000101413.12	21.7506379413408	12	0.0404114732812704	0.170743064929415
ENSG00000101407.13	10.7952493731027	12	0.54654264524476	0.80770699021591
ENSG00000137200.13	8.19427384704977	12	0.769770184522537	0.941650622371468
ENSG00000169155.10	2.44053442828863	3	0.486133755962961	0.765930312559297
ENSG00000134684.11	63.9770617797331	15	5.15916463841527e-08	2.94821760258938e-06
ENSG00000162520.15	0.0781062408605067	3	0.994328553833176	0.99999999971812
ENSG00000162521.19	16.0824239843932	24	0.885077934567584	0.984071977466502
ENSG00000204116.11	7.26970172248662	6	0.296623963623423	0.587372040287994
ENSG00000137193.14	1.90325784948072	3	0.592726597513787	0.838605745924907
ENSG00000162526.7	11.4211206993497	6	0.0762011309834109	0.260863911924133
ENSG00000166619.15	18.153402763448	12	0.111111456063176	0.332145289644335
ENSG00000119414.12	15.2388018513047	9	0.0845819080348527	0.280086868659278
ENSG00000116478.12	41.1053877435625	15	0.000308173174279374	0.00499572646545755
ENSG00000136935.14	10.9875648634797	9	0.276562266343341	0.564098788120844
ENSG00000147099.21	87.9288452998881	69	0.0618496869523371	0.226347506644068
ENSG00000204120.15	83.6470730610017	72	0.164141603741071	0.417455113045105
ENSG00000107625.13	8.50605285663914	9	0.484058694339935	0.764021629707677
ENSG00000160050.15	3.93569353802741	6	0.685378593621882	0.893433455012014
ENSG00000101363.12	5.81304263895436	9	0.758474178709301	0.935812448188564
ENSG00000084652.16	1.21793525423345	3	0.748705989064436	0.930812424240857
ENSG00000106689.11	0.803928128952975	6	0.991967930026482	0.99999999971812
ENSG00000137409.19	18.8339355052158	12	0.0926156547407889	0.29688672276513
ENSG00000119522.16	14.9048546113791	21	0.827695487012439	0.966715818297584
ENSG00000204128.6	2.32699437474044	3	0.507369235907443	0.781479038994808
ENSG00000171448.9	1.82742951855926	3	0.608984233754987	0.848562828917009
ENSG00000121753.12	24.5796622215148	21	0.265827725323549	0.552336340104527
ENSG00000084636.18		33	1	
ENSG00000164530.15		3	1	
ENSG00000147174.11	10.8839806493593	6	0.0920290190442507	0.295654785114209
ENSG00000137168.8	1.76189258928207	3	0.623262432393205	0.856349477837726
ENSG00000147162.14	0.967498547484865	9	0.999508822506114	0.99999999971812
ENSG00000162517.13	14.0951427848995	6	0.0285912360598068	0.13366533530885
ENSG00000168528.12	0.916948408925236	6	0.988565579521013	0.99999999971812
ENSG00000121769.8	11.4676045348879	6	0.0749558797926972	0.257808908675017
ENSG00000149636.16	18.7392368082365	24	0.765749335877656	0.93936112695974
ENSG00000116350.17	14.0998162517571	18	0.722561564794144	0.91720571668937
ENSG00000148180.20	16.4127995816525	12	0.173052033924137	0.430933223579049
ENSG00000198492.16	9.48139302942582	12	0.661355467122005	0.880286932100324
ENSG00000188060.7	3.49687952570093	3	0.321167061430971	0.612386749844553
ENSG00000147166.11	19.2042637919692	9	0.0235110272123358	0.116938184827014
ENSG00000180098.9	17.6814123007025	18	0.476818343820205	0.757297350238962
ENSG00000180198.16	18.7504189949104	24	0.765165461537534	0.939094705697828
ENSG00000204138.13	25.5181858581054	15	0.0434025357153311	0.179234775063432
ENSG00000130772.14	12.8087197701461	9	0.171454220600616	0.428593651643134
ENSG00000158161.16	30.6992109906105	12	0.00218900206783884	0.0219522570116897
ENSG00000118707.11	15.4781046491753	12	0.216325307136042	0.490309328399967
ENSG00000130768.15	0.986929528480232	3	0.804414583043485	0.956513342233256
ENSG00000108064.11	16.8622905053708	9	0.0509166752887254	0.199780081138616
ENSG00000072401.15	27.2778514384627	9	0.00125811418778479	0.0144923986788858
ENSG00000117758.14		9	1	
ENSG00000175084.12		6	1	
ENSG00000107984.10		9	1	
ENSG00000119401.10	3.16452806722828	6	0.787931617374011	0.949785035852913
ENSG00000196821.10	0.932630162300484	3	0.817547105486564	0.960794069483094
ENSG00000136888.7	1.36875376188254	3	0.712875086536501	0.909907335858767
ENSG00000204149.12	17.9290350602832	6	0.00641200879756445	0.0469159070030663
ENSG00000186501.14		24	1	
ENSG00000172650.13	2.76043172677623	6	0.838258341255137	0.968925318981246
ENSG00000197444.10	37.9235731136087	15	0.000926053393022289	0.0114819395845151
ENSG00000136883.14		6	1	
ENSG00000142751.15	96.6794730834881	9	7.3732602362261e-17	1.9847652356936e-14
ENSG00000204160.12	8.87572064564984	6	0.180689039360108	0.440956762879555
ENSG00000148229.13	3.58302315309993	9	0.93665648303993	0.999496817939324
ENSG00000136875.13		6	1	
ENSG00000136868.11	4.99946574271235	3	0.17183626942043	0.429024456895674
ENSG00000137288.10	11.080828315753	9	0.270209247345427	0.556864607396824
ENSG00000136866.14	5.5571232030029	6	0.474579653776578	0.755983572890181
ENSG00000148153.14		15	1	
ENSG00000175087.10	5.4802846665616	6	0.483842766877263	0.763887584872283
ENSG00000061656.10		18	1	
ENSG00000148154.10	18.033533772179	9	0.0347864755862711	0.152651591064765
ENSG00000158006.14	6.76501700642393	9	0.661569435058095	0.880457162530478
ENSG00000182749.6	3.12390203287032	3	0.372913612861416	0.663917266259954
ENSG00000127423.11	1.16487625374884	3	0.761440166171105	0.937195381779962
ENSG00000117640.18	62.6375506761833	51	0.127219871329992	0.358889151636648
ENSG00000096433.11	3.88074022811998	3	0.274633335838722	0.561677114658058
ENSG00000204177.10		3	1	
ENSG00000157978.12	4.12680878603896	6	0.659520371436049	0.879213253350052
ENSG00000204178.11	4.87978625035794	6	0.55932148171467	0.815813408877708
ENSG00000183726.11	15.3108555896761	12	0.224875257126061	0.498753036674432
ENSG00000169504.15	19.565301555238	6	0.00330818072502573	0.0295282553545272
ENSG00000117602.12		12	1	
ENSG00000090889.12	2.05870287548532	3	0.560312523961386	0.81609523104101
ENSG00000138400.13	2.6248692097513	6	0.854239411192913	0.973872901188753
ENSG00000204186.10		9	1	
ENSG00000242372.9	19.830829435261	18	0.342423992773575	0.634883998927115
ENSG00000165124.18	11.8923880714228	9	0.219444175923124	0.493014380741849
ENSG00000112514.18	14.9991042733891	18	0.662028622660453	0.880803631507969
ENSG00000088298.13	1.72555971647671	3	0.631266316284795	0.860618839034675
ENSG00000117308.15	33.2332346154435	30	0.312510050772629	0.603933320816852
ENSG00000011009.11	9.65721505466354	12	0.646004505199208	0.869585482784932
ENSG00000112511.18	10.2096178362481	24	0.993627136268358	0.99999999971812
ENSG00000136810.13	0.31343115423806	3	0.957482965100279	0.99999999971812
ENSG00000142676.14	5.67152633238584	15	0.984752934599238	0.99999999971812
ENSG00000117318.9	9.22682376904413	6	0.161217766219381	0.413347466667876
ENSG00000204217.15	19.8713999788724	6	0.00291917373539741	0.0270963957707624
ENSG00000106771.13	20.5890815314051	9	0.014605360712251	0.0837088678142466
ENSG00000204219.11	19.66940187406	15	0.184984922321996	0.446803015450223
ENSG00000204220.12	10.9989065905102	15	0.752671876880528	0.932757251939272
ENSG00000227057.10	11.651465779767	12	0.474061037868779	0.755701256838788
ENSG00000181704.12		9	1	
ENSG00000133216.16	9.40346674496777	12	0.668137157045096	0.884823038686368
ENSG00000070061.16	94.5367806317299	39	1.64156025012617e-06	6.19613276698915e-05
ENSG00000184677.18	16.2886652591769	9	0.0610927815175692	0.224335282370709
ENSG00000204227.5	1.87039971281047	3	0.599736273031331	0.842729293834454
ENSG00000204228.4	0.426084215683659	3	0.934802929662504	0.998638853666246
ENSG00000136826.15	5.51638560977335	9	0.787173379256885	0.949785035852913
ENSG00000142798.20	17.2948495562669	18	0.50292861973201	0.779508325676634
ENSG00000112473.18	16.4491275135078	9	0.058074686290407	0.217599254968708
ENSG00000204231.11	15.3378293350397	12	0.223479368689603	0.497382607120528
ENSG00000095209.12	7.82811829993261	9	0.551556415586119	0.810546708620006
ENSG00000106701.13		12	1	
ENSG00000070214.16	0.540581442300663	3	0.90988955351327	0.991188524269142
ENSG00000204237.5	24.6292962367443	18	0.135472582210263	0.372413072676371
ENSG00000108094.16	11.8909295601152	21	0.942515597130968	0.99999999971812
ENSG00000136783.10	3.80110223575684	3	0.283757948281727	0.573062201969159
ENSG00000001497.17	8.57061181153404	9	0.477815531944266	0.758351447053203
ENSG00000078804.13	5.19862537980589	6	0.51860213516973	0.788463323521279
ENSG00000155827.12		12	1	
ENSG00000204256.13	75.5864231886226	27	1.72974099549342e-06	6.50497082459638e-05
ENSG00000162551.14		9	1	
ENSG00000204257.15	35.5872248228602	15	0.00202686718821253	0.0207121123558701
ENSG00000240065.8	6.59204968574431	9	0.679508566505649	0.890979376938066
ENSG00000204264.12	13.7984786527522	12	0.313761836165868	0.605103661791226
ENSG00000066697.15	14.2351643452421	18	0.713637518914829	0.910312779770519
ENSG00000204267.16	22.7552263360849	9	0.00677008451838386	0.048665385729541
ENSG00000165591.6		3	1	
ENSG00000136891.14	19.4604626701657	9	0.0215502165175673	0.110159086306089
ENSG00000204271.13		54	1	
ENSG00000204272.13	8.62598817889375	9	0.472489668353158	0.754110909281394
ENSG00000169188.5	5.4847912260193	3	0.139551105577265	0.379663630247887
ENSG00000106799.13	9.28996422103228	12	0.677984359712211	0.890816941585696
ENSG00000204291.11	6.92544478172022	9	0.644881563310728	0.869175542084924
ENSG00000204301.6	3.22876540953865	6	0.77963501232014	0.946517398450236
ENSG00000189410.12	23.6328778146467	9	0.00492105888992212	0.0389307899342717
ENSG00000213654.10		6	1	
ENSG00000204304.12	17.8869168543824	12	0.119167504726109	0.344821244595448
ENSG00000204305.14	40.1140785645234	24	0.0207913096390989	0.107411265807244
ENSG00000158825.6	0.6162479557388	3	0.892702909079558	0.986479350588987
ENSG00000162545.6	4.24318447078849	3	0.236373708548384	0.511826135635356
ENSG00000204308.8	2.05958728329279	3	0.560131694814493	0.81609523104101
ENSG00000136932.14	18.6542382992575	15	0.229831790339686	0.504316191003574
ENSG00000169914.6		3	1	
ENSG00000136936.11		6	1	
ENSG00000204311.15		24	1	
ENSG00000136937.13	20.3014580633208	9	0.0161404562807383	0.0903671194831262
ENSG00000248712.7	5.47040336542688	3	0.140419579456288	0.381096279718325
ENSG00000040487.13	10.7043691602994	15	0.773255775220946	0.942887428560267
ENSG00000188486.3	65.0957667070034	3	4.78491881768068e-14	9.23489331812371e-12
ENSG00000006638.13	9.79999996516108	3	0.0203449988392083	0.106015788653215
ENSG00000127463.15	58.728656493935	27	0.000386208735384354	0.00596756669825764
ENSG00000213676.13	22.977803975693	21	0.345163007311109	0.637535644959432
ENSG00000254876.5	1.14920054410038	3	0.765212080554442	0.939094705697828
ENSG00000255036.6	7.77102499042962	9	0.557376039424184	0.814787780567289
ENSG00000127481.15	36.7881434014198	24	0.0459358287427843	0.185637832979233
ENSG00000158122.12	3.51852715489167	6	0.741503128802546	0.927325355327705
ENSG00000081377.17		18	1	
ENSG00000168477.19	8.39186307459841	9	0.495188338740164	0.773679779589605
ENSG00000130956.14	2.43944235528852	3	0.486334673973275	0.765930312559297
ENSG00000123600.20	44.6805658695175	33	0.0843556076832377	0.279790373213955
ENSG00000160584.16		21	1	
ENSG00000204344.14		39	1	
ENSG00000148110.16	0.51849695861165	3	0.914809318993005	0.993230649849888
ENSG00000184497.13	4.86319972981028	6	0.561474897193591	0.816741570448413
ENSG00000124313.17	36.0107093476909	24	0.0547562582650966	0.209071207836384
ENSG00000198176.13	43.409301885491	12	1.9245504310459e-05	0.000526369688747821
ENSG00000150403.18	28.7288191391417	24	0.230503930701788	0.504779427777475
ENSG00000204351.12	31.9685213765624	27	0.233252078265332	0.508228308031134
ENSG00000117148.8		3	1	
ENSG00000188938.17	46.4047105533755	30	0.028419907529422	0.133168682601218
ENSG00000204356.14	23.8854137077869	18	0.15881777692263	0.409102755009212
ENSG00000179051.14	0.900150705594569	3	0.825391440155921	0.965896841542211
ENSG00000184205.14	9.91243348020726	12	0.623642695247548	0.856374627599457
ENSG00000131669.10	1.11412072602252	3	0.773666424242669	0.943099828380442
ENSG00000165233.18	37.2237215226487	18	0.00489983168299086	0.0388525633181206
ENSG00000142623.11	3.57815930921083	6	0.733543572517118	0.9238104319078
ENSG00000076053.11		12	1	
ENSG00000117118.10	0.814189106517006	3	0.846070262751011	0.971755301783078
ENSG00000204371.11	40.8624664919771	27	0.042456337725187	0.176815767307962
ENSG00000095739.11	3.21430980522564	3	0.359748288528286	0.651542594980245
ENSG00000117122.14	16.2882241546467	9	0.0611012703922112	0.224335282370709
ENSG00000058453.17	34.3444185333337	15	0.00304569969147563	0.0279412216539052
ENSG00000204370.13	1.29831116515561	3	0.729534145888605	0.92153119780288
ENSG00000126218.12	3.31926810405128	3	0.344969874380382	0.637409112181526
ENSG00000188312.14	27.1173406416756	9	0.0013375947559082	0.0151570861170383
ENSG00000037637.11	7.30704347866958	6	0.293382909953517	0.584423327344601
ENSG00000204379.11	1.15399036904046	3	0.764059121863426	0.938522684427877
ENSG00000132881.12	2.18610352450446	3	0.534690727820185	0.79912655108984
ENSG00000196305.18	19.0046220964869	21	0.584843570262918	0.832850463625141
ENSG00000068650.18	36.2354269621246	24	0.0520662413142215	0.202273293734589
ENSG00000204386.11	4.04906641824346	9	0.90815348688351	0.990927457228769
ENSG00000204387.14	47.0191036706674	18	0.000210316144174437	0.00367747664745353
ENSG00000204389.10	1.4508110065799	3	0.693668747441804	0.898624318336146
ENSG00000204392.11	31.7391746864014	9	0.000220889543582728	0.00381668773869548
ENSG00000204394.13	23.8235756840149	24	0.471722136973908	0.753760487794988
ENSG00000110660.15	10.423062561691	9	0.317333276280874	0.609463402755738
ENSG00000204396.11	8.05437500472181	9	0.528675960358466	0.795268588015699
ENSG00000204410.16	124.793065839178	45	1.98921936756901e-09	1.78488815007574e-07
ENSG00000169071.15	14.6576166734194	15	0.476349147392864	0.757297350238962
ENSG00000101346.14	4.57100421399082	9	0.869988767704182	0.977246699262314
ENSG00000116809.12	57.7477018661393	39	0.026959538748334	0.128507108974139
ENSG00000065526.12	17.4711061705739	6	0.00769922199893357	0.0530821074899335
ENSG00000213719.8	2.0452339858748	3	0.563071498797507	0.818042935476891
ENSG00000213722.9	18.7401482612331	21	0.601805121017329	0.844078511296621
ENSG00000150051.14	8.97583890380065	9	0.439507464214851	0.726289060408061
ENSG00000116786.13	40.3015648752717	12	6.40730135359958e-05	0.00144361862436058
ENSG00000187498.16	33.6513885700078	12	0.000765390605095114	0.0100245588982304
ENSG00000116138.13	27.5059019273163	12	0.00652962150762873	0.0474698230102773
ENSG00000130045.16	13.9586494126706	12	0.303356651118205	0.594729265370244
ENSG00000106723.17	10.2029387384609	9	0.334307487362758	0.625161113022605
ENSG00000240053.8	0.746359813246272	3	0.862249195000924	0.975574659361612
ENSG00000204435.14	11.1404436960584	9	0.266204992324107	0.55265487113162
ENSG00000263020.6	3.27416639736111	6	0.773732317693426	0.943099828380442
ENSG00000107897.19	5.45719494685181	15	0.987496644524198	0.99999999971812
ENSG00000204438.11		15	1	
ENSG00000204444.11	1.72901269294789	3	0.630502989719757	0.860371773406783
ENSG00000134899.23		27	1	
ENSG00000101306.11	14.972700159867	6	0.0204701123900496	0.106450828488977
ENSG00000134901.13	1.05617417984831	3	0.787662926284967	0.949785035852913
ENSG00000204469.13	65.1975055310177	27	5.28286196087237e-05	0.00122536043078829
ENSG00000171729.14		9	1	
ENSG00000151287.17	10.2870703594162	9	0.327749100398714	0.618550839110415
ENSG00000134900.12	51.1265254910031	36	0.0487768372285323	0.19398844012856
ENSG00000107890.17	21.4431887843402	21	0.432180125121765	0.718764726444558
ENSG00000125968.9	6.41774509125389	3	0.0929634946159271	0.297442473076734
ENSG00000204498.11		9	1	
ENSG00000198563.14	61.8298408128903	21	6.72356447456691e-06	0.000207154641597425
ENSG00000148459.16	3.10213859199939	6	0.795922538752465	0.953184743334089
ENSG00000101997.13		3	1	
ENSG00000204525.16	7.90738766570576	18	0.979983438714718	0.99999999971812
ENSG00000137310.12	1.13306555594681	3	0.769098513458099	0.941266893295393
ENSG00000204536.14	44.2535774637654	57	0.891183557571294	0.986195564239197
ENSG00000175198.17	15.2633180070525	18	0.643814402279721	0.869175542084924
ENSG00000149243.15	17.4873196521712	12	0.132167042939832	0.366650369946999
ENSG00000012211.13	25.0078554320098	15	0.0498380357269043	0.197059631793778
ENSG00000102007.11	3.80668320180848	3	0.283109718731498	0.572204962043963
ENSG00000043355.12		3	1	
ENSG00000151025.11	4.5673149282527	6	0.600377164453847	0.84315610427759
ENSG00000166263.13	32.8623302388569	18	0.0173420352907036	0.0951672097578366
ENSG00000185875.13	0.561927619505241	3	0.905090112482463	0.990496069389442
ENSG00000165113.13		12	1	
ENSG00000011258.16	3.6401310742649	12	0.98909031291487	0.99999999971812
ENSG00000243279.4		6	1	
ENSG00000125304.10	1.26433573594841	3	0.737618818592411	0.926578178254854
ENSG00000137312.15	16.2234093344887	15	0.367361153082296	0.657727029613164
ENSG00000011052.21		3	1	
ENSG00000175170.16		6	1	
ENSG00000137337.15	20.0376225685322	21	0.518879312967059	0.788511256072304
ENSG00000148057.16		6	1	
ENSG00000068400.13	21.4098363507728	30	0.874636576574684	0.980207442742408
ENSG00000204560.10	10.7167805516365	9	0.295622828177975	0.586486793916313
ENSG00000144134.18	30.2572007899748	27	0.302721883819412	0.594184241511619
ENSG00000196781.16	3.4053372644903	6	0.75651858249206	0.934618814881553
ENSG00000177000.13	35.6066497941029	21	0.0241956821898585	0.118998482391516
ENSG00000102096.9	4.82863096500114	6	0.565973075856267	0.81840892563379
ENSG00000148450.13	17.403319321631	6	0.00790986583530962	0.0538303429965819
ENSG00000204569.10	11.0426716390648	12	0.525265302444473	0.792384024786638
ENSG00000102572.14	25.8711927545155	15	0.0393985564714175	0.167780114132444
ENSG00000204576.12	23.2027461845719	15	0.0799290351113992	0.269566139187109
ENSG00000116685.16		6	1	
ENSG00000126768.12	12.7046893628722	12	0.390865478026999	0.682669196817379
ENSG00000204590.12	42.8125759522809	12	2.42905151953538e-05	0.000640380618384727
ENSG00000204592.9	5.17231164452096	6	0.521910608003075	0.790204797108268
ENSG00000204599.14	29.499038703565	24	0.201913586892196	0.469830318544193
ENSG00000168283.14		21	1	
ENSG00000185352.8	4.62395634087761	3	0.201496592508079	0.469073428485467
ENSG00000102595.20	24.1728370608726	24	0.451750260097916	0.737464636217935
ENSG00000197619.14		27	1	
ENSG00000187210.14	13.4997430076945	6	0.0357518460966512	0.155487089167791
ENSG00000135002.12	28.8988100072893	12	0.0040785730494353	0.0342245477626527
ENSG00000167182.15		3	1	
ENSG00000204619.8	2.76681465573347	6	0.837493195139591	0.968488080098508
ENSG00000068354.16	18.7643021701824	12	0.094377509964545	0.299996130959394
ENSG00000204623.9	14.902834973881	12	0.246793213585435	0.525379351043791
ENSG00000206503.13	3.95392751932377	9	0.914418626815323	0.993055327921641
ENSG00000120942.14	12.3618978517152	9	0.193667450111184	0.459113162578079
ENSG00000204628.12	3.30934815481305	18	0.999941501973558	0.99999999971812
ENSG00000156017.13		6	1	
ENSG00000148444.16	59.4370302458847	30	0.00107657440631661	0.0128049762816426
ENSG00000204634.12	10.0320012068223	12	0.613153094959217	0.850730780257956
ENSG00000171483.13	0.885834598779127	3	0.828844831021013	0.967293941988659
ENSG00000224531.6	15.9727249570715	3	0.0011486789234223	0.0134900536253578
ENSG00000147118.12	0.682654437709061	3	0.877276017367179	0.981156394232328
ENSG00000136770.11	3.36648052388773	6	0.761640724392924	0.937195381779962
ENSG00000116649.10	13.2866515193891	9	0.150058750322414	0.395562870221632
ENSG00000125814.17		12	1	
ENSG00000160049.12	6.57881029411146	6	0.361558657590625	0.653357303914562
ENSG00000135048.14	22.9583343553459	30	0.816968856143971	0.960794069483094
ENSG00000089094.19	22.4708409725108	24	0.551186055251881	0.810546708620006
ENSG00000136158.12	3.04192737992554	3	0.385205865100502	0.676789899366719
ENSG00000078114.19	51.6506085387282	30	0.00830431178809968	0.0558113043892717
ENSG00000165072.10		3	1	
ENSG00000204713.11	26.24675116867	15	0.0355077112789194	0.154827235229702
ENSG00000173614.14		12	1	
ENSG00000162441.12	16.0732359089616	12	0.187904706587224	0.451191841239604
ENSG00000087206.17		30	1	
ENSG00000178585.15	2.27370984511163	3	0.517576103864753	0.787733171167712
ENSG00000110046.13	7.92361517783684	12	0.791070751506526	0.9515360673989
ENSG00000165060.15	12.1829635615395	12	0.43109979589575	0.717961545460376
ENSG00000241058.4		9	1	
ENSG00000101343.15	5.24588000201402	3	0.154652957404675	0.402633011273205
ENSG00000147996.16	58.1275414503107	39	0.0249619651678355	0.121878731122573
ENSG00000215126.10		24	1	
ENSG00000180758.12		3	1	
ENSG00000142583.18		15	1	
ENSG00000125821.13	2.09135253896784	6	0.911107997272829	0.991776492934316
ENSG00000102805.16	52.5115849127615	36	0.0371188955901701	0.160206406325675
ENSG00000105483.18	93.8237588123793	60	0.00342464178296766	0.0302908713493542
ENSG00000204792.2	0.774840888726772	3	0.855474806179738	0.974503338818654
ENSG00000116285.13	4.5434242001561	6	0.603553817216879	0.8457214159769
ENSG00000136738.15	18.9714919133494	9	0.0254363870477375	0.123020710690925
ENSG00000204802.3	3.95603216978589	3	0.266251168729751	0.55265487113162
ENSG00000115307.17	17.9531098658044	18	0.458745623058088	0.743073472408738
ENSG00000204815.10	3.45892897434351	6	0.749425758659423	0.931002682211226
ENSG00000231527.7	22.9569015820553	27	0.687325707415681	0.894144049491925
ENSG00000118939.18	8.60643695415638	9	0.474366888037476	0.755927542878227
ENSG00000132664.12		9	1	
ENSG00000136111.14	0.800243217274328	3	0.849408858138633	0.972641129508573
ENSG00000204852.16		63	1	
ENSG00000162413.16	14.1774226084399	3	0.00267333254090785	0.0254376916846013
ENSG00000124549.14	3.66666419861576	12	0.988728410474387	0.99999999971812
ENSG00000204856.12	25.5597749312219	9	0.0024105209498102	0.0235503522403138
ENSG00000149474.13	17.9476729525613	12	0.117288612233213	0.342611372611526
ENSG00000204866.8	6.61268738241049	3	0.0853227725509713	0.281810345632511
ENSG00000137124.8	1.91855007131744	3	0.589482811299329	0.836545460152724
ENSG00000125871.14	12.7892549209209	12	0.384542885821088	0.676089580450999
ENSG00000162408.11		12	1	
ENSG00000158406.5	5.58079835937497	6	0.471745416074225	0.753760487794988
ENSG00000089006.16	319.505764484216	48	8.99534428572064e-42	1.15016720873295e-38
ENSG00000083520.15	5.45165004935552	9	0.793294951295016	0.952013816083021
ENSG00000137054.16	0.267279884181335	6	0.999640022977291	0.99999999971812
ENSG00000136122.18	27.0437988857284	12	0.00761577808220462	0.0528864860847733
ENSG00000069812.11		9	1	
ENSG00000066827.16	14.0009577128994	6	0.0296254675262006	0.136970852080035
ENSG00000125864.14		12	1	
ENSG00000169605.7		3	1	
ENSG00000158286.13	22.3183403906878	21	0.381368538310069	0.672357597099913
ENSG00000204922.5	0.724760492827045	3	0.867365151737323	0.976922358376452
ENSG00000122694.16	4.50139475461879	6	0.609153219673688	0.848567109361589
ENSG00000122707.12	7.01332680827545	6	0.319616502073883	0.611366251027306
ENSG00000147050.16	50.3495029616615	27	0.00414595918631461	0.0346163612644309
ENSG00000137103.20	10.3327071348144	15	0.798306300167138	0.954044262309124
ENSG00000069509.6	0.269158332870575	3	0.965720609692935	0.99999999971812
ENSG00000204946.10	9.91866701026356	12	0.623095902781874	0.856349477837726
ENSG00000136100.14	15.7167420837031	15	0.40112285002026	0.691453595021442
ENSG00000107185.10	0.84431026506536	3	0.838841843232386	0.969000887152263
ENSG00000101247.18		36	1	
ENSG00000070610.14		18	1	
ENSG00000204954.10	46.2833155922199	27	0.0118580901111739	0.0718155143559491
ENSG00000112308.13	0.162383065791801	3	0.983420490422614	0.99999999971812
ENSG00000152465.18	11.9347064419453	12	0.450937631387661	0.736373089314238
ENSG00000147044.22	69.4386904654311	42	0.00488462038322657	0.0388226743589935
ENSG00000131697.18		18	1	
ENSG00000064313.12	19.9220692942436	18	0.337224190652006	0.628776202365907
ENSG00000152464.15	6.54001974984567	12	0.886456248791499	0.984685680347382
ENSG00000182197.12	4.54232404061986	6	0.603700211631588	0.845808720008151
ENSG00000137261.14		6	1	
ENSG00000152463.15		3	1	
ENSG00000116198.14	42.0234088178877	45	0.598790695945942	0.842462693028601
ENSG00000197889.10		3	1	
ENSG00000204991.11	45.1071404946033	27	0.0158424523342839	0.0891377584859132
ENSG00000130764.10	3.43312927004081	6	0.752844253789288	0.932757251939272
ENSG00000188493.15		18	1	
ENSG00000107159.13	12.9106914191452	6	0.0444763006345993	0.182124931621824
ENSG00000198931.11	37.1522449207259	18	0.00500632771794894	0.0393920970976151
ENSG00000130762.15	32.2231064192183	15	0.00600254391986306	0.0449158900923769
ENSG00000187522.16		6	1	
ENSG00000132623.16	8.17948462646814	6	0.225246565787932	0.499143657158744
ENSG00000102531.16	30.8707725430613	9	0.000311526485225536	0.00504209559710761
ENSG00000137135.18	19.3096003399969	15	0.200045560172805	0.466605030003819
ENSG00000157870.17		27	1	
ENSG00000182220.15	89.239909245749	30	8.55875195967961e-08	4.71802786004375e-06
ENSG00000185267.10		6	1	
ENSG00000030066.13	28.3806398175293	15	0.0193042586756684	0.102534662177922
ENSG00000157881.16	38.3027119930048	24	0.0322753126674302	0.145373920420583
ENSG00000143919.15		9	1	
ENSG00000198722.14	0.388155630284018	3	0.942678248875086	0.99999999971812
ENSG00000205060.11	23.4646382079172	9	0.00523298318787027	0.0406721391454974
ENSG00000116151.14	19.3201839628709	24	0.734705345572912	0.924732494138712
ENSG00000101955.15	19.1151238766743	12	0.0857877947522841	0.283109842905274
ENSG00000157933.10	3.31503595690447	3	0.345555396257964	0.63802999067197
ENSG00000162585.17	37.6790251710627	24	0.0373870449003336	0.161091862799289
ENSG00000136156.15	21.2942035042797	12	0.0462347558370293	0.186488689848964
ENSG00000154099.18	8.2635244022913	9	0.507823071176402	0.781522504555682
ENSG00000067606.17	39.5036014035577	30	0.11484200789727	0.338864500115412
ENSG00000165169.11	5.05120295012603	6	0.537262949418305	0.800568938645144
ENSG00000187730.9		3	1	
ENSG00000078369.18	16.4167759903066	15	0.354906024021968	0.647464547836759
ENSG00000134569.10	5.07187282713494	12	0.955535141454395	0.99999999971812
ENSG00000205076.4	3.86610332673374	3	0.276290265833179	0.563993839394849
ENSG00000130962.18	21.4943320639995	15	0.121764743184573	0.349770165131985
ENSG00000221829.10	22.2569033676627	21	0.38483740423605	0.676374881087725
ENSG00000205078.6	0.60683509661294	3	0.89486586696891	0.986909213285712
ENSG00000164405.11	8.29697693488561	12	0.761513349578269	0.937195381779962
ENSG00000065328.16		12	1	
ENSG00000139684.15	5.67448366907775	12	0.931594189800678	0.998326481219489
ENSG00000138050.15	26.3743289078884	15	0.0342674434506039	0.151152082387334
ENSG00000205089.8		6	1	
ENSG00000205090.9	4.59882234087911	6	0.596194980481193	0.841517656318769
ENSG00000131437.15	7.93313133844913	12	0.790333871958698	0.95103142969474
ENSG00000133858.17	55.9104863686534	30	0.00279568778906602	0.0262599544484447
ENSG00000113522.14	29.2075981431917	24	0.212415682617379	0.484459312707507
ENSG00000213930.12	85.3031954027538	66	0.0552010255906253	0.210141902034427
ENSG00000183049.13	3.72013013281412	6	0.714488717574335	0.911187656257691
ENSG00000205129.8	7.20425483227524	3	0.0656647155457487	0.235478374681333
ENSG00000166181.13	27.7751631077117	24	0.26963740116993	0.556297090876808
ENSG00000205133.12	49.6349832199849	36	0.0647458393389889	0.233527923342214
ENSG00000088766.12	28.7652543574441	12	0.00426864304262444	0.0353377075865096
ENSG00000135362.14	57.0179831770947	42	0.0609419476224225	0.223993956963622
ENSG00000107404.20	10.3412917366804	15	0.797740353360519	0.954044262309124
ENSG00000167536.14	19.5384236889731	12	0.0763368896184668	0.261208504501612
ENSG00000165609.13	51.361840702506	24	0.000946925148885427	0.0116699968047579
ENSG00000198814.12	34.5049650063975	24	0.0760862547391488	0.260863911924133
ENSG00000119787.14		27	1	
ENSG00000125772.14	7.93448854310088	6	0.242942251778031	0.520865961554499
ENSG00000105672.14	8.09871475361092	6	0.230960078252008	0.505129493358945
ENSG00000169972.12	13.3944885374149	12	0.341031224433822	0.632990091586567
ENSG00000101868.12	30.9259941479722	6	2.61874335460531e-05	0.000681951346406696
ENSG00000004139.14	8.23546188432545	6	0.221355375592596	0.495178298410959
ENSG00000101290.14	46.7045587769153	15	4.10532190150818e-05	0.000997466454406822
ENSG00000205189.12	1.66443893664518	6	0.947833491537451	0.99999999971812
ENSG00000076554.15	42.4666293130576	30	0.0652420439004704	0.234594029149053
ENSG00000232859.10	31.8076262862669	15	0.00683762709894833	0.0489447778832347
ENSG00000288558.2		12	1	
ENSG00000132646.11	3.62821081245784	3	0.304510334302962	0.595593216251971
ENSG00000067992.16	41.1371704158673	6	2.72096415330419e-07	1.28855288537725e-05
ENSG00000050393.11		6	1	
ENSG00000186638.16	3.21267183665532	3	0.359983199607279	0.651561696117653
ENSG00000205208.5	2.52986710212099	3	0.469917602356829	0.752440810945697
ENSG00000205213.14		15	1	
ENSG00000134463.15	23.1061145935037	9	0.00596234678013424	0.0447460346397602
ENSG00000120675.6	0.582062546396628	3	0.900526182938018	0.988895481506616
ENSG00000184831.14	12.37999228017	15	0.650068643918484	0.872301214566729
ENSG00000205221.12	19.3122607139649	12	0.0812662029477865	0.272548193427183
ENSG00000130066.16	248.93858763366	18	1.34044534808048e-42	1.95877363793075e-39
ENSG00000145990.11	1.83957160975331	3	0.606361801775052	0.846985507354501
ENSG00000131591.17	53.9178592332755	36	0.0278607821002262	0.131268658634811
ENSG00000123131.13	0.622337036300451	3	0.891300317502436	0.986195564239197
ENSG00000168255.20		24	1	
ENSG00000188157.15	38.8368226634775	12	0.000111949891062578	0.00227661120413341
ENSG00000102174.9		3	1	
ENSG00000205250.9	57.27470288521	30	0.00194311230129699	0.0201175057995616
ENSG00000186687.16	16.5392898329355	6	0.011134228467059	0.068698983883254
ENSG00000095951.17	22.5459159818392	12	0.0318378619551959	0.143846947853224
ENSG00000102172.16	2.04960669964203	3	0.562174745617182	0.817294694843399
ENSG00000172766.19	36.503612218632	24	0.0490075787079236	0.194452491312394
ENSG00000187583.11	3.94783855289211	6	0.683735297646339	0.893433455012014
ENSG00000205268.11	41.6565760000249	15	0.000253784724109535	0.00426967753769151
ENSG00000111859.17	6.17816683757701	9	0.721962660006574	0.916702588034663
ENSG00000171867.17	3.91945821923582	3	0.270293555159373	0.556864607396824
ENSG00000076108.11	62.4271457723007	39	0.0100021609819516	0.0638002018659307
ENSG00000151612.18	7.51646259074391	12	0.821684892260284	0.963656817579734
ENSG00000091482.8		3	1	
ENSG00000205302.7	9.49643754545832	21	0.984739148909191	0.99999999971812
ENSG00000137210.14	10.4000876813079	12	0.580905341853607	0.830015468895173
ENSG00000189350.12	19.4793631035354	6	0.00342619397313547	0.0302908713493542
ENSG00000151657.12	16.8721523839376	9	0.0507561060455258	0.199334131806542
ENSG00000177189.14		24	1	
ENSG00000173674.11	5.41382538613107	3	0.143884632437329	0.387110969279706
ENSG00000145782.13	40.9524455449937	30	0.0876958394400829	0.286432704258431
ENSG00000188811.14	10.5316950035321	12	0.569419935648071	0.821406927336641
ENSG00000164221.13	2.81751967797936	3	0.420623980753262	0.708413766109661
ENSG00000165102.15	33.5433569407151	21	0.0405287184015325	0.171013382105693
ENSG00000140859.16	97.1231670435955	39	7.30798558414785e-07	3.06366330082985e-05
ENSG00000124786.11	23.7023151597678	12	0.0223218759901439	0.112923080862108
ENSG00000140854.13	32.4390726021957	24	0.116473047254088	0.341111596371171
ENSG00000184206.12		9	1	
ENSG00000147010.18	3.01234107320488	6	0.807296308293259	0.957430021742811
ENSG00000107262.25	8.88898128730943	15	0.883250317410511	0.98323818829488
ENSG00000124802.12	11.2364250290848	12	0.508773116620729	0.781964483916811
ENSG00000205339.10		9	1	
ENSG00000140465.14	6.3835659161773	9	0.700999842056183	0.902010270726375
ENSG00000239264.9	7.81188570614904	6	0.2522115851627	0.533251819890297
ENSG00000170222.12	5.65243508322874	6	0.463227594826578	0.747138925809061
ENSG00000205352.11	34.0096266999899	21	0.0361534242928832	0.156833493253563
ENSG00000096696.14	0.278326967410976	3	0.964051687741892	0.99999999971812
ENSG00000205363.5	1.56446044726954	6	0.955098268314764	0.99999999971812
ENSG00000120664.11	5.60062803178687	6	0.469378833146299	0.75207958713244
ENSG00000107201.10	7.56636480393703	3	0.0558775529199417	0.211614768166636
ENSG00000166233.15	24.2675289552062	21	0.28027736295832	0.568523488281397
ENSG00000134453.16	75.9340278145101	24	2.66734652708201e-07	1.27496671147298e-05
ENSG00000164308.17	7.42635748330122	9	0.592820231575227	0.838605745924907
ENSG00000197140.15	3.96564248391299	3	0.265198100683023	0.551588322872436
ENSG00000168615.12	3.8452673934371	9	0.921298143960281	0.99446974872662
ENSG00000044446.12		21	1	
ENSG00000205413.8	5.26624526877806	3	0.153307741386818	0.400326771589389
ENSG00000205726.15	40.7815548023646	36	0.268230770416226	0.554518903696601
ENSG00000132274.16		6	1	
ENSG00000134470.21		39	1	
ENSG00000164292.13		21	1	
ENSG00000147894.17	9.13991576649642	18	0.95641287903028	0.99999999971812
ENSG00000164291.17	4.8499471935047	6	0.563197746023497	0.818042935476891
ENSG00000132256.19		24	1	
ENSG00000047634.15	60.0037150613953	18	2.04324936324987e-06	7.54526994104078e-05
ENSG00000088836.14	5.97512782820388	6	0.425982051147607	0.7128039262537
ENSG00000188158.16	8.37903871505705	6	0.211627976194011	0.483410154095075
ENSG00000096872.16	13.7265251626338	6	0.0328447686517091	0.147225739937919
ENSG00000125434.11	8.50202927206556	15	0.902084370976225	0.989217520445519
ENSG00000205436.7		6	1	
ENSG00000133119.13	0.401968860896886	3	0.939835474593083	0.99999999971812
ENSG00000170545.17		18	1	
ENSG00000125877.13	39.9110602096625	21	0.00762414767443614	0.052908688305161
ENSG00000057608.17	2.3587339859514	9	0.984444388695497	0.99999999971812
ENSG00000139618.16		9	1	
ENSG00000169895.6	1.88409428826526	3	0.596808212533399	0.842150807836135
ENSG00000205464.12	23.3801861939862	9	0.00539664384791413	0.0414431455858211
ENSG00000138085.17	8.74141691578552	12	0.724843774913116	0.918650349843422
ENSG00000073910.22	25.354283156873	18	0.115464466272662	0.339587701409735
ENSG00000205476.9	20.1379708185432	15	0.166703612975396	0.421351929114239
ENSG00000170037.14	53.6343258494962	36	0.0295423847841685	0.136737128487448
ENSG00000145945.7	4.61388669836015	3	0.202354042073906	0.470265802498867
ENSG00000168994.14	1.10704400001123	9	0.999148592679738	0.99999999971812
ENSG00000137266.14	3.77266669928667	12	0.987197920016025	0.99999999971812
ENSG00000138080.14	5.31218185027728	3	0.1503138795525	0.395972360016101
ENSG00000171843.17	14.3577213762946	15	0.498589945094946	0.776310103687589
ENSG00000186312.10	10.542603170341	15	0.784293593764492	0.948198438007496
ENSG00000145685.14	17.3362664502856	12	0.137379893460082	0.3757345499861
ENSG00000137274.13	43.2038767961603	21	0.00296039727628396	0.0273302380316865
ENSG00000169957.10	6.34165884863251	3	0.0961206725127189	0.302988784522049
ENSG00000087842.11	31.2335750952479	9	0.00026991935106469	0.00451144614712535
ENSG00000215305.10	16.3236730120152	12	0.176856912548092	0.436130510717077
ENSG00000205517.13		33	1	
ENSG00000120915.14	21.0690214470978	27	0.783044779024376	0.948198438007496
ENSG00000102048.16	58.5714307860399	18	3.474336174533e-06	0.000116521261407535
ENSG00000130150.12	9.50101797079924	9	0.392367338234107	0.683851678786281
ENSG00000147874.11		6	1	
ENSG00000124570.21	37.3983194607717	15	0.00110649880027342	0.0130848280092449
ENSG00000205531.13	26.6915333575307	30	0.639418222681016	0.866420585482065
ENSG00000196139.14	8.8177601826701	12	0.718412300067079	0.914294589980918
ENSG00000137878.17		3	1	
ENSG00000185710.9	16.0153220040902	9	0.0665623128772713	0.237400940872248
ENSG00000176896.8		9	1	
ENSG00000102781.14	18.148871681833	9	0.0334851254229742	0.149122264616226
ENSG00000104765.16	35.8279953045021	12	0.000345271898542638	0.0054756375971979
ENSG00000205542.11	9.21036808844656	3	0.0266208174624049	0.127304507631108
ENSG00000044459.15	8.4150606935691	9	0.492918583532816	0.771783895753432
ENSG00000088881.21	7.39176698426024	6	0.286130419113124	0.575493331133008
ENSG00000084754.12	3.72007491107797	9	0.928852185898372	0.997549140608011
ENSG00000101911.13	2.36057176777831	6	0.883733943476711	0.983325846603206
ENSG00000173068.18	8.82889832953993	12	0.717471164012144	0.913721680363573
ENSG00000164989.17	0.651104133291341	3	0.88463990421523	0.983798823680972
ENSG00000182093.16	27.6988222235013	27	0.426624418015899	0.713064714575918
ENSG00000205559.5		15	1	
ENSG00000164985.15	8.23068542678084	24	0.998839187307121	0.99999999971812
ENSG00000129757.14		15	1	
ENSG00000132522.16	43.0330803942052	36	0.195509051735475	0.460691566505915
ENSG00000183474.15	42.6424834590907	30	0.0629828848889339	0.229026636874833
ENSG00000021355.13	20.6365205828624	9	0.0143658485720772	0.0829100564817149
ENSG00000205571.14	39.4855912829298	33	0.202642015650788	0.470668750702068
ENSG00000205572.10	52.8221251687137	9	3.15887585818341e-08	1.97025250935111e-06
ENSG00000139514.13	1.59426193266154	3	0.66069158681633	0.880205032761687
ENSG00000151632.17	12.2233227876714	9	0.201010253427018	0.468474340921615
ENSG00000124535.16	4.01283799439989	6	0.67493898853089	0.889111514962328
ENSG00000164975.15	20.2319606199308	15	0.163213833729282	0.416010638420894
ENSG00000112699.11	18.2870758108293	6	0.00555343104300887	0.0422349785419611
ENSG00000085231.14	16.7723382854747	12	0.158363723737823	0.40864826329643
ENSG00000073464.13		9	1	
ENSG00000101365.21	44.8188442007231	30	0.0401257349032382	0.169956994751645
ENSG00000187134.14	3.18827574665556	12	0.994062485819056	0.99999999971812
ENSG00000145740.19	21.1838493505275	18	0.270239317481542	0.556864607396824
ENSG00000047644.19	15.7168468872142	3	0.00129607718777609	0.0148278617959237
ENSG00000073169.14	5.077209460429	6	0.533949307045148	0.798737563873183
ENSG00000146950.13		3	1	
ENSG00000175893.11		3	1	
ENSG00000147862.17	44.0942840408361	27	0.0202190747633283	0.105467065657361
ENSG00000152520.14	6.1986137297331	3	0.102337080173194	0.315493066031223
ENSG00000101849.17	3.22280844914167	9	0.954802198528664	0.99999999971812
ENSG00000205629.12	17.9913929711256	24	0.803425710008084	0.956450842695797
ENSG00000123213.23	30.6238250950501	15	0.00986054430074772	0.0631185905208689
ENSG00000119782.14		9	1	
ENSG00000197860.10	9.6380485052116	3	0.0219072107492423	0.11124278440988
ENSG00000100416.15	76.5263425407466	45	0.00232990935145649	0.0230267079768584
ENSG00000075234.17	4.0506527148973	9	0.908047138911284	0.990927457228769
ENSG00000006757.12	3.96923492970018	6	0.680839933270091	0.891628538806975
ENSG00000153015.16	0.217275865647025	6	0.999802982740357	0.99999999971812
ENSG00000067057.17	35.8325565194828	6	2.97106818803509e-06	0.00010164232941609
ENSG00000130021.15	8.58270050223291	9	0.476650559358409	0.757297350238962
ENSG00000169059.12	5.41499930799073	3	0.143811921420111	0.387017138702004
ENSG00000068796.19	35.5418519692721	27	0.125664287150062	0.356170682532
ENSG00000285756.2	74.9086876182264	66	0.211719375339323	0.483410154095075
ENSG00000122033.14	38.239159307177	24	0.0327659411898007	0.147065736037943
ENSG00000122034.16	26.5208297344943	15	0.0328918394119957	0.147372153020282
ENSG00000167842.16	27.4181912866225	15	0.0255081028918135	0.123218750963128
ENSG00000002586.20		18	1	
ENSG00000002586.20_PAR_Y	24.8920014870237	18	0.127920083846697	0.359970986978778
ENSG00000214717.12	8.68192313224608	12	0.729831453682913	0.921723141204633
ENSG00000214717.12_PAR_Y		12	1	
ENSG00000240857.2	1.23648566751945	3	0.744267493397959	0.928612135575318
ENSG00000006432.15		9	1	
ENSG00000123106.10	17.592042328266	30	0.964771526602046	0.99999999971812
ENSG00000087448.11	13.2982671826776	9	0.149567884619094	0.395126521634481
ENSG00000185736.16		15	1	
ENSG00000107077.19	25.3452477877368	24	0.387198298888337	0.679041160216101
ENSG00000169093.16	15.2645664699603	12	0.227285973327115	0.501273872609544
ENSG00000169093.16_PAR_Y	9.67695365004829	12	0.644277667604349	0.869175542084924
ENSG00000134851.13	19.7753184484027	12	0.0714573484289016	0.249211461670383
ENSG00000066654.14	27.8355900237129	12	0.00584664163504594	0.0440717002836293
ENSG00000125835.19	2.33967160910834	3	0.50496351027826	0.780488326780949
ENSG00000067064.11	18.1526303797873	12	0.111134120159922	0.332145289644335
ENSG00000072042.13	20.5713575610134	18	0.301587253138043	0.592779234089168
ENSG00000205704.7		3	1	
ENSG00000205707.11	17.7646192711036	18	0.471257210005163	0.753554791487074
ENSG00000103540.16		21	1	
ENSG00000169100.14		6	1	
ENSG00000169100.14_PAR_Y	3.03674470057013	6	0.804221056521766	0.956513342233256
ENSG00000163069.13	18.2469291600864	6	0.00564384573261734	0.042763628147365
ENSG00000205730.6	2.66172850530438	3	0.44677036164985	0.732726315426698
ENSG00000183354.12	10.4053499887932	15	0.793497658685072	0.952013816083021
ENSG00000135605.13		3	1	
ENSG00000066117.15	20.7897815697434	27	0.796034808748231	0.953184743334089
ENSG00000214026.11	20.0148467146792	9	0.017821000824443	0.0971700519366886
ENSG00000132964.12	5.0247371192645	9	0.832146551001849	0.967827448941947
ENSG00000169019.11	3.79532121226293	3	0.284430821510835	0.573628326741784
ENSG00000120217.14	6.55809030847655	3	0.0873995033591803	0.285991529066236
ENSG00000167393.18		21	1	
ENSG00000167393.18_PAR_Y	43.8102308769567	21	0.0024740470229809	0.0239877033157077
ENSG00000122643.22	33.3540103559863	12	0.000852190243596477	0.0108286385114887
ENSG00000074755.15	17.3174879269245	24	0.834808969053051	0.968488080098508
ENSG00000244627.5	18.5654630992103	15	0.234104323940392	0.509175660128911
ENSG00000205765.9	8.93573520200789	6	0.177224667385597	0.436579498476393
ENSG00000096968.14		9	1	
ENSG00000182378.14		24	1	
ENSG00000182378.14_PAR_Y		24	1	
ENSG00000205771.6	3.03988007048838	6	0.80382507723698	0.956513342233256
ENSG00000100129.18	9.44305494450964	15	0.853236438196198	0.973645194813578
ENSG00000088832.17	6.08785350303515	12	0.911588734864572	0.991983103077628
ENSG00000139496.16	51.005771586184	24	0.0010526632543947	0.0125885294642065
ENSG00000120158.12		12	1	
ENSG00000248932.6	45.2291499893381	24	0.00547216919566918	0.0418530958850227
ENSG00000104760.17		3	1	
ENSG00000212127.6	0.728232093420559	3	0.866544233967516	0.976843836153154
ENSG00000106993.12	8.57576080977287	6	0.198879923276052	0.465264123535243
ENSG00000151849.15	9.17706691325475	9	0.421092643230313	0.708784174878244
ENSG00000174130.12		3	1	
ENSG00000169299.14	13.8306613189015	12	0.31165247103042	0.603082316717777
ENSG00000104723.21	17.6338659038593	18	0.480006059977642	0.759970016621903
ENSG00000168724.17	17.2739344474321	24	0.836745896124585	0.968488080098508
ENSG00000080608.10	5.4333837232698	6	0.489544470737943	0.768618632567677
ENSG00000100284.21		27	1	
ENSG00000147852.16	24.8137382769146	9	0.00318427930140917	0.028841837614692
ENSG00000100150.20	86.8274205185335	57	0.00663792492436485	0.0479469839412376
ENSG00000032389.13	19.7374070622463	18	0.347795863182631	0.640432742483372
ENSG00000205861.13	1.56901624233205	3	0.666435402985528	0.883702600559561
ENSG00000027001.10	11.6615496839131	9	0.233068820120233	0.508111884273202
ENSG00000205885.7	6.16961219681616	12	0.907291543302399	0.990927457228769
ENSG00000163257.11	13.1394100427733	6	0.0408747542316806	0.172100788135736
ENSG00000205903.7	5.12926033009717	3	0.162573097097061	0.415221026268623
ENSG00000162078.11		12	1	
ENSG00000125841.13	29.8347259686343	21	0.0953598156453674	0.302085956716154
ENSG00000151835.16		6	1	
ENSG00000205913.7	5.91382267590234	12	0.920363668351042	0.99446974872662
ENSG00000205918.9	1.5915125860472	3	0.66131581156742	0.880286932100324
ENSG00000102678.7	2.57872477823338	3	0.461231581844828	0.745212107201191
ENSG00000155034.19	2.303669731642	3	0.511818248385876	0.783107841889283
ENSG00000165487.14	33.3924113937974	15	0.00414086193093902	0.0346128277534368
ENSG00000177030.17	30.8092601026274	24	0.159358849375801	0.409980299362442
ENSG00000129493.15	44.2164202584572	15	0.000101704778244663	0.00210365471391189
ENSG00000150459.12	15.4243302596296	15	0.421305604065706	0.708921701593701
ENSG00000205981.8		27	1	
ENSG00000150457.9	1.53416885699335	3	0.674406924001008	0.888680905618073
ENSG00000171421.13	1.80141317623202	3	0.61462746107584	0.851500469829778
ENSG00000180185.11	2.24910820623336	3	0.522340465470964	0.790282648374243
ENSG00000188549.12		15	1	
ENSG00000142082.15	33.339969888737	27	0.186081080706933	0.448603199281456
ENSG00000142207.7		3	1	
ENSG00000150456.11	8.28128886602735	3	0.040542325897576	0.171013382105693
ENSG00000102854.16	20.1415707627457	18	0.324905991524878	0.615458789687237
ENSG00000130997.16	24.4864422197177	12	0.0174529704881331	0.0956184705668049
ENSG00000121741.16		21	1	
ENSG00000121388.6		3	1	
ENSG00000206195.11	27.4078922415647	24	0.285802177914436	0.575435505480915
ENSG00000184702.20	31.7795923081339	27	0.240345616747008	0.517251275763758
ENSG00000206262.9	2.19076001529811	6	0.901344926110527	0.988895481506616
ENSG00000134490.14		27	1	
ENSG00000206344.7	8.28546777779957	9	0.505653693061212	0.780965065125039
ENSG00000183323.13	11.7463312998389	12	0.466261238824566	0.749903492442843
ENSG00000206417.8	1.97846854333739	6	0.921668150451622	0.99446974872662
ENSG00000183624.14		21	1	
ENSG00000206527.10	1.40070350609312	6	0.965815606425254	0.99999999971812
ENSG00000242242.6	12.3609464314999	9	0.193717118944861	0.459113162578079
ENSG00000206562.12	13.0287894005378	21	0.907612215235959	0.990927457228769
ENSG00000206567.10	0.898519335722881	6	0.989168405003699	0.99999999971812
ENSG00000163701.19		12	1	
ENSG00000156990.14	40.5256947573143	39	0.402886574870211	0.693442162939153
ENSG00000156983.16	40.3010263652504	18	0.001898933231457	0.0198408457860814
ENSG00000197885.11	21.4896379413394	18	0.255433321702064	0.538283363759871
ENSG00000214198.8	16.9677723509643	9	0.0492230561820846	0.195231733883886
ENSG00000164074.15	23.8737530965373	15	0.0672686235954907	0.239003386855948
ENSG00000205336.13	101.854242001282	45	2.71347536307241e-06	9.4730851497842e-05
ENSG00000136378.15	9.18998263366518	6	0.163172122387875	0.416010638420894
ENSG00000145388.15	19.3633987738103	9	0.0222742984241942	0.112738148728888
ENSG00000102904.14	34.6715212094853	21	0.0306683872813968	0.140428575610682
ENSG00000111057.11	2.42315897159278	3	0.489338147688184	0.768516859335113
ENSG00000211450.10	10.6904473552859	15	0.774213488763341	0.943375546344087
ENSG00000139567.13	12.0880785080568	9	0.208389293120638	0.478691686353247
ENSG00000197768.10	0.611025380505112	3	0.893903790999896	0.986479350588987
ENSG00000184178.16	3.46028660281627	6	0.749245676621886	0.931002682211226
ENSG00000169758.13	4.98719888521291	3	0.172736908249503	0.430432602797604
ENSG00000106133.18	69.9804744445355	12	3.23007089857636e-10	3.23925443348408e-08
ENSG00000188266.14	1.86551072272914	6	0.931642535611384	0.998326481219489
ENSG00000007202.15	22.484302966659	21	0.372077452955977	0.663370532428334
ENSG00000074356.17	16.9027213180179	18	0.529802624508748	0.795794131969913
ENSG00000205309.14	13.9444214971963	15	0.529748460656718	0.795794131969913
ENSG00000211455.8	40.1972485157676	24	0.020366709970355	0.106074886093056
ENSG00000211456.13	47.7442145013374	27	0.00819893903414152	0.0553577210430585
ENSG00000172795.17	50.4267520315934	24	0.00124916254981829	0.0144055058873633
ENSG00000246705.4	7.545978231763	3	0.0563887692648974	0.212449620924728
ENSG00000204764.14	24.5567750626406	27	0.599285756339256	0.842508796260892
ENSG00000134013.16	23.6987156306859	18	0.165148206953204	0.419061493904564
ENSG00000205423.11		24	1	
ENSG00000204842.18	125.217162854126	84	0.00239221007776722	0.0234517982058623
ENSG00000198780.12	4.73986014755519	9	0.856370174273231	0.974503338818654
ENSG00000144395.18	35.2684024237678	39	0.640804238610004	0.867609074353637
ENSG00000197599.12		6	1	
ENSG00000106105.15	78.8954926079896	39	0.000162542734502472	0.00303957885050418
ENSG00000166450.13		9	1	
ENSG00000105792.19		6	1	
ENSG00000167632.17	13.9113095358121	12	0.30640774091292	0.597813684596127
ENSG00000087152.15	16.019726421473	24	0.887362655337	0.984685680347382
ENSG00000075399.14	57.6227655957573	15	6.43219201747222e-07	2.77615578678158e-05
ENSG00000118058.23		18	1	
ENSG00000170921.15	12.9134084729812	12	0.375365851372117	0.665818063943854
ENSG00000146555.19	12.7340645540247	12	0.388662699894185	0.680639741800801
ENSG00000197608.11		12	1	
ENSG00000168779.19	14.0432531087652	12	0.297954742428959	0.588863827645062
ENSG00000172986.13	2.80338458798644	3	0.422943056637781	0.709860702010422
ENSG00000080200.10	7.21799891001786	3	0.0652646312229149	0.234594029149053
ENSG00000179954.16	13.7763607560053	9	0.130505856736762	0.36488966630854
ENSG00000137815.14	10.0368637733882	12	0.61272649671284	0.850533224979731
ENSG00000168803.16	23.4161839744938	18	0.17509960131422	0.433994141469144
ENSG00000048342.17	24.8699883409354	24	0.412853184431455	0.702630547006794
ENSG00000101680.15	2.86187622023732	3	0.413415018075877	0.703103341638432
ENSG00000146267.12	3.49783131588356	6	0.744258207056729	0.928612135575318
ENSG00000211460.12	37.4687065936851	18	0.00455087066179977	0.0368573681706649
ENSG00000133794.19		36	1	
ENSG00000155275.19		15	1	
ENSG00000144283.22	65.0904768509099	33	0.00071787093532051	0.00955910943926257
ENSG00000143669.14		12	1	
ENSG00000187775.17		15	1	
ENSG00000163945.18		18	1	
ENSG00000090061.17	44.2882706946621	18	0.00052461779889528	0.00745321592347197
ENSG00000203288.4	11.0707935612756	6	0.0862129595278521	0.283925422733548
ENSG00000011275.19	7.37365402315299	9	0.598277534838945	0.842462693028601
ENSG00000133983.16	2.8846389446262	6	0.823180404110049	0.964417606154892
ENSG00000152102.18	3.39317603188465	3	0.334883388952472	0.625683187312498
ENSG00000140104.14	20.2278587421843	18	0.320138560366555	0.611407269228806
ENSG00000068878.15	13.1527974934324	12	0.358033267832272	0.650160403974389
ENSG00000288596.1		12	1	
ENSG00000141376.22		24	1	
ENSG00000212123.4	3.67317187847857	3	0.298987015397646	0.589843429219387
ENSG00000182185.18		24	1	
ENSG00000240356.6		6	1	
ENSG00000178935.5	11.5744254277743	6	0.0721647503712384	0.250567967259809
ENSG00000083828.16	16.7634958646067	15	0.333198142697241	0.623999231352999
ENSG00000131848.9		36	1	
ENSG00000197483.10	3.81765040797654	6	0.701337264825288	0.902160322170256
ENSG00000167646.14	31.0427392106612	18	0.0284612551533567	0.133301363994361
ENSG00000105619.13	4.15086159174098	9	0.901205377476275	0.988895481506616
ENSG00000182986.14	52.9109552365935	33	0.0153892751335937	0.0872115763664985
ENSG00000104960.15	49.7755425559008	39	0.115666722179027	0.339854438783442
ENSG00000126457.21	12.1229094725568	18	0.840827272456237	0.969561864378428
ENSG00000142541.17	6.6115031670779	12	0.882183951595071	0.98323818829488
ENSG00000177614.11	0.361608793972437	3	0.948053875566982	0.99999999971812
ENSG00000176920.13	1.67003011758594	3	0.643617210764349	0.869175542084924
ENSG00000104884.16	32.6480055691463	27	0.208934665203116	0.479463891271348
ENSG00000104892.17		6	1	
ENSG00000163283.7	7.93068455562025	6	0.243225658051599	0.521037749991583
ENSG00000218739.10	25.0493415506135	18	0.123563090554531	0.352559791710543
ENSG00000079246.16	12.6062120411661	18	0.814415465197307	0.960306143343315
ENSG00000245680.11	28.3329320975506	12	0.00494377280814101	0.0390802566108767
ENSG00000186017.14	38.4787623290149	24	0.0309503889453766	0.141015446273885
ENSG00000273018.7	10.6081083450808	18	0.910241020185676	0.991272385746267
ENSG00000130340.16	2.44103206576801	3	0.486042222813346	0.765930312559297
ENSG00000197841.15	22.3364741589739	15	0.099280065502149	0.309739028895134
ENSG00000116030.17	10.9913616651902	15	0.753206487442066	0.932867073501017
ENSG00000141580.16	18.8442901414237	15	0.220876821544376	0.494846284327531
ENSG00000141526.17	5.77220645884518	18	0.997035885891498	0.99999999971812
ENSG00000132341.12	13.638556728838	15	0.553099378301763	0.811365773791587
ENSG00000006016.11	10.4848350977263	9	0.3126779404005	0.603933320816852
ENSG00000170035.16	25.2264061058049	24	0.393542121400849	0.684867423742201
ENSG00000152492.15	22.4101119633306	6	0.00102014352124799	0.0123200095381886
ENSG00000129657.16		33	1	
ENSG00000184986.11		6	1	
ENSG00000170144.20	21.4465626484889	9	0.0108086018164561	0.0676215217006295
ENSG00000135090.14		12	1	
ENSG00000111445.14	27.9213987040639	21	0.142394686708678	0.384518281505562
ENSG00000177954.14	2.3683824390173	3	0.499547356972611	0.777402999311248
ENSG00000136518.17	37.1402805208199	21	0.016220447872504	0.0905671186069014
ENSG00000154265.16	40.7656654620282	27	0.0433710991186996	0.179177291149102
ENSG00000150455.13	26.6704383886217	15	0.0315390805645565	0.143002329386015
ENSG00000134910.14	17.2532988175517	18	0.505759543427522	0.780998078830288
ENSG00000114209.15	33.8642477437315	39	0.702900209727459	0.902921793959837
ENSG00000164889.14	24.2520730048418	21	0.28100585364745	0.569077188073603
ENSG00000256269.10	62.9595395002689	36	0.00357989750844606	0.0312980953964912
ENSG00000196405.13	86.1822972807786	36	5.34025207223263e-06	0.000169119004479466
ENSG00000224043.8		9	1	
ENSG00000219481.10	8.91054176644684	12	0.710551783584024	0.90883587483409
ENSG00000151572.18	2.8202719472215	6	0.831042942558419	0.967827448941947
ENSG00000162836.12	49.0602905779651	21	0.000492216164867336	0.00710811164736454
ENSG00000175066.16	24.5169830402574	33	0.856785180444901	0.974650312585731
ENSG00000141378.15	10.0699948638066	9	0.344848520253374	0.637409112181526
ENSG00000214182.5	11.4525972643464	3	0.00951413363690433	0.0614371259171601
ENSG00000151532.14	17.1795575572796	18	0.510794110156643	0.782955413648155
ENSG00000166323.13		6	1	
ENSG00000166266.14		12	1	
ENSG00000115107.20	6.76335452655076	6	0.343287630357108	0.636024120797475
ENSG00000122783.16	38.0609239634068	21	0.0126783698585243	0.0754872207699915
ENSG00000165948.11	51.9157362917613	27	0.0027140442251754	0.0256817376311926
ENSG00000196954.14		27	1	
ENSG00000243678.12	0.920274625066668	9	0.999600317325858	0.99999999971812
ENSG00000134247.10	2.33005316263916	3	0.506787980169416	0.781479038994808
ENSG00000133640.20		3	1	
ENSG00000172765.17	31.4006507210152	18	0.0258607915564127	0.124660714811756
ENSG00000132004.13	8.98693064928398	6	0.174314417260625	0.432992271529609
ENSG00000187109.15	111.262334367435	42	3.52485936988646e-08	2.12092861732756e-06
ENSG00000056050.7		6	1	
ENSG00000114554.11	7.32995617932465	6	0.291407721580462	0.582189371884092
ENSG00000170500.13		3	1	
ENSG00000221955.10	15.302811181502	15	0.429833128659136	0.716902506612474
ENSG00000144182.17	9.72757805950914	15	0.836517081350328	0.968488080098508
ENSG00000135272.12	10.4084115370224	9	0.318444381553598	0.610336814485994
ENSG00000233175.2	0.708796732233509	3	0.871132944303533	0.977921300184464
ENSG00000230006.7	9.3465386875846	9	0.405919899746819	0.69606455630356
ENSG00000040199.18	14.9043227676843	12	0.246710540652559	0.525379351043791
ENSG00000213337.9	1.66166157597399	3	0.645490665669012	0.869351417923414
ENSG00000168310.11		9	1	
ENSG00000061987.16	20.8576219237602	27	0.792911516335773	0.952009197221381
ENSG00000223705.9	46.9608936820368	21	0.000950568497648983	0.0116838999498315
ENSG00000164117.14		3	1	
ENSG00000137628.17		3	1	
ENSG00000157593.19	9.21843066149449	12	0.684168989733345	0.893433455012014
ENSG00000068120.15	64.1421654863516	21	2.95674631016997e-06	0.000101491805391707
ENSG00000185633.10	18.9698879463633	9	0.0254501519825402	0.123029113719
ENSG00000163541.12	13.5215624865668	12	0.332296972981862	0.622767632215366
ENSG00000173786.17	13.5051959938719	15	0.563337559098812	0.818055067010469
ENSG00000141698.17	96.5549297005637	33	3.79022186095901e-08	2.26726195413741e-06
ENSG00000144824.21	36.0713655171712	30	0.205750130086136	0.474937041474106
ENSG00000240891.8		3	1	
ENSG00000173227.14		18	1	
ENSG00000173599.15	37.8608723483558	30	0.153354478105655	0.400326771589389
ENSG00000170231.16		3	1	
ENSG00000125122.15		9	1	
ENSG00000119636.16		12	1	
ENSG00000114423.23	26.0454201553166	15	0.0375479704330563	0.161717132446204
ENSG00000065911.12	11.9171330305398	15	0.685290333003715	0.893433455012014
ENSG00000114391.13	1.33015041146427	6	0.969969176563835	0.99999999971812
ENSG00000114021.12	16.6979184479424	12	0.161318251358661	0.413433472981689
ENSG00000185551.15	7.14180505544027	9	0.622358195123162	0.856152288304328
ENSG00000173575.22	166.546713262265	30	7.24825618236237e-21	2.64794330319231e-18
ENSG00000109390.13	8.17959721875377	21	0.994335030119541	0.99999999971812
ENSG00000213445.10		21	1	
ENSG00000141741.12	60.5581632678077	12	1.78553645048902e-08	1.17078540718283e-06
ENSG00000170439.7	3.66922861163732	3	0.299467831819386	0.590518384044609
ENSG00000166965.12	29.1899393977074	21	0.109515566638643	0.328825114874121
ENSG00000140553.18	41.3765126756625	27	0.0378778243212505	0.163000532175882
ENSG00000196975.16	18.1954576405988	15	0.252529260110539	0.533550075818058
ENSG00000213462.5	1.99060987102303	6	0.920560181260024	0.99446974872662
ENSG00000100650.16	113.805370718474	33	8.15258851052515e-11	9.26586976379575e-09
ENSG00000005194.15	49.6687340916833	21	0.000405569977421408	0.00617546355510262
ENSG00000166813.15	4.44644778046791	3	0.217117052392341	0.490583400226351
ENSG00000159579.14		27	1	
ENSG00000156697.13	3.23231026843132	9	0.954367956588523	0.99999999971812
ENSG00000115484.15	10.005168025149	6	0.124434551380949	0.353930284198041
ENSG00000125651.14	16.3607117526117	12	0.175267688719988	0.434093320890565
ENSG00000160117.16	14.0081247340828	9	0.12203650888398	0.350157489305534
ENSG00000187193.9	26.9342602312099	6	0.000148971965755138	0.00286635092305272
ENSG00000217801.10	19.2741807735238	12	0.0821230241862161	0.274342395297454
ENSG00000005059.16	9.17638216285559	9	0.421154581572976	0.708784174878244
ENSG00000109475.16	2.51136579085141	6	0.86719349004186	0.976922358376452
ENSG00000166164.16		12	1	
ENSG00000164659.15	44.3078558882098	24	0.00702502907530296	0.0499367772142279
ENSG00000089775.11	5.31860413538379	9	0.805697507720664	0.957198583794968
ENSG00000131242.18	0.933463929726543	3	0.817345594763224	0.960794069483094
ENSG00000163935.14	8.41156752511506	9	0.493260088640134	0.772200405065799
ENSG00000168772.11		6	1	
ENSG00000163938.17	95.1929508460744	18	1.66732818823215e-12	2.49219507196461e-10
ENSG00000015479.20	61.6138960012177	39	0.0119611291663785	0.072268393527989
ENSG00000185670.9	7.14522250758614	6	0.307625774321509	0.598915882286775
ENSG00000140795.13	16.3968466154975	9	0.0590428380362102	0.220017919953513
ENSG00000198720.13	16.5409913159219	21	0.738526770146858	0.926928044008344
ENSG00000227540.1	15.1528316486047	6	0.019100760546011	0.101814319762974
ENSG00000094880.11	23.2222103113745	12	0.025897600512893	0.124779347925757
ENSG00000127948.16	184.324746694183	21	4.26550923508e-28	2.90879293104222e-25
ENSG00000112984.12	13.3136038200464	9	0.148921839519097	0.394438502444548
ENSG00000149476.15	23.9782442596479	36	0.937449650142719	0.999496817939324
ENSG00000132589.16	42.9625329472037	21	0.00317821266662226	0.028841837614692
ENSG00000169752.17	55.0048131471303	30	0.00354547770230803	0.0310768563983794
ENSG00000127957.18		15	1	
ENSG00000197746.14	8.35831943468656	12	0.756539621392048	0.934618814881553
ENSG00000174428.18	19.3726310921811	12	0.0799238589195572	0.269566139187109
ENSG00000107738.20	4.94343402054687	6	0.551088390088509	0.810546708620006
ENSG00000186577.14		24	1	
ENSG00000237190.4	5.86464457039256	3	0.118384507248023	0.343929318730302
ENSG00000115904.13		9	1	
ENSG00000213588.6	7.93876041866588	6	0.242624305184075	0.520403442593395
ENSG00000178401.16	6.22476415108122	6	0.398488799263794	0.689199060795209
ENSG00000110031.13	5.30381442468001	6	0.505477980328993	0.780929506235504
ENSG00000181619.11	3.63228209493292	3	0.304006472561771	0.595496401347062
ENSG00000177335.11		6	1	
ENSG00000149925.22	22.1566712730564	15	0.103761167319762	0.318157368259546
ENSG00000138311.18	0.299978358041471	3	0.960032550524202	0.99999999971812
ENSG00000123444.14	8.08251879877935	15	0.920431786698943	0.99446974872662
ENSG00000099840.14		27	1	
ENSG00000213626.13	14.3273470954748	9	0.111148042472633	0.332145289644335
ENSG00000165449.11	14.5016924264346	3	0.00229602449520865	0.0227798589345192
ENSG00000198039.11	6.14612929516056	6	0.407021415370557	0.697157075992201
ENSG00000025434.19	95.6950737432344	66	0.00987469882719789	0.0631696649802421
ENSG00000106153.13	0.225924480473623	3	0.973299521412322	0.99999999971812
ENSG00000149182.15	73.9196382060982	60	0.106804610750515	0.323800937571729
ENSG00000168175.15	14.724331698053	12	0.25685925997105	0.53984248412654
ENSG00000178252.18		27	1	
ENSG00000151239.14		18	1	
ENSG00000224281.5	1.92189420782893	6	0.92673990845355	0.996676833631703
ENSG00000108448.21	31.731014739722	30	0.380141036090912	0.67030902571521
ENSG00000240445.5	6.63116832264313	6	0.35630632775963	0.648583612138743
ENSG00000130487.9	0.373372910396597	3	0.945686399464402	0.99999999971812
ENSG00000197930.13	16.1044559593793	15	0.375143622143206	0.665634708155693
ENSG00000164051.14	14.6251101050002	12	0.262580885808516	0.547850508179196
ENSG00000128165.9	0.0593738603893144	3	0.99622002306758	0.99999999971812
ENSG00000139132.14		15	1	
ENSG00000151746.15	29.695917213201	24	0.195035360289389	0.46036960885249
ENSG00000149089.13		3	1	
ENSG00000100483.14	13.8247202208404	12	0.312041165973794	0.603426756061688
ENSG00000155097.12	35.5345121553473	12	0.000384766013575047	0.00596329023160478
ENSG00000103353.16	72.0730081301081	18	2.00879704587143e-08	1.30878885237063e-06
ENSG00000002746.15	21.808163085494	18	0.240613571415713	0.517392520918925
ENSG00000187607.16	17.3193351405171	24	0.834726565720354	0.968488080098508
ENSG00000106571.14		6	1	
ENSG00000170946.15		24	1	
ENSG00000204427.12	62.0781857620968	30	0.000512099207005787	0.0073075357768955
ENSG00000113391.19		15	1	
ENSG00000114978.18	35.2329309481465	12	0.00042992958148782	0.00642269353925554
ENSG00000185219.17	7.01299073472501	6	0.319647494360229	0.611366251027306
ENSG00000156170.13	37.2183141937785	39	0.551331836711784	0.810546708620006
ENSG00000213762.12		9	1	
ENSG00000172936.16	11.2987544735215	6	0.0795704226081773	0.268888620039328
ENSG00000111261.14	7.23745689152338	9	0.612411759738463	0.850442559104635
ENSG00000072864.16	43.386772418824	21	0.00280486320171244	0.0263219685232262
ENSG00000166783.22	21.2363072495423	18	0.267659146628111	0.554010263526774
ENSG00000129084.18	37.985595367325	30	0.1501197341947	0.395562870221632
ENSG00000198951.12	13.1336339486625	6	0.0409622356129482	0.172242732560396
ENSG00000187735.14	6.73209012381267	12	0.874798489079621	0.980207442742408
ENSG00000137869.15	42.4736236701319	24	0.0114149913109605	0.0697098185789939
ENSG00000196417.13	4.57639837420629	6	0.59917060238372	0.842462693028601
ENSG00000100167.20	1.03535688057696	9	0.999351608345524	0.99999999971812
ENSG00000144645.14	17.5736226678382	21	0.675803470419861	0.889562951862664
ENSG00000236432.8	16.7667144743222	12	0.158585449992709	0.40891620064921
ENSG00000159921.18		12	1	
ENSG00000081052.13	2.49672075726471	3	0.475884007454727	0.757165579756479
ENSG00000106460.19	10.3921176448421	9	0.319683212870673	0.611366251027306
ENSG00000063169.11	13.4502073644503	9	0.143270331839023	0.386169229086
ENSG00000213889.10	10.5791353035925	12	0.565288683278827	0.81840892563379
ENSG00000115661.14	57.9812138205016	36	0.0115565303995554	0.0702387103131624
ENSG00000219410.6	1.13870406687784	3	0.767739927364112	0.940482710003616
ENSG00000144597.14		6	1	
ENSG00000104814.13		6	1	
ENSG00000140993.11		18	1	
ENSG00000010539.12	16.1899806836755	15	0.369539041600287	0.660264603760582
ENSG00000085644.14	16.8953064212287	18	0.530313872084055	0.795886391329477
ENSG00000167604.14		24	1	
ENSG00000140265.12	3.65660963120172	12	0.988866533121823	0.99999999971812
ENSG00000233822.4	4.49420889363955	6	0.610111900661639	0.849417918717397
ENSG00000132388.12	10.5996840191729	9	0.304149054635394	0.595547603343309
ENSG00000158669.11	27.5432869967262	21	0.15358574909382	0.400670397215171
ENSG00000129535.13	9.019993522812	12	0.701221777761175	0.902125212516546
ENSG00000196639.6	5.69843017676249	6	0.457805296733056	0.741785265370257
ENSG00000213963.6	2.60707012318176	6	0.856297628712207	0.974503338818654
ENSG00000116044.16	49.0573038790972	21	0.000492682682371831	0.00710811164736454
ENSG00000169490.17	20.7144689166307	15	0.146202861143605	0.389861591928555
ENSG00000151881.14	7.22651122840762	15	0.951056604045984	0.99999999971812
ENSG00000091428.18	20.0446588772382	12	0.0662458690206098	0.236684943839266
ENSG00000164849.10	4.5398686679805	9	0.872435745751897	0.978429026572754
ENSG00000078246.17	7.40672303690008	12	0.829607755142344	0.967293941988659
ENSG00000126870.16	2.89380779145631	6	0.822052246489178	0.963977121327273
ENSG00000129460.16	42.7878445340248	18	0.000857354587115811	0.0108484764073189
ENSG00000085788.14	46.6564533481069	42	0.286858104258174	0.576222607489038
ENSG00000157212.19	17.4660828012538	12	0.132889827713132	0.367684622038851
ENSG00000007168.14	50.9762208494503	27	0.00350360379776381	0.030788971861964
ENSG00000250151.9	9.81825668115698	9	0.365397868348708	0.655843971808902
ENSG00000241553.12	49.7961972556514	18	8.10281501412153e-05	0.001771019119219
ENSG00000232807.2	6.14869451793857	6	0.406741197263062	0.697027258636934
ENSG00000099331.13	38.1923256470072	30	0.144873750847331	0.388370446292181
ENSG00000214022.11	79.0305913635239	36	4.61697579315876e-05	0.00110086352886296
ENSG00000137055.15		12	1	
ENSG00000243789.11	2.86415035389655	6	0.825694121681942	0.965922366272253
ENSG00000063854.13	19.9835973456502	21	0.52230043172043	0.790282648374243
ENSG00000152611.12		3	1	
ENSG00000011243.18	29.0830744168634	36	0.786443810740875	0.949319535056456
ENSG00000214087.8	42.7889899106522	33	0.118352383184223	0.343929318730302
ENSG00000177042.14	9.63335523393471	15	0.842147377047979	0.970081702682857
ENSG00000126001.16	59.9182617165425	36	0.00741030484704374	0.0518822780837854
ENSG00000214106.9	11.7453572179317	6	0.0678967161134441	0.240679989028652
ENSG00000135127.11		15	1	
ENSG00000006459.11		6	1	
ENSG00000214114.9	7.10927414442631	6	0.310859780269226	0.602170015111517
ENSG00000099849.15	16.7958799218486	15	0.331212479614062	0.621418278424842
ENSG00000146842.17	16.4459962275723	12	0.171651662646632	0.428772858904127
ENSG00000214140.11		3	1	
ENSG00000257949.7	4.97284925299027	9	0.836668604026585	0.968488080098508
ENSG00000214145.7	12.3293230117684	9	0.195373855693994	0.460683890430159
ENSG00000214146.3		6	1	
ENSG00000142102.16	21.1471220616131	18	0.27205565855144	0.559143526486374
ENSG00000214160.10	39.6757261548337	21	0.00814148559785325	0.0550424693856186
ENSG00000214174.8	2.19088563925516	6	0.901332324215173	0.988895481506616
ENSG00000214176.9	20.6765353781357	12	0.0553225055283138	0.210369482917889
ENSG00000214188.9	1.79806904372765	3	0.615355223659888	0.851870156017998
ENSG00000129472.15	4.92100399054925	6	0.553984240742255	0.812197907202598
ENSG00000214194.9	32.3905276961596	9	0.000170424405054661	0.00314669898791359
ENSG00000108510.10	11.9295596264219	9	0.217309596677555	0.490583400226351
ENSG00000154134.15	30.0666633574419	33	0.61392375349101	0.851040259447018
ENSG00000214212.9	2.61773438262878	3	0.454388959775551	0.739647464917904
ENSG00000131165.16	52.3045913754904	21	0.000172855284441965	0.00316870377160728
ENSG00000196605.7	13.2348325850012	12	0.352205688995296	0.644961901136944
ENSG00000100154.14	13.2130728423535	9	0.153199584336017	0.400173275835832
ENSG00000128563.13	16.6908085169707	15	0.337681342702086	0.629073856473565
ENSG00000170677.6	4.36082829749103	3	0.225045113967275	0.499021563141396
ENSG00000104613.12	42.5147431955629	42	0.448804462191061	0.735001736111489
ENSG00000076984.18	47.0291142008737	18	0.000209603166597289	0.00367128560123917
ENSG00000258818.4	10.2992915977227	6	0.112600938627937	0.334921489161141
ENSG00000166225.8		15	1	
ENSG00000086848.15	25.7096459734021	27	0.534756207078889	0.79912655108984
ENSG00000153815.16	35.610570297893	24	0.0598463942932667	0.221559452488536
ENSG00000214293.9		18	1	
ENSG00000175215.11	32.1014452625968	12	0.00133476711142407	0.0151535325002851
ENSG00000214309.5	7.37771153866402	3	0.0607852356306804	0.223578631882859
ENSG00000204677.13	5.91968321593834	3	0.115583870791896	0.339743509865031
ENSG00000088247.17	10.2515692494344	21	0.975457189614688	0.99999999971812
ENSG00000131871.15	12.5990046854713	12	0.398847312165173	0.689506364059076
ENSG00000168802.14	27.6924434662651	21	0.14909149015959	0.394544942146461
ENSG00000073969.18	6.36635305468371	9	0.702765633996834	0.902921793959837
ENSG00000138867.16	23.9896639852959	21	0.29355961263217	0.584547649915217
ENSG00000154359.13		15	1	
ENSG00000184939.16	52.8513185730863	39	0.0684793131577107	0.242073169861511
ENSG00000214401.4		6	1	
ENSG00000214413.9		24	1	
ENSG00000272391.6	14.4852620767706	15	0.489089113989455	0.768375448778703
ENSG00000161647.19	12.8430989869885	18	0.800808485758684	0.955668860211808
ENSG00000160183.17	15.4836532742956	15	0.417171924342629	0.705496149693571
ENSG00000214510.10		6	1	
ENSG00000177082.13	73.5229491918872	42	0.0018743311609238	0.0196641368667585
ENSG00000138069.18	16.4654488886154	9	0.0577754067121263	0.216716037865178
ENSG00000144747.17	26.6501415560333	12	0.00867440900133384	0.0576433546983898
ENSG00000115464.15	35.6846697625006	33	0.343275751104349	0.636024120797475
ENSG00000084207.18	1.53558854246512	3	0.674081203906602	0.888680905618073
ENSG00000237651.6	16.9774489963638	12	0.150447574632798	0.396190149847938
ENSG00000111371.16	24.0148608984164	21	0.292339032330688	0.583366360068398
ENSG00000115970.18	25.1022715538711	24	0.400220134895586	0.69071229287109
ENSG00000104885.18	28.323083258113	12	0.00496028312691309	0.0391502593404275
ENSG00000214655.11		45	1	
ENSG00000185686.18	42.0867472662794	21	0.00410336323007458	0.0344043462954368
ENSG00000041880.14	21.5377371690483	18	0.253155978191495	0.534431471843109
ENSG00000214694.11	2.95278683997844	6	0.81474884439903	0.960477806771658
ENSG00000119471.15	7.5224166319058	12	0.821250829640156	0.96325819704038
ENSG00000236200.6		18	1	
ENSG00000090238.12	16.104396561288	15	0.375147530796517	0.665634708155693
ENSG00000168061.17	12.6363159188768	12	0.396019295927736	0.686590064075391
ENSG00000214719.13		12	1	
ENSG00000250462.8	9.82956657293403	6	0.13201526836572	0.366650369946999
ENSG00000184743.13	66.2350142010946	9	8.29284184922722e-11	9.32170101931266e-09
ENSG00000214736.7	3.11596002103761	3	0.374089670889283	0.664564648059478
ENSG00000204839.9	17.9470358483352	12	0.117308184132375	0.342611372611526
ENSG00000214756.8	11.4537852513022	9	0.245881263118317	0.524300949299237
ENSG00000145723.17	18.5746512215774	12	0.0993235191415472	0.309750084542343
ENSG00000257267.3	3.53700212716376	9	0.939166686317925	0.99999999971812
ENSG00000164096.13	0.821727540025677	3	0.844263344046688	0.970988278193566
ENSG00000228157.4	2.81569226075881	3	0.420923202128072	0.708673209512181
ENSG00000113356.13	8.60329912783709	15	0.897330030640974	0.987703719079781
ENSG00000214860.5		3	1	
ENSG00000091542.9	10.7417737626129	3	0.013207381536548	0.0775981078330553
ENSG00000186487.20	21.8599574887558	9	0.0093335660680665	0.0605409304440407
ENSG00000214900.11	1.16400889944063	3	0.761648764174096	0.937195381779962
ENSG00000214922.9	4.22281484121686	6	0.646552027605417	0.869864617963411
ENSG00000214941.8	80.8934227423633	39	9.33098042340303e-05	0.00198021989109937
ENSG00000205670.12	24.3959811717068	15	0.0586669684640734	0.219176194455444
ENSG00000183808.11	34.660053376494	15	0.00274823592937531	0.0258617344264766
ENSG00000060749.16	7.3123387632204	12	0.83630162956036	0.968488080098508
ENSG00000243927.6	5.25149168503413	6	0.511985590602581	0.783176402912189
ENSG00000092148.13	37.0966694012641	36	0.418228484763729	0.706533306465431
ENSG00000177054.14	4.81648164716535	6	0.567557171933595	0.81976028123535
ENSG00000100445.17	54.8270065272809	45	0.149644354346121	0.395155438737093
ENSG00000103222.19	9.47369442970376	9	0.394744794056524	0.685306479787239
ENSG00000215021.9	36.2707542396383	18	0.00651320531087453	0.0474417814242614
ENSG00000231890.8		24	1	
ENSG00000206560.11	49.3278814635523	30	0.0145504783737271	0.0835223587457098
ENSG00000215039.7	39.1007847857375	6	6.83927156435431e-07	2.90285928762574e-05
ENSG00000095015.6	2.19788673201714	3	0.532364739047076	0.797299987659231
ENSG00000215067.10	8.10940131109419	21	0.994663006983091	0.99999999971812
ENSG00000215068.8	21.6987960042584	21	0.417041503762771	0.705496149693571
ENSG00000215114.10	14.5502727373732	9	0.104053285488186	0.318766414273332
ENSG00000089486.17		15	1	
ENSG00000180626.10	3.43881003857496	6	0.752092155977373	0.93253550206012
ENSG00000008513.16	18.8052844629956	21	0.597629386651303	0.842375691084078
ENSG00000168137.18	91.9893446408969	54	0.000973447929037687	0.0118965338902348
ENSG00000215190.9	4.82686526800171	12	0.963513006417291	0.99999999971812
ENSG00000215196.5	7.24519984406288	9	0.611607203027742	0.850050411536874
ENSG00000073614.13		15	1	
ENSG00000067900.8	30.6925963345411	15	0.00965506695848186	0.0619583939261675
ENSG00000185201.16	2.59948609798448	6	0.857171658082288	0.974898172411733
ENSG00000157796.18	44.0104069812151	39	0.267794415681566	0.554133817471909
ENSG00000215256.4	16.2461787583816	24	0.87898584092128	0.982497238879313
ENSG00000174007.8	2.09590767630505	3	0.552741111871543	0.81119065452318
ENSG00000103148.17	30.3454510092779	21	0.0852628810088075	0.281703491550094
ENSG00000215301.11	65.3419191861176	48	0.0485470191012093	0.193453661681666
ENSG00000215302.8	0.953240559982873	3	0.812564261713644	0.959782890654604
ENSG00000182798.10		3	1	
ENSG00000250305.9	49.8752838500141	15	1.26193794280505e-05	0.000357572388281243
ENSG00000215375.6	17.1794473530381	18	0.51080164390173	0.782955413648155
ENSG00000215386.13		42	1	
ENSG00000160305.18		33	1	
ENSG00000215417.13	9.06861844770083	6	0.169755636748096	0.426075122497559
ENSG00000198832.10	12.1405023205152	9	0.205503876089431	0.47472880499521
ENSG00000183570.16		15	1	
ENSG00000223768.2	1.83453444933048	6	0.934269968689697	0.998604755457358
ENSG00000100031.19	60.7282779305388	42	0.0306880161718818	0.140428575610682
ENSG00000141639.12	1.55853180776739	6	0.955512117566192	0.99999999971812
ENSG00000159256.13		9	1	
ENSG00000215644.10	2.26318975265929	3	0.519609427718433	0.788511256072304
ENSG00000185122.11	39.2639745168126	30	0.11992422802936	0.346135702176162
ENSG00000221978.12	115.697070281778	42	8.22372135030414e-09	6.00860326373293e-07
ENSG00000251503.8	7.21829158066134	9	0.614403626562801	0.851474691249274
ENSG00000215808.4	25.7912520924997	15	0.040274910365724	0.17037719525682
ENSG00000162601.11		21	1	
ENSG00000132763.15	5.84545097838964	3	0.119376309579739	0.345236152301709
ENSG00000055070.17	6.09700535367301	15	0.978071802996184	0.99999999971812
ENSG00000128908.17	12.169790824807	12	0.432141725706693	0.718764726444558
ENSG00000162994.16	39.8047692480304	27	0.0534313234057221	0.205934064475181
ENSG00000099957.16	16.6483541724156	15	0.340316587095345	0.632333665300094
ENSG00000082898.17	62.0541486137809	39	0.0108608524970993	0.0677825870609084
ENSG00000250479.9	3.50092775904341	6	0.743846256981526	0.928612135575318
ENSG00000216895.9	18.4323239900687	9	0.0304764950389351	0.139795546077698
ENSG00000223361.5	0.017942407471196	3	0.999364225080155	0.99999999971812
ENSG00000153310.19	52.6210200970381	42	0.126135827500315	0.357012556585702
ENSG00000227345.8	17.0837886002646	15	0.313880246223944	0.605121032144318
ENSG00000100379.17	26.3392348379621	18	0.0922506275311839	0.296087753064474
ENSG00000183579.16	12.7420941732003	3	0.00522887320673396	0.0406721391454974
ENSG00000138081.21	15.5412643041927	18	0.624528436377089	0.857029967225818
ENSG00000108883.13	31.9739564254269	27	0.233050152491352	0.508111884273202
ENSG00000152689.18	10.8453055155544	12	0.542220564491612	0.804988991899086
ENSG00000100003.18	34.9416645513702	21	0.0286540638700524	0.133836721153774
ENSG00000152700.14		18	1	
ENSG00000181588.16	1.51655733228472	3	0.678454212961598	0.8908223989053
ENSG00000109472.14		3	1	
ENSG00000217442.4		3	1	
ENSG00000100068.13	17.6518604725741	9	0.039434262294342	0.16779245799036
ENSG00000171877.21		9	1	
ENSG00000049323.16	6.21193733464315	15	0.975963517360168	0.99999999971812
ENSG00000111886.11		3	1	
ENSG00000106443.17	33.3813848198188	33	0.448732384166389	0.735001370318333
ENSG00000114933.16	1.48912585538631	3	0.684782341911641	0.893433455012014
ENSG00000220201.7	13.5415549458953	6	0.0351982317362423	0.153930189153494
ENSG00000159761.15		9	1	
ENSG00000220785.7	5.26766607629907	6	0.509969516036508	0.782955413648155
ENSG00000171863.15	6.63961268262938	12	0.880482255146768	0.982915310258243
ENSG00000133193.12	10.3212853600453	9	0.325106934486486	0.615504204760282
ENSG00000151718.16	35.2594539797701	21	0.0264380949928771	0.126549028395948
ENSG00000196204.12	36.478992352284	30	0.192811435233188	0.458429792540922
ENSG00000163510.14	2.61594939860788	3	0.454700269828224	0.739801027528696
ENSG00000218510.8	31.0821902793286	21	0.0723009274105754	0.250870483881539
ENSG00000160007.19	13.5011492792783	9	0.141209613223302	0.382226285700226
ENSG00000243989.9	85.338554958842	51	0.00182943294728481	0.0192523349977123
ENSG00000105889.15		9	1	
ENSG00000286070.2	4.29769459938689	3	0.231061002247138	0.505242195807176
ENSG00000257135.7	0.869988623811395	3	0.83266352993698	0.968079343145764
ENSG00000243244.7	9.0321833526034	6	0.171776175843142	0.428979126635619
ENSG00000164880.16	39.0205618942055	15	0.000636335903851475	0.00877197872738871
ENSG00000239282.8		9	1	
ENSG00000100242.15	31.8816727872982	27	0.236494952326622	0.511980289386035
ENSG00000057935.14		27	1	
ENSG00000169762.17	19.6254085725577	24	0.717866604632678	0.913997697135632
ENSG00000104805.16	6.13655476365238	12	0.909042382112063	0.990927457228769
ENSG00000164199.18		3	1	
ENSG00000196465.10	54.2989729464462	24	0.00038879961182796	0.00598950486353645
ENSG00000100109.17	60.2461112738674	33	0.00259753030019585	0.0249017220625148
ENSG00000229036.7	42.860114088995	18	0.000837467967607389	0.01070807480082
ENSG00000176624.12	1.43659916606703	3	0.696978551373428	0.899040807313846
ENSG00000260081.2	11.2584560504347	12	0.506908494037615	0.781479038994808
ENSG00000115977.19	3.33926669558878	12	0.992637813706431	0.99999999971812
ENSG00000176623.12	53.344891438981	39	0.0626672185012227	0.228276231389349
ENSG00000185340.15	12.9795633874128	24	0.966456038489038	0.99999999971812
ENSG00000219545.11	14.6727204168164	15	0.475238460362629	0.756609215727522
ENSG00000242028.8	3.04834912445222	6	0.802754505980989	0.955922682384113
ENSG00000100288.20	41.7126182855463	27	0.0351258568884309	0.153679379859606
ENSG00000087095.13	8.04683337926326	9	0.529433523524113	0.795794131969913
ENSG00000204406.14	40.8441082201434	33	0.163831871574696	0.417080086268648
ENSG00000216490.4	5.48670511983801	6	0.48306502627679	0.763532107411926
ENSG00000183671.12	22.0866532690034	9	0.0086083679934107	0.0573802697912467
ENSG00000132031.13		3	1	
ENSG00000066044.15	3.49711515624949	6	0.744353471753748	0.928612135575318
ENSG00000061455.11	0.375922997715037	3	0.945170075011894	0.99999999971812
ENSG00000064547.14	12.1848353653786	12	0.430951840607262	0.717832010677689
ENSG00000236782.7	1.2730547106699	3	0.735541227581964	0.925215348860785
ENSG00000108375.13	18.9619371016636	6	0.00422840060664552	0.0352193665443095
ENSG00000188739.15	30.0172818364081	24	0.184179674888991	0.445805464846069
ENSG00000169220.18	11.415242411982	18	0.875912526481426	0.980393601446415
ENSG00000221909.3	0.513793453600101	3	0.915850766668791	0.993779968944554
ENSG00000221886.4	7.36430395031198	3	0.0611495117907747	0.224353786265364
ENSG00000221990.4		3	1	
ENSG00000197653.16	0.253885469904844	3	0.968454451286407	0.99999999971812
ENSG00000115275.14	59.6908916096363	39	0.0180624536270073	0.0976952511020646
ENSG00000256053.9	67.8583394049056	21	7.71462405047617e-07	3.22093426172738e-05
ENSG00000071189.21	32.1151256372868	18	0.0213070679427059	0.109248119291197
ENSG00000181350.12	1.96810412485684	3	0.57905313520275	0.82863005721334
ENSG00000180336.18		3	1	
ENSG00000164904.18	37.9306998981629	30	0.151536968775618	0.397762179719571
ENSG00000148218.16		21	1	
ENSG00000170417.16	21.4451265397156	21	0.432064502413745	0.718764726444558
ENSG00000213999.17	27.7452292456662	9	0.00105197203180595	0.0125885294642065
ENSG00000222011.9	8.76524176861949	15	0.889468752205298	0.985525982052426
ENSG00000243449.6	3.88357969763456	3	0.274312942351273	0.561485677614702
ENSG00000115594.12		3	1	
ENSG00000228300.14	6.26189464493655	9	0.713447538445371	0.910183944968533
ENSG00000222009.8	14.3531819809389	12	0.278725549670536	0.566365444493427
ENSG00000160949.17	4.11807031900207	3	0.248993681124386	0.528633533462296
ENSG00000197191.6	2.89628167774799	3	0.407894483567902	0.697951266713963
ENSG00000282907.1	1.88170700507101	3	0.597317966976192	0.842321691255262
ENSG00000267060.6	10.5110232757265	9	0.310718679016409	0.602170015111517
ENSG00000222020.3	9.66448415052344	3	0.0216443965957594	0.110369158912274
ENSG00000127526.15		21	1	
ENSG00000185269.12	6.82988307355163	6	0.33686656954759	0.628382548688615
ENSG00000115233.12	1.33990691973304	3	0.719679296456597	0.915394121295017
ENSG00000132405.19	3.25048004410201	9	0.953530866381867	0.99999999971812
ENSG00000122591.12	20.4977370386605	12	0.0582370691875564	0.218093070806877
ENSG00000222019.7		9	1	
ENSG00000176407.18	1.05468735710019	9	0.999300790989398	0.99999999971812
ENSG00000178199.14	0.169458664670628	3	0.982362251374363	0.99999999971812
ENSG00000169221.14	20.228788992812	18	0.320087396429382	0.611407269228806
ENSG00000231742.6		21	1	
ENSG00000183604.14	4.40739303099417	6	0.621722720321096	0.855939337146704
ENSG00000234494.7	1.48922877260054	6	0.960206841867936	0.99999999971812
ENSG00000232442.1	1.71515098330565	3	0.633570655228438	0.862725536785369
ENSG00000230387.4		3	1	
ENSG00000226950.8	3.439135754772	9	0.944318634519058	0.99999999971812
ENSG00000232388.5	1.05501353243017	3	0.787943559775481	0.949785035852913
ENSG00000223745.8	81.0416360879517	42	0.000280310582390712	0.00466227145898308
ENSG00000115568.15	13.9842940490316	12	0.301712356996801	0.592779234089168
ENSG00000231170.7		6	1	
ENSG00000223572.10		3	1	
ENSG00000113282.14	62.5200779963634	24	2.7919366432102e-05	0.000717555776969777
ENSG00000136279.21	35.4342702546564	30	0.227182494216486	0.501153705702057
ENSG00000130600.19	18.5588321374671	24	0.775089440163427	0.94430560784084
ENSG00000178665.16	21.1464586804441	12	0.0482764877001628	0.192823191208499
ENSG00000179869.15	8.16981196117467	12	0.771723303774791	0.942312039953253
ENSG00000234741.8	92.9344788820017	39	2.69291703202778e-06	9.46879495991975e-05
ENSG00000229891.2	17.4854421775344	12	0.132230809525518	0.366654635575095
ENSG00000228274.4		9	1	
ENSG00000179406.8	30.3112436147931	27	0.300351770955599	0.591850946851248
ENSG00000204261.9	36.5417345313172	18	0.00600954807230708	0.0449162222958812
ENSG00000237491.10	41.6704039760934	30	0.0763528622993275	0.261208504501612
ENSG00000204054.14	120.526232945093	81	0.0028995000640763	0.0269627146867605
ENSG00000180229.12	43.8844280444791	36	0.172018090881774	0.429268858655688
ENSG00000224424.8		12	1	
ENSG00000083099.11	17.2486348617531	15	0.304219599006557	0.595571727892455
ENSG00000233327.11		3	1	
ENSG00000248643.5	8.81331663102901	9	0.454682285507778	0.739801027528696
ENSG00000236829.9	3.61590158622982	3	0.306038249167678	0.597645141415841
ENSG00000231609.7		3	1	
ENSG00000230091.6		3	1	
ENSG00000232931.6		24	1	
ENSG00000283154.2	22.3304973720733	18	0.217642072492253	0.490690050589212
ENSG00000224216.1		3	1	
ENSG00000067601.8	1.5926740626137	3	0.661052065433769	0.88022670884171
ENSG00000228705.2	29.3216137203635	18	0.0445874042571301	0.182385321683066
ENSG00000105281.12	11.7093840871967	9	0.230193037342247	0.504385651633066
ENSG00000234745.11	4.82803084143961	12	0.963477402363861	0.99999999971812
ENSG00000234546.4		6	1	
ENSG00000070371.16	45.0421411914613	30	0.0382546462560974	0.163870718446697
ENSG00000231074.9		48	1	
ENSG00000235092.6	12.050398657273	15	0.67521031625926	0.889239902795928
ENSG00000183283.16	24.7651986090932	15	0.0531870079119773	0.205147022598649
ENSG00000232677.9	28.8684121379683	24	0.225122521648725	0.499085018193499
ENSG00000234072.1	3.87024391520254	6	0.694230733186778	0.898756155479929
ENSG00000232295.7	17.5044261707641	9	0.0413783266574584	0.173395699868555
ENSG00000105063.19		12	1	
ENSG00000212719.13	48.5536152363275	12	2.50304761336528e-06	8.98374527618016e-05
ENSG00000136045.12	8.86243550878862	9	0.45006841937883	0.735893520112861
ENSG00000225518.3	14.6930164617997	9	0.0997208330984815	0.310606320355659
ENSG00000228878.8	2.57573840650593	3	0.461758801906753	0.745618807836836
ENSG00000227764.2	24.7939358595704	18	0.130698360010273	0.36488966630854
ENSG00000163882.9	45.4154502665333	27	0.0146936479398581	0.0841552770306877
ENSG00000241769.7	45.7359570159229	27	0.013580863656118	0.0794274753221446
ENSG00000237232.9	8.17596577105087	6	0.225493042566521	0.499473437075128
ENSG00000230185.5	4.00170577983124	6	0.676445564000454	0.889956051548595
ENSG00000255104.8		3	1	
ENSG00000231871.5		3	1	
ENSG00000013374.16	14.4015338963945	18	0.702565696355404	0.902832224625556
ENSG00000232294.6	1.57548605326491	3	0.664960876802881	0.882673865665282
ENSG00000225265.2	10.9430880333011	12	0.533802266349837	0.798643898082178
ENSG00000235703.6	61.8954423275861	24	3.43296151211572e-05	0.000856482031888578
ENSG00000234327.8	22.591489858838	9	0.00718196306463851	0.0507000001298739
ENSG00000233639.7	14.3850000750335	18	0.703670790855569	0.903457828500265
ENSG00000184203.8	14.7644070235547	9	0.0976139328314429	0.30591082075148
ENSG00000224032.7	11.2570332806499	12	0.507028842955646	0.781479038994808
ENSG00000226419.8	36.2691273663368	18	0.00651634596745403	0.0474417814242614
ENSG00000231419.6	1.30007132762194	6	0.971653768768302	0.99999999971812
ENSG00000189423.13	3.23145631046327	6	0.779286030425091	0.946517398450236
ENSG00000236423.6	0.178885856941861	3	0.98092364020101	0.99999999971812
ENSG00000224597.10	26.2797516314859	24	0.339124520872224	0.630744946782154
ENSG00000237883.2	4.96568839706424	9	0.837288967638271	0.968488080098508
ENSG00000176124.15	39.0980529628214	12	0.000101389828457223	0.00210365471391189
ENSG00000142396.10	27.3351639263346	18	0.0729201155378498	0.252590539057455
ENSG00000231365.6	38.5566224654576	21	0.011082459406586	0.0686551146637099
ENSG00000232732.11		6	1	
ENSG00000254995.4	0.284128866215326	3	0.962985242138937	0.99999999971812
ENSG00000269335.5	17.441677832423	21	0.684009978199074	0.893433455012014
ENSG00000017483.15		3	1	
ENSG00000229043.3	12.9600241316748	12	0.371952995431957	0.663303206114624
ENSG00000196756.13	200.050212348258	114	1.14545069363851e-06	4.64952981953505e-05
ENSG00000236287.8	19.7081288434274	15	0.183417394976415	0.444989483084615
ENSG00000205593.12	2.2274562618361	6	0.89763617325663	0.987834364307915
ENSG00000232973.13		27	1	
ENSG00000236830.7	29.2020460282474	18	0.04596499575993	0.185637832979233
ENSG00000206140.11		9	1	
ENSG00000144589.22		30	1	
ENSG00000236859.7	27.007826119655	21	0.170594281935139	0.427279360899739
ENSG00000233237.8		21	1	
ENSG00000224189.8		6	1	
ENSG00000224660.2	19.2518210474436	6	0.00375882351458881	0.0324915628731905
ENSG00000242125.3	11.2720995916898	3	0.0103419488542832	0.065452165776675
ENSG00000233321.2		3	1	
ENSG00000226688.7		48	1	
ENSG00000226287.8		18	1	
ENSG00000145012.13		6	1	
ENSG00000176209.12	23.8655894540898	18	0.159480797785322	0.41019086762536
ENSG00000229656.7	3.48671838184515	3	0.322488791996856	0.613666032899492
ENSG00000224078.15	175.169017711109	75	5.45033127049145e-10	5.30966081579591e-08
ENSG00000230373.8	1.05352746862849	3	0.78830288822244	0.949882229193938
ENSG00000214135.8	7.88261799826432	9	0.546017517711655	0.807345069192327
ENSG00000225470.8	154.217248759756	78	6.14623891541566e-07	2.68674691734132e-05
ENSG00000233016.7	45.6039519909537	9	7.13202558304913e-07	3.01460701194254e-05
ENSG00000215183.5		3	1	
ENSG00000242294.6	14.5730064193776	12	0.265621674754051	0.552020339508165
ENSG00000227855.3	5.98523703304412	3	0.112330688757918	0.334622189035432
ENSG00000228109.1		6	1	
ENSG00000130429.15	26.8860734294867	24	0.309791590725881	0.601077369200555
ENSG00000234753.5	4.60906279589835	3	0.202766006331325	0.470672236272883
ENSG00000251192.7	11.1868180675287	9	0.263120621701184	0.548423045942817
ENSG00000213742.7	9.0320682000654	9	0.434319292486139	0.720507953752954
ENSG00000237438.7	9.91944236523977	6	0.128085726642479	0.360238905093737
ENSG00000162923.16	29.3179519512596	18	0.0446290409788558	0.182385321683066
ENSG00000223773.7		6	1	
ENSG00000223773.7_PAR_Y		6	1	
ENSG00000227375.6		6	1	
ENSG00000186056.10	23.7651501553233	9	0.00468846002013988	0.0375554091981291
ENSG00000144426.18	52.1661516909999	21	0.000180872815648197	0.0032745982854255
ENSG00000075624.17	4.65613543149084	12	0.968490013920839	0.99999999971812
ENSG00000281404.2	6.00327233274558	3	0.111451127485939	0.332662265262234
ENSG00000242086.8	129.142980040007	84	0.00113714706119458	0.0133699738953556
ENSG00000156162.16	16.6069874252862	18	0.550263357035846	0.810505938597378
ENSG00000215424.10		21	1	
ENSG00000225377.6	14.9272460325947	9	0.092953887239216	0.297442473076734
ENSG00000214706.10	38.3863049043139	30	0.140081163632931	0.380668864955255
ENSG00000227543.5	11.5612781845065	6	0.0725030436220172	0.251401231596479
ENSG00000223749.11	18.0213350884642	18	0.454247930467493	0.739535585031352
ENSG00000228192.8	19.7560913876914	12	0.0718428669518051	0.249944382732068
ENSG00000133835.17	50.1194991713856	36	0.0591300073129559	0.220182324282572
ENSG00000237943.7		6	1	
ENSG00000099949.21	37.7080252034975	45	0.771333972331318	0.942312039953253
ENSG00000205356.10	42.5829172938175	24	0.0110946235740651	0.0686551146637099
ENSG00000203879.12	66.4561932407378	27	3.53917206994526e-05	0.000874449060470293
ENSG00000233223.3	20.3617518778847	12	0.0605448795675222	0.223095667541853
ENSG00000244038.11	2.0794287212193	3	0.556085670813659	0.814017969014607
ENSG00000235374.2	9.9265813254051	6	0.12777808337537	0.359670339803705
ENSG00000160953.16	36.2463461569278	39	0.596159356021138	0.841517656318769
ENSG00000223820.5	22.8403892993815	6	0.000851737017209918	0.0108286385114887
ENSG00000151651.16		6	1	
ENSG00000223960.7		42	1	
ENSG00000237773.7	15.7220230686339	9	0.0729183260891366	0.252590539057455
ENSG00000136485.15	29.0230446153219	3	2.21459795726422e-06	8.1193987472601e-05
ENSG00000228794.10		45	1	
ENSG00000234545.8	36.4479773507846	21	0.0194619270074377	0.103094796146598
ENSG00000236081.1	0.658247439234401	3	0.882977791765693	0.98323818829488
ENSG00000178234.13	32.2069572398468	24	0.121942952383143	0.350085450442651
ENSG00000233806.7	12.6798557236113	6	0.0484111298958802	0.193210084941459
ENSG00000223711.1		3	1	
ENSG00000236540.7	13.4859513501575	6	0.0359362497562422	0.156102991940419
ENSG00000212766.9	9.76960988225051	6	0.1346955727757	0.370775299763895
ENSG00000237126.8	5.14618757092165	3	0.161400254357582	0.413464363091337
ENSG00000237298.10	77.3198763708333	63	0.105918002852499	0.322421378584538
ENSG00000152117.17	1.32616312541359	3	0.722929957653732	0.917361436154327
ENSG00000234678.2	0.393776153548515	3	0.94152517385652	0.99999999971812
ENSG00000225828.1	12.8409322107568	6	0.0456326609810754	0.185081875168684
ENSG00000228649.9	44.2198824316092	30	0.0455475747540466	0.185030239141836
ENSG00000238273.3	0.214435355909529	3	0.97522596922305	0.99999999971812
ENSG00000228727.9		3	1	
ENSG00000225648.5	7.74721378401591	12	0.804559663366403	0.956513342233256
ENSG00000127990.19	73.2806451985671	48	0.0108567854812303	0.0677825870609084
ENSG00000226237.2	1.0550350336166	3	0.787938360915672	0.949785035852913
ENSG00000108799.13	47.2716290342705	27	0.00924849910474168	0.0602566225110845
ENSG00000115556.14		12	1	
ENSG00000272140.2	3.44317323928243	3	0.328207494381672	0.61918746957398
ENSG00000181315.11	36.7220509985182	12	0.00024780413512069	0.00418973305479263
ENSG00000273066.5	0.507706401986297	3	0.917195116008159	0.993779968944554
ENSG00000226696.6	9.68930573295256	9	0.376218163006707	0.666840337791649
ENSG00000188681.11	1.7034385772206	3	0.636169591959639	0.864345882183304
ENSG00000226803.9		12	1	
ENSG00000225205.5	7.2201647094567	6	0.300965684328247	0.591992776572724
ENSG00000243960.1		3	1	
ENSG00000220804.8	14.0378908270027	15	0.522657358124133	0.790282648374243
ENSG00000140320.12	18.2642391197478	9	0.0322287533754394	0.145292163189674
ENSG00000224934.5	7.88888702429586	9	0.545381451389198	0.807221366844176
ENSG00000225953.3	15.0807252623936	6	0.0196380612473612	0.103520853012939
ENSG00000241990.5	11.2509475932311	6	0.0809234073730441	0.271665747954994
ENSG00000237940.3		6	1	
ENSG00000236753.7		24	1	
ENSG00000233461.6	33.7343179254931	30	0.291578674581863	0.582417157254028
ENSG00000244560.7	13.1842297621311	15	0.588070529052504	0.836049123235312
ENSG00000092203.15	23.648287747601	24	0.481849661176199	0.762152494846349
ENSG00000238121.6	21.5987382309772	9	0.0102414997343511	0.0650685098029055
ENSG00000229980.5	8.52439359199661	3	0.0363305750573327	0.157535164163398
ENSG00000231431.7	0.548068870539623	3	0.908210858880934	0.990927457228769
ENSG00000198673.10	6.9802590911774	6	0.322676689949509	0.613666032899492
ENSG00000012171.20	47.5620175942604	30	0.0219135996271296	0.11124278440988
ENSG00000230262.8	0.940978114688676	3	0.815529253630785	0.960591399352504
ENSG00000233215.6	9.86103870186602	6	0.130627282045251	0.36488966630854
ENSG00000233184.7		30	1	
ENSG00000232537.2		9	1	
ENSG00000223546.7		12	1	
ENSG00000234945.8		9	1	
ENSG00000187186.15	23.5716192320979	12	0.023246958225948	0.116098856846656
ENSG00000242282.6	12.400570782054	9	0.191657193792072	0.456877519295993
ENSG00000234127.9		18	1	
ENSG00000243406.6	5.81819102664372	6	0.443861719874557	0.729818124686511
ENSG00000088888.18	1.19632221148777	3	0.75388653178969	0.933028735438446
ENSG00000226124.7		9	1	
ENSG00000160796.18	44.2308417658896	39	0.260286311336829	0.544917863009502
ENSG00000227533.6	4.08083970395023	6	0.665737426414128	0.883246191282765
ENSG00000187017.17		15	1	
ENSG00000236404.10	3.03961130973843	3	0.385558121468855	0.677176171789993
ENSG00000179304.16	17.1260223972367	15	0.311386780090683	0.602682189886016
ENSG00000162267.12	8.55693524034325	6	0.200071332642169	0.466605030003819
ENSG00000139651.11	30.5219483370893	9	0.000357427395867931	0.00561616717716292
ENSG00000266967.7	102.44743737924	54	7.70638629324739e-05	0.00169523925577694
ENSG00000104299.15		21	1	
ENSG00000231721.7	38.7386774981387	36	0.347121793580284	0.639824686917252
ENSG00000226853.3	2.94927538289176	6	0.81518586977071	0.960550197199008
ENSG00000244625.7	18.5019873749934	18	0.423072736130544	0.709860702010422
ENSG00000233927.5	0.430826131254435	3	0.93380344118326	0.998542890098018
ENSG00000227775.3		9	1	
ENSG00000223784.2	5.23740302364195	6	0.513744857476087	0.784694064076884
ENSG00000188338.15	8.69303975366262	6	0.191591401262694	0.456827143010746
ENSG00000128512.23		6	1	
ENSG00000264522.6	0.0193066634960815	3	0.999290641785651	0.99999999971812
ENSG00000272578.5		12	1	
ENSG00000119446.14	9.88490894374445	6	0.129583176305763	0.363052947255999
ENSG00000227082.3	13.5459686710451	12	0.33063581111702	0.62094187134929
ENSG00000214432.9		3	1	
ENSG00000121671.12	9.59463916840195	9	0.384286187520515	0.675754411577677
ENSG00000233098.9	3.89180821143418	3	0.273386377940852	0.560570289223986
ENSG00000163866.9	9.35033098541317	9	0.40558399005555	0.695804089609955
ENSG00000228288.7		9	1	
ENSG00000233937.7	35.4296285744968	12	0.000399921931461901	0.00613313558759189
ENSG00000237037.9		12	1	
ENSG00000248538.8		6	1	
ENSG00000138399.18	48.3598641309218	21	0.000614148980604191	0.00855605754177638
ENSG00000235954.7		48	1	
ENSG00000185250.16		3	1	
ENSG00000224177.8	14.2617082734814	9	0.113315558777701	0.336069832049031
ENSG00000189077.11	63.6592805679684	30	0.000324718249534512	0.00520618021079706
ENSG00000100092.24	7.13237237840218	6	0.30877887569269	0.600246887012643
ENSG00000239883.8	1.6431007447427	6	0.949428908965013	0.99999999971812
ENSG00000113141.18	9.27077178261243	6	0.158912925528887	0.409141785863323
ENSG00000212978.6		6	1	
ENSG00000233230.1		3	1	
ENSG00000225733.6	23.4394865150571	21	0.321000873343208	0.612368133798522
ENSG00000227372.12		57	1	
ENSG00000196081.10		3	1	
ENSG00000272419.6	8.90465879682779	9	0.446121243883926	0.732248748987272
ENSG00000180694.14	0.936432270816567	3	0.816628137345448	0.960794069483094
ENSG00000230798.5	7.39507067106501	6	0.285850450717947	0.575435505480915
ENSG00000272734.1	13.2744908924851	9	0.150574092957026	0.396249651879964
ENSG00000226471.6	18.0738430286604	6	0.00605028327736708	0.0451410267280728
ENSG00000149177.13	14.6373978690335	9	0.101389782267208	0.313823130922805
ENSG00000238227.8	14.3332581378018	9	0.110954626223481	0.331955212529975
ENSG00000011007.12	12.7569955830186	9	0.173913746739638	0.432311959999941
ENSG00000243144.7	9.30769610214247	9	0.409369640547023	0.699539267149264
ENSG00000227252.2	5.23529794876708	3	0.155356338862679	0.403814614064276
ENSG00000232070.9	7.13852540140624	6	0.308226330096029	0.599514571316273
ENSG00000123154.12	64.994312029844	24	1.2195641813431e-05	0.000350419157611196
ENSG00000238005.4		15	1	
ENSG00000205485.13	1.74909148930556	3	0.626075344684777	0.858028219947282
ENSG00000236104.3	1.18147306272476	3	0.757451179602398	0.935206332271417
ENSG00000100784.12	12.7427326866725	9	0.174597029133387	0.433168326705169
ENSG00000226266.6		3	1	
ENSG00000237550.5	0.198127242969349	3	0.97789105715102	0.99999999971812
ENSG00000224870.7		21	1	
ENSG00000230590.11	79.0915377048023	63	0.0829898766726719	0.276245834196147
ENSG00000126464.14	0.732321005939411	3	0.865576660944779	0.976332843609126
ENSG00000237094.12	58.8409380675676	21	1.90972592449587e-05	0.000523715455272607
ENSG00000169246.16		30	1	
ENSG00000266028.7	16.2135423628388	27	0.948754162980981	0.99999999971812
ENSG00000234585.6	4.1037156364639	3	0.250480311830788	0.530976123300178
ENSG00000196466.10		3	1	
ENSG00000109854.13	27.2044215855422	15	0.0271142642561277	0.128940868933487
ENSG00000233276.6	26.3123159841634	6	0.00019470440211797	0.003453424901413
ENSG00000088970.16	12.2728024898388	18	0.832837835534532	0.968079343145764
ENSG00000099810.21	43.9378943759075	27	0.0209853026962447	0.107922906626389
ENSG00000224023.10	7.46205181635219	6	0.280219887933159	0.568523488281397
ENSG00000232445.2	0.746267748378159	3	0.862271042652101	0.975574659361612
ENSG00000224687.2		6	1	
ENSG00000231770.6	7.27974747658118	6	0.295749363927436	0.586510322530775
ENSG00000254806.5		3	1	
ENSG00000104375.17		24	1	
ENSG00000285230.2	8.64724416151512	12	0.732728475191717	0.923210188685182
ENSG00000237819.5		6	1	
ENSG00000147535.17	43.2584233363523	30	0.0555900343586994	0.210916343269709
ENSG00000225484.7	31.6939144116732	45	0.933033645562451	0.998326481219489
ENSG00000250900.6		3	1	
ENSG00000236017.8		9	1	
ENSG00000236017.8_PAR_Y	13.5017694801059	9	0.14118467985485	0.382226285700226
ENSG00000141665.13		6	1	
ENSG00000121716.20	36.0339795115433	27	0.114558389841675	0.338382260955962
ENSG00000233656.2	3.09951869060177	3	0.37653441044834	0.667017930489392
ENSG00000230658.2	4.3365265529095	3	0.227343506022473	0.501292675814588
ENSG00000154822.18		6	1	
ENSG00000239665.8	92.8091272226047	57	0.00191372479105432	0.0199343084396076
ENSG00000104343.21	18.5587296009307	12	0.0997487190012673	0.310606320355659
ENSG00000250303.4	11.2200860035905	12	0.510157452524426	0.782955413648155
ENSG00000204044.6	2.52076071613664	3	0.471550838104141	0.753760487794988
ENSG00000244558.6		6	1	
ENSG00000224843.8	11.8861703078946	12	0.454864285375065	0.739832529035068
ENSG00000225921.7	4.53777527008788	6	0.604305602631877	0.846108331576611
ENSG00000272333.7	22.7691901959497	21	0.356407125215747	0.648583612138743
ENSG00000139428.12	17.7017999249074	21	0.667789059377109	0.884705904464247
ENSG00000235897.1	8.03819732430554	6	0.235318212177539	0.510454563841586
ENSG00000228242.6	22.2585111040917	18	0.220710048827564	0.494663253605862
ENSG00000231290.6	30.0104712400118	9	0.000436925571025322	0.006505548276591
ENSG00000254087.8	8.84104157070124	6	0.182717115744459	0.443946170296929
ENSG00000236255.2	1.13023147985439	6	0.980190512433245	0.99999999971812
ENSG00000170653.19	22.6917366069829	12	0.0304599593612838	0.139782379679934
ENSG00000232656.8	3.34152022692706	3	0.341905483774339	0.634230914296832
ENSG00000211454.15	2.86485398819673	3	0.412934767983149	0.702630547006794
ENSG00000233483.3	8.88703186875245	3	0.0308311834404751	0.14084384935825
ENSG00000142188.17	18.7331967919008	18	0.408423100675597	0.698585898347712
ENSG00000180537.13	20.4269195269444	12	0.0594289186361251	0.220695945621178
ENSG00000253304.2		3	1	
ENSG00000227946.1	3.48716392775623	3	0.322430736253992	0.613666032899492
ENSG00000103342.13	8.09322171233362	12	0.777803631903145	0.946147383843176
ENSG00000139620.13	105.308993545063	33	1.76370373462268e-09	1.6107969197728e-07
ENSG00000229692.3	1.59162041840983	3	0.661291322778559	0.880286932100324
ENSG00000231889.7		18	1	
ENSG00000225826.2	20.4970144208228	12	0.0582491220495051	0.218093070806877
ENSG00000135976.20	18.5399855080395	15	0.235341061988163	0.510454563841586
ENSG00000225096.3		3	1	
ENSG00000214870.9	7.93600391359826	3	0.0473529940078228	0.190398496739788
ENSG00000229388.1	3.55350152736224	3	0.313889157938973	0.605121032144318
ENSG00000229950.1	1.30122675227358	3	0.728841792404201	0.921092499938543
ENSG00000223797.6		9	1	
ENSG00000022976.15		27	1	
ENSG00000230102.8		6	1	
ENSG00000230438.7		18	1	
ENSG00000245556.3	1.64297467539291	3	0.64968532737374	0.872301214566729
ENSG00000224397.7	4.23895986189476	6	0.644374039473903	0.869175542084924
ENSG00000228315.12	46.8881126441884	21	0.000972227844153065	0.0118958356672748
ENSG00000224616.3	6.99654511928759	6	0.321166822730403	0.612386749844553
ENSG00000229852.4	7.14680359131285	12	0.8477615364667	0.972635107805232
ENSG00000204520.14	46.8313985294371	18	0.000224130054322585	0.00385315348851381
ENSG00000231028.9	3.3082399158601	6	0.769282655305137	0.941379624490519
ENSG00000227671.4	11.3808300166638	9	0.250505226141493	0.530976123300178
ENSG00000090534.20	9.48387211293425	6	0.148138079761437	0.393320151771201
ENSG00000231711.2	7.79161824333187	6	0.253770904133182	0.535552419719067
ENSG00000273032.3	12.4824372541912	12	0.407752442467742	0.697824951313792
ENSG00000232451.2	5.16623878759458	3	0.160021268515297	0.411086779632892
ENSG00000258388.7	26.0939447128621	15	0.0370467499896461	0.160165344735456
ENSG00000240498.9	91.3040406103246	57	0.00264282066953603	0.0252648716155926
ENSG00000228302.2	1.15615016770045	3	0.763539356682584	0.938280163323661
ENSG00000230844.3	2.03402805468431	3	0.565374178046611	0.81840892563379
ENSG00000167110.18	83.0216874932812	27	1.30524306519073e-07	6.77732554001827e-06
ENSG00000232860.8		3	1	
ENSG00000144959.11		9	1	
ENSG00000115760.14	23.7335363073817	27	0.645052418150105	0.869175542084924
ENSG00000224165.6		3	1	
ENSG00000235944.8	9.13510492331352	12	0.691349406435346	0.897056982410079
ENSG00000228624.7	8.01239383180496	12	0.784161100960424	0.948198438007496
ENSG00000171130.18	12.1872575105226	15	0.664803340514583	0.882579282300282
ENSG00000184220.12	8.16462666536972	9	0.517644857672256	0.787733171167712
ENSG00000211448.13		15	1	
ENSG00000237686.7	9.40561883237388	6	0.152018416259749	0.398310976533057
ENSG00000241489.8	4.91107683270775	3	0.178425545623222	0.437533739157032
ENSG00000285679.2	2.0710676493286	3	0.557788113755068	0.815087802228656
ENSG00000239332.6	8.83751706939734	3	0.0315310378204868	0.143002329386015
ENSG00000214783.9	0.36662201477543	3	0.947047920919279	0.99999999971812
ENSG00000148541.13		18	1	
ENSG00000232940.6	8.40148782175311	9	0.494246078421519	0.7729162454376
ENSG00000166595.12	0.502957720018458	3	0.918241134622388	0.993846944710836
ENSG00000169714.17	38.5659533874132	21	0.0110542927468485	0.068613082832229
ENSG00000231064.7	12.5507155054411	12	0.402523581769341	0.692933981474013
ENSG00000234617.2	1.72873378776501	3	0.630564624829347	0.860371773406783
ENSG00000237765.8	51.9364154877694	36	0.0416252669981525	0.173999908805935
ENSG00000239322.1		3	1	
ENSG00000122778.10	2.06537587680896	3	0.558949154533006	0.815619244182328
ENSG00000249790.3		6	1	
ENSG00000237523.2	8.24089032790562	9	0.510064549201144	0.782955413648155
ENSG00000243317.8	3.27045875899785	3	0.351775444206333	0.644667805314542
ENSG00000221817.10	12.0872399101063	12	0.438698979498385	0.725420604799383
ENSG00000167378.8	7.3011415730914	6	0.29389334592871	0.584553021031054
ENSG00000116127.19		24	1	
ENSG00000233901.6		21	1	
ENSG00000231672.8		6	1	
ENSG00000242753.2	1.37944829945234	3	0.710359155968857	0.90883587483409
ENSG00000153363.13	53.2232366227145	39	0.0640595776640728	0.231706301246747
ENSG00000184465.16	77.0448486387249	48	0.00491826292549517	0.0389307899342717
ENSG00000229931.1		3	1	
ENSG00000230061.2	4.4407432195344	3	0.217637150315019	0.490690050589212
ENSG00000235750.10		15	1	
ENSG00000236088.10	54.6311558440939	33	0.0103450697615488	0.065452165776675
ENSG00000161888.11	12.2916776683524	12	0.42254813220298	0.709728217455547
ENSG00000185189.18	33.9081163846313	27	0.168734692058666	0.424597088577637
ENSG00000225439.3	11.8744373952022	12	0.455815781633732	0.740853103411146
ENSG00000131747.15	14.5698737846105	6	0.0238793219918315	0.11811488619654
ENSG00000213347.10	38.5823363979507	18	0.00324117401740788	0.029107962268714
ENSG00000087087.20	37.3207095282996	48	0.867311280296683	0.976922358376452
ENSG00000237036.5	36.1030315746602	24	0.0536367854564187	0.206313825620322
ENSG00000228801.6	9.80350996713923	9	0.366625273963124	0.657009447681989
ENSG00000236499.2	4.38348952607521	3	0.222921183079104	0.496464354826074
ENSG00000224271.7	72.4653671970618	30	2.252814385907e-05	0.000601672019672133
ENSG00000143429.10	6.08231695495419	9	0.73165222394532	0.922478811627842
ENSG00000169136.12	32.4675471137962	9	0.000165263446835562	0.00307359963214721
ENSG00000238058.2		3	1	
ENSG00000089335.21	56.952233269767	27	0.000652212022823851	0.00891908660623686
ENSG00000174353.17	54.0660106969845	15	2.560904066947e-06	9.15926143384645e-05
ENSG00000185946.16	39.5619107867533	18	0.00239355531595662	0.0234517982058623
ENSG00000184319.16	12.9666769028336	24	0.966666431134882	0.99999999971812
ENSG00000171316.12	42.6196832527685	24	0.0109887401197171	0.0684206556655648
ENSG00000224259.7	1.43452665690469	3	0.69746182055116	0.899323958454282
ENSG00000256546.2	38.1787632259002	15	0.00084899601392874	0.0108149193355879
ENSG00000237732.9	14.8374320952514	6	0.0215595201115671	0.110159086306089
ENSG00000111361.13	35.380716153697	6	3.63598262624892e-06	0.000119975697690001
ENSG00000228412.9	5.76647416424171	9	0.763043909274236	0.938091361541809
ENSG00000235590.7		6	1	
ENSG00000132912.13	15.9418805130008	24	0.89016238840188	0.985797338910489
ENSG00000237054.9		3	1	
ENSG00000019485.13	19.8741713130057	15	0.176812956725175	0.436127256894578
ENSG00000234062.8	0.951887889011402	3	0.812891378369585	0.959836766633093
ENSG00000238113.7		3	1	
ENSG00000126005.17	6.57727972460998	6	0.361713013204435	0.653357303914562
ENSG00000102221.14	6.08232402888098	6	0.414031615595997	0.703318310798216
ENSG00000225806.8	6.11673120665	9	0.728180875585226	0.920712259129948
ENSG00000257108.2		3	1	
ENSG00000228630.5	13.7599399210158	12	0.316300120091518	0.608144405535481
ENSG00000065054.14	14.6991188261018	18	0.682512549794177	0.893080384049419
ENSG00000101246.20	51.2193388444866	36	0.047906616320183	0.191795216571097
ENSG00000189157.14	5.31247507780876	6	0.504404813812398	0.78030152651865
ENSG00000185904.12	2.11957023878284	3	0.547963728310049	0.808936495437076
ENSG00000241015.2	11.0085291277032	3	0.0116798446460048	0.0707779211398005
ENSG00000153721.19	4.23492868240919	6	0.644917761422888	0.869175542084924
ENSG00000233885.7		6	1	
ENSG00000265972.6	12.6881445876015	9	0.177232496171904	0.436579498476393
ENSG00000228782.7	5.51769047084054	6	0.479321154724518	0.759562523884911
ENSG00000237605.2		3	1	
ENSG00000168026.18		15	1	
ENSG00000235034.7	2.0372627526931	3	0.564708812853788	0.81840892563379
ENSG00000197603.15	46.8038914619156	36	0.107255168191049	0.324878032403389
ENSG00000232907.8	15.5298161740128	6	0.0165129498997748	0.0917994372417371
ENSG00000225975.7	8.99262252994799	9	0.437955475248635	0.724425381034652
ENSG00000246334.2	4.23937180643543	6	0.644318480218535	0.869175542084924
ENSG00000233429.9	21.9297846267436	12	0.0383143368036338	0.164050795799234
ENSG00000243649.9	58.0033729870356	33	0.00457902965805469	0.036997546897505
ENSG00000224842.2	2.77963657161237	3	0.426863079682303	0.71334462376577
ENSG00000164181.14	16.1138424587147	9	0.0645419839159144	0.23303916465792
ENSG00000225062.1	1.9030549993347	3	0.592769705473313	0.838605745924907
ENSG00000272763.1		3	1	
ENSG00000235453.10	8.66269346138506	9	0.468974749991914	0.751667614802145
ENSG00000160352.16	23.3006285635238	18	0.17930042488193	0.438761543180278
ENSG00000227617.9	1.66933181542936	3	0.643773418875489	0.869175542084924
ENSG00000237356.7	10.9145522280796	9	0.281611475012829	0.569852379407761
ENSG00000233791.5		3	1	
ENSG00000224389.9	32.1962473240928	24	0.12220024873504	0.35030777144904
ENSG00000104522.16	33.3384920888202	27	0.18612785418208	0.448610231015198
ENSG00000250506.7	4.90014572638484	3	0.179256698846454	0.438761543180278
ENSG00000237149.5	10.4400950531362	9	0.316044921378357	0.607793364984249
ENSG00000237441.10	31.6351946350878	27	0.245864545512836	0.524300949299237
ENSG00000225032.5	0.488551873112556	3	0.921399220010036	0.99446974872662
ENSG00000228889.7	30.4961767040713	15	0.0102528790982273	0.0651003726230707
ENSG00000231551.8	2.83305419582396	3	0.418087473878464	0.706411755913909
ENSG00000186908.14		30	1	
ENSG00000237840.6		3	1	
ENSG00000233554.6		3	1	
ENSG00000226328.7	4.301185191679	6	0.635989568914514	0.864293516729981
ENSG00000230454.1		6	1	
ENSG00000196922.10	6.80786762690423	15	0.962763499947046	0.99999999971812
ENSG00000239467.6	9.93813386090596	9	0.355516837592646	0.64796560637082
ENSG00000225335.3	3.1572529799646	6	0.788866933241725	0.950337988473631
ENSG00000277072.5	16.9234377343837	15	0.323461883743936	0.61417944756317
ENSG00000231925.12	22.4381469299115	18	0.213112257482174	0.485682015080641
ENSG00000228395.2	5.73435672227527	6	0.453595707361338	0.73906188126778
ENSG00000234171.3	2.64869069443375	6	0.851469761392051	0.97324297283525
ENSG00000263002.8	0.239034522732027	3	0.971054585709006	0.99999999971812
ENSG00000225264.3		6	1	
ENSG00000152217.19	0.797862903584445	3	0.849978130139154	0.972890596639728
ENSG00000197024.9		3	1	
ENSG00000237380.7	13.8403150476297	6	0.031471697446449	0.142886814549368
ENSG00000233967.7	9.2951509111092	6	0.157646725104132	0.407403408775455
ENSG00000108592.17	30.472797850598	21	0.0828908320022046	0.276095838668366
ENSG00000232995.7	39.9375760698113	24	0.021719218703645	0.110585310164054
ENSG00000213468.7	82.1870399766704	42	0.000206914055995738	0.00363663896697665
ENSG00000274391.4		3	1	
ENSG00000244055.2		3	1	
ENSG00000129932.10		9	1	
ENSG00000118894.15	12.6108482108066	21	0.921642102801011	0.99446974872662
ENSG00000152475.7		3	1	
ENSG00000230530.2	6.52426265571648	3	0.0887105402439484	0.288803346962237
ENSG00000119559.17		30	1	
ENSG00000236810.6	3.42990207118237	9	0.944791600713245	0.99999999971812
ENSG00000231584.8	6.04671919897601	9	0.735233476975195	0.925055748582936
ENSG00000224470.8	8.38728561913922	6	0.211080196146171	0.482385908931167
ENSG00000234948.2		24	1	
ENSG00000212694.8	47.9026964262594	21	0.000708934170055696	0.00949586377739658
ENSG00000226833.6	3.62344108326988	6	0.727480509799062	0.920281738156642
ENSG00000241370.6	14.1166846641572	21	0.86453517574866	0.975837921777794
ENSG00000285077.2	37.212286179657	9	2.41187159117926e-05	0.000639145971662504
ENSG00000225177.6	21.900356668436	12	0.0386518705157793	0.165219382994529
ENSG00000180178.11	28.5111641455181	6	7.52608305152151e-05	0.00166272793809964
ENSG00000228486.10		12	1	
ENSG00000234608.8	47.9127478319642	27	0.00785225550136126	0.0536544565954739
ENSG00000229180.7	28.8893003046651	15	0.0166207314994358	0.092122002846036
ENSG00000226824.7	10.1564316473487	9	0.337970338251252	0.629415837134822
ENSG00000023697.13	16.2821111836311	15	0.363554201234452	0.654082468359796
ENSG00000234476.3	27.1517510616895	21	0.165886496396278	0.419909173877142
ENSG00000234705.2		3	1	
ENSG00000226383.7		3	1	
ENSG00000285085.1	1.84788945901028	3	0.604569509973704	0.846108331576611
ENSG00000224905.7		6	1	
ENSG00000236155.6	0.190289271233652	3	0.979141505805295	0.99999999971812
ENSG00000237649.8	4.66964143133373	6	0.586826542432449	0.834512540322747
ENSG00000224596.8	0.691204633911298	3	0.875270732598953	0.980390679533342
ENSG00000244731.8	37.324504612101	27	0.0891680204597938	0.289518305446679
ENSG00000114062.22	45.2776590571084	45	0.460363338869802	0.744567765765185
ENSG00000236078.2		3	1	
ENSG00000285219.2	23.8101120289455	18	0.161347778291417	0.413433472981689
ENSG00000178440.7	7.01157612530278	6	0.319777972419233	0.611366251027306
ENSG00000133657.16	30.1113764105612	21	0.0897726664104023	0.29051918338298
ENSG00000223697.3		3	1	
ENSG00000159882.13	14.6827242000994	9	0.100027846316507	0.310809489663289
ENSG00000237886.1	3.63537606620776	3	0.30362405956099	0.594975192576508
ENSG00000177788.6	9.8527479538252	6	0.13099166389923	0.365298181577216
ENSG00000233221.7	6.96806481740623	6	0.323810655864144	0.614600433376823
ENSG00000227398.4	0.288099163474271	3	0.962250943897227	0.99999999971812
ENSG00000262919.8	2.25958984656245	9	0.986666249091085	0.99999999971812
ENSG00000277147.6	28.3586805201421	15	0.01942868711834	0.103078859197873
ENSG00000225077.3	3.29739882743888	6	0.77070015857729	0.942212492182037
ENSG00000223802.7	21.3577787488418	9	0.0111531501123355	0.0687262484934216
ENSG00000114480.13	3.52900161434172	9	0.939597372039337	0.99999999971812
ENSG00000224945.1	0.983026380756655	3	0.805358976397559	0.957018699996588
ENSG00000230426.4		6	1	
ENSG00000233101.10	46.2224677164909	9	5.47565538331352e-07	2.43523821373539e-05
ENSG00000214331.8	11.3147003636195	12	0.502158670276972	0.779508325676634
ENSG00000230513.2	6.81654207597785	9	0.656213252290722	0.876865494145238
ENSG00000168016.15		6	1	
ENSG00000228570.7	6.68534045402606	3	0.0826328251022847	0.275775258718196
ENSG00000228474.6	0.672527825110592	3	0.879645858089205	0.982754288628881
ENSG00000225339.4		6	1	
ENSG00000231764.10	9.00032231246098	6	0.173559945095902	0.431747246689198
ENSG00000224790.3	1.74013578036397	3	0.62804786487848	0.859269529045203
ENSG00000214796.8	4.24140580300582	6	0.644044163135307	0.869175542084924
ENSG00000221983.8	9.77357212686911	6	0.134516974255511	0.370483072067749
ENSG00000231187.3		6	1	
ENSG00000225190.11		24	1	
ENSG00000167258.15	26.6529035017265	21	0.182639463829191	0.443946170296929
ENSG00000100888.15	89.1547975926369	45	9.77414371262154e-05	0.00204040236808991
ENSG00000248235.6		6	1	
ENSG00000230606.11		15	1	
ENSG00000229848.1		3	1	
ENSG00000162496.9	11.0842051315503	9	0.26998125272859	0.556669670260178
ENSG00000078319.10	72.3417015433588	51	0.0262854816054069	0.126048176865607
ENSG00000284874.1	1.81324240198933	3	0.612057489352004	0.850181431094737
ENSG00000272808.4	0.587736479967134	3	0.89923399748079	0.988827226710016
ENSG00000237499.7	36.3692449262089	15	0.00156329545764388	0.017157670854334
ENSG00000265590.10	0.951746448263293	6	0.987375518064095	0.99999999971812
ENSG00000224877.4	21.5271654019889	9	0.0105046004761895	0.0660833691703213
ENSG00000236700.6		12	1	
ENSG00000144659.13	1.43503425676681	6	0.963692627859796	0.99999999971812
ENSG00000272645.3	9.50312877751276	3	0.0232980987763368	0.116195149869892
ENSG00000165121.11	3.07891924267005	3	0.379616711779664	0.670139614388528
ENSG00000230615.7	72.4553679353376	42	0.00242058476621057	0.0236035858661276
ENSG00000198001.14	26.7835471385229	18	0.0831457886010949	0.27667477931054
ENSG00000254929.6	11.8185621198189	3	0.00803125172105205	0.0544411357552296
ENSG00000232485.3	2.90506608744636	6	0.820664293296409	0.962901474664943
ENSG00000174485.16	9.87937257175054	12	0.626542452671318	0.858296872689824
ENSG00000227742.2	1.13801426219288	3	0.76790610948775	0.940482710003616
ENSG00000227388.3	17.3400423865705	9	0.0436497140747256	0.179821918266705
ENSG00000226562.4	14.3977218437522	18	0.702820578306516	0.902921793959837
ENSG00000263001.6	53.9133315572544	33	0.0122292522576182	0.0734113975018641
ENSG00000111671.9	6.7434252419589	6	0.345228227444963	0.637540989083685
ENSG00000228701.2	8.95471541898382	6	0.176140907436524	0.435102868054969
ENSG00000204685.7	6.70143640287324	9	0.668172104010317	0.884823038686368
ENSG00000226953.8	12.690167603374	9	0.177134249150834	0.436579498476393
ENSG00000145191.15	101.315530286505	33	7.24532342192432e-09	5.48980839132325e-07
ENSG00000237361.3	11.0845151132328	6	0.0857992485097614	0.283109842905274
ENSG00000184305.15	0.261319641455941	3	0.967131101703353	0.99999999971812
ENSG00000235106.10	25.247556789549	6	0.000307228445706824	0.00499572646545755
ENSG00000205746.9	5.44198461058295	9	0.794204195742429	0.952521165877339
ENSG00000136143.16	33.8891562456047	33	0.424468267630049	0.711085147328492
ENSG00000235437.8	62.9025059611013	27	0.000108480114590916	0.00221928618430095
ENSG00000111752.11	27.7009908253385	12	0.00611682011088362	0.0455379954134023
ENSG00000249700.9		3	1	
ENSG00000178607.16	33.1737757974279	6	9.70858574184037e-06	0.000287020588304292
ENSG00000248275.2	21.3618976340094	12	0.0453256316776286	0.184314797475476
ENSG00000224046.2	3.31989851168237	3	0.344882730888633	0.637409112181526
ENSG00000134516.18	14.8412013946411	12	0.250235827202885	0.530720022832448
ENSG00000213689.14	30.835372575435	12	0.00208710923286188	0.0211376637058854
ENSG00000256646.7	0.882558035645161	3	0.829634785458462	0.967293941988659
ENSG00000257103.8		18	1	
ENSG00000189114.8	10.8625658381052	6	0.0927180111973453	0.297028667878999
ENSG00000228436.3	23.3095034203757	9	0.0055373926402848	0.0422071455420814
ENSG00000236682.2	3.36127466038306	3	0.339205000708635	0.630744946782154
ENSG00000233203.6		3	1	
ENSG00000234129.8	14.7275808407744	6	0.0224847033269712	0.113576568971827
ENSG00000149262.17	17.6555644858599	24	0.819390278353701	0.962030277226608
ENSG00000235387.5	1.67306812744664	3	0.642937871817372	0.869117416521726
ENSG00000230989.7	0.749086959345732	6	0.993369825291902	0.99999999971812
ENSG00000229299.2		3	1	
ENSG00000196118.12	35.0999650596277	33	0.368830235368366	0.659574209367661
ENSG00000228696.10	48.5291566518972	15	2.08862774078945e-05	0.00056520034816231
ENSG00000228748.2	4.40990992343723	6	0.62138540995134	0.855939337146704
ENSG00000274020.4		15	1	
ENSG00000285280.2		3	1	
ENSG00000230084.6	4.07095475864327	3	0.253903528209429	0.535721780126702
ENSG00000228409.6	2.03048687411047	6	0.916873468034212	0.993779968944554
ENSG00000236778.8	2.49761986409249	6	0.868733945461799	0.977008562063921
ENSG00000111490.15	0.303457489451375	3	0.959376913712981	0.99999999971812
ENSG00000175203.16	38.1243648722884	30	0.146582486117255	0.390263469675533
ENSG00000230583.7	0.294872639655409	3	0.960989896436784	0.99999999971812
ENSG00000112787.13	14.8549871479263	18	0.671899055743027	0.88727800686747
ENSG00000178386.13	5.86989429036782	6	0.437921461126424	0.724425381034652
ENSG00000102878.17	99.6848695856534	54	0.000154536217928637	0.00292190568057676
ENSG00000242082.2	15.6763012374209	3	0.00132109765853886	0.0150484498320646
ENSG00000223891.6	31.7982577124576	24	0.132074852801813	0.366650369946999
ENSG00000180747.15	25.5998994417023	15	0.0424444447107026	0.176815767307962
ENSG00000164142.16	6.55824640223261	6	0.36363636130468	0.654082468359796
ENSG00000237595.5	16.2476911266465	12	0.180152930735355	0.439998670606336
ENSG00000235706.8	22.3644384208455	15	0.0985980917535605	0.308051276892844
ENSG00000132361.17	124.466717126743	36	1.13472481020236e-11	1.45088751044499e-09
ENSG00000230337.1	2.69535555272114	3	0.441017146621845	0.727255262420579
ENSG00000226496.3	0.929532404688814	3	0.818295739345217	0.961114607619959
ENSG00000225163.4	13.3382157873601	3	0.00395945916770979	0.0335831739854921
ENSG00000233593.10		9	1	
ENSG00000166912.17		15	1	
ENSG00000168461.13		15	1	
ENSG00000234420.7	6.54875329260949	9	0.683985667535623	0.893433455012014
ENSG00000197948.11	33.1289029682994	27	0.192849270509039	0.458429792540922
ENSG00000055163.20	54.6286854582895	33	0.0103510682236394	0.065452165776675
ENSG00000229167.2	4.59289524857303	3	0.204152411106473	0.472781302514855
ENSG00000204514.10	10.983935855445	9	0.276811661122473	0.564382396177353
ENSG00000169855.20		21	1	
ENSG00000250067.12	8.27888743294534	6	0.218375028502604	0.49125976832046
ENSG00000225434.3		3	1	
ENSG00000166289.6	7.70797651871908	9	0.563821817822364	0.818188872775709
ENSG00000102901.13	43.3614499140022	27	0.0240424060907425	0.11857751779277
ENSG00000173678.14		3	1	
ENSG00000235172.8	17.695313085565	12	0.125259905768778	0.355577589860964
ENSG00000178917.16	1.41855960162729	6	0.964719685537713	0.99999999971812
ENSG00000227403.2	5.81785607911024	6	0.443900360130029	0.729818124686511
ENSG00000175772.11		3	1	
ENSG00000225973.4	4.72312715549379	6	0.579782307201982	0.829221647143326
ENSG00000272410.5	2.73971189344604	3	0.433520803749459	0.719650162537035
ENSG00000229124.7		3	1	
ENSG00000225614.4	2.18694544814343	3	0.534524286105176	0.79912655108984
ENSG00000254996.5	8.38853604953329	6	0.210997242504709	0.482385908931167
ENSG00000227630.4	0.794946801592403	3	0.850675306236558	0.973012068116251
ENSG00000230487.8	10.7436787322313	9	0.293688476360203	0.584553021031054
ENSG00000214654.8	2.65950900887765	6	0.850206354597795	0.973009711476935
ENSG00000203706.8	1.63168060345924	6	0.950272827877665	0.99999999971812
ENSG00000227258.6	24.0148994370193	12	0.0202463212094669	0.105555361698082
ENSG00000175573.7	16.0105540789082	6	0.0136974317198379	0.0800634451784126
ENSG00000232112.3	0.327531484421343	3	0.954770053754127	0.99999999971812
ENSG00000100744.15	7.89459345271916	6	0.245927847760068	0.524300949299237
ENSG00000225793.3		12	1	
ENSG00000224287.2		3	1	
ENSG00000232956.9	78.658121937915	21	1.35164911261096e-08	9.27920723013256e-07
ENSG00000241106.8		3	1	
ENSG00000234996.4	6.23033362784412	3	0.100926196585259	0.31281362459232
ENSG00000236548.2	2.34602059490395	3	0.503761955075191	0.779863925361675
ENSG00000206145.8	3.51746467515943	3	0.31850406519857	0.610336845806702
ENSG00000137601.17	12.1750379421173	9	0.20362043946445	0.47186984034478
ENSG00000235530.7	6.28212267784272	6	0.392339900283166	0.683851678786281
ENSG00000268043.7	3.57228901212557	9	0.937246962622499	0.999496817939324
ENSG00000228716.7	52.9823702397698	15	3.882093946202e-06	0.000126868814618851
ENSG00000223393.2	0.764824032844786	3	0.857860809891193	0.974898172411733
ENSG00000130751.10		6	1	
ENSG00000258315.5	29.2505333638619	24	0.210844410489481	0.482209312856416
ENSG00000196214.11	13.8415438112861	9	0.128074518365197	0.360238905093737
ENSG00000240288.8	0.997687091482192	3	0.80181161280122	0.955922682384113
ENSG00000224914.4	17.9944695034355	12	0.115858548958702	0.340159901635639
ENSG00000231500.7	3.800691280514	6	0.703627039625309	0.903457828500265
ENSG00000227071.1		3	1	
ENSG00000238197.6	2.86892072955084	6	0.825109753056267	0.965791013160837
ENSG00000062822.15	51.4717189936491	30	0.00867834257850428	0.0576433546983898
ENSG00000180867.11	2.48469148947981	3	0.478064027885018	0.758447327672829
ENSG00000230533.4		6	1	
ENSG00000150764.14	5.92893014650463	9	0.747009676015396	0.930147532070784
ENSG00000231908.1	3.43496378202735	3	0.329295574284495	0.620467460048206
ENSG00000226314.8	16.4939106501706	12	0.169646439149151	0.425948312728685
ENSG00000227355.3	1.77939049609546	3	0.619430031410018	0.855273807559186
ENSG00000140474.14	48.4532508007942	27	0.00683036506560214	0.0489270337927481
ENSG00000241764.4	8.67903966949234	12	0.730072627182241	0.921723141204633
ENSG00000226403.2	8.84855614602702	3	0.0313736747054676	0.142505026004542
ENSG00000109189.13	10.7679691744272	9	0.29194942826514	0.582816296199086
ENSG00000105409.19	14.8331027588711	9	0.0956235600081954	0.302377217947711
ENSG00000235831.7	1.96985809474063	3	0.578686280447009	0.82858090183265
ENSG00000237004.4	1.17578252240173	3	0.758818328853716	0.935851541577606
ENSG00000083857.14	39.2610966124212	21	0.00913371902421176	0.0596989213409981
ENSG00000227053.1		3	1	
ENSG00000223396.4	10.5346319198343	3	0.0145277998155947	0.0835137853138676
ENSG00000284292.1	0.632815415531184	3	0.888880633649918	0.985063333404197
ENSG00000225051.5		3	1	
ENSG00000120708.17	27.7878362592176	12	0.00594116785467117	0.044648172673058
ENSG00000174109.5	15.6315391341195	3	0.00134927723097388	0.0152001726824139
ENSG00000228172.5		6	1	
ENSG00000228606.3	8.75339053306396	3	0.0327559021763542	0.147065736037943
ENSG00000224729.6		3	1	
ENSG00000211584.14	19.9797062983271	12	0.0674708266083389	0.239638571311354
ENSG00000227627.3	19.8144375839048	6	0.00298801571667776	0.0274890386230776
ENSG00000163214.21	11.9125157160361	15	0.685638534084233	0.893433455012014
ENSG00000232645.5	2.61874768220969	3	0.454212311693972	0.739535585031352
ENSG00000186715.11	16.65398433476	9	0.0544184361287228	0.208378267465591
ENSG00000223652.2	1.51703443274414	3	0.678344409652274	0.8908223989053
ENSG00000254726.3	1.91045478475189	3	0.591198510857268	0.837722807213084
ENSG00000269343.9	17.4037956933466	9	0.0427555191862391	0.177541572072847
ENSG00000226200.7	0.787892346740591	3	0.852360778607231	0.973406096279264
ENSG00000167635.11	9.43548840825315	12	0.665352304821692	0.882964287236779
ENSG00000285437.1	35.9350927813684	24	0.0556882631541353	0.211210694773322
ENSG00000228793.2	6.06411717790476	6	0.416046126952649	0.704592025264677
ENSG00000235162.9	17.7263945848827	12	0.124254188889055	0.353930284198041
ENSG00000214439.4	3.25565557056221	3	0.353862404107452	0.646367594931272
ENSG00000103657.14		24	1	
ENSG00000225855.7	16.4821104049079	9	0.0574713348560625	0.215971449023756
ENSG00000224577.3	4.78436247133254	3	0.188285508558955	0.451682098276161
ENSG00000081665.14	8.58057561535543	9	0.476855238331133	0.757297350238962
ENSG00000227619.3		18	1	
ENSG00000171953.16		36	1	
ENSG00000160999.10	0.284574283151414	3	0.962903044671956	0.99999999971812
ENSG00000226445.2	3.51883795857651	6	0.741461723673425	0.927325355327705
ENSG00000128965.13	3.90822226620458	6	0.689094977154482	0.895591965845635
ENSG00000232098.3	0.495306404887742	3	0.919921357445815	0.99441304773776
ENSG00000224699.9	46.4961441022497	24	0.0038571652913096	0.0329615236130375
ENSG00000234698.1		3	1	
ENSG00000204650.14	38.1483705934625	21	0.0123821796015506	0.0741119456666241
ENSG00000236144.8		24	1	
ENSG00000234772.2	3.59703709451884	3	0.308393092520125	0.599724894180296
ENSG00000180592.17		6	1	
ENSG00000235169.10	5.01982362922627	6	0.541273112330901	0.803932432994451
ENSG00000244041.7	3.2175968793897	3	0.359277268844238	0.651257696793852
ENSG00000228393.4	9.825966804627	3	0.0201049111895806	0.105113106765555
ENSG00000151967.18	1.38972498322508	3	0.707945010161249	0.906329099992417
ENSG00000229619.4	12.5019321056582	6	0.0516635625653222	0.201320602468831
ENSG00000104341.17	2.37922261678614	6	0.881732148925617	0.983237561469545
ENSG00000237310.2	23.0597428740457	12	0.0272230047397783	0.129277676640294
ENSG00000007080.11	0.494486403127667	6	0.997904951035821	0.99999999971812
ENSG00000223501.9	31.1064539555446	30	0.410187082517979	0.700705273617882
ENSG00000100519.12	31.868887823759	18	0.0227861085172933	0.11464786228401
ENSG00000234405.2	7.34976317291698	3	0.0615469688360364	0.225407785257363
ENSG00000270011.7		15	1	
ENSG00000164309.15		3	1	
ENSG00000234684.7	23.4789772525137	18	0.172848835572678	0.430606609613474
ENSG00000170322.14		15	1	
ENSG00000145050.19	1.25777190623921	6	0.973935082698217	0.99999999971812
ENSG00000236751.2	14.5903898756278	9	0.102819362802	0.316255973821463
ENSG00000228307.2		3	1	
ENSG00000233559.2	5.78925820180503	3	0.122325751024853	0.350495828356646
ENSG00000225526.4		3	1	
ENSG00000232671.6	79.9269168374535	9	1.67106453777939e-13	2.99882792227112e-11
ENSG00000164164.17	20.6520127035838	12	0.0557143537503443	0.211231328581272
ENSG00000234593.3		3	1	
ENSG00000188599.17	16.156002169937	3	0.00105345402496439	0.0125885294642065
ENSG00000163597.15	32.4330273275045	27	0.216426346778297	0.490309328399967
ENSG00000281398.4	76.3213694128353	21	3.29441223051711e-08	2.03003269313009e-06
ENSG00000173531.15		39	1	
ENSG00000227496.3	0.841689951240142	6	0.990908968171979	0.99999999971812
ENSG00000079387.14	56.0226184809744	21	5.0084159073823e-05	0.00116965950494552
ENSG00000233527.9	1.23804543574818	6	0.974963843961066	0.99999999971812
ENSG00000232653.8	3.00215724299073	6	0.808576024794439	0.957863454773548
ENSG00000141337.12	43.8064703447226	18	0.000614791503881674	0.00855605754177638
ENSG00000223573.7	3.38535939351277	6	0.759154344382345	0.936075063244945
ENSG00000166250.12		9	1	
ENSG00000233608.4	0.470086380584689	3	0.92541240248371	0.99590146922734
ENSG00000183666.17	18.1382125589607	12	0.111557905207335	0.332786763594585
ENSG00000236901.6		3	1	
ENSG00000237638.2	1.46968258438665	3	0.689285040684319	0.895667769456288
ENSG00000185664.14	31.5454364325187	24	0.13867062035839	0.378205977437373
ENSG00000236991.6	2.44219810646609	3	0.485827799306211	0.7658977404057
ENSG00000178971.16	57.0297745576881	36	0.0142935107229363	0.0826999354873687
ENSG00000229425.3	8.12037003189357	6	0.229416701287358	0.503692517164282
ENSG00000103356.18	40.3649160746863	30	0.0979877362131832	0.306706411788449
ENSG00000231784.8		3	1	
ENSG00000233871.2	2.07246592981846	3	0.557503145585146	0.814787780567289
ENSG00000223872.2	7.58799481489848	9	0.576138575973043	0.82637779369777
ENSG00000196510.12	30.0727697897382	27	0.310894044942102	0.602170015111517
ENSG00000215347.4		3	1	
ENSG00000177685.17	25.5125509385689	27	0.545761380497737	0.807296449372583
ENSG00000196275.14	2.64566782190286	6	0.851822163782279	0.97324297283525
ENSG00000251595.7	8.47577779099174	6	0.20527629804432	0.474543317118958
ENSG00000142871.18	111.592851137626	12	2.8955923785268e-18	8.97545892119716e-16
ENSG00000235863.4		3	1	
ENSG00000232936.6	2.68911911045325	6	0.846730822144581	0.972077393907622
ENSG00000226742.4	25.3002997565127	12	0.0134622255674291	0.078823758059091
ENSG00000100983.12	43.9997443205939	27	0.0206791728807675	0.107278882479985
ENSG00000235194.9		18	1	
ENSG00000231806.3	1.22581846916592	3	0.746818868717826	0.930023156575925
ENSG00000131389.17		24	1	
ENSG00000233382.7	7.81261122011483	3	0.0500474544193607	0.197534613900732
ENSG00000092758.18	47.8529700994259	21	0.000720056017723735	0.00956237333757204
ENSG00000140396.13		9	1	
ENSG00000235652.9		21	1	
ENSG00000223855.2	5.77027079970549	6	0.449410375169921	0.735170114763014
ENSG00000243708.10	0.409981063655096	3	0.938173010106806	0.999631309977718
ENSG00000279170.3	7.61626545925174	12	0.814353409618402	0.960306143343315
ENSG00000254413.8	6.86739160370348	6	0.333285145751561	0.624047914313147
ENSG00000234949.2	1.03194324277558	3	0.793523274186507	0.952013816083021
ENSG00000235919.4	0.764977691698732	3	0.857824235751563	0.974898172411733
ENSG00000233396.8	26.3146048618648	9	0.0018142684348322	0.019171644442044
ENSG00000105519.18		6	1	
ENSG00000234028.3	0.0706007043673935	3	0.995115135934405	0.99999999971812
ENSG00000233369.7	11.1248795431511	3	0.01106941935672	0.068636438771404
ENSG00000225791.7		18	1	
ENSG00000119402.17	55.0337678513206	12	1.78486824686732e-07	8.99380162423933e-06
ENSG00000236264.5	0.660389037228711	3	0.882478877024818	0.98323818829488
ENSG00000270604.5		3	1	
ENSG00000146556.14	2.07935314455608	3	0.556101042865781	0.814017969014607
ENSG00000227036.8	5.97406866827851	6	0.426101200434133	0.712845881297054
ENSG00000233006.8	30.6833836681144	12	0.00220115251941913	0.0220524868963157
ENSG00000269313.5	20.9680488907973	15	0.137853279163319	0.376613727504991
ENSG00000075218.19	12.9084091630284	9	0.166794636549759	0.421385310404522
ENSG00000223509.8	3.61338959226828	3	0.306350893969028	0.597813684596127
ENSG00000226648.2	2.93665807147121	3	0.401494713015564	0.691861425107177
ENSG00000235823.3		39	1	
ENSG00000274944.4		3	1	
ENSG00000225361.4		15	1	
ENSG00000225663.8		9	1	
ENSG00000236364.4	1.23510985387662	3	0.744596415679809	0.928612135575318
ENSG00000175470.20	16.3514623706506	18	0.568033236245862	0.820292288181352
ENSG00000224903.2	1.51333799125803	3	0.679195368100514	0.890920286906974
ENSG00000186952.15	9.14456438978243	6	0.165609622586915	0.419519769549667
ENSG00000254827.6	11.7359148641442	6	0.0681262765092385	0.241129301873011
ENSG00000231566.2		6	1	
ENSG00000283050.2	3.82991322524879	3	0.28042584111161	0.568577983891112
ENSG00000149260.18		3	1	
ENSG00000227354.7	16.3063572547285	12	0.177603803594997	0.43671021634272
ENSG00000227674.3	9.42459570887638	6	0.151069361834694	0.396838341604284
ENSG00000123870.10		3	1	
ENSG00000228812.7		9	1	
ENSG00000137802.14	14.763430244569	15	0.468588259076372	0.751435070185352
ENSG00000250903.9	15.2150790871442	21	0.81200706522628	0.959457117962298
ENSG00000229833.10	33.7790404593834	15	0.00365709827888263	0.0317828872512238
ENSG00000224652.2		9	1	
ENSG00000213904.9	1.53894517023036	3	0.673311409790945	0.888225742939331
ENSG00000235560.4	11.6681141824056	6	0.0697957632344946	0.245678204447917
ENSG00000232648.4	0.717748328744733	3	0.869021635371354	0.977008562063921
ENSG00000237753.2	4.21566802598113	6	0.647516444005673	0.870818525602685
ENSG00000139921.13	6.99261270860734	6	0.321530912538132	0.612703301042875
ENSG00000235531.11	29.3784824264465	15	0.0143708603130395	0.0829100564817149
ENSG00000184007.22	56.4134801126493	21	4.38698683059205e-05	0.00105836057288033
ENSG00000117597.18	2.86105456379255	3	0.413547615554619	0.703103341638432
ENSG00000225313.5		12	1	
ENSG00000213799.13	0.159536521531891	3	0.983840861571073	0.99999999971812
ENSG00000226754.2	5.57371474555703	6	0.472592429366665	0.754157248048613
ENSG00000231752.6	1.28468128518546	3	0.732773831453221	0.923210188685182
ENSG00000183309.12	19.4220310635133	6	0.00350719520349171	0.0307940770270529
ENSG00000225655.5		3	1	
ENSG00000226752.9	50.9182974600444	39	0.0957575266727409	0.302502699300638
ENSG00000183401.12	65.2875153894056	48	0.0490049071367074	0.194452491312394
ENSG00000224817.2	8.49459383077078	3	0.0368229145198947	0.159436338541678
ENSG00000169203.16	15.7672233409849	18	0.608788967343037	0.848562828917009
ENSG00000197594.13	3.08573586917214	3	0.3785943606383	0.669081153242773
ENSG00000244026.6	17.1888295213516	15	0.307702083286178	0.5989504490836
ENSG00000271147.8	2.51028977424051	9	0.980605483746408	0.99999999971812
ENSG00000185055.11	1.21926791214375	3	0.748386876698302	0.93068979526703
ENSG00000175061.18	157.361276056618	72	2.62313929548533e-08	1.65630196626663e-06
ENSG00000122432.18	3.89871180930436	6	0.690381315215114	0.896636677670823
ENSG00000197816.16	19.6015924253309	15	0.187754488430277	0.450936995105261
ENSG00000101158.15	60.9749023560726	27	0.000196266462653149	0.00346737417353897
ENSG00000219626.9	16.0499859971312	9	0.065845058554663	0.235654393408836
ENSG00000077152.11	51.5406446166744	9	5.52049787802377e-08	3.11984380079034e-06
ENSG00000163785.13	13.1249429752352	15	0.592647913500923	0.838605745924907
ENSG00000244198.7	2.29415566184581	3	0.513641451545682	0.784653286717559
ENSG00000204934.10	2.26169089034249	3	0.51989961454861	0.788511256072304
ENSG00000128482.16	1.59280776512492	3	0.661021708150494	0.88022670884171
ENSG00000255154.8		15	1	
ENSG00000197989.14	99.2656113894773	42	1.54570304764993e-06	5.94398363699666e-05
ENSG00000163714.18	65.0649949669314	30	0.000215188375685404	0.00374862477554801
ENSG00000239213.6	13.4192782267164	21	0.893229733338986	0.986479350588987
ENSG00000239445.6	5.11064986455037	3	0.163871821948743	0.417080086268648
ENSG00000241170.3		6	1	
ENSG00000240204.3	7.79783477481396	3	0.0503799537486338	0.198358947996449
ENSG00000254901.8	14.6362750024709	18	0.686771623044075	0.893845827279915
ENSG00000242474.3		24	1	
ENSG00000170265.12	6.4825897809751	6	0.371352251615845	0.662578437428656
ENSG00000114744.9	34.5260039838177	18	0.0108375679447938	0.067749298290609
ENSG00000243701.7		24	1	
ENSG00000158887.19		6	1	
ENSG00000240338.6	0.62544707491179	6	0.995960942032095	0.99999999971812
ENSG00000196369.11	26.4399759739481	12	0.00929528448181291	0.0604075380968642
ENSG00000240280.7	15.7739146390609	6	0.0150202982916818	0.0855471220632587
ENSG00000239523.6	13.5191278068141	18	0.759857629900057	0.936681573421027
ENSG00000241549.8		6	1	
ENSG00000243926.2	57.1882495720825	9	4.65096155045754e-09	3.8141062883562e-07
ENSG00000109689.17	40.5697883864123	21	0.00633514901206898	0.0465756947579367
ENSG00000133624.13	20.1848145208751	15	0.164957040181049	0.418800090347965
ENSG00000114786.16		24	1	
ENSG00000213753.11	0.306273127956956	3	0.958844389058065	0.99999999971812
ENSG00000283580.3	2.16717481759952	6	0.903699225907774	0.990139179714077
ENSG00000244300.3	2.3615995506625	9	0.98437682292181	0.99999999971812
ENSG00000241316.8	10.1240917493307	9	0.340533059936077	0.632458414100584
ENSG00000177679.16	1.43194489783309	3	0.698064049151402	0.89998703790896
ENSG00000114126.18		39	1	
ENSG00000243224.1	2.39793509852962	3	0.494019119221075	0.772797303947451
ENSG00000242265.5	32.8241490409273	12	0.00103109301972464	0.0123791672520696
ENSG00000006530.18	44.8707278850343	42	0.352427631156355	0.645168903438216
ENSG00000240207.7		3	1	
ENSG00000173889.16	66.5352451651233	30	0.000139070416645863	0.00271998334965684
ENSG00000128408.9	3.76978022332969	6	0.707797882633985	0.906329099992417
ENSG00000198843.13	28.2082998756669	12	0.00515662925292357	0.0403265754037884
ENSG00000254485.5	30.9831887009714	12	0.0019816746132507	0.0203929070613093
ENSG00000118655.7	7.14076907095932	9	0.622465985738517	0.856152288304328
ENSG00000144867.12	8.56623649876565	12	0.739464772238728	0.927129608895429
ENSG00000241860.7	2.07506747122642	3	0.556973228363857	0.814595246344566
ENSG00000028310.18	80.3933339742944	42	0.000332340906542567	0.00529519491125221
ENSG00000128928.10	56.5007758823013	27	0.00074387067000232	0.00981813301090804
ENSG00000241313.3	10.8708838695729	6	0.0924498359427451	0.296541038525663
ENSG00000203326.12		12	1	
ENSG00000206573.9	87.4337133725057	48	0.000437932088335169	0.00651105716799483
ENSG00000160214.13	26.4568235866354	15	0.0334865423622515	0.149122264616226
ENSG00000171084.15		9	1	
ENSG00000171914.16		12	1	
ENSG00000240005.6	8.31634176037596	9	0.502607670655812	0.779508325676634
ENSG00000125257.16	27.0680190477469	15	0.0281870178690329	0.132441435821009
ENSG00000240024.5	4.38450263767845	6	0.624792232966916	0.857276961907254
ENSG00000229320.3	1.11376425995513	3	0.773752418629946	0.943099828380442
ENSG00000241288.8	21.614832615938	15	0.118308316735914	0.343929318730302
ENSG00000242622.2	2.90497013696836	3	0.406510165630492	0.696748070414595
ENSG00000241544.2		3	1	
ENSG00000242802.9	72.4145541705148	48	0.0129347902030096	0.0765239843762781
ENSG00000164086.10	2.94897375193295	3	0.399559513214585	0.689921380937203
ENSG00000272030.1	0.565154276132887	3	0.904361068170551	0.99039014629029
ENSG00000187172.15	1.09701792516199	3	0.777794016728109	0.946147383843176
ENSG00000196668.4	9.8599357493822	12	0.628246984831796	0.859269529045203
ENSG00000112245.12	23.5675146312715	9	0.00504005977509068	0.0395358676682535
ENSG00000184983.11	1.63900844604359	6	0.949732118501137	0.99999999971812
ENSG00000275052.5	27.0462074822535	12	0.00760969546891132	0.0528801460268301
ENSG00000182796.14	41.4586545729453	30	0.079562649284983	0.268888620039328
ENSG00000240859.3	24.3160216091768	6	0.000456766981696961	0.00671303082726755
ENSG00000117593.12	68.6359176601618	24	3.51163907170582e-06	0.000117005068613938
ENSG00000257921.6		3	1	
ENSG00000184208.12		12	1	
ENSG00000271853.5	4.64366744404106	6	0.590257267646109	0.8374121485093
ENSG00000240875.6	21.9014552996532	6	0.00126167753302197	0.0145170972837815
ENSG00000286104.1	3.46351311884519	6	0.748817620400627	0.930812424240857
ENSG00000242759.8		21	1	
ENSG00000284862.3		3	1	
ENSG00000169583.13	2.06631820140592	6	0.913499330642318	0.992583880724482
ENSG00000213433.5	3.48038451428874	3	0.323315108896308	0.614034580189443
ENSG00000269609.6	75.1088011149132	18	6.06001543086513e-09	4.80526339862941e-07
ENSG00000157741.15	3.65707670206638	3	0.300953900442579	0.591992776572724
ENSG00000284954.1	17.0968554308447	12	0.145990114260675	0.389861591928555
ENSG00000165874.13	0.999746840871808	3	0.801313213998541	0.955668860211808
ENSG00000255152.8	10.4204592048445	9	0.31753051479032	0.609613295005666
ENSG00000257524.6	19.480780201302	12	0.0775676616523262	0.264039804007203
ENSG00000112584.14		9	1	
ENSG00000251396.7		3	1	
ENSG00000239969.5	36.5986154175798	6	2.10828611542573e-06	7.75743117794596e-05
ENSG00000122484.9	1.42754747287927	6	0.964161257849309	0.99999999971812
ENSG00000205085.12		6	1	
ENSG00000204152.13	30.8390111878439	6	2.72077022749742e-05	0.000703575522116144
ENSG00000266338.6	17.3758929125033	12	0.135996141511882	0.373150357168734
ENSG00000240687.2		3	1	
ENSG00000180953.11	12.5291810454801	6	0.0511525721351413	0.20019728173971
ENSG00000244649.5	13.4081621550024	9	0.144990226512881	0.388552535237164
ENSG00000128266.9		3	1	
ENSG00000240990.10	33.2267449686879	18	0.0156662633492895	0.0882921255095769
ENSG00000276850.5	8.51299295730678	9	0.483385817901193	0.763532107411926
ENSG00000259332.3	2.18858493973676	3	0.534200280564411	0.798879337703707
ENSG00000026036.22	6.53221552609284	6	0.366278403817149	0.656617909682023
ENSG00000231305.4	3.12445944751721	3	0.372831189695906	0.663917266259954
ENSG00000189339.12	12.9319819018419	12	0.374003877874286	0.664564648059478
ENSG00000145743.17	22.583704995453	6	0.000948594057799641	0.0116764965309657
ENSG00000259024.6	0.675836056965636	3	0.878872291671345	0.982497238879313
ENSG00000244513.7	13.3922161488191	6	0.0372135116187939	0.160479346689984
ENSG00000243024.6		3	1	
ENSG00000147144.13	8.79236282711509	9	0.456657666128804	0.74127712013532
ENSG00000220848.5	16.2521492433073	3	0.00100667787927401	0.0122295819799215
ENSG00000269713.7	11.2067912564571	15	0.737802254559173	0.926578178254854
ENSG00000283189.2	6.74529451831268	3	0.0804747807639247	0.270514798696742
ENSG00000113811.11	2.59183642079006	6	0.858051446497491	0.974898172411733
ENSG00000158457.6	4.93923205964074	6	0.551630420204142	0.810546708620006
ENSG00000171135.15	2.02645014163863	3	0.566935068409187	0.819386017421406
ENSG00000138061.12	2.58205950331467	3	0.460643432081158	0.744567765765185
ENSG00000148400.12	2.26581536031154	6	0.893701066675254	0.986479350588987
ENSG00000188004.11		9	1	
ENSG00000284024.3	3.81982008732484	6	0.701044251859877	0.902010270726375
ENSG00000006377.11	5.2139383565609	6	0.516681411026567	0.787018700829334
ENSG00000270800.3	3.29841571985435	6	0.770567266087566	0.94216263026652
ENSG00000249786.7	0.295363169489917	3	0.960898171121262	0.99999999971812
ENSG00000242539.2	10.9168622684901	6	0.0909801410406395	0.293553976250514
ENSG00000153006.16	16.504340990406	6	0.0112883150149901	0.069350254827828
ENSG00000248592.7	3.47171310254475	6	0.747729263176904	0.930655429902078
ENSG00000255508.7	1.07188891471924	3	0.783864174719885	0.948198438007496
ENSG00000247828.8	88.6148769833963	72	0.0893055318186639	0.289726065643233
ENSG00000264538.6	17.6722556737113	15	0.280287804419111	0.568523488281397
ENSG00000162086.16	44.7900518413044	27	0.0171092531723961	0.0942436998925362
ENSG00000261716.2		3	1	
ENSG00000284691.1		6	1	
ENSG00000246763.7		3	1	
ENSG00000245958.6	32.4955656755919	27	0.214227725949278	0.487328117152892
ENSG00000246273.8	31.6916099990594	15	0.00708976559468501	0.0502224461689979
ENSG00000248049.7	18.3902831309388	18	0.430234015338177	0.717103428856806
ENSG00000245248.8	13.7080015438551	18	0.747918159963971	0.930655429902078
ENSG00000245573.9	20.1140674180615	12	0.0649587240364582	0.233965770482018
ENSG00000246985.8		6	1	
ENSG00000245498.7		18	1	
ENSG00000246090.7	9.83438835214923	6	0.131801776006808	0.366650369946999
ENSG00000245146.7		18	1	
ENSG00000247240.8	25.327937210609	18	0.116146453947922	0.340727962276672
ENSG00000246596.7	4.10564855335406	6	0.662381720153581	0.88093953385563
ENSG00000245213.7	22.6294427694772	15	0.0923306626311726	0.296251677557799
ENSG00000244879.8		21	1	
ENSG00000245937.8	50.2408905693883	45	0.273576572875366	0.560692198746168
ENSG00000247950.7	4.71977103895893	3	0.193505119797652	0.459113162578079
ENSG00000245149.4	32.5442344951889	6	1.2829914628637e-05	0.000362533692641789
ENSG00000247708.8	41.6842759059628	39	0.354803833022987	0.647393579734593
ENSG00000247796.3		18	1	
ENSG00000247400.4	2.35364169747351	3	0.50232253736477	0.779508325676634
ENSG00000247081.8	19.480630071876	15	0.192774065613226	0.458429792540922
ENSG00000245281.8	15.0803486822449	12	0.23707179289542	0.51262899808922
ENSG00000246982.7	0.606140590472023	3	0.895025197877711	0.986978519738152
ENSG00000246263.3	1.49379207737167	3	0.683703855100006	0.893433455012014
ENSG00000245904.4	3.0163944068519	3	0.389104381576349	0.680949310375445
ENSG00000245532.9	10.940013775602	15	0.756834986351999	0.934870797656635
ENSG00000245105.4	5.28960872006292	6	0.507240723076982	0.781479038994808
ENSG00000247679.3	2.25706407158737	3	0.520796153900806	0.789335287931745
ENSG00000245888.7	4.22471814489819	6	0.646295219540428	0.869861452484949
ENSG00000245849.8	17.0086931308852	12	0.149270595963125	0.394544942146461
ENSG00000246695.8	41.2574678483179	30	0.0827162569308625	0.27590783714356
ENSG00000254166.3	118.243745524058	63	3.12885386650144e-05	0.000792204113872357
ENSG00000246174.9	10.8652950502455	12	0.540496903429561	0.803412288218052
ENSG00000246089.3	2.57140084127786	6	0.86039275201275	0.975170621824351
ENSG00000247572.8		21	1	
ENSG00000246889.2	8.77868989554179	6	0.186412266102949	0.448858890303188
ENSG00000248092.8	8.72793735649975	18	0.965715768626632	0.99999999971812
ENSG00000247092.7	24.9126674642284	18	0.127340771371938	0.359032180364816
ENSG00000247095.3		9	1	
ENSG00000245614.4	4.30297139412596	6	0.635749142112902	0.864114359250536
ENSG00000247324.2		3	1	
ENSG00000247137.9	53.9472878402448	24	0.00043319629572795	0.00645942406559942
ENSG00000245522.2	4.47274892074051	3	0.214733939547793	0.487830868493076
ENSG00000244968.7	20.1717740428337	6	0.0025809841325485	0.0248362057307983
ENSG00000248008.3	3.09991281788462	3	0.37647564625529	0.667017930489392
ENSG00000248019.3	11.6963729994836	12	0.470362092980895	0.752829580519727
ENSG00000246859.3	28.7427062320085	9	0.000716058129303924	0.00954962008428923
ENSG00000247134.7	39.4473345520319	12	8.87828719047344e-05	0.00191594936015512
ENSG00000246283.2		3	1	
ENSG00000246582.3	6.11379864334231	9	0.728477023521165	0.920799207422364
ENSG00000247556.6	56.8303123449441	24	0.000176468488137058	0.00321764022309084
ENSG00000246067.8	49.9131358737723	39	0.113108213049084	0.335746927242912
ENSG00000247271.7	19.966490520912	15	0.173221926295887	0.431084879506705
ENSG00000248079.3	2.36388513288955	3	0.500392796870904	0.778008499649259
ENSG00000245694.10	98.4680672392133	36	1.03002206340748e-07	5.50776617356533e-06
ENSG00000246339.6	10.4147184374831	6	0.108239012127733	0.326764878502727
ENSG00000245275.8	22.4779413438037	12	0.0324995474851475	0.146203167524579
ENSG00000245552.7	8.34332277820317	12	0.757758389579094	0.935333723543448
ENSG00000246228.6	6.94491438254488	6	0.32597156728474	0.616561235531732
ENSG00000248015.7		9	1	
ENSG00000245534.7	16.4591413528283	15	0.352210106535436	0.644961901136944
ENSG00000247199.5	7.52099705041417	9	0.583041887606278	0.831558208076494
ENSG00000247982.6	2.08948898497692	9	0.989972032890681	0.99999999971812
ENSG00000245571.7		3	1	
ENSG00000247516.8		6	1	
ENSG00000245025.3	1.51859374652963	3	0.677985600324945	0.890816941585696
ENSG00000246922.8	1.80708817076942	3	0.613393686446551	0.850766646598206
ENSG00000247809.9	20.0359475128635	21	0.518985314333472	0.788511256072304
ENSG00000247317.3		6	1	
ENSG00000185305.11		6	1	
ENSG00000174695.10	10.7525181159435	12	0.550238589095879	0.810505938597378
ENSG00000146067.16	85.025158424658	51	0.0019633691416321	0.0202560432255343
ENSG00000196670.14	17.4231804233277	15	0.294202175996498	0.584688956337318
ENSG00000250365.7	8.69241566562073	9	0.4661375830459	0.749822509353124
ENSG00000250802.7		27	1	
ENSG00000249375.8		3	1	
ENSG00000048162.21	24.9515060143895	18	0.126257821794816	0.357160193346011
ENSG00000269556.8	25.62415887311	24	0.372506491098434	0.663711704832935
ENSG00000249332.2	1.46402763894213	3	0.69059726606774	0.896803279752052
ENSG00000113716.13	42.7583777557084	15	0.00017163887620295	0.00315660017416303
ENSG00000248698.6	8.91832300231994	6	0.178223903445675	0.43718280775679
ENSG00000198585.12	4.39944267890951	3	0.221437069364259	0.495178298410959
ENSG00000248161.5		9	1	
ENSG00000218336.9	14.7171696825926	15	0.471975356762821	0.753760487794988
ENSG00000272602.6	0.75751822680877	3	0.859598740119229	0.975149824658327
ENSG00000183718.5	24.699215684399	9	0.00332255675669045	0.029630717579936
ENSG00000248890.2		3	1	
ENSG00000250362.1	3.20245124777648	3	0.361451992210707	0.653347310182598
ENSG00000250337.7	86.185131219735	48	0.000595433801762672	0.008360220468051
ENSG00000237187.9	35.2168301592501	33	0.363649134574461	0.654082468359796
ENSG00000284968.1	18.7045338535645	9	0.027825731048178	0.13122609630789
ENSG00000251141.6		24	1	
ENSG00000249592.6	44.5595461452103	15	8.98374742585114e-05	0.00192248436023078
ENSG00000234616.9	33.2310747234997	18	0.0156472860024917	0.0882337863944252
ENSG00000129128.13	28.5761982580407	9	0.000763738751951173	0.0100157483252674
ENSG00000250999.2	8.51420420637669	9	0.483268423908963	0.763532107411926
ENSG00000249378.6	44.4736244355336	33	0.0876300425132559	0.286432704258431
ENSG00000250041.3	0.732164528653101	3	0.865613702091227	0.976332843609126
ENSG00000250420.8	0.219404936021874	3	0.974397506824589	0.99999999971812
ENSG00000256667.6		6	1	
ENSG00000250634.6	3.16284712470315	3	0.367192407319686	0.657680114598682
ENSG00000250132.6	8.60251496666115	9	0.474743873180942	0.756057150672249
ENSG00000251022.6	94.9553431629611	27	1.70717726614784e-09	1.57321768066903e-07
ENSG00000249673.7	30.4196849311447	18	0.0335606530291795	0.149387258414046
ENSG00000151611.16	19.4614583295993	12	0.0779840926434114	0.265280772746743
ENSG00000248677.2		6	1	
ENSG00000183684.8	35.7206577631587	6	3.12352835172157e-06	0.000106148078105515
ENSG00000134987.11	26.070920689288	12	0.0104885786269681	0.0660827250337481
ENSG00000138767.13	17.4461290889853	9	0.0421710987874144	0.175853310027094
ENSG00000251136.9		33	1	
ENSG00000150779.12	18.6014745903085	9	0.0288029614667606	0.134348149951434
ENSG00000213888.3	6.30730568268928	3	0.0975796512586734	0.305897104727236
ENSG00000248508.8	23.0836118039824	21	0.339536631817395	0.631132147348743
ENSG00000249042.6	12.2878315856169	6	0.0558471846417393	0.211614768166636
ENSG00000251602.7	17.4096947305694	9	0.0426736375035025	0.177370433979409
ENSG00000001084.13	17.3314400117779	21	0.690829577677564	0.896897883970929
ENSG00000249492.2	9.63285281145227	6	0.140989329287706	0.382207520127958
ENSG00000249306.6	6.02617820255148	6	0.420263981740384	0.708100851461437
ENSG00000248593.3	13.5197085339441	3	0.00363746020710036	0.0316660259220677
ENSG00000063438.18	49.7394058904865	18	8.26430485520096e-05	0.00179769617658584
ENSG00000226259.10	2.79645988823904	3	0.424083014093803	0.710781637167859
ENSG00000249859.12	253.568968218708	165	1.12324790742849e-05	0.000326412012644489
ENSG00000174780.17	16.9479544656351	18	0.526686077556075	0.793723592407032
ENSG00000250073.3		3	1	
ENSG00000251432.7	34.5815423990489	15	0.00281951517678789	0.0263868442299756
ENSG00000109323.11	39.5725990973333	24	0.0237584453047108	0.117744736929209
ENSG00000250451.5		3	1	
ENSG00000224186.8	13.7258899580909	9	0.132415392403912	0.366967501733843
ENSG00000248455.6		3	1	
ENSG00000196312.15	27.9246754627457	27	0.414865042151049	0.703990463862488
ENSG00000251365.4	5.09641366912274	9	0.825823914254621	0.96596373000692
ENSG00000250317.8	16.0958122747616	9	0.0649075355627402	0.233863748246308
ENSG00000113658.18	28.0028563821361	15	0.0215511609981202	0.110159086306089
ENSG00000249740.3	8.00624827586489	9	0.533516662836999	0.798557498413764
ENSG00000251131.2		9	1	
ENSG00000215158.9	12.5313767023508	6	0.0511116035953368	0.20019728173971
ENSG00000250326.2		6	1	
ENSG00000249637.2		3	1	
ENSG00000248445.5	6.53818036731195	9	0.68507798195707	0.893433455012014
ENSG00000206149.10	29.2769306108712	21	0.107510054428866	0.325361049335168
ENSG00000281501.1	2.32163177667098	3	0.508389504337531	0.781767324093297
ENSG00000250012.2	1.20222456582769	3	0.752470818463089	0.932746485949944
ENSG00000251661.3	3.86518480708833	6	0.694914643573909	0.898756155479929
ENSG00000283235.2	1.56501919621077	3	0.667347230211172	0.884693470428988
ENSG00000250159.7	2.39408413590058	6	0.880127922087669	0.982860451005884
ENSG00000248668.3	0.334868241853428	3	0.953342683252337	0.99999999971812
ENSG00000250548.7	8.79533302759819	6	0.185419784628003	0.447430756536881
ENSG00000251562.8	37.3792458168755	24	0.040091307701761	0.169881518840644
ENSG00000206077.12		12	1	
ENSG00000250222.2	5.0868964696092	3	0.165543626599109	0.419456466802648
ENSG00000249196.6	17.2405652159669	9	0.0450793497264828	0.183565552687975
ENSG00000248671.8	0.231451303433346	3	0.972359052277568	0.99999999971812
ENSG00000251003.9		9	1	
ENSG00000272414.6	12.1985499781715	6	0.057683175758806	0.216652099678958
ENSG00000178980.15	4.39760394689802	18	0.999532283387472	0.99999999971812
ENSG00000250299.6	2.26457298910168	3	0.519341734279627	0.788511256072304
ENSG00000177034.17	11.0331289752012	6	0.0873579219173141	0.285946938653506
ENSG00000251151.2	13.3830781743545	9	0.146024571887868	0.389861591928555
ENSG00000251257.2	1.62304096558989	3	0.65417679329481	0.875516736701898
ENSG00000248787.2	2.70381600502574	3	0.439579193761493	0.726289060408061
ENSG00000080819.9	13.2005170185948	9	0.153741008977143	0.400870961210092
ENSG00000249550.7	26.4966287299158	21	0.188142001019281	0.451549631259085
ENSG00000249199.2	0.0320410623507996	3	0.998489194998515	0.99999999971812
ENSG00000248515.2	0.865520944663103	6	0.99020072050669	0.99999999971812
ENSG00000250934.2	8.68912421391508	6	0.191831049857518	0.456972475312657
ENSG00000248323.7	114.038611634474	81	0.00915244117120761	0.0597830911496058
ENSG00000250240.6	0.550219914910088	3	0.90772762497712	0.990927457228769
ENSG00000248734.2		3	1	
ENSG00000251580.3	101.864700187558	9	6.59884146579297e-18	1.98528086334107e-15
ENSG00000108819.11	3.43379952163741	3	0.329450141708007	0.620616114094144
ENSG00000251493.5	3.14058009775749	3	0.370454230036585	0.661437653874013
ENSG00000250295.6	4.64802065296863	3	0.1994611260578	0.4659443967458
ENSG00000251026.2	11.0758083282544	6	0.0860615517199786	0.283525713837231
ENSG00000248599.2		6	1	
ENSG00000249898.8	2.95017950606697	3	0.399370472112042	0.689728342172906
ENSG00000253642.6	2.38961706799932	3	0.495570328745234	0.774158352586285
ENSG00000085719.13		15	1	
ENSG00000185728.17		18	1	
ENSG00000253320.7	12.8086397638135	15	0.617075708585266	0.853188419930189
ENSG00000253716.6	25.7260956810733	15	0.0410021560059208	0.172242732560396
ENSG00000253227.2	1.89650476939914	6	0.928966576243501	0.997549140608011
ENSG00000254109.6		9	1	
ENSG00000253552.8		9	1	
ENSG00000253302.1	6.75122607672478	3	0.0802642532829233	0.27009120247936
ENSG00000169139.12	6.85203847083903	18	0.99131584569264	0.99999999971812
ENSG00000253686.2	25.5185830972741	18	0.111285622773634	0.332265217557357
ENSG00000185697.16	14.4760350124307	9	0.10637081580178	0.322998423516181
ENSG00000167912.6		6	1	
ENSG00000253210.2	10.7580109768512	12	0.54976318072689	0.810189825047595
ENSG00000253669.4	15.5462415005381	12	0.212913697196356	0.485486894476487
ENSG00000253982.2		12	1	
ENSG00000169499.15	13.2224020959784	9	0.152798327517835	0.399635410938362
ENSG00000253706.5	1.02907264352143	3	0.794217716665151	0.952521165877339
ENSG00000253981.5	2.59613516108402	6	0.85755727296775	0.974898172411733
ENSG00000265690.7	1.67006964729671	3	0.643608368740133	0.869175542084924
ENSG00000254211.6		6	1	
ENSG00000197763.18	4.15705403231095	6	0.655432172271888	0.876379111052812
ENSG00000204758.8		9	1	
ENSG00000254369.6	5.42404904763617	3	0.143252560361422	0.386169229086
ENSG00000253352.9	23.1226196822536	15	0.0815709003256901	0.273237052996658
ENSG00000253710.4	30.4835283319735	18	0.0330025320199861	0.147609488426952
ENSG00000239704.11		3	1	
ENSG00000253187.2	9.45601227282532	6	0.149509537192491	0.395074413831567
ENSG00000175445.17	26.4472222023469	9	0.00172548453023176	0.0185204420354047
ENSG00000253978.2	3.10726382532027	3	0.375381051399375	0.665818063943854
ENSG00000253671.3	4.1170270501832	6	0.660842979968136	0.88022670884171
ENSG00000214776.12	1.56673046089907	6	0.954939302832353	0.99999999971812
ENSG00000245910.8	10.6385180212092	9	0.301302421460708	0.592354885474069
ENSG00000253741.2	4.70855929928081	6	0.581698158126452	0.830800120004954
ENSG00000254004.7	5.3491405280754	6	0.499874257321132	0.777793394909927
ENSG00000253559.1	17.4796836882932	6	0.00767295792843865	0.0530821074899335
ENSG00000253616.5	3.82878711671606	3	0.280555415758503	0.568615285871552
ENSG00000254615.3		9	1	
ENSG00000197892.13	1.43085315444409	3	0.698318782990713	0.900117223552455
ENSG00000253819.2	6.06695488157814	3	0.108397776553582	0.326826275836591
ENSG00000253948.2	2.68643821341175	3	0.442536899920013	0.728433982309848
ENSG00000223508.5	6.53476345636182	6	0.366019207556725	0.656498417341355
ENSG00000253368.4	3.5216535169111	3	0.317964572425753	0.609927181444286
ENSG00000253738.2	0.0676191881939303	3	0.995417201301425	0.99999999971812
ENSG00000180155.20		3	1	
ENSG00000255248.9	83.0799383053673	69	0.118715351116583	0.344200489391022
ENSG00000160695.15	26.9712279606065	15	0.0289716501989566	0.134826629542076
ENSG00000254473.1		3	1	
ENSG00000118181.11	11.2280641365796	6	0.0815784494918166	0.273237052996658
ENSG00000278615.5	37.1814056944277	6	1.62315682954725e-06	6.17221978046054e-05
ENSG00000110367.13		12	1	
ENSG00000255517.6	4.96273249490787	9	0.837544780188816	0.968488080098508
ENSG00000255185.6		9	1	
ENSG00000160172.10	17.777507263414	12	0.122615063405091	0.351029802286784
ENSG00000204529.4	1.73373260373035	3	0.629460489179701	0.859659078215871
ENSG00000196696.13	0.647003219859471	6	0.995564175113687	0.99999999971812
ENSG00000151503.13	27.4023003279581	27	0.442259405685498	0.728433982309848
ENSG00000254860.6	8.97675906220388	6	0.174889350086812	0.433788351609603
ENSG00000226232.8	5.22245396673952	6	0.515614766733648	0.786398272913719
ENSG00000254986.7	39.502008561718	27	0.0569957041663964	0.214262792325641
ENSG00000284969.1	9.16351331837905	9	0.422319553330883	0.709470299366291
ENSG00000255284.2	10.435281023425	9	0.316408693543829	0.608144405535481
ENSG00000254837.2		3	1	
ENSG00000254510.2		3	1	
ENSG00000071894.17	31.3439099537645	27	0.257253597290482	0.540338202604586
ENSG00000149428.19	27.7450167938805	27	0.424208375409013	0.710781637167859
ENSG00000118369.13		15	1	
ENSG00000255100.1	5.33580876390624	3	0.148795618374201	0.394378139071289
ENSG00000254416.6	15.4443876298956	15	0.419905812178701	0.708044592607266
ENSG00000256235.2	2.1080068244803	3	0.550294627388678	0.810505938597378
ENSG00000230724.9	1.8500079530877	6	0.932963404855559	0.998326481219489
ENSG00000182359.15	7.77584447224353	9	0.55688412842664	0.814581402785085
ENSG00000255458.7	9.74986666706889	3	0.0208165212819275	0.107432995051885
ENSG00000255031.5	2.8409986460988	6	0.828522297256316	0.96723973734705
ENSG00000255200.1		3	1	
ENSG00000255182.2	3.8620571481606	6	0.69533742293309	0.898756155479929
ENSG00000254815.6		3	1	
ENSG00000203499.11	3.54867510116276	3	0.31450377905954	0.605735107512716
ENSG00000196535.16	26.3010237711751	30	0.65968175512701	0.879213253350052
ENSG00000157613.11	0.392299219506114	3	0.941828661567899	0.99999999971812
ENSG00000255236.3	2.26242934726577	3	0.51975663063171	0.788511256072304
ENSG00000137710.17	39.8353363222559	27	0.0530824451371724	0.204820947305974
ENSG00000254531.1	4.02395367859663	3	0.258889155455467	0.542877986671995
ENSG00000255339.6		3	1	
ENSG00000254788.7	18.4259313861221	9	0.0305414827326603	0.140030850234147
ENSG00000213906.10	5.32473720749454	6	0.502887341471847	0.779508325676634
ENSG00000254635.6	0.107123144992329	6	0.999975397116216	0.99999999971812
ENSG00000178814.17	4.61328385306388	6	0.594278256647228	0.840131238765994
ENSG00000254469.7	25.0895288152742	24	0.400908584485434	0.691317247252446
ENSG00000255521.2	7.85607572896674	6	0.248838378841527	0.528413489136388
ENSG00000175390.14	5.11501902539749	9	0.824168661548927	0.965131223695932
ENSG00000283341.2	5.2801890613905	3	0.15239307069138	0.39908569383055
ENSG00000255439.6	6.5453932430205	3	0.0878893945725448	0.286726843171971
ENSG00000255145.3	0.137166070455294	3	0.987031555425594	0.99999999971812
ENSG00000255302.5	5.06094101970666	3	0.167388746753806	0.422211208073876
ENSG00000255135.4	0.884225482848706	3	0.829232797805332	0.967293941988659
ENSG00000255139.2		3	1	
ENSG00000255046.1		3	1	
ENSG00000255198.4	1.03880071164167	3	0.791864476012209	0.951668792844804
ENSG00000255468.7	17.7668175984853	9	0.0379772944051031	0.163359858902355
ENSG00000254873.1		3	1	
ENSG00000198156.10		3	1	
ENSG00000254681.6	2.12788149173844	3	0.5462927741681	0.807635321139686
ENSG00000254858.10	12.8839224151961	9	0.167929379572581	0.423157395054087
ENSG00000254632.2	3.43485079278867	3	0.329310571962236	0.620467460048206
ENSG00000225138.8	49.3168956289883	27	0.00545164661926774	0.0417401895722228
ENSG00000231887.7	28.4541401695856	15	0.0188931303190448	0.101129162759555
ENSG00000275778.2	0.602880334665315	3	0.895772671088257	0.98737700997433
ENSG00000255717.7		57	1	
ENSG00000111530.13	46.0538349519047	18	0.00029135441487528	0.00479913737481359
ENSG00000255857.6	27.1181263600738	24	0.298977089513969	0.589843429219387
ENSG00000159403.18		21	1	
ENSG00000256364.1	0.233380810645031	3	0.972028667072471	0.99999999971812
ENSG00000256690.1		3	1	
ENSG00000256894.1		3	1	
ENSG00000184988.8	16.4025357057459	9	0.0589367806827385	0.219754311841516
ENSG00000033030.15	38.4887565080244	27	0.0704558271838224	0.247066388845842
ENSG00000255867.1	4.35925599569759	3	0.225193167986685	0.499133459444377
ENSG00000104983.8	27.2828166106201	12	0.00703415585258827	0.0499669307056426
ENSG00000256591.5	1.73034954354262	6	0.942754261312861	0.99999999971812
ENSG00000214029.5	20.0919876758521	3	0.000162451964008287	0.00303957885050418
ENSG00000256594.8	8.36349500293454	9	0.497969928495284	0.775892520727839
ENSG00000125447.18		42	1	
ENSG00000256967.1	1.76910628050859	3	0.621680718358407	0.855939337146704
ENSG00000161714.12	23.6181075646309	18	0.167941492141856	0.423157395054087
ENSG00000256940.2	4.48313512778987	9	0.876841485929582	0.980957884680558
ENSG00000205307.12		9	1	
ENSG00000256525.8	52.731777013043	30	0.00634434275917759	0.0465874243242122
ENSG00000265491.5	0.773506201472628	3	0.855792932107839	0.974503338818654
ENSG00000105289.15	18.1159680760829	9	0.0338516947596645	0.150225156484429
ENSG00000258839.4	11.789168697152	6	0.0668408874501379	0.237854635910953
ENSG00000004142.12	1.69632553186966	3	0.637751022859593	0.865186464642258
ENSG00000256008.3	5.91271763780821	6	0.433038290567388	0.719392164722592
ENSG00000256433.3	0.850212753508231	3	0.837422873876092	0.968488080098508
ENSG00000256092.2	1.75694052454946	3	0.624349679383559	0.856899620342738
ENSG00000256060.3	0.880771722419013	3	0.830065379798955	0.967293941988659
ENSG00000105251.11	0.57055118155688	3	0.903139650109466	0.989844153109367
ENSG00000256069.7	3.82646570626295	3	0.280822696869699	0.568867996799131
ENSG00000214650.3	1.61832566739028	3	0.655241773013441	0.876368736421873
ENSG00000105197.11	25.5738989281817	30	0.696690395157605	0.899040807313846
ENSG00000250988.7	18.0276296370357	12	0.114854161882895	0.338864500115412
ENSG00000100714.17	26.1261556077952	27	0.51160753615473	0.783103506632755
ENSG00000256442.2		3	1	
ENSG00000089022.14	48.2265649289475	27	0.007242823395045	0.0509538105281398
ENSG00000219200.11	15.9095142440638	12	0.195415720068087	0.460683890430159
ENSG00000257489.6	4.92860134285002	6	0.553002690439125	0.811365773791587
ENSG00000257167.2	4.48049193728912	3	0.214036976503076	0.487179402013789
ENSG00000257337.7		24	1	
ENSG00000257698.2	40.4762235887465	24	0.0189995784049478	0.101551413528808
ENSG00000257390.5	9.12202282970594	6	0.166830999827802	0.421385310404522
ENSG00000257771.6		12	1	
ENSG00000258168.6	14.8583788700934	15	0.46166580778121	0.745618807836836
ENSG00000258240.6		3	1	
ENSG00000166183.16		9	1	
ENSG00000244306.11	22.6666103704338	24	0.539543315920335	0.802411831716939
ENSG00000257556.2	10.8775938365152	9	0.284192705069751	0.573261128013898
ENSG00000257242.8	29.5488397222335	12	0.00326355670935774	0.0292575999824893
ENSG00000135441.7	5.67207555600908	12	0.931702221095617	0.998326481219489
ENSG00000258102.5		6	1	
ENSG00000225210.10	28.4497038407999	18	0.0555332736480886	0.210847164586373
ENSG00000161939.19	5.06619081825647	3	0.167013996754823	0.421586352796431
ENSG00000258017.2	14.3117532769047	12	0.281244903276888	0.569448558119416
ENSG00000257913.2	3.18036836591966	3	0.364643176425714	0.655114771641678
ENSG00000144785.8	12.6418864458101	3	0.00547866804086865	0.0418530958850227
ENSG00000259075.6	0.617095056220222	3	0.892507941049617	0.986479350588987
ENSG00000258289.8	16.0123729139305	18	0.591683796053026	0.838157256588617
ENSG00000257660.5	2.71690911472683	3	0.437361411461663	0.723676783863045
ENSG00000258325.2	4.01153197095482	6	0.675115737945331	0.889229833046973
ENSG00000257433.6	7.67533098248066	6	0.262867206442715	0.548183595924643
ENSG00000258365.1	5.66754122475862	3	0.128954220573924	0.362084194963127
ENSG00000139405.16	15.277268130525	9	0.0835960657842424	0.277901903447194
ENSG00000257285.6		3	1	
ENSG00000272368.2	0.109936298810169	3	0.99061893557007	0.99999999971812
ENSG00000258057.6	0.317036386673635	6	0.999410261025525	0.99999999971812
ENSG00000257122.5		3	1	
ENSG00000257815.7	10.2513740808517	9	0.330521090578652	0.620918316901566
ENSG00000258317.1		3	1	
ENSG00000257303.2	0.113592376524139	3	0.99015782834391	0.99999999971812
ENSG00000257681.1	4.539021205475	3	0.208835982231216	0.479394807505187
ENSG00000136098.17	13.0748525822623	12	0.363623642299576	0.654082468359796
ENSG00000255769.7	41.4820023102293	15	0.000269911572188968	0.00451144614712535
ENSG00000257261.6	23.1545407981505	15	0.0809133474423529	0.271665747954994
ENSG00000257621.8	34.4287584452177	36	0.543390726564816	0.805907458609758
ENSG00000258171.2		6	1	
ENSG00000205659.11	21.8002401758426	9	0.00953409508345656	0.0614519587956378
ENSG00000258890.7	78.7042641394219	48	0.00341688715896723	0.0302608993498492
ENSG00000259065.2	9.04663955105525	6	0.170972036384422	0.427778441086891
ENSG00000126778.12	9.10300859981317	6	0.167867282055492	0.423157395054087
ENSG00000258733.6		6	1	
ENSG00000258643.5	5.57064011248076	6	0.472960338206928	0.754391283255678
ENSG00000258458.8	4.18360272875805	3	0.242308698866193	0.520254739067356
ENSG00000140022.13	2.10255383229423	6	0.910029106463249	0.991234983496174
ENSG00000272888.7	12.0797883485357	18	0.843090844693123	0.970432988638355
ENSG00000259062.2	8.57365279457744	3	0.0355308012991493	0.154827235229702
ENSG00000259153.2	4.08576852461806	6	0.665070668450128	0.882705056127723
ENSG00000258301.3	3.4183013188408	3	0.331513768909583	0.621755471612784
ENSG00000100796.17	19.8788750593085	24	0.703643024816974	0.903457828500265
ENSG00000258725.2	35.6441485495161	12	0.000369522153075029	0.00577075130351828
ENSG00000259146.4	8.23664689974498	6	0.221273603343227	0.495178298410959
ENSG00000258779.8		6	1	
ENSG00000258654.1	9.44368775708485	6	0.150119763632846	0.395562870221632
ENSG00000258704.6	15.087296039143	9	0.0885658450911271	0.288424078139809
ENSG00000258927.2	4.17367833946855	3	0.243310430312734	0.521110216011088
ENSG00000165949.12	10.2533902764422	6	0.114378833039917	0.338144821724079
ENSG00000258441.1	3.91552368743351	3	0.270731717254628	0.557318320748157
ENSG00000259049.1	4.65692729844523	3	0.198712621397755	0.465239506586779
ENSG00000258674.5	0.273485934390351	3	0.964935407689875	0.99999999971812
ENSG00000258620.2	3.85700619566683	3	0.277324621289828	0.565315574167727
ENSG00000100918.13	24.786211976411	9	0.00321699856234323	0.0290182348273447
ENSG00000140443.15	29.8030946298677	30	0.475770942373361	0.757103448901231
ENSG00000273749.5	23.9868947750256	21	0.293693953182108	0.584553021031054
ENSG00000259709.1	3.46666121782224	3	0.325111860232653	0.615504204760282
ENSG00000259448.3	2.45505562318829	3	0.483468321410406	0.763532107411926
ENSG00000232386.9	2.12877326604325	6	0.907482376259798	0.990927457228769
ENSG00000259673.6	21.054296050751	12	0.0495910008363426	0.196234563851044
ENSG00000259349.2	8.10060250444087	6	0.230825200724502	0.505129493358945
ENSG00000278662.5		3	1	
ENSG00000259343.7	4.65160779032249	9	0.863560187925491	0.975837921777794
ENSG00000259426.6	30.6215979957146	12	0.0022492097868653	0.0224808367334598
ENSG00000259772.6	20.3490177673012	9	0.0158765076833173	0.0891822059816871
ENSG00000259345.7	9.69510698178715	9	0.375727158290886	0.666200919077391
ENSG00000259319.1		3	1	
ENSG00000182774.13	1.49866197165102	3	0.682579181004826	0.893080384049419
ENSG00000092439.16	55.2623531849386	24	0.000288533769161881	0.00476034181412401
ENSG00000229212.8	15.9190608264512	9	0.0685911685591631	0.242271775963978
ENSG00000259429.5	4.47365863068535	6	0.61285562954167	0.850597046754645
ENSG00000259479.6	3.05745694619691	3	0.382851003362293	0.674041809534062
ENSG00000259687.2	3.53617735162652	6	0.739150401776793	0.927129608895429
ENSG00000259209.3		6	1	
ENSG00000197978.9	5.03423010565234	3	0.169307738930426	0.42551569079099
ENSG00000259248.7	36.4444218208701	21	0.0194800094656544	0.103137172269244
ENSG00000259456.4	10.8476652185727	6	0.0932001756488898	0.297596158604344
ENSG00000259553.6	3.69200033839032	3	0.29670068747366	0.587372040287994
ENSG00000259488.2	1.04011443995125	3	0.791546712776057	0.951668792844804
ENSG00000181827.15		6	1	
ENSG00000285331.2	2.24047404614612	3	0.524020305404775	0.791508502346128
ENSG00000259330.3	3.09921838341324	3	0.376579191375133	0.667017930489392
ENSG00000259357.2	14.4445500573347	3	0.00235845023851362	0.0231967187401498
ENSG00000259498.1	0.932537383719477	3	0.817569528487015	0.960794069483094
ENSG00000173867.10		3	1	
ENSG00000260896.6		12	1	
ENSG00000261824.7	151.932007208845	96	0.000241549955333978	0.00409753647282133
ENSG00000260442.5	2.72124776540659	3	0.436628527447733	0.723048924601403
ENSG00000197774.13	8.61303384773237	9	0.473733099700339	0.755388289452029
ENSG00000261008.7		24	1	
ENSG00000166446.15	16.6154578308529	12	0.16464390836526	0.418108872559148
ENSG00000261302.6	5.69010469588426	3	0.127700196640842	0.359563025086056
ENSG00000167962.14	37.7504361169631	21	0.0137838906871024	0.0803850728839056
ENSG00000261227.2	2.60664780864107	3	0.456325291930277	0.741109999206699
ENSG00000213599.10	13.9985078627742	12	0.300803571727372	0.591992776572724
ENSG00000261822.1		3	1	
ENSG00000259972.3	5.28379790377653	6	0.507962651211338	0.781580920463415
ENSG00000261094.2	2.16943636024735	3	0.537993517235891	0.801271940565803
ENSG00000261064.1		3	1	
ENSG00000261777.6	3.96646070545489	6	0.681215359290891	0.891752228076085
ENSG00000162065.14	20.2612032204911	15	0.162139955081826	0.414889308601932
ENSG00000161999.13	60.6248463187949	42	0.0313068507907567	0.142327900772733
ENSG00000277639.2		3	1	
ENSG00000261373.1	4.65097385328181	3	0.199212652321975	0.465615349090304
ENSG00000261113.1	10.4768993171908	6	0.105952635189631	0.322421378584538
ENSG00000261126.7	15.4767196745536	6	0.0168559601938642	0.0929987145755326
ENSG00000288568.1	1.95421920145941	6	0.923860501552509	0.994649938993855
ENSG00000048471.14	7.46322229215821	3	0.0585109968506351	0.218753284643694
ENSG00000260007.3	5.26136340973994	9	0.810955317129486	0.958877957082714
ENSG00000260565.7	40.0009889097219	27	0.0512259839353497	0.20019728173971
ENSG00000260778.5	1.62894101644065	3	0.652845587085341	0.874719459294931
ENSG00000260136.6	16.5692855707071	9	0.0559039601753999	0.211636420664014
ENSG00000187951.11		3	1	
ENSG00000261253.2	2.33059509041095	3	0.506685051541254	0.781479038994808
ENSG00000260279.4		6	1	
ENSG00000261360.1	12.4864649967788	6	0.0519557258698605	0.201997384995364
ENSG00000284906.2	2.08737548452223	3	0.554471008088177	0.812562169302859
ENSG00000260448.6	31.0341185502302	6	2.49718801137378e-05	0.000656651315381552
ENSG00000261236.8	12.16887170056	12	0.432214471831115	0.718764726444558
ENSG00000259953.2	0.283673457238791	3	0.963069235868591	0.99999999971812
ENSG00000260630.7	69.4602728426307	24	2.63854308740626e-06	9.3887376576658e-05
ENSG00000259867.6		9	1	
ENSG00000259768.6	0.97885122965954	3	0.806369147408951	0.957329514147295
ENSG00000260528.5	25.3685656624006	12	0.0131697406602654	0.0775093758202756
ENSG00000214575.9	16.4399456315855	21	0.744445309384752	0.928612135575318
ENSG00000260898.6	1.79249113778423	3	0.616570310120793	0.852744416201405
ENSG00000261553.5	2.86630773646419	3	0.412700478586603	0.702531734974598
ENSG00000261251.1	2.44158999256456	3	0.485939616309805	0.7658977404057
ENSG00000260302.3		3	1	
ENSG00000178081.12		3	1	
ENSG00000261305.2	0.878168874719449	3	0.830692707960252	0.967749069864607
ENSG00000260498.6	1.65067710662913	6	0.948865204176273	0.99999999971812
ENSG00000260001.6	7.83815561012762	6	0.250201899288129	0.530720022832448
ENSG00000259884.1		3	1	
ENSG00000261790.2	19.6210294944658	6	0.00323378140158658	0.0290926560746078
ENSG00000261279.5		6	1	
ENSG00000260643.2	1.61420798960671	6	0.951550519408863	0.99999999971812
ENSG00000261840.3		6	1	
ENSG00000261684.2	1.14569613549156	3	0.766055854383073	0.93936112695974
ENSG00000260083.2		15	1	
ENSG00000261556.10	2.93933912841203	6	0.816421021838277	0.960788153748704
ENSG00000261740.6	2.04827494236088	6	0.915205613633271	0.993488084670989
ENSG00000205923.3		3	1	
ENSG00000261407.2		3	1	
ENSG00000260288.4		3	1	
ENSG00000261604.1		3	1	
ENSG00000261188.1	11.6283687336227	3	0.00877094187147147	0.057995129912572
ENSG00000260874.5	1.843184410086	3	0.605582913214658	0.846972391663621
ENSG00000261386.2		3	1	
ENSG00000260276.2	0.717508713250595	3	0.8690781998455	0.977008562063921
ENSG00000261040.7	25.8949817074754	18	0.102183498497876	0.315413715752454
ENSG00000285035.1	5.67114100276876	3	0.128753371268137	0.361619504311306
ENSG00000261326.4		9	1	
ENSG00000261659.2		3	1	
ENSG00000261465.7	9.27537808822484	6	0.158673010370119	0.408935808283181
ENSG00000261609.8	25.1376261293349	6	0.000321988257217757	0.00517051473011058
ENSG00000261408.7		6	1	
ENSG00000261130.5		6	1	
ENSG00000260233.3	13.2543320100251	3	0.00411766798821696	0.0344960080683631
ENSG00000261505.1	2.32101517627808	3	0.508506916397144	0.781830339369665
ENSG00000260853.2	4.33488954516474	3	0.227499103940173	0.501311575657912
ENSG00000260628.5		3	1	
ENSG00000261105.6	2.00621134179787	3	0.571118518659555	0.821825349944908
ENSG00000260277.2		3	1	
ENSG00000259868.3	19.4395457835317	6	0.00348225368948891	0.0306276637917301
ENSG00000261652.3		3	1	
ENSG00000260625.3	5.73355353423375	3	0.125318024214867	0.355583375781936
ENSG00000260880.5	15.2242838741817	6	0.018582214684643	0.0997870313353711
ENSG00000260261.2	4.40879100338896	6	0.621535361177172	0.855939337146704
ENSG00000262580.5	13.7221665405596	12	0.3188009994431	0.610791425979297
ENSG00000262879.6		45	1	
ENSG00000184009.12	114.76930155186	21	6.44573649518778e-15	1.4984872411199e-12
ENSG00000141543.12	18.1226504250662	15	0.256272383477274	0.539606877437018
ENSG00000263327.6	0.599776857884876	3	0.896483454735297	0.987676453505619
ENSG00000174292.12	11.6789213264456	12	0.471798147081289	0.753760487794988
ENSG00000263072.8	55.5996193190749	36	0.0195297112839848	0.103240008642832
ENSG00000262454.4		15	1	
ENSG00000261971.8	28.7724792534486	18	0.0512315854996917	0.20019728173971
ENSG00000141086.18	26.0065829471046	9	0.00203792911039883	0.0207836259922927
ENSG00000262185.3	3.50905396144026	9	0.940663832006739	0.99999999971812
ENSG00000182310.14	48.1759988033882	36	0.0844450655142909	0.279996296643657
ENSG00000261879.7	32.3802342180579	15	0.00571269203652912	0.0431893029132715
ENSG00000182612.10	1.53635923628281	3	0.673904416484376	0.888664209903143
ENSG00000262877.5	1.05700691137781	3	0.787461585059737	0.949785035852913
ENSG00000262633.2		3	1	
ENSG00000185332.8	13.2724715685663	9	0.150659811320714	0.396373253600716
ENSG00000262468.6	23.8976468780438	15	0.0668521279152517	0.237854635910953
ENSG00000263069.6	5.07200081896451	6	0.53461224434277	0.79912655108984
ENSG00000263080.1	3.50505384621022	3	0.320107245202408	0.611407269228806
ENSG00000181222.18	24.3777630264594	18	0.143037067582838	0.385743781783509
ENSG00000262001.1	4.91793376830174	3	0.177906017704821	0.436926927995825
ENSG00000263345.1	0.155238229680791	3	0.984469658375478	0.99999999971812
ENSG00000226137.5	0.110113077403298	3	0.990596794773553	0.99999999971812
ENSG00000261884.2	5.02487959729388	3	0.16998437684053	0.426273643221815
ENSG00000261924.1	0.878084645822071	3	0.83071300660225	0.967749069864607
ENSG00000263280.2		3	1	
ENSG00000262587.2		3	1	
ENSG00000263004.2	0.98082585507791	3	0.805891395121062	0.957212562376578
ENSG00000284634.1	12.830297851365	9	0.170436654279877	0.427093713039898
ENSG00000266014.2		3	1	
ENSG00000264112.1	6.41145661630981	6	0.378709513339182	0.669169046803678
ENSG00000264920.2	5.85978689230069	6	0.439078899290924	0.725814166264845
ENSG00000266714.9		3	1	
ENSG00000266844.1		3	1	
ENSG00000263753.8	34.2377603417363	21	0.0341707893949648	0.150855850117003
ENSG00000265096.2	14.8047534932039	3	0.00199133558491416	0.0204717303498361
ENSG00000266088.6		6	1	
ENSG00000264247.2	28.4769235541844	21	0.127136338930838	0.358847683109123
ENSG00000265190.7	3.63475878048075	9	0.933768094520978	0.998542890098018
ENSG00000266401.2	10.1329884564184	6	0.11916215337452	0.344821244595448
ENSG00000265218.1	3.83008863996508	6	0.699657294146449	0.900905647258815
ENSG00000265808.4	0.862059709652385	3	0.834572650157596	0.968488080098508
ENSG00000161970.15	1.52032350189984	6	0.958133126358071	0.99999999971812
ENSG00000270882.2	22.1571387685253	6	0.00113398189175849	0.0133481021528166
ENSG00000286219.1	4.55297139570212	6	0.602283811237127	0.844634097223001
ENSG00000076351.13	12.5192591132418	12	0.404928104504116	0.695084675444304
ENSG00000263528.8	12.236504441194	9	0.200302339276477	0.467037298486228
ENSG00000265458.2	0.603030472248065	3	0.895738266847502	0.98737700997433
ENSG00000266412.5	2.02377567104122	3	0.567486669131953	0.81976028123535
ENSG00000215769.8	1.5284427019817	3	0.675721498470267	0.889562951862664
ENSG00000265681.7	9.64802359603345	21	0.983129960580972	0.99999999971812
ENSG00000263412.1	1.43661283273559	3	0.696975365074357	0.899040807313846
ENSG00000264235.6	4.04394839909583	3	0.256757435369245	0.53973937657049
ENSG00000270820.6	6.42911414638093	12	0.892925905364211	0.986479350588987
ENSG00000266777.1		6	1	
ENSG00000266642.2	11.2316212470485	3	0.0105371312158057	0.0662075848111623
ENSG00000005243.10	27.2677947944358	21	0.162164018344584	0.414889308601932
ENSG00000270276.2		3	1	
ENSG00000265055.2	2.93815994920686	6	0.816567456408827	0.960794069483094
ENSG00000266405.3	12.3066828118855	3	0.00640313963900127	0.0468845492965956
ENSG00000265479.7	1.52591423634021	3	0.676302382459442	0.889956051548595
ENSG00000265749.6		3	1	
ENSG00000214425.8	0.379068998210641	6	0.999014914714303	0.99999999971812
ENSG00000264019.1		3	1	
ENSG00000266472.6	14.7865522245993	3	0.00200844538298687	0.0205443878225727
ENSG00000266313.2	3.95291106036862	3	0.266593984434735	0.553029784381038
ENSG00000104904.12	4.78162928973325	15	0.993819368171575	0.99999999971812
ENSG00000270629.6	15.2988490374173	6	0.0180554459410136	0.0976952511020646
ENSG00000263424.1	1.66279303066858	3	0.645237185280354	0.869175542084924
ENSG00000265752.3	0.217532127434311	3	0.974710588466061	0.99999999971812
ENSG00000266053.2	3.72909039208724	3	0.292242543095037	0.583287604550075
ENSG00000264569.1		3	1	
ENSG00000266469.2		3	1	
ENSG00000266258.1		3	1	
ENSG00000270231.4	0.894922432438762	3	0.826652967058937	0.966408314447266
ENSG00000263563.6		3	1	
ENSG00000264230.9	4.40410883499487	3	0.221004705019106	0.494889914106926
ENSG00000130175.9	12.6847103939508	21	0.919265392712507	0.994260977717774
ENSG00000267278.6	23.0394771754126	12	0.0273926569701766	0.12967589648737
ENSG00000267439.1	2.9842538332783	3	0.394059302291394	0.68488371001649
ENSG00000267270.6		3	1	
ENSG00000267080.6	30.1867714311775	15	0.0112655542911373	0.0692808253616262
ENSG00000267121.6	34.2843609245883	15	0.00310568390288159	0.0283390193064904
ENSG00000178093.14	13.5257750039916	6	0.0354062103889559	0.154575384579014
ENSG00000127540.12	3.80984043417266	9	0.923476530556675	0.994649938993855
ENSG00000186185.14	28.3682304689501	9	0.000827658683264899	0.01063582998884
ENSG00000005206.17	37.9670890790876	36	0.379782905915563	0.670139614388528
ENSG00000267198.1	12.3597632786001	9	0.19377889966594	0.459153200065533
ENSG00000267106.8	20.9144752350153	15	0.139584194623762	0.379663630247887
ENSG00000267575.7		42	1	
ENSG00000142279.13	0.161166286475236	3	0.983600563131353	0.99999999971812
ENSG00000161847.14	11.0090334511078	15	0.751953741492794	0.93253550206012
ENSG00000267523.1		3	1	
ENSG00000232006.9		3	1	
ENSG00000267795.6		9	1	
ENSG00000267530.3	26.3872831036497	15	0.0341437331118182	0.150801487910531
ENSG00000267248.3	21.1786563407604	9	0.0118803529857332	0.0719077696396834
ENSG00000266903.2	6.94718275947344	12	0.861084100870555	0.975574659361612
ENSG00000267302.5	4.12351832240887	3	0.248431574311109	0.528010300321582
ENSG00000132478.10	25.02001650698	18	0.124365827464991	0.353930284198041
ENSG00000267395.5	8.30553766200012	9	0.503672762444274	0.779863925361675
ENSG00000267633.1		3	1	
ENSG00000267737.1	2.78106847298611	3	0.426625872832595	0.713064714575918
ENSG00000175322.12	29.026131894052	30	0.516224186590764	0.786718892228386
ENSG00000267009.6	4.71945486832689	3	0.193530997985106	0.459113162578079
ENSG00000267348.3	1.82190786256794	3	0.610179183374272	0.849417918717397
ENSG00000267710.9		3	1	
ENSG00000267199.1	11.2035214898617	6	0.0822863689660147	0.274708638431255
ENSG00000130208.9		12	1	
ENSG00000266904.6	16.0073988919889	18	0.592030948748286	0.83818471622785
ENSG00000197256.10	10.8525190282307	18	0.900509938754651	0.988895481506616
ENSG00000267280.5	7.92516982224174	6	0.243636993695219	0.521482069158484
ENSG00000267787.7	0.755476073111822	3	0.860084174806359	0.975149824658327
ENSG00000142409.6	24.4956636879142	6	0.000423215291609273	0.00637565422366901
ENSG00000267265.5	8.78036112880727	6	0.18631240199203	0.44884351388989
ENSG00000266921.2		6	1	
ENSG00000267419.2	3.16398860729441	6	0.788001003574989	0.949785035852913
ENSG00000167674.15	11.7697652919451	9	0.226602242678128	0.500487923945794
ENSG00000099821.14	15.6216712473542	15	0.407631140849503	0.697824951313792
ENSG00000267755.1		3	1	
ENSG00000267757.4	14.4379284448205	6	0.0251090241492094	0.122421452822814
ENSG00000267284.2	11.5119686580036	6	0.0737848616343629	0.254809368554321
ENSG00000263465.4	5.02672657540097	3	0.169850521629618	0.42614691826082
ENSG00000267283.1	0.96054450841757	3	0.810797767386843	0.958877957082714
ENSG00000267426.5	10.1606889862742	6	0.118046131825938	0.343646885069424
ENSG00000266970.1	0.670251553287017	3	0.880177759332018	0.982860451005884
ENSG00000152242.11	4.32930234858668	6	0.63220673482431	0.86155644691152
ENSG00000267244.5		3	1	
ENSG00000006125.18	22.7717358874506	18	0.199514757820569	0.4659443967458
ENSG00000174652.19	15.6653436197448	21	0.788149547896282	0.949809345597439
ENSG00000267751.5	4.64481328015609	9	0.864107245470254	0.975837921777794
ENSG00000267169.2	3.63620954419025	6	0.725768197300158	0.919024868802094
ENSG00000267432.6	8.45168612396083	9	0.489344017101928	0.768516859335113
ENSG00000267228.7		3	1	
ENSG00000267288.2	3.31947487551861	3	0.344941289508857	0.637409112181526
ENSG00000267322.2	4.24101894328805	3	0.236587063946783	0.512071323976225
ENSG00000267546.2	5.24879805810912	6	0.512321719271428	0.783573395099797
ENSG00000186019.11	0.854067028417219	3	0.836495898511466	0.968488080098508
ENSG00000267064.2	3.33275005364874	6	0.766072003235717	0.93936112695974
ENSG00000267002.4	12.6176960902558	18	0.813765466489762	0.960202088446985
ENSG00000267374.2	66.6060890507433	54	0.11648282394413	0.341111596371171
ENSG00000267040.6		6	1	
ENSG00000267321.3	2.22633378383762	3	0.52678007981509	0.793723592407032
ENSG00000268061.5	0.625322766730449	3	0.890611616651663	0.985831211636171
ENSG00000167747.15	95.208126225858	30	1.04404558907939e-08	7.3652016073745e-07
ENSG00000267978.5	6.46779108017802	6	0.37287468716588	0.663917266259954
ENSG00000268790.5	1.07231759227943	3	0.783760575888116	0.948198438007496
ENSG00000268530.6		3	1	
ENSG00000225950.8		3	1	
ENSG00000269837.1		3	1	
ENSG00000269386.5		3	1	
ENSG00000268388.6		33	1	
ENSG00000267858.6	5.42033196218699	9	0.796236522495366	0.953205387003068
ENSG00000269352.1	13.8262689013991	6	0.0316382025378748	0.143324700513694
ENSG00000142530.11	3.98142268642376	3	0.263477144242329	0.548678279408546
ENSG00000268750.7	34.6512564380282	12	0.000532079658909658	0.0075174624737388
ENSG00000268460.2	22.2011648542693	12	0.0353261184885045	0.154291573876564
ENSG00000268621.6	61.1230371061465	33	0.00207054309637715	0.0210114933857558
ENSG00000128016.7	1.83641149277673	3	0.607043622453615	0.847706377348536
ENSG00000171570.11	0.990411587448364	3	0.803572054172224	0.956450842695797
ENSG00000168367.11		12	1	
ENSG00000267898.1	1.42868274175089	3	0.698825324431026	0.900514517964849
ENSG00000161677.12	12.6479461907584	15	0.629469791361509	0.859659078215871
ENSG00000268364.2	8.33390561302645	6	0.214646799660441	0.487830868493076
ENSG00000268650.3	0.36152170547723	3	0.948071311745114	0.99999999971812
ENSG00000268093.1		3	1	
ENSG00000268362.6		45	1	
ENSG00000268751.1	3.36006038131853	3	0.339370456384425	0.630937913187257
ENSG00000269439.6	27.5038414787532	12	0.00653411973785027	0.0474698230102773
ENSG00000282246.1	1.30750002165993	3	0.727352896988112	0.920281738156642
ENSG00000269737.2	5.79196204336165	3	0.122182255460651	0.35030777144904
ENSG00000268006.1	4.31486367400532	3	0.22941051546067	0.503692517164282
ENSG00000198816.7	0.613731505301985	3	0.893281789572921	0.986479350588987
ENSG00000268350.7	28.65338021352	30	0.535854545225785	0.799716390883361
ENSG00000104783.14	28.8005191329503	24	0.227728769761794	0.501709581282229
ENSG00000267871.6	0.0854904198953932	3	0.993519868523918	0.99999999971812
ENSG00000268916.6	6.04329658544572	3	0.109522647998449	0.328825114874121
ENSG00000269293.3	19.7065927171188	9	0.0198120243978788	0.10419393191049
ENSG00000269186.3	5.17623273952268	6	0.521416971830457	0.789808115630645
ENSG00000237412.7	0.153314315364696	3	0.984748748063348	0.99999999971812
ENSG00000269893.8	16.2281900484813	18	0.576625500305515	0.826462124834267
ENSG00000270049.3		18	1	
ENSG00000269929.3	15.3171493967238	6	0.0179283629355277	0.0975474598231451
ENSG00000270885.2		3	1	
ENSG00000272916.5		3	1	
ENSG00000270647.6	24.0858928012749	24	0.45669453622962	0.74127712013532
ENSG00000271133.5	3.99807900280882	3	0.261671637667767	0.546810864495116
ENSG00000271335.6	1.97353978072579	6	0.922115976825493	0.99446974872662
ENSG00000274114.2	12.8201964318423	6	0.04598177804146	0.185637832979233
ENSG00000271334.6	4.2675630795934	3	0.233983991715655	0.509130451235786
ENSG00000270804.1		3	1	
ENSG00000271270.7	22.0619474035238	12	0.0368313684596721	0.159436338541678
ENSG00000271092.5	4.09125200706978	3	0.251777659056605	0.532885097142565
ENSG00000270344.3	1.32314947710674	3	0.723643481897606	0.917925245080681
ENSG00000271447.6		3	1	
ENSG00000270195.2	1.14825918837551	3	0.765438716745781	0.939147491135012
ENSG00000286053.2		3	1	
ENSG00000272398.6	13.2145667092864	12	0.353639943091105	0.646192028917277
ENSG00000272146.6	5.75928823378308	9	0.763747060552189	0.938422664551151
ENSG00000271858.5		9	1	
ENSG00000272288.6	4.27334651825913	3	0.233420333476417	0.508228308031134
ENSG00000272097.2	1.96296710092236	3	0.580128489178818	0.829476083390412
ENSG00000272449.2		3	1	
ENSG00000272462.3	9.22568113953889	9	0.416708200491301	0.705479672761589
ENSG00000272142.4	15.4905534275113	15	0.416692383666883	0.705479672761589
ENSG00000272031.3		3	1	
ENSG00000271895.2	10.0631322424858	3	0.0180370412604952	0.0976952511020646
ENSG00000272138.2		3	1	
ENSG00000272047.3	0.190495758371981	3	0.979108825598951	0.99999999971812
ENSG00000273249.1	6.94012244622968	3	0.0738309604463419	0.254882515830453
ENSG00000273297.2	15.8521511727534	9	0.0700339897162859	0.24626252348157
ENSG00000273061.1	3.49647480119165	3	0.321219615160463	0.612386749844553
ENSG00000272758.6	25.9785152979966	15	0.0382491075789969	0.163870718446697
ENSG00000272721.5		3	1	
ENSG00000273247.5	5.30624119690151	9	0.806837202215645	0.957329514147295
ENSG00000272599.2	0.578510961417123	3	0.901333688697003	0.988895481506616
ENSG00000272800.3	6.14623987689362	3	0.104708099946849	0.320197056608765
ENSG00000273356.1	3.65668031051712	3	0.301002486162356	0.591992776572724
ENSG00000272702.1	0.71315805615086	3	0.870104764190927	0.977246699262314
ENSG00000272695.2	4.02669995103946	6	0.673063024233869	0.888127151043375
ENSG00000272870.3	23.7658255403144	9	0.00468729997303398	0.0375554091981291
ENSG00000272562.2		3	1	
ENSG00000272677.1	1.63422406228801	3	0.651654879152119	0.873856549403123
ENSG00000273136.7	12.821258133326	6	0.0459638421811996	0.185637832979233
ENSG00000275835.5	18.196116405572	18	0.442805027635417	0.72855921307426
ENSG00000274523.5	9.35199552244012	12	0.672607501968886	0.887869678363625
ENSG00000277791.5	3.5941739003174	6	0.731401027746505	0.922455589598185
ENSG00000278535.5	21.8299958214684	21	0.40936274506206	0.699539267149264
ENSG00000278259.4	85.9019580088789	48	0.000638024457246769	0.00877197872738871
ENSG00000275895.7	5.26970505868667	9	0.810192140852213	0.95875236103393
ENSG00000277258.5	12.8582175265801	15	0.613248242769005	0.850730780257956
ENSG00000275700.5	35.9690088524076	15	0.00178609403449771	0.0189405463483672
ENSG00000276291.5	1.89649755430037	6	0.9289672046035	0.997549140608011
ENSG00000278133.1	4.39838355245593	3	0.22153531623569	0.495178298410959
ENSG00000276234.5	61.882553604326	36	0.00465059501133312	0.0374869474948199
ENSG00000286261.1	0.199920953156379	3	0.977602057618838	0.99999999971812
ENSG00000274602.5	13.2961775100287	9	0.149656092449653	0.395155438737093
ENSG00000274333.4	13.8268046404464	15	0.538703220071499	0.801869483233873
ENSG00000277726.4	2.60817457866779	3	0.456058239639208	0.740949767037715
ENSG00000275111.5		9	1	
ENSG00000278311.5	69.2910753641481	21	4.56302862725161e-07	2.08371517089986e-05
ENSG00000275023.5	31.8839098002281	24	0.129897710665089	0.363834524204052
ENSG00000276476.3	0.800529663838745	3	0.849340340586881	0.972641129508573
ENSG00000275074.2	2.50569924857382	3	0.474261981966105	0.75587812613451
ENSG00000276141.4	5.54657752053481	9	0.784299894139107	0.948198438007496
ENSG00000269586.7	7.20244902553804	3	0.0657174580400782	0.235478374681333
ENSG00000276045.3	3.46631350065582	6	0.748446011913832	0.93068979526703
ENSG00000274265.5	17.2443649698253	15	0.304467390011481	0.595593216251971
ENSG00000277053.4	21.9631760534448	15	0.10877311413126	0.327536115528013
ENSG00000273559.5	15.2250438963947	15	0.435331674841994	0.721611988707052
ENSG00000275066.5	22.8790016342964	21	0.350463612984965	0.643145370868893
ENSG00000278540.5	47.6498572365235	39	0.161233394467184	0.413347466667876
ENSG00000277363.5		12	1	
ENSG00000278053.5	14.2163166428418	18	0.714884863539274	0.911231263813568
ENSG00000277268.2	4.46824636123534	3	0.215140187588673	0.488535610984937
ENSG00000277701.5		6	1	
ENSG00000275131.3	3.52579685506271	6	0.740534433349864	0.927129608895429
ENSG00000273611.5	33.7536337827405	15	0.00368715695603839	0.0319897612411507
ENSG00000274605.2	1.19476993300486	3	0.754258969215142	0.933072702965395
ENSG00000277117.5	5.90372955190185	6	0.434060421612323	0.720312143522462
ENSG00000273590.4	17.0214210631018	6	0.0092048403316035	0.0600486682091659
ENSG00000276043.5	5.20739863925701	12	0.950690337864215	0.99999999971812
ENSG00000274512.5	1.12196067058471	3	0.771775509407019	0.942312039953253
ENSG00000278619.5	1.54979726587226	3	0.670825741349232	0.886547352488539
ENSG00000274349.4	1.2644316220939	3	0.737595960081266	0.926578178254854
ENSG00000274211.6	7.92029212661964	9	0.542198442441002	0.804988991899086
ENSG00000278558.5	17.6688845141383	9	0.0392152935118062	0.167138848888444
ENSG00000278709.2		3	1	
ENSG00000223804.5		3	1	
ENSG00000276550.4	13.5478635206964	6	0.0351154080627257	0.153679379859606
ENSG00000276075.1	6.04112697731398	3	0.109626362559474	0.328846939185003
ENSG00000277972.2	2.73277609999786	6	0.841560783122567	0.969844761955952
ENSG00000226067.7	4.28359753291079	6	0.638357696682692	0.865556850393326
ENSG00000275993.3	7.08495522830344	3	0.0692386946557589	0.244053276234927
ENSG00000263956.6	8.59800219279532	9	0.475177815678413	0.756609215727522
ENSG00000278611.2		3	1	
ENSG00000276023.5	5.01087798171648	6	0.542418690529775	0.805088638056448
ENSG00000278845.5	1.40097535034147	3	0.705306119577821	0.904822283807943
ENSG00000276997.4		3	1	
ENSG00000276627.3	0.337627529917867	3	0.952803146400352	0.99999999971812
ENSG00000276293.4	2.57850623272861	6	0.859580178692809	0.975149824658327
ENSG00000273706.5	6.42523749040959	6	0.377276412413115	0.667773271128967
ENSG00000278768.2	6.59606603294424	3	0.0859499218301587	0.283423948393345
ENSG00000277161.2	10.5805686726999	6	0.102237177065345	0.315470311976293
ENSG00000273654.1		3	1	
ENSG00000274372.5	40.8476308615568	12	5.19602750817287e-05	0.00120795830411592
ENSG00000275832.5	12.0007287001463	21	0.939598150833443	0.99999999971812
ENSG00000275325.4	4.50654233242244	3	0.211707468077952	0.483410154095075
ENSG00000275342.5		3	1	
ENSG00000278390.5	10.880459238912	9	0.283991971080053	0.573164250945663
ENSG00000277693.2	4.54788728036067	3	0.208058418188808	0.47821139570884
ENSG00000258644.6		3	1	
ENSG00000275464.5	3.60969072136504	6	0.729323228706195	0.921473234490572
ENSG00000273812.3	6.06657893884608	6	0.41577337758607	0.704480019766094
ENSG00000275496.4		6	1	
ENSG00000278175.4	10.9270315039848	12	0.535182262952674	0.799412874962456
ENSG00000274253.5	4.36535543948867	3	0.224619321430048	0.498646304740758
ENSG00000101447.15	1.32640363283281	3	0.722873025458402	0.917361436154327
ENSG00000274471.2	1.37791453804607	3	0.710719753671816	0.90883587483409
ENSG00000280071.4	22.0450275412295	18	0.229992190310094	0.504385651633066
ENSG00000274629.1		3	1	
ENSG00000142867.14		9	1	
ENSG00000278212.2	1.79659275020498	3	0.615676672120732	0.851969247716851
ENSG00000274015.2	1.44517388250529	3	0.694980715072006	0.898756155479929
ENSG00000278932.4		9	1	
ENSG00000280145.3		12	1	
ENSG00000280018.4		9	1	
ENSG00000277991.4		6	1	
ENSG00000278878.1		3	1	
ENSG00000279094.3	3.9304375072694	6	0.686089718524315	0.893672702252033
ENSG00000280179.1		3	1	
ENSG00000279672.1		3	1	
ENSG00000278921.2	11.6334488046708	3	0.00875033713694163	0.0579334618600492
ENSG00000278903.3	15.8988421862086	6	0.0143073446668894	0.0826999354873687
ENSG00000280441.3	18.1752945411422	9	0.0331934262445461	0.148204084266898
ENSG00000287151.1	3.75345180531622	9	0.926877617366684	0.996676833631703
ENSG00000280184.2	3.9908365275511	3	0.26245532102444	0.547777081974903
ENSG00000281649.2		30	1	
ENSG00000280734.3	0.182868765194115	3	0.980306302940528	0.99999999971812
ENSG00000280809.4		3	1	
ENSG00000280739.3	8.49438808354785	15	0.902438016844669	0.989363532547372
ENSG00000280721.1	14.6736223055023	3	0.00211790994092503	0.021364990912941
ENSG00000281357.3	2.03396558318877	9	0.990919015016129	0.99999999971812
ENSG00000281333.2		3	1	
ENSG00000280670.3		15	1	
ENSG00000280832.1	27.5172155001337	3	4.58622419643885e-06	0.00014614482026596
ENSG00000280594.1	0.863939666078295	3	0.834120101662906	0.968488080098508
ENSG00000281856.1	9.04188807100581	3	0.02873911487135	0.134111499096277
ENSG00000281091.3	14.0908125796818	6	0.0286380249607937	0.133822913350369
ENSG00000282508.2		15	1	
ENSG00000282458.1	38.9752123452945	15	0.000646340569568167	0.00887438615585608
ENSG00000282851.2	69.0180065262684	42	0.0053735713345344	0.0413902569133678
ENSG00000283103.3	6.53109055174173	15	0.96938140334892	0.99999999971812
ENSG00000282885.2	5.17965344105795	6	0.520986510962777	0.789491561570166
ENSG00000282988.2	5.59959347290283	6	0.469502137912534	0.752130251724866
ENSG00000283674.3	8.07127004719314	12	0.779536352761686	0.946517398450236
ENSG00000283196.2	3.4754936149684	9	0.942434299149632	0.99999999971812
ENSG00000283352.1		3	1	
ENSG00000283405.2	3.47412988418205	3	0.32413292066874	0.614600433376823
ENSG00000283537.2		6	1	
ENSG00000284052.1	5.24134172750831	6	0.513252731140502	0.784469929739689
ENSG00000284428.1	16.9352372886588	18	0.527561895608584	0.794059833752237
ENSG00000284600.1	0.855287302970282	3	0.836202351363978	0.968488080098508
ENSG00000283782.2	1.5865268233772	3	0.662448616132321	0.88093953385563
ENSG00000283761.1	8.84421887499957	12	0.716175494487108	0.912526050461962
ENSG00000284642.1		3	1	
ENSG00000284707.2	8.47562465079477	6	0.205286225669256	0.474543317118958
ENSG00000285053.1		9	1	
ENSG00000285184.3	0.136455985871635	3	0.987129408035355	0.99999999971812
ENSG00000284879.1	0.188565550731255	3	0.979413753481911	0.99999999971812
ENSG00000284946.1	2.08108473714992	3	0.555748918155666	0.813885470398245
ENSG00000125266.8	1.34516663927425	3	0.71843676480367	0.914294589980918
ENSG00000285967.1	12.5252302305526	6	0.051226367146592	0.20019728173971
ENSG00000285815.1	1.19968913301125	3	0.753078871369689	0.932867073501017
ENSG00000285533.2	2.75313421619774	6	0.839131778857475	0.969104162568138
ENSG00000285906.2	7.8443608022626	3	0.0493402317838208	0.195544839564782
ENSG00000285646.2		3	1	
ENSG00000285825.2	2.87606317577043	3	0.411131136585402	0.70108201490535
ENSG00000285728.2	5.21023998601902	3	0.157033975916677	0.406452565701339
ENSG00000286162.2	0.0930363590723573	3	0.992659788426794	0.99999999971812
ENSG00000286264.2	1.22998263398858	3	0.745822582194191	0.929505230014405
ENSG00000286221.1	15.1859957760458	9	0.0859520611374375	0.283423948393345
ENSG00000286193.2	2.54332818000057	3	0.46751157499634	0.750380652853847
ENSG00000286061.1		3	1	
ENSG00000286619.1		9	1	
ENSG00000287917.1	0.428631901182939	3	0.934266328094109	0.998604755457358
ENSG00000287856.1		3	1	
ENSG00000287185.1	1.54043464422958	3	0.672969965228263	0.888118923276984
ENSG00000286905.1	0.0661008700194543	3	0.995568674233336	0.99999999971812
ENSG00000286389.1		3	1	
ENSG00000287126.1	5.40232196877832	3	0.144598981239951	0.38821600501403
ENSG00000287737.1	17.3557722595715	9	0.0434275054331006	0.179265517786597
ENSG00000288009.1	1.85313114258989	3	0.603441810526669	0.8457214159769
ENSG00000287356.1	1.29554812689986	3	0.730190488255838	0.921723141204633
ENSG00000287918.1	1.23776959656811	3	0.743960577430947	0.928612135575318
ENSG00000287769.1	4.36904261613319	3	0.224273078979482	0.498498332221017
ENSG00000287670.1	6.87581678940637	6	0.332484526771831	0.622901151363319
ENSG00000286340.1	1.70882893568012	3	0.634972708280942	0.863623900497272
ENSG00000288550.1		3	1	
ENSG00000288534.1	10.2953924446952	3	0.0162150847664408	0.0905671186069014
ENSG00000288612.1	2.77767068994558	3	0.427188922144246	0.713591150454244
ENSG00000288640.1	1.01053414683565	3	0.798703025206712	0.954319967858832
